run_id,steps,wall_us,ops,solver_us,pivots,solver_work,exact_pivots,exact_work,comparisons,flips_drawn,flips_refused,certified,certificate_failures,false_witnesses,cost_units,run_units,conceded
1,156,1249,7847,74,33,1559,0,0,2,0,0,0,0,0,0,156,
2,61,493,4784,12,5,91,0,0,1,1,0,0,0,0,0,61,
3,242,1350,15046,37,32,2042,0,0,6,4,1,0,0,0,0,242,
4,128,746,7200,14,11,717,0,0,2,1,0,0,0,0,0,128,
5,197,1144,11825,33,37,1779,0,0,3,1,0,0,0,0,0,197,
6,115,746,7473,14,15,693,0,0,4,1,0,0,0,0,0,115,
7,169,997,11177,20,38,1664,0,0,2,0,0,0,0,0,0,169,
8,76,490,4646,10,8,291,0,0,3,1,0,0,0,0,0,76,
9,103,592,5464,10,15,551,0,0,3,1,0,0,0,0,0,103,
10,135,795,8311,28,22,1104,0,0,4,2,1,0,0,0,0,135,
11,178,941,10675,8,20,990,0,0,2,1,0,0,0,0,0,178,
12,78,523,5412,6,7,272,0,0,2,2,1,0,0,0,0,78,
13,86,470,5396,4,2,67,0,0,0,0,0,0,0,0,0,86,
14,120,698,7500,10,19,741,0,0,3,2,0,0,0,0,0,120,
15,81,565,5164,36,10,423,0,0,3,2,1,0,0,0,0,81,
16,178,980,11520,9,31,1401,0,0,4,2,0,0,0,0,0,178,
17,132,764,8077,13,23,1174,0,0,2,1,0,0,0,0,0,132,
18,74,516,4915,9,12,459,0,0,3,1,0,0,0,0,0,74,
19,202,1014,10667,35,35,1996,0,0,2,1,1,0,0,0,0,202,
20,92,580,5771,11,14,553,0,0,3,1,0,0,0,0,0,92,
21,80,508,5127,7,7,388,0,0,5,2,1,0,0,0,0,80,
22,100,513,4978,5,9,303,0,0,2,1,0,0,0,0,0,100,
23,131,724,7787,10,10,652,0,0,2,2,0,0,0,0,0,131,
24,87,571,5170,9,13,472,0,0,3,1,0,0,0,0,0,87,
25,140,745,8374,10,15,701,0,0,3,1,0,0,0,0,0,140,
26,77,477,3934,10,8,396,0,0,2,1,0,0,0,0,0,77,
27,119,596,6196,11,9,505,0,0,3,2,0,0,0,0,0,119,
28,205,1112,12652,19,39,1725,0,0,3,1,0,0,0,0,0,205,
29,84,829,5071,35,8,391,0,0,3,1,0,0,0,0,0,84,
30,86,668,5702,61,10,373,0,0,3,2,1,0,0,0,0,86,
31,120,686,6280,34,4,314,0,0,3,2,1,0,0,0,0,120,
32,150,732,7391,10,15,617,0,0,2,1,0,0,0,0,0,150,
33,111,594,5949,5,7,331,0,0,2,1,0,0,0,0,0,111,
34,91,553,5487,12,13,647,0,0,4,2,0,0,0,0,0,91,
35,98,527,5130,3,16,565,0,0,3,0,0,0,0,0,0,98,
36,95,500,5822,3,4,154,0,0,1,1,0,0,0,0,0,95,
37,109,597,6937,5,11,431,0,0,2,2,0,0,0,0,0,109,
38,93,510,5155,6,5,380,0,0,4,1,1,0,0,0,0,93,
39,116,594,6403,8,13,565,0,0,3,1,0,0,0,0,0,116,
40,121,685,7596,8,21,1016,0,0,2,2,0,0,0,0,0,121,
41,106,539,6106,9,10,389,0,0,2,2,0,0,0,0,0,106,
42,79,439,4949,5,4,156,0,0,2,1,0,0,0,0,0,79,
43,121,585,6856,8,8,483,0,0,3,1,1,0,0,0,0,121,
44,190,1047,11983,16,33,1731,0,0,3,1,0,0,0,0,0,190,
45,86,520,5704,4,8,261,0,0,1,0,0,0,0,0,0,86,
46,93,515,6083,5,8,191,0,0,1,0,0,0,0,0,0,93,
47,123,648,7372,12,16,629,0,0,3,3,1,0,0,0,0,123,
48,95,590,6355,7,14,726,0,0,4,3,0,0,0,0,0,95,
49,105,567,6120,9,6,268,0,0,2,2,1,0,0,0,0,105,
50,224,1130,13159,28,28,1870,0,0,7,2,1,0,0,0,0,224,
51,221,1120,11774,56,28,2196,0,0,5,4,1,0,0,0,0,221,
52,181,910,10531,14,21,1088,0,0,3,2,0,0,0,0,0,181,
53,342,1651,19519,42,44,3969,0,0,9,5,1,0,0,0,0,342,
54,136,793,8236,13,33,1388,0,0,2,1,0,0,0,0,0,136,
55,111,598,6354,5,12,474,0,0,2,1,0,0,0,0,0,111,
56,187,859,9331,11,19,1252,0,0,6,0,0,0,0,0,0,187,
57,150,770,8456,6,25,975,0,0,2,0,0,0,0,0,0,150,
58,191,798,9552,4,10,704,0,0,7,2,0,0,0,0,0,191,
59,148,825,9222,11,35,1272,0,0,4,1,0,0,0,0,0,148,
60,164,889,10243,39,12,919,0,0,8,3,1,0,0,0,0,164,
61,133,665,7193,6,14,654,0,0,3,0,0,0,0,0,0,133,
62,137,747,8153,14,11,658,0,0,4,2,0,0,0,0,0,137,
63,76,511,4254,8,2,150,0,0,2,0,0,0,0,0,0,76,
64,115,654,6961,7,10,547,0,0,2,1,0,0,0,0,0,115,
65,170,925,9858,21,28,1720,0,0,6,3,0,0,0,0,0,170,
66,130,707,7548,10,14,1129,0,0,3,1,0,0,0,0,0,130,
67,85,484,5216,8,7,317,0,0,2,1,1,0,0,0,0,85,
68,196,1117,12122,47,26,1750,0,0,7,2,1,0,0,0,0,196,
69,87,538,5292,6,10,471,0,0,3,1,0,0,0,0,0,87,
70,169,936,10884,29,20,1354,0,0,6,3,1,0,0,0,0,169,
71,162,827,9283,14,34,1486,0,0,1,0,0,0,0,0,0,162,
72,102,547,5928,7,12,449,0,0,1,1,0,0,0,0,0,102,
73,68,396,4291,3,2,81,0,0,1,0,0,0,0,0,0,68,
74,94,522,5087,10,19,571,0,0,2,1,0,0,0,0,0,94,
75,184,1026,11455,48,24,1451,0,0,5,3,1,0,0,0,0,184,
76,207,1112,11644,60,42,2381,0,0,6,4,0,0,0,0,0,207,
77,187,1099,11918,23,22,1657,0,0,8,5,1,0,0,0,0,187,
78,96,568,6212,9,11,456,0,0,2,0,0,0,0,0,0,96,
79,89,501,5422,8,6,305,0,0,2,2,1,0,0,0,0,89,
80,173,801,9206,6,19,987,0,0,2,2,0,0,0,0,0,173,
81,114,664,7120,34,12,750,0,0,6,4,1,0,0,0,0,114,
82,169,865,9183,14,29,1744,0,0,3,0,0,0,0,0,0,169,
83,206,985,11834,26,23,1428,0,0,6,2,1,0,0,0,0,206,
84,137,738,8295,12,13,993,0,0,5,2,0,0,0,0,0,137,
85,98,541,5707,3,9,502,0,0,2,0,0,0,0,0,0,98,
86,100,584,7136,4,12,540,0,0,2,2,1,0,0,0,0,100,
87,107,583,6639,7,15,434,0,0,2,1,0,0,0,0,0,107,
88,86,525,5796,29,11,495,0,0,2,2,1,0,0,0,0,86,
89,110,645,6952,10,16,798,0,0,3,2,0,0,0,0,0,110,
90,114,564,6027,28,3,189,0,0,2,2,1,0,0,0,0,114,
91,221,1068,12762,10,37,2049,0,0,7,3,1,0,0,0,0,221,
92,102,614,6726,5,13,541,0,0,1,0,0,0,0,0,0,102,
93,178,925,9581,16,44,2253,0,0,3,1,0,0,0,0,0,178,
94,135,724,7560,7,24,1128,0,0,3,0,0,0,0,0,0,135,
95,164,881,9555,9,25,1409,0,0,4,0,0,0,0,0,0,164,
96,143,756,8948,11,17,1063,0,0,6,2,0,0,0,0,0,143,
97,140,705,7750,31,13,695,0,0,3,2,1,0,0,0,0,140,
98,89,559,5720,6,15,506,0,0,2,1,0,0,0,0,0,89,
99,292,1415,14929,26,54,4165,0,0,4,1,0,0,0,0,0,292,
100,76,477,4841,4,3,217,0,0,3,0,0,0,0,0,0,76,
101,113,620,7776,6,13,457,0,0,1,1,0,0,0,0,0,113,
102,142,894,7737,56,24,1417,0,0,3,3,0,0,0,0,0,142,
103,149,767,8180,19,27,1187,0,0,3,1,1,0,0,0,0,149,
104,93,572,6470,9,9,449,0,0,4,2,1,0,0,0,0,93,
105,90,605,6174,55,16,926,0,0,4,2,1,0,0,0,0,90,
106,69,478,4828,32,4,167,0,0,3,3,1,0,0,0,0,69,
107,180,861,9521,17,28,1617,0,0,3,1,0,0,0,0,0,180,
108,92,535,5706,7,11,475,0,0,4,1,0,0,0,0,0,92,
109,105,628,6559,35,13,679,0,0,4,1,1,0,0,0,0,105,
110,106,525,5736,25,4,153,0,0,3,3,2,0,0,0,0,106,
111,196,1046,12246,14,44,1765,0,0,3,1,0,0,0,0,0,196,
112,233,1203,14166,35,47,1768,0,0,4,2,1,0,0,0,0,233,
113,161,842,8997,13,32,1728,0,0,3,2,1,0,0,0,0,161,
114,84,496,5312,3,9,308,0,0,1,1,0,0,0,0,0,84,
115,115,717,7150,63,19,1088,0,0,4,2,1,0,0,0,0,115,
116,137,632,6513,35,10,561,0,0,1,1,1,0,0,0,0,137,
117,116,648,7104,11,18,681,0,0,4,2,1,0,0,0,0,116,
118,105,571,6133,12,12,475,0,0,5,4,0,0,0,0,0,105,
119,107,631,7103,2,14,629,0,0,2,1,0,0,0,0,0,107,
120,100,554,5700,42,4,150,0,0,3,2,1,0,0,0,0,100,
121,93,545,6017,4,7,323,0,0,5,1,0,0,0,0,0,93,
122,152,815,9754,13,24,1279,0,0,4,2,1,0,0,0,0,152,
123,186,871,10332,9,25,1060,0,0,3,3,0,0,0,0,0,186,
124,71,460,4574,12,7,337,0,0,3,3,1,0,0,0,0,71,
125,100,564,5995,6,11,426,0,0,2,0,0,0,0,0,0,100,
126,134,719,8137,5,17,895,0,0,4,2,0,0,0,0,0,134,
127,127,673,7813,8,12,625,0,0,3,0,0,0,0,0,0,127,
128,172,837,9315,14,21,1370,0,0,6,2,0,0,0,0,0,172,
129,126,588,6370,5,10,386,0,0,3,1,0,0,0,0,0,126,
130,123,658,6527,11,13,489,0,0,2,0,0,0,0,0,0,123,
131,117,673,7749,8,21,941,0,0,4,3,0,0,0,0,0,117,
132,100,512,5580,9,11,438,0,0,3,3,1,0,0,0,0,100,
133,133,747,8178,7,24,953,0,0,2,1,0,0,0,0,0,133,
134,215,1030,10780,59,24,1506,0,0,6,1,0,0,0,0,0,215,
135,86,517,4865,29,8,620,0,0,4,1,1,0,0,0,0,86,
136,101,466,5029,3,2,98,0,0,2,0,0,0,0,0,0,101,
137,88,455,5204,4,4,148,0,0,3,1,0,0,0,0,0,88,
138,71,418,4218,6,4,251,0,0,2,1,0,0,0,0,0,71,
139,140,744,8626,10,18,983,0,0,2,1,0,0,0,0,0,140,
140,229,1031,11895,22,28,1673,0,0,5,3,1,0,0,0,0,229,
141,204,1064,12582,7,26,1404,0,0,5,2,0,0,0,0,0,204,
142,123,723,7858,9,20,904,0,0,2,1,0,0,0,0,0,123,
143,107,598,6935,6,17,581,0,0,2,1,0,0,0,0,0,107,
144,101,559,5537,13,8,245,0,0,2,0,0,0,0,0,0,101,
145,102,548,4768,7,2,99,0,0,2,0,0,0,0,0,0,102,
146,134,613,6907,9,12,366,0,0,2,1,0,0,0,0,0,134,
147,104,587,6678,18,11,395,0,0,2,1,1,0,0,0,0,104,
148,127,640,7424,7,11,726,0,0,2,1,0,0,0,0,0,127,
149,91,569,6304,6,13,655,0,0,4,2,0,0,0,0,0,91,
150,93,525,6007,7,9,315,0,0,2,1,0,0,0,0,0,93,
151,96,536,6093,7,10,536,0,0,3,1,1,0,0,0,0,96,
152,160,656,6987,46,7,272,0,0,2,2,1,0,0,0,0,160,
153,181,871,9608,15,26,1471,0,0,3,3,0,0,0,0,0,181,
154,83,517,5015,8,8,452,0,0,3,2,1,0,0,0,0,83,
155,124,569,6182,6,10,300,0,0,2,1,0,0,0,0,0,124,
156,72,467,4680,42,3,254,0,0,2,1,1,0,0,0,0,72,
157,151,890,9358,53,26,1306,0,0,1,1,1,0,0,0,0,151,
158,174,972,11051,17,34,1636,0,0,4,2,0,0,0,0,0,174,
159,94,545,5879,8,9,263,0,0,3,2,0,0,0,0,0,94,
160,70,413,4307,3,3,179,0,0,2,0,0,0,0,0,0,70,
161,109,550,5808,46,6,243,0,0,2,2,1,0,0,0,0,109,
162,146,676,6842,10,13,576,0,0,2,1,0,0,0,0,0,146,
163,99,535,6113,8,7,255,0,0,3,0,0,0,0,0,0,99,
164,127,560,6491,4,5,146,0,0,1,1,0,0,0,0,0,127,
165,105,513,5475,4,4,231,0,0,2,0,0,0,0,0,0,105,
166,256,1249,14598,29,49,3649,0,0,6,2,1,0,0,0,0,256,
167,234,1163,13605,17,25,2083,0,0,8,1,0,0,0,0,0,234,
168,121,679,7793,32,9,582,0,0,5,3,1,0,0,0,0,121,
169,171,822,9502,10,21,924,0,0,3,0,0,0,0,0,0,171,
170,215,793,9091,5,5,248,0,0,2,0,0,0,0,0,0,215,
171,158,680,7583,10,10,642,0,0,3,1,0,0,0,0,0,158,
172,79,460,5384,4,5,295,0,0,4,2,0,0,0,0,0,79,
173,108,571,6073,20,11,549,0,0,4,2,1,0,0,0,0,108,
174,106,603,6884,18,13,773,0,0,4,2,1,0,0,0,0,106,
175,86,510,5042,9,14,546,0,0,2,1,0,0,0,0,0,86,
176,99,570,6359,7,10,499,0,0,3,1,0,0,0,0,0,99,
177,74,443,4847,12,5,176,0,0,3,3,1,0,0,0,0,74,
178,215,1026,11257,20,27,1756,0,0,4,2,0,0,0,0,0,215,
179,90,485,5349,6,7,258,0,0,3,1,0,0,0,0,0,90,
180,248,1119,13020,56,27,1816,0,0,7,6,1,0,0,0,0,248,
181,168,902,9667,15,37,1921,0,0,3,1,0,0,0,0,0,168,
182,142,786,8355,9,33,1790,0,0,2,1,0,0,0,0,0,142,
183,123,581,7025,4,9,282,0,0,1,1,0,0,0,0,0,123,
184,91,579,5765,42,11,459,0,0,2,1,0,0,0,0,0,91,
185,88,549,5724,9,12,481,0,0,3,2,0,0,0,0,0,88,
186,97,625,6643,15,12,666,0,0,4,1,1,0,0,0,0,97,
187,81,496,5179,12,11,521,0,0,3,3,0,0,0,0,0,81,
188,165,904,9277,18,19,1004,0,0,2,1,0,0,0,0,0,165,
189,70,465,4726,9,5,169,0,0,3,1,0,0,0,0,0,70,
190,157,829,8680,10,24,1250,0,0,3,1,0,0,0,0,0,157,
191,96,597,6234,60,7,330,0,0,3,3,2,0,0,0,0,96,
192,85,502,5052,7,6,278,0,0,1,0,0,0,0,0,0,85,
193,118,718,7026,20,19,1051,0,0,6,4,0,0,0,0,0,118,
194,78,438,4164,3,2,161,0,0,3,0,0,0,0,0,0,78,
195,175,912,9953,18,27,1285,0,0,3,1,0,0,0,0,0,175,
196,93,536,5439,4,14,505,0,0,2,0,0,0,0,0,0,93,
197,100,543,5568,4,7,309,0,0,3,1,0,0,0,0,0,100,
198,98,625,6631,50,15,515,0,0,3,2,1,0,0,0,0,98,
199,74,475,5273,6,7,321,0,0,1,1,0,0,0,0,0,74,
200,102,556,6120,5,13,592,0,0,3,2,0,0,0,0,0,102,
201,106,660,5645,12,9,367,0,0,2,0,0,0,0,0,0,106,
202,165,1030,9712,22,9,701,0,0,4,3,1,0,0,0,0,165,
203,173,890,10153,12,26,1157,0,0,4,0,0,0,0,0,0,173,
204,162,771,8346,11,13,469,0,0,3,3,1,0,0,0,0,162,
205,206,967,10383,11,15,1217,0,0,5,1,0,0,0,0,0,206,
206,149,860,9353,21,18,1049,0,0,6,3,2,0,0,0,0,149,
207,91,544,4758,7,16,604,0,0,3,0,0,0,0,0,0,91,
208,97,706,5865,13,14,703,0,0,4,2,0,0,0,0,0,97,
209,72,697,4759,63,10,334,0,0,3,2,1,0,0,0,0,72,
210,160,1177,9900,20,22,1106,0,0,2,2,0,0,0,0,0,160,
211,111,941,6804,24,30,1113,0,0,2,1,0,0,0,0,0,111,
212,121,973,8041,17,17,939,0,0,2,2,0,0,0,0,0,121,
213,205,1676,12442,37,45,2254,0,0,3,1,0,0,0,0,0,205,
214,121,613,5855,9,3,138,0,0,3,2,1,0,0,0,0,121,
215,108,624,6829,12,12,488,0,0,4,1,0,0,0,0,0,108,
216,66,399,3899,3,2,107,0,0,2,0,0,0,0,0,0,66,
217,137,684,7811,33,10,393,0,0,3,3,2,0,0,0,0,137,
218,125,721,6655,19,15,581,0,0,2,0,0,0,0,0,0,125,
219,191,823,8159,17,13,584,0,0,1,1,0,0,0,0,0,191,
220,138,811,8135,16,31,1472,0,0,4,2,1,0,0,0,0,138,
221,252,1244,13040,34,42,2656,0,0,6,3,1,0,0,0,0,252,
222,67,437,3800,10,5,222,0,0,2,1,0,0,0,0,0,67,
223,139,804,8214,37,23,958,0,0,2,1,0,0,0,0,0,139,
224,154,824,9211,19,10,1035,0,0,8,4,2,0,0,0,0,154,
225,222,1161,13334,15,41,1993,0,0,7,2,0,0,0,0,0,222,
226,115,684,6795,13,17,899,0,0,4,1,0,0,0,0,0,115,
227,134,701,6494,13,6,313,0,0,1,0,0,0,0,0,0,134,
228,100,610,6561,8,8,434,0,0,5,1,0,0,0,0,0,100,
229,63,423,4788,5,4,108,0,0,2,1,0,0,0,0,0,63,
230,138,738,8451,9,17,756,0,0,3,1,0,0,0,0,0,138,
231,129,576,6031,5,5,151,0,0,0,0,0,0,0,0,0,129,
232,119,607,6937,9,6,414,0,0,3,1,0,0,0,0,0,119,
233,120,594,6813,7,6,204,0,0,2,2,1,0,0,0,0,120,
234,83,451,5176,4,5,179,0,0,2,2,1,0,0,0,0,83,
235,72,404,3687,4,5,179,0,0,2,0,0,0,0,0,0,72,
236,80,489,5683,5,9,328,0,0,2,1,0,0,0,0,0,80,
237,86,484,5072,26,3,144,0,0,2,2,1,0,0,0,0,86,
238,138,796,8469,43,14,863,0,0,4,3,2,0,0,0,0,138,
239,62,406,4198,6,3,90,0,0,2,1,0,0,0,0,0,62,
240,274,1330,14868,17,30,2049,0,0,6,4,0,0,0,0,0,274,
241,127,770,7692,17,18,1276,0,0,5,4,0,0,0,0,0,127,
242,139,741,7486,66,11,618,0,0,2,2,2,0,0,0,0,139,
243,157,829,9277,16,22,1290,0,0,5,2,0,0,0,0,0,157,
244,112,540,5751,5,3,208,0,0,1,0,0,0,0,0,0,112,
245,106,586,6260,6,8,503,0,0,1,0,0,0,0,0,0,106,
246,115,625,7010,9,14,724,0,0,3,2,0,0,0,0,0,115,
247,160,853,10194,8,32,1341,0,0,2,2,0,0,0,0,0,160,
248,190,1029,11441,43,31,2408,0,0,8,8,4,0,0,0,0,190,
249,149,828,9439,10,19,1120,0,0,6,3,0,0,0,0,0,149,
250,60,408,4156,4,2,108,0,0,1,0,0,0,0,0,0,60,
251,213,938,9987,11,16,969,0,0,5,2,0,0,0,0,0,213,
252,3000,13222,158088,547,1056,60328,0,0,2,2,0,0,0,0,0,3000,
253,3000,11588,158541,234,1017,50029,0,0,2,1,0,0,0,0,0,3000,
254,3000,11417,145301,195,755,45295,0,0,6,3,1,0,0,0,0,3000,
255,3000,11580,146242,362,783,45603,0,0,5,3,0,0,0,0,0,3000,
256,132,1313,9313,60,14,682,0,0,6,4,1,0,0,0,0,132,
257,89,830,5652,67,6,305,0,0,4,4,2,0,0,0,0,89,
258,249,1236,12244,20,16,1079,0,0,5,1,0,0,0,0,0,249,
259,91,613,6144,10,14,435,0,0,2,1,0,0,0,0,0,91,
260,281,1542,16017,29,55,3386,0,0,2,2,1,0,0,0,0,281,
261,3000,11466,156383,189,980,53597,0,0,0,0,0,0,0,0,0,3000,
262,240,2149,14932,72,36,2348,0,0,10,7,0,0,0,0,0,240,
263,3000,11747,152616,146,897,59036,0,0,3,1,0,0,0,0,0,3000,
264,320,1675,18060,39,52,3769,0,0,9,5,3,0,0,0,0,320,
265,376,1854,19592,64,34,2518,0,0,9,5,1,0,0,0,0,376,
266,128,817,8283,47,19,738,0,0,3,2,1,0,0,0,0,128,
267,138,783,8825,15,28,1098,0,0,2,2,0,0,0,0,0,138,
268,3000,11170,145295,107,656,45773,0,0,7,2,0,0,0,0,0,3000,
269,92,631,5996,8,5,412,0,0,4,1,0,0,0,0,0,92,
270,198,1356,12048,153,42,2099,0,0,2,1,0,0,0,0,0,198,
271,3000,11636,156257,218,983,51067,0,0,0,0,0,0,0,0,0,3000,
272,247,1397,13991,32,41,2279,0,0,6,4,1,0,0,0,0,247,
273,378,1969,24155,25,95,3846,0,0,4,1,1,0,0,0,0,378,
274,129,796,8437,14,15,881,0,0,4,3,0,0,0,0,0,129,
275,117,698,7342,36,11,596,0,0,3,1,1,0,0,0,0,117,
276,150,748,8278,8,12,609,0,0,3,1,0,0,0,0,0,150,
277,125,741,8099,11,16,973,0,0,4,3,1,0,0,0,0,125,
278,91,546,5562,7,8,417,0,0,5,2,0,0,0,0,0,91,
279,147,791,8729,38,18,1134,0,0,3,1,1,0,0,0,0,147,
280,101,595,5951,12,14,722,0,0,4,2,1,0,0,0,0,101,
281,3000,11054,150151,293,915,58945,0,0,0,0,0,0,0,0,0,3000,
282,458,2465,27395,109,82,5246,0,0,14,5,2,0,0,0,0,458,
283,120,758,7939,8,20,789,0,0,2,1,0,0,0,0,0,120,
284,88,542,5293,6,6,331,0,0,3,1,0,0,0,0,0,88,
285,392,2032,23896,16,86,4315,0,0,4,0,0,0,0,0,0,392,
286,256,1402,16228,43,62,2660,0,0,5,3,0,0,0,0,0,256,
287,299,1526,17185,51,52,3862,0,0,11,3,1,0,0,0,0,299,
288,3000,11701,146968,402,1082,56083,0,0,1,0,0,0,0,0,0,3000,
289,3000,11622,162020,187,1048,44834,0,0,1,1,0,0,0,0,0,3000,
290,157,1015,9535,14,29,1007,0,0,3,3,0,0,0,0,0,157,
291,101,580,5755,16,6,163,0,0,3,2,1,0,0,0,0,101,
292,151,835,9243,11,17,937,0,0,5,2,1,0,0,0,0,151,
293,299,1564,17704,25,54,2785,0,0,5,4,1,0,0,0,0,299,
294,123,721,7048,10,15,728,0,0,5,2,0,0,0,0,0,123,
295,3000,11037,156377,205,1016,46753,0,0,1,0,0,0,0,0,0,3000,
296,162,1058,10251,32,27,1464,0,0,5,2,1,0,0,0,0,162,
297,255,1383,15493,35,36,2289,0,0,8,4,1,0,0,0,0,255,
298,85,510,5278,6,3,157,0,0,1,1,0,0,0,0,0,85,
299,3000,11501,141294,417,951,129987,0,0,8,4,0,0,0,0,0,3000,
300,247,1276,13040,35,19,1382,0,0,6,3,2,0,0,0,0,247,
301,142,859,9408,15,20,909,0,0,4,2,0,0,0,0,0,142,
302,102,672,6734,39,13,520,0,0,3,2,1,0,0,0,0,102,
303,289,1303,13878,25,24,1542,0,0,8,7,1,0,0,0,0,289,
304,129,799,8353,36,11,663,0,0,3,2,0,0,0,0,0,129,
305,159,891,9744,13,22,1102,0,0,6,3,0,0,0,0,0,159,
306,175,955,9936,54,26,1605,0,0,2,1,0,0,0,0,0,175,
307,101,563,5856,6,8,263,0,0,2,1,0,0,0,0,0,101,
308,266,1415,16111,29,60,2769,0,0,5,3,1,0,0,0,0,266,
309,3000,11533,154306,264,970,59379,0,0,1,0,0,0,0,0,0,3000,
310,115,841,7288,18,14,1025,0,0,4,3,0,0,0,0,0,115,
311,258,1504,15987,34,56,3160,0,0,7,3,1,0,0,0,0,258,
312,214,1211,13160,16,38,2199,0,0,5,2,0,0,0,0,0,214,
313,83,507,5355,25,3,162,0,0,2,2,1,0,0,0,0,83,
314,167,940,10244,16,24,1602,0,0,4,1,0,0,0,0,0,167,
315,284,1485,16732,22,49,2917,0,0,4,3,0,0,0,0,0,284,
316,251,1320,14508,23,48,2574,0,0,9,3,1,0,0,0,0,251,
317,104,646,6929,36,6,400,0,0,5,3,1,0,0,0,0,104,
318,3000,11212,145524,208,661,44949,0,0,4,2,0,0,0,0,0,3000,
319,124,853,8361,55,9,665,0,0,4,2,1,0,0,0,0,124,
320,92,518,5320,4,2,95,0,0,1,0,0,0,0,0,0,92,
321,162,918,11127,11,29,1101,0,0,2,1,0,0,0,0,0,162,
322,355,1664,19405,26,84,7116,0,0,5,2,0,0,0,0,0,355,
323,332,1700,19578,49,61,3274,0,0,6,4,2,0,0,0,0,332,
324,282,1350,15424,55,38,2095,0,0,6,5,2,0,0,0,0,282,
325,104,547,4898,12,9,435,0,0,3,1,0,0,0,0,0,104,
326,261,1240,14616,13,32,1697,0,0,5,4,1,0,0,0,0,261,
327,3000,11617,149418,265,879,53882,0,0,0,0,0,0,0,0,0,3000,
328,129,914,8555,20,29,1263,0,0,3,2,0,0,0,0,0,129,
329,83,589,5503,35,5,365,0,0,6,3,1,0,0,0,0,83,
330,267,1465,16768,20,52,2377,0,0,5,3,2,0,0,0,0,267,
331,196,1029,11504,14,24,1252,0,0,5,3,0,0,0,0,0,196,
332,142,723,7709,9,11,552,0,0,3,1,0,0,0,0,0,142,
333,117,694,6541,6,11,771,0,0,6,1,1,0,0,0,0,117,
334,3000,11263,141482,349,1078,60183,0,0,6,4,2,0,0,0,0,3000,
335,148,1115,8662,93,25,1264,0,0,4,4,1,0,0,0,0,148,
336,81,619,5072,26,14,528,0,0,4,3,1,0,0,0,0,81,
337,3000,11245,147280,356,802,46317,0,0,2,0,0,0,0,0,0,3000,
338,145,912,8270,20,23,861,0,0,3,3,0,0,0,0,0,145,
339,75,526,5396,8,5,240,0,0,2,1,0,0,0,0,0,75,
340,200,1034,11703,20,30,1953,0,0,6,2,0,0,0,0,0,200,
341,390,2059,24575,28,115,5258,0,0,3,2,0,0,0,0,0,390,
342,151,871,9144,28,19,1180,0,0,4,2,1,0,0,0,0,151,
343,161,1013,9883,68,51,2704,0,0,3,3,0,0,0,0,0,161,
344,161,867,9609,16,29,1230,0,0,3,1,0,0,0,0,0,161,
345,3000,10890,147139,179,771,44509,0,0,2,1,0,0,0,0,0,3000,
346,3000,11520,157812,153,978,57766,0,0,2,0,0,0,0,0,0,3000,
347,100,698,6694,11,11,461,0,0,5,3,1,0,0,0,0,100,
348,117,709,6775,8,11,450,0,0,2,2,1,0,0,0,0,117,
349,418,2182,24727,55,83,5402,0,0,11,4,2,0,0,0,0,418,
350,132,764,7882,18,13,757,0,0,5,3,2,0,0,0,0,132,
351,229,1210,13443,8,43,2256,0,0,3,0,0,0,0,0,0,229,
352,252,1185,12720,57,27,1423,0,0,10,5,1,0,0,0,0,252,
353,128,758,8309,6,21,824,0,0,2,0,0,0,0,0,0,128,
354,309,1441,17100,21,41,2254,0,0,4,2,1,0,0,0,0,309,
355,181,1012,9609,75,41,3010,0,0,3,3,0,0,0,0,0,181,
356,159,873,9539,33,23,1390,0,0,5,3,2,0,0,0,0,159,
357,167,885,10025,12,19,1322,0,0,7,3,0,0,0,0,0,167,
358,452,2233,27389,18,89,5164,0,0,7,2,0,0,0,0,0,452,
359,209,1141,12610,14,43,1978,0,0,4,2,0,0,0,0,0,209,
360,146,797,8438,7,22,947,0,0,3,1,0,0,0,0,0,146,
361,164,891,9142,19,22,1424,0,0,5,4,0,0,0,0,0,164,
362,270,1313,15044,40,44,2958,0,0,8,5,2,0,0,0,0,270,
363,3000,11499,151728,335,1081,65162,0,0,0,0,0,0,0,0,0,3000,
364,70,488,4202,10,6,199,0,0,2,1,0,0,0,0,0,70,
365,302,1693,17919,45,66,3787,0,0,7,5,0,0,0,0,0,302,
366,108,537,5298,6,4,196,0,0,2,0,0,0,0,0,0,108,
367,3000,11494,154990,218,972,60148,0,0,0,0,0,0,0,0,0,3000,
368,162,977,9600,14,20,877,0,0,5,3,1,0,0,0,0,162,
369,234,1078,11220,14,21,1635,0,0,9,4,0,0,0,0,0,234,
370,131,742,7772,49,9,610,0,0,4,3,2,0,0,0,0,131,
371,351,1707,19658,36,74,4689,0,0,10,6,2,0,0,0,0,351,
372,3000,10711,154661,123,985,59895,0,0,0,0,0,0,0,0,0,3000,
373,279,1822,15532,91,38,1856,0,0,8,2,1,0,0,0,0,279,
374,75,477,4088,5,3,110,0,0,2,0,0,0,0,0,0,75,
375,3000,12563,142593,921,1116,244629,0,0,2,1,0,0,0,0,0,3000,
376,230,1470,13921,108,52,2562,0,0,4,3,0,0,0,0,0,230,
377,403,2037,23241,20,78,4561,0,0,4,1,1,0,0,0,0,403,
378,147,873,9476,14,18,1193,0,0,5,2,0,0,0,0,0,147,
379,162,768,8384,9,16,879,0,0,3,0,0,0,0,0,0,162,
380,218,1129,12976,20,38,1845,0,0,4,4,1,0,0,0,0,218,
381,92,599,6753,6,12,540,0,0,2,2,0,0,0,0,0,92,
382,183,1003,10199,79,22,1161,0,0,7,6,2,0,0,0,0,183,
383,185,1083,11632,36,34,1807,0,0,5,5,2,0,0,0,0,185,
384,181,959,10903,12,36,1333,0,0,1,1,0,0,0,0,0,181,
385,247,1364,14429,40,34,2657,0,0,10,6,1,0,0,0,0,247,
386,149,943,9563,54,25,1188,0,0,4,4,3,0,0,0,0,149,
387,98,635,6293,35,8,663,0,0,4,3,1,0,0,0,0,98,
388,179,1012,11733,15,29,1660,0,0,6,3,1,0,0,0,0,179,
389,95,509,5465,5,4,159,0,0,3,1,0,0,0,0,0,95,
390,215,1022,12077,7,13,892,0,0,4,1,0,0,0,0,0,215,
391,3000,10920,160761,82,1049,44055,0,0,0,0,0,0,0,0,0,3000,
392,181,1176,11070,24,34,1655,0,0,6,2,1,0,0,0,0,181,
393,181,1140,11522,50,38,1619,0,0,2,2,0,0,0,0,0,181,
394,3000,11501,146959,147,795,44534,0,0,3,2,0,0,0,0,0,3000,
395,214,1329,12236,24,32,1892,0,0,4,1,0,0,0,0,0,214,
396,3000,10774,141885,200,990,68858,0,0,2,1,0,0,0,0,0,3000,
397,135,836,7045,18,16,815,0,0,4,2,0,0,0,0,0,135,
398,3000,11696,150050,367,889,48698,0,0,0,0,0,0,0,0,0,3000,
399,131,911,7952,33,10,761,0,0,4,3,1,0,0,0,0,131,
400,124,745,7678,12,8,666,0,0,4,2,1,0,0,0,0,124,
401,3000,11086,146607,278,829,44097,0,0,3,1,1,0,0,0,0,3000,
402,217,1218,11660,25,27,1816,0,0,8,4,1,0,0,0,0,217,
403,3000,11266,143128,160,635,42550,0,0,7,4,0,0,0,0,0,3000,
404,329,1738,17914,45,75,4760,0,0,7,3,0,0,0,0,0,329,
405,215,1227,13352,19,38,2003,0,0,6,3,1,0,0,0,0,215,
406,337,1724,20043,28,74,3102,0,0,4,3,1,0,0,0,0,337,
407,3000,11391,150954,134,890,55414,0,0,0,0,0,0,0,0,0,3000,
408,178,1063,10790,18,23,1835,0,0,8,3,2,0,0,0,0,178,
409,68,472,4474,5,2,144,0,0,3,1,0,0,0,0,0,68,
410,3000,12011,141897,1085,1138,391723,0,0,0,0,0,0,0,0,0,3000,
411,3000,11926,146344,300,794,46685,0,0,2,1,0,0,0,0,0,3000,
412,273,1210,11790,30,21,992,0,0,6,3,1,0,0,0,0,273,
413,134,866,8041,52,17,1192,0,0,5,4,1,0,0,0,0,134,
414,95,611,5862,9,12,555,0,0,4,0,0,0,0,0,0,95,
415,3000,11322,160785,91,1064,41858,0,0,0,0,0,0,0,0,0,3000,
416,162,1033,9503,50,34,1851,0,0,3,1,1,0,0,0,0,162,
417,308,1586,17182,79,55,3929,0,0,6,3,1,0,0,0,0,308,
418,88,598,5398,8,6,390,0,0,3,1,0,0,0,0,0,88,
419,226,790,8562,7,4,115,0,0,2,1,0,0,0,0,0,226,
420,133,860,8042,45,25,1523,0,0,4,3,2,0,0,0,0,133,
421,143,908,9578,16,19,1150,0,0,5,2,0,0,0,0,0,143,
422,167,946,8587,16,27,1447,0,0,6,2,0,0,0,0,0,167,
423,233,1187,12973,10,23,1724,0,0,5,4,1,0,0,0,0,233,
424,108,653,6317,10,15,637,0,0,3,1,0,0,0,0,0,108,
425,182,1090,12076,16,53,1796,0,0,3,2,0,0,0,0,0,182,
426,188,1005,10508,33,35,2153,0,0,9,6,2,0,0,0,0,188,
427,252,1355,17067,8,75,2319,0,0,3,2,1,0,0,0,0,252,
428,132,844,9112,10,26,859,0,0,2,1,0,0,0,0,0,132,
429,3000,12361,156053,190,979,58232,0,0,2,1,0,0,0,0,0,3000,
430,197,1198,10256,56,14,1068,0,0,3,2,1,0,0,0,0,197,
431,3000,11483,153491,100,935,53142,0,0,0,0,0,0,0,0,0,3000,
432,357,2036,23302,46,109,3980,0,0,3,0,0,0,0,0,0,357,
433,129,866,8640,13,16,1219,0,0,5,1,1,0,0,0,0,129,
434,3000,11253,153786,122,935,54114,0,0,1,1,0,0,0,0,0,3000,
435,257,1536,15197,27,65,2901,0,0,3,1,0,0,0,0,0,257,
436,165,1244,9407,64,19,884,0,0,3,2,1,0,0,0,0,165,
437,213,1109,11433,27,26,1613,0,0,6,4,1,0,0,0,0,213,
438,244,1313,14999,13,57,2470,0,0,3,2,0,0,0,0,0,244,
439,3000,11885,148834,219,780,47457,0,0,6,3,1,0,0,0,0,3000,
440,3000,12885,151059,249,919,59522,0,0,1,1,0,0,0,0,0,3000,
441,178,1175,9912,100,28,1474,0,0,3,3,1,0,0,0,0,178,
442,188,1071,11742,13,27,1448,0,0,5,1,0,0,0,0,0,188,
443,259,1236,12777,19,27,2636,0,0,7,2,0,0,0,0,0,259,
444,322,1634,19140,17,76,3572,0,0,3,1,0,0,0,0,0,322,
445,75,457,3775,4,3,166,0,0,3,1,0,0,0,0,0,75,
446,94,509,5425,4,3,110,0,0,1,1,0,0,0,0,0,94,
447,84,549,5633,9,9,392,0,0,2,2,1,0,0,0,0,84,
448,157,916,9593,10,30,1493,0,0,3,1,0,0,0,0,0,157,
449,275,1442,15647,39,64,3343,0,0,6,3,1,0,0,0,0,275,
450,86,595,5651,33,7,299,0,0,1,1,1,0,0,0,0,86,
451,270,1561,16409,71,66,3762,0,0,5,5,2,0,0,0,0,270,
452,106,690,6810,9,19,723,0,0,3,1,0,0,0,0,0,106,
453,206,1118,12932,17,31,2389,0,0,7,1,0,0,0,0,0,206,
454,102,560,5230,9,5,330,0,0,5,1,0,0,0,0,0,102,
455,3000,11197,158776,87,1030,49675,0,0,0,0,0,0,0,0,0,3000,
456,217,1159,10453,16,12,732,0,0,5,2,0,0,0,0,0,217,
457,245,1284,13498,20,36,1909,0,0,4,3,0,0,0,0,0,245,
458,3000,11509,149796,210,866,54359,0,0,3,2,0,0,0,0,0,3000,
459,128,758,7142,12,16,656,0,0,2,1,0,0,0,0,0,128,
460,117,811,6683,10,10,455,0,0,5,1,1,0,0,0,0,117,
461,424,2169,25312,22,60,4308,0,0,10,2,1,0,0,0,0,424,
462,408,2419,24517,106,104,5701,0,0,7,5,2,0,0,0,0,408,
463,141,802,7776,8,6,310,0,0,4,1,0,0,0,0,0,141,
464,3000,11659,146070,103,778,46662,0,0,1,0,0,0,0,0,0,3000,
465,3000,11949,138964,259,1079,59946,0,0,0,0,0,0,0,0,0,3000,
466,3000,11452,145731,179,764,43073,0,0,8,3,1,0,0,0,0,3000,
467,91,800,5750,173,8,286,0,0,2,2,1,0,0,0,0,91,
468,109,574,5209,6,3,119,0,0,1,0,0,0,0,0,0,109,
469,368,1924,21422,41,81,7206,0,0,7,2,0,0,0,0,0,368,
470,200,1100,12060,21,24,1497,0,0,2,2,1,0,0,0,0,200,
471,184,874,8469,17,19,1138,0,0,4,2,0,0,0,0,0,184,
472,288,1496,16091,27,61,3831,0,0,6,1,0,0,0,0,0,288,
473,186,1058,11822,16,41,1537,0,0,4,2,0,0,0,0,0,186,
474,65,469,4626,6,4,160,0,0,1,1,0,0,0,0,0,65,
475,352,1833,21011,15,72,3922,0,0,3,1,0,0,0,0,0,352,
476,162,905,8228,39,15,1019,0,0,4,1,0,0,0,0,0,162,
477,90,547,4989,6,5,258,0,0,3,1,0,0,0,0,0,90,
478,214,1001,10421,16,36,1835,0,0,2,1,0,0,0,0,0,214,
479,94,609,6254,10,8,299,0,0,3,3,1,0,0,0,0,94,
480,3000,11534,159881,90,1048,42761,0,0,4,1,0,0,0,0,0,3000,
481,133,810,8327,11,8,655,0,0,5,2,0,0,0,0,0,133,
482,3000,11953,155235,85,962,47405,0,0,0,0,0,0,0,0,0,3000,
483,363,2281,23316,169,94,4157,0,0,5,2,1,0,0,0,0,363,
484,232,1355,13675,30,32,1820,0,0,7,3,1,0,0,0,0,232,
485,143,904,8851,13,22,1242,0,0,3,2,0,0,0,0,0,143,
486,425,2131,25499,26,85,3411,0,0,4,2,1,0,0,0,0,425,
487,224,1295,14267,16,40,1975,0,0,7,2,0,0,0,0,0,224,
488,96,578,5248,5,5,200,0,0,2,0,0,0,0,0,0,96,
489,182,950,11005,13,14,898,0,0,5,3,1,0,0,0,0,182,
490,204,905,9574,8,9,582,0,0,6,4,0,0,0,0,0,204,
491,154,899,8920,15,24,1186,0,0,3,2,0,0,0,0,0,154,
492,138,807,7678,36,21,1152,0,0,3,1,1,0,0,0,0,138,
493,84,561,5237,9,4,188,0,0,3,1,0,0,0,0,0,84,
494,106,584,6160,6,4,136,0,0,0,0,0,0,0,0,0,106,
495,3000,11503,159488,83,1033,42689,0,0,0,0,0,0,0,0,0,3000,
496,3000,11252,143293,159,752,45361,0,0,3,2,0,0,0,0,0,3000,
497,136,809,6764,50,14,584,0,0,2,1,0,0,0,0,0,136,
498,245,1425,15458,76,33,2340,0,0,7,3,2,0,0,0,0,245,
499,207,966,9755,19,25,876,0,0,4,3,1,0,0,0,0,207,
500,98,566,5346,7,8,356,0,0,3,0,0,0,0,0,0,98,
501,131,750,8419,16,19,688,0,0,3,2,1,0,0,0,0,131,
502,141,869,8717,41,21,1157,0,0,6,4,1,0,0,0,0,141,
503,234,1220,13975,17,41,2277,0,0,4,3,0,0,0,0,0,234,
504,113,669,7010,13,18,857,0,0,4,2,0,0,0,0,0,113,
505,110,603,6278,16,5,405,0,0,5,3,2,0,0,0,0,110,
506,93,562,6223,10,10,389,0,0,3,3,1,0,0,0,0,93,
507,266,1388,14374,37,46,2928,0,0,8,4,1,0,0,0,0,266,
508,119,735,8355,8,19,853,0,0,5,0,0,0,0,0,0,119,
509,167,896,10153,5,22,1211,0,0,4,2,1,0,0,0,0,167,
510,180,871,10400,19,23,1093,0,0,4,2,1,0,0,0,0,180,
511,121,678,7257,18,14,770,0,0,4,2,1,0,0,0,0,121,
512,99,621,6770,5,14,700,0,0,3,1,0,0,0,0,0,99,
513,116,730,6529,26,10,723,0,0,7,1,1,0,0,0,0,116,
514,123,763,8511,49,11,478,0,0,4,3,1,0,0,0,0,123,
515,147,846,9974,15,24,1254,0,0,3,1,0,0,0,0,0,147,
516,130,620,7046,6,6,309,0,0,3,0,0,0,0,0,0,130,
517,136,641,6824,16,10,366,0,0,2,2,1,0,0,0,0,136,
518,173,773,8887,8,13,825,0,0,5,2,1,0,0,0,0,173,
519,86,513,5028,4,8,387,0,0,4,2,0,0,0,0,0,86,
520,187,998,12293,23,25,1162,0,0,5,5,1,0,0,0,0,187,
521,143,700,7389,4,12,669,0,0,3,0,0,0,0,0,0,143,
522,60,413,4365,6,3,150,0,0,2,1,0,0,0,0,0,60,
523,70,447,5202,4,4,103,0,0,2,2,1,0,0,0,0,70,
524,182,896,10446,12,25,1370,0,0,5,2,0,0,0,0,0,182,
525,124,573,7085,4,7,138,0,0,1,1,0,0,0,0,0,124,
526,198,795,9391,9,12,618,0,0,3,2,0,0,0,0,0,198,
527,218,889,10398,11,14,856,0,0,5,2,1,0,0,0,0,218,
528,195,1011,12044,26,27,1491,0,0,7,5,2,0,0,0,0,195,
529,110,691,6748,36,18,755,0,0,4,2,0,0,0,0,0,110,
530,312,1597,16273,61,34,2806,0,0,7,6,1,0,0,0,0,312,
531,210,1118,10996,80,29,1849,0,0,6,4,1,0,0,0,0,210,
532,160,863,9197,6,29,1175,0,0,4,0,0,0,0,0,0,160,
533,321,1381,15858,59,29,2016,0,0,8,3,1,0,0,0,0,321,
534,173,758,8132,9,13,731,0,0,4,2,0,0,0,0,0,173,
535,142,755,7923,34,15,676,0,0,3,2,0,0,0,0,0,142,
536,164,606,7175,6,3,120,0,0,3,2,1,0,0,0,0,164,
537,134,768,9135,11,24,1047,0,0,3,1,0,0,0,0,0,134,
538,113,598,7242,5,4,249,0,0,4,2,0,0,0,0,0,113,
539,130,681,8130,4,8,482,0,0,4,0,0,0,0,0,0,130,
540,136,787,8932,23,23,1199,0,0,5,4,1,0,0,0,0,136,
541,108,618,7390,3,8,399,0,0,2,1,0,0,0,0,0,108,
542,163,723,8252,4,12,461,0,0,4,1,0,0,0,0,0,163,
543,117,689,8215,18,11,519,0,0,3,3,2,0,0,0,0,117,
544,170,934,9979,43,26,1874,0,0,5,4,1,0,0,0,0,170,
545,157,851,9414,10,26,1230,0,0,5,2,0,0,0,0,0,157,
546,70,447,5245,4,4,144,0,0,2,1,0,0,0,0,0,70,
547,244,1210,13713,19,37,2477,0,0,6,2,0,0,0,0,0,244,
548,165,899,9058,46,24,1321,0,0,7,2,2,0,0,0,0,165,
549,182,949,10387,12,29,1599,0,0,6,2,0,0,0,0,0,182,
550,245,1345,14398,71,31,2645,0,0,11,5,2,0,0,0,0,245,
551,206,1022,10853,13,24,1364,0,0,7,2,0,0,0,0,0,206,
552,112,616,7000,7,13,443,0,0,4,2,0,0,0,0,0,112,
553,216,1205,14559,53,44,2006,0,0,7,5,2,0,0,0,0,216,
554,150,828,9624,14,19,1127,0,0,5,2,0,0,0,0,0,150,
555,108,572,5744,6,9,483,0,0,4,1,0,0,0,0,0,108,
556,76,465,4893,6,7,292,0,0,4,2,0,0,0,0,0,76,
557,133,740,8256,11,16,1008,0,0,6,3,0,0,0,0,0,133,
558,112,626,7312,7,10,399,0,0,4,3,1,0,0,0,0,112,
559,95,632,6776,71,10,414,0,0,4,4,2,0,0,0,0,95,
560,113,558,6015,6,8,267,0,0,2,0,0,0,0,0,0,113,
561,122,709,7781,35,18,642,0,0,4,4,1,0,0,0,0,122,
562,120,659,7182,6,15,768,0,0,3,1,0,0,0,0,0,120,
563,208,964,11060,21,20,1341,0,0,6,3,0,0,0,0,0,208,
564,119,658,7027,13,19,1082,0,0,4,2,0,0,0,0,0,119,
565,136,748,8471,9,21,1063,0,0,3,1,0,0,0,0,0,136,
566,88,466,5032,5,6,292,0,0,3,1,0,0,0,0,0,88,
567,218,999,11507,40,21,1194,0,0,6,6,4,0,0,0,0,218,
568,133,732,7540,8,15,907,0,0,4,1,0,0,0,0,0,133,
569,107,608,6944,14,6,465,0,0,5,4,2,0,0,0,0,107,
570,104,668,6272,46,25,1435,0,0,4,2,0,0,0,0,0,104,
571,167,915,12067,8,38,1142,0,0,2,1,0,0,0,0,0,167,
572,298,1153,12992,18,30,1669,0,0,5,2,1,0,0,0,0,298,
573,146,793,8847,6,20,1035,0,0,3,0,0,0,0,0,0,146,
574,212,1011,12416,12,37,2306,0,0,1,0,0,0,0,0,0,212,
575,85,493,5243,6,6,213,0,0,3,2,1,0,0,0,0,85,
576,127,714,7691,9,11,823,0,0,6,3,0,0,0,0,0,127,
577,112,612,6840,5,12,539,0,0,3,1,0,0,0,0,0,112,
578,149,757,8488,18,14,737,0,0,6,4,2,0,0,0,0,149,
579,117,632,7094,6,9,416,0,0,2,2,0,0,0,0,0,117,
580,178,943,11987,12,40,1393,0,0,6,5,1,0,0,0,0,178,
581,81,476,5385,3,4,162,0,0,2,1,0,0,0,0,0,81,
582,193,1004,10817,35,31,1854,0,0,6,3,1,0,0,0,0,193,
583,190,975,11209,19,32,1225,0,0,5,2,1,0,0,0,0,190,
584,162,760,8585,6,14,540,0,0,3,2,0,0,0,0,0,162,
585,248,1321,15874,28,29,1992,0,0,9,7,4,0,0,0,0,248,
586,119,639,6480,6,12,802,0,0,4,0,0,0,0,0,0,119,
587,157,859,10641,32,21,1050,0,0,6,4,2,0,0,0,0,157,
588,146,704,7847,8,10,594,0,0,4,0,0,0,0,0,0,146,
589,122,762,8551,42,17,817,0,0,5,4,0,0,0,0,0,122,
590,130,691,8030,10,12,577,0,0,6,2,0,0,0,0,0,130,
591,131,631,6708,5,9,520,0,0,4,1,0,0,0,0,0,131,
592,96,610,5940,11,14,866,0,0,4,2,0,0,0,0,0,96,
593,231,1267,13890,52,43,2199,0,0,3,2,0,0,0,0,0,231,
594,120,662,6957,11,16,566,0,0,3,2,1,0,0,0,0,120,
595,189,948,10599,55,14,924,0,0,7,4,2,0,0,0,0,189,
596,95,537,5797,8,5,279,0,0,4,3,2,0,0,0,0,95,
597,106,610,7083,4,13,517,0,0,3,0,0,0,0,0,0,106,
598,195,1041,11675,25,26,2052,0,0,9,5,1,0,0,0,0,195,
599,244,1223,14444,34,35,2569,0,0,8,4,1,0,0,0,0,244,
600,138,691,8006,9,11,522,0,0,3,1,1,0,0,0,0,138,
601,202,915,10555,18,17,862,0,0,7,3,1,0,0,0,0,202,
602,225,1087,12057,26,32,1614,0,0,4,2,1,0,0,0,0,225,
603,147,663,7474,27,4,315,0,0,5,2,1,0,0,0,0,147,
604,104,594,6846,7,7,412,0,0,5,1,0,0,0,0,0,104,
605,115,647,7096,16,12,898,0,0,5,3,1,0,0,0,0,115,
606,113,571,6581,7,11,411,0,0,1,1,0,0,0,0,0,113,
607,230,1137,13719,28,20,1499,0,0,7,3,1,0,0,0,0,230,
608,92,590,6058,9,12,530,0,0,4,2,1,0,0,0,0,92,
609,129,642,6454,51,8,549,0,0,4,3,1,0,0,0,0,129,
610,136,770,9216,9,25,936,0,0,4,2,0,0,0,0,0,136,
611,86,572,5565,47,9,530,0,0,5,3,1,0,0,0,0,86,
612,115,586,6659,10,11,367,0,0,1,0,0,0,0,0,0,115,
613,229,1002,11253,29,14,965,0,0,7,4,1,0,0,0,0,229,
614,110,587,6545,7,7,432,0,0,4,1,0,0,0,0,0,110,
615,179,937,9742,9,41,2056,0,0,3,0,0,0,0,0,0,179,
616,207,894,10975,8,23,929,0,0,2,0,0,0,0,0,0,207,
617,242,1251,14131,21,25,1916,0,0,5,1,1,0,0,0,0,242,
618,92,557,5755,9,6,345,0,0,3,2,1,0,0,0,0,92,
619,100,582,6607,8,12,445,0,0,5,2,1,0,0,0,0,100,
620,133,746,8560,10,17,910,0,0,4,2,0,0,0,0,0,133,
621,90,544,6171,18,9,265,0,0,4,4,2,0,0,0,0,90,
622,102,568,6375,8,8,299,0,0,5,4,1,0,0,0,0,102,
623,97,470,4954,3,4,169,0,0,2,0,0,0,0,0,0,97,
624,112,688,7899,8,18,700,0,0,3,2,0,0,0,0,0,112,
625,214,945,10950,18,30,1485,0,0,4,3,0,0,0,0,0,214,
626,247,1309,14520,18,37,2466,0,0,6,2,0,0,0,0,0,247,
627,149,739,8244,8,12,572,0,0,3,3,2,0,0,0,0,149,
628,132,691,7929,10,15,725,0,0,3,1,0,0,0,0,0,132,
629,138,747,8568,21,17,684,0,0,6,2,1,0,0,0,0,138,
630,138,743,8709,14,16,897,0,0,5,3,1,0,0,0,0,138,
631,201,1100,12563,57,34,2490,0,0,8,6,3,0,0,0,0,201,
632,115,669,6725,18,13,829,0,0,5,3,1,0,0,0,0,115,
633,116,627,7355,6,11,315,0,0,1,1,0,0,0,0,0,116,
634,102,560,5270,31,7,350,0,0,3,1,1,0,0,0,0,102,
635,70,445,4512,6,4,254,0,0,2,0,0,0,0,0,0,70,
636,125,633,7349,8,14,466,0,0,1,1,0,0,0,0,0,125,
637,94,556,6368,5,11,375,0,0,2,1,0,0,0,0,0,94,
638,171,742,8556,9,13,527,0,0,4,1,0,0,0,0,0,171,
639,104,619,6460,29,9,334,0,0,2,2,1,0,0,0,0,104,
640,90,583,5628,34,9,440,0,0,4,2,0,0,0,0,0,90,
641,225,978,10790,13,29,1622,0,0,3,1,0,0,0,0,0,225,
642,120,705,8105,9,19,928,0,0,4,4,1,0,0,0,0,120,
643,153,836,9674,13,35,1481,0,0,4,1,0,0,0,0,0,153,
644,197,940,10257,43,20,1112,0,0,4,4,1,0,0,0,0,197,
645,131,728,8051,8,19,978,0,0,3,1,0,0,0,0,0,131,
646,151,768,8802,12,21,1174,0,0,7,3,0,0,0,0,0,151,
647,85,488,5153,5,4,208,0,0,3,2,1,0,0,0,0,85,
648,150,673,7972,6,15,542,0,0,3,1,0,0,0,0,0,150,
649,160,737,8506,9,16,674,0,0,4,2,1,0,0,0,0,160,
650,265,1401,17790,25,40,1964,0,0,8,7,1,0,0,0,0,265,
651,123,681,7505,7,12,605,0,0,4,2,1,0,0,0,0,123,
652,126,750,8905,5,28,959,0,0,2,1,0,0,0,0,0,126,
653,118,578,6996,4,5,191,0,0,2,1,0,0,0,0,0,118,
654,192,1060,12287,11,43,1743,0,0,4,2,0,0,0,0,0,192,
655,93,534,5891,8,8,374,0,0,4,2,1,0,0,0,0,93,
656,180,878,10701,8,38,1229,0,0,3,1,0,0,0,0,0,180,
657,196,877,9845,9,21,1071,0,0,5,3,1,0,0,0,0,196,
658,149,831,9968,10,29,1287,0,0,5,3,0,0,0,0,0,149,
659,152,849,10223,20,17,1007,0,0,6,3,2,0,0,0,0,152,
660,218,1054,11518,17,44,2701,0,0,4,2,0,0,0,0,0,218,
661,180,1032,10937,75,33,2029,0,0,6,2,2,0,0,0,0,180,
662,103,574,5588,5,6,392,0,0,4,1,0,0,0,0,0,103,
663,125,615,7455,5,7,273,0,0,4,1,0,0,0,0,0,125,
664,63,402,4179,3,3,154,0,0,3,1,0,0,0,0,0,63,
665,135,750,9226,7,26,1068,0,0,4,3,1,0,0,0,0,135,
666,132,680,8023,7,12,601,0,0,4,1,0,0,0,0,0,132,
667,80,451,5056,4,3,137,0,0,2,1,0,0,0,0,0,80,
668,107,601,6401,5,11,534,0,0,3,1,0,0,0,0,0,107,
669,115,639,7085,30,10,594,0,0,3,1,1,0,0,0,0,115,
670,207,1113,13624,30,31,1743,0,0,7,5,1,0,0,0,0,207,
671,99,627,6126,29,11,537,0,0,5,3,1,0,0,0,0,99,
672,155,975,10500,70,29,1497,0,0,7,5,1,0,0,0,0,155,
673,116,587,6005,8,8,463,0,0,2,1,0,0,0,0,0,116,
674,175,694,8311,7,10,318,0,0,2,2,0,0,0,0,0,175,
675,94,515,6112,4,5,189,0,0,2,1,0,0,0,0,0,94,
676,315,1150,14428,7,33,1221,0,0,3,1,0,0,0,0,0,315,
677,108,612,6159,10,10,590,0,0,3,1,0,0,0,0,0,108,
678,140,769,8635,12,23,798,0,0,3,2,0,0,0,0,0,140,
679,161,855,10846,13,34,1176,0,0,3,3,1,0,0,0,0,161,
680,79,470,5921,5,3,93,0,0,2,2,1,0,0,0,0,79,
681,82,481,5029,7,10,361,0,0,4,1,0,0,0,0,0,82,
682,78,460,5249,4,5,227,0,0,3,1,0,0,0,0,0,78,
683,95,533,6080,5,8,316,0,0,3,2,1,0,0,0,0,95,
684,93,601,6041,51,10,435,0,0,3,2,1,0,0,0,0,93,
685,93,575,6153,7,8,401,0,0,3,1,0,0,0,0,0,93,
686,201,964,11099,15,18,1470,0,0,9,3,1,0,0,0,0,201,
687,158,806,8835,34,10,684,0,0,6,3,2,0,0,0,0,158,
688,176,892,10296,19,16,923,0,0,7,2,2,0,0,0,0,176,
689,207,1100,13792,12,50,1807,0,0,3,2,0,0,0,0,0,207,
690,133,668,8022,6,6,373,0,0,3,1,0,0,0,0,0,133,
691,200,863,9828,18,20,926,0,0,5,2,1,0,0,0,0,200,
692,155,781,9023,7,19,875,0,0,2,1,0,0,0,0,0,155,
693,199,1012,11782,9,31,1330,0,0,4,2,0,0,0,0,0,199,
694,149,878,9314,13,20,1397,0,0,6,2,1,0,0,0,0,149,
695,89,518,5428,9,12,605,0,0,4,2,0,0,0,0,0,89,
696,183,936,10041,12,37,1935,0,0,4,1,0,0,0,0,0,183,
697,106,673,6324,55,18,947,0,0,4,1,1,0,0,0,0,106,
698,164,806,8234,13,22,1434,0,0,3,0,0,0,0,0,0,164,
699,216,934,9763,35,14,876,0,0,5,3,2,0,0,0,0,216,
700,124,645,7395,10,11,408,0,0,4,4,1,0,0,0,0,124,
701,199,1034,12372,14,28,1683,0,0,5,3,0,0,0,0,0,199,
702,97,557,6633,5,10,260,0,0,2,1,0,0,0,0,0,97,
703,110,589,6120,6,14,710,0,0,2,1,0,0,0,0,0,110,
704,143,770,8425,7,14,861,0,0,4,3,0,0,0,0,0,143,
705,188,920,10561,11,17,962,0,0,8,3,0,0,0,0,0,188,
706,106,618,6936,34,8,484,0,0,3,2,1,0,0,0,0,106,
707,200,840,10299,6,8,368,0,0,4,1,0,0,0,0,0,200,
708,193,835,9490,7,18,781,0,0,5,2,0,0,0,0,0,193,
709,103,575,6683,8,6,299,0,0,3,2,0,0,0,0,0,103,
710,104,504,4902,3,4,323,0,0,4,0,0,0,0,0,0,104,
711,115,654,8153,5,17,655,0,0,3,1,0,0,0,0,0,115,
712,107,523,6396,4,4,220,0,0,3,1,0,0,0,0,0,107,
713,119,700,8013,36,11,919,0,0,7,3,1,0,0,0,0,119,
714,189,948,10228,54,20,1509,0,0,4,2,2,0,0,0,0,189,
715,110,661,6790,33,14,630,0,0,4,3,1,0,0,0,0,110,
716,97,527,6109,6,5,182,0,0,2,2,1,0,0,0,0,97,
717,116,564,6165,8,11,380,0,0,2,0,0,0,0,0,0,116,
718,85,518,5737,5,10,476,0,0,3,1,0,0,0,0,0,85,
719,100,551,6032,5,8,342,0,0,3,1,0,0,0,0,0,100,
720,118,550,6854,3,5,129,0,0,0,0,0,0,0,0,0,118,
721,115,677,7247,11,17,906,0,0,4,1,0,0,0,0,0,115,
722,126,522,5358,7,7,370,0,0,4,1,0,0,0,0,0,126,
723,114,601,6831,5,12,465,0,0,3,3,1,0,0,0,0,114,
724,125,685,7601,8,12,570,0,0,4,3,0,0,0,0,0,125,
725,111,584,6107,3,9,367,0,0,3,1,0,0,0,0,0,111,
726,89,614,5881,8,7,313,0,0,2,0,0,0,0,0,0,89,
727,126,668,7128,12,16,695,0,0,4,0,0,0,0,0,0,126,
728,121,611,7188,6,6,319,0,0,2,1,0,0,0,0,0,121,
729,149,728,7495,53,15,857,0,0,4,3,1,0,0,0,0,149,
730,99,557,6318,6,5,221,0,0,1,0,0,0,0,0,0,99,
731,207,942,9813,12,23,1323,0,0,3,1,0,0,0,0,0,207,
732,126,712,8247,8,23,1012,0,0,3,2,1,0,0,0,0,126,
733,70,450,5372,4,5,168,0,0,2,1,0,0,0,0,0,70,
734,178,935,10528,45,24,1360,0,0,4,2,0,0,0,0,0,178,
735,112,651,7476,8,14,582,0,0,2,1,0,0,0,0,0,112,
736,105,562,5976,26,4,222,0,0,5,3,2,0,0,0,0,105,
737,102,617,6687,25,6,309,0,0,3,3,2,0,0,0,0,102,
738,111,677,6515,36,17,858,0,0,4,2,0,0,0,0,0,111,
739,148,796,9393,13,31,1093,0,0,3,2,1,0,0,0,0,148,
740,108,627,6644,12,9,670,0,0,3,1,1,0,0,0,0,108,
741,90,537,6004,42,4,181,0,0,4,2,1,0,0,0,0,90,
742,73,452,4560,7,5,221,0,0,3,2,0,0,0,0,0,73,
743,94,522,5813,5,4,122,0,0,2,1,0,0,0,0,0,94,
744,142,749,7730,44,18,1184,0,0,5,3,1,0,0,0,0,142,
745,219,863,10067,8,13,680,0,0,4,3,1,0,0,0,0,219,
746,77,498,5447,6,5,203,0,0,4,2,1,0,0,0,0,77,
747,101,636,6644,45,12,527,0,0,4,3,1,0,0,0,0,101,
748,175,770,8004,32,11,636,0,0,5,4,2,0,0,0,0,175,
749,84,512,5564,8,8,274,0,0,3,2,1,0,0,0,0,84,
750,102,599,6648,7,13,538,0,0,3,1,0,0,0,0,0,102,
751,3000,11556,149193,122,863,51615,0,0,1,0,0,0,0,0,0,3000,
752,238,1467,14948,29,49,2389,0,0,8,3,0,0,0,0,0,238,
753,155,866,8620,13,27,1363,0,0,3,0,0,0,0,0,0,155,
754,172,958,10431,11,28,1455,0,0,4,2,0,0,0,0,0,172,
755,147,782,8402,17,25,886,0,0,4,2,0,0,0,0,0,147,
756,298,1601,15484,47,92,9335,0,0,6,5,0,0,0,0,0,298,
757,179,1060,10470,43,27,1320,0,0,6,4,2,0,0,0,0,179,
758,309,1623,20741,10,87,2808,0,0,3,2,1,0,0,0,0,309,
759,204,1136,12518,15,27,1886,0,0,8,4,0,0,0,0,0,204,
760,117,651,6906,8,10,415,0,0,3,2,0,0,0,0,0,117,
761,3000,11791,145458,213,1083,53523,0,0,2,0,0,0,0,0,0,3000,
762,75,623,5065,12,6,332,0,0,4,2,1,0,0,0,0,75,
763,65,431,3839,5,2,142,0,0,3,0,0,0,0,0,0,65,
764,297,1429,16517,17,57,2712,0,0,6,3,0,0,0,0,0,297,
765,3000,10668,142480,76,743,42148,0,0,4,2,0,0,0,0,0,3000,
766,156,917,8964,14,17,1032,0,0,6,3,0,0,0,0,0,156,
767,144,796,8632,12,14,541,0,0,4,2,0,0,0,0,0,144,
768,329,1622,19017,12,67,3014,0,0,4,0,0,0,0,0,0,329,
769,165,949,9700,21,29,1920,0,0,5,3,0,0,0,0,0,165,
770,254,1215,14218,15,41,1892,0,0,6,2,1,0,0,0,0,254,
771,181,907,9688,13,26,1449,0,0,6,1,1,0,0,0,0,181,
772,139,797,8831,11,16,942,0,0,5,2,0,0,0,0,0,139,
773,199,1071,12832,16,39,1511,0,0,3,2,0,0,0,0,0,199,
774,395,2063,25852,31,114,4751,0,0,5,2,1,0,0,0,0,395,
775,465,2359,27527,14,84,5027,0,0,4,0,0,0,0,0,0,465,
776,364,1757,20000,27,55,3332,0,0,6,3,1,0,0,0,0,364,
777,3000,10804,143168,106,738,44589,0,0,5,4,0,0,0,0,0,3000,
778,108,700,6235,8,7,473,0,0,2,1,0,0,0,0,0,108,
779,295,1680,18655,25,50,2940,0,0,8,4,1,0,0,0,0,295,
780,177,1057,10524,40,23,1654,0,0,6,2,0,0,0,0,0,177,
781,253,1333,17026,20,25,1872,0,0,11,7,4,0,0,0,0,253,
782,283,1338,14698,25,21,1930,0,0,12,5,2,0,0,0,0,283,
783,370,1738,20313,17,72,4205,0,0,5,2,0,0,0,0,0,370,
784,126,757,8585,12,16,800,0,0,4,2,1,0,0,0,0,126,
785,334,1745,21280,21,72,3429,0,0,7,3,2,0,0,0,0,334,
786,3000,11341,147228,249,1068,65087,0,0,0,0,0,0,0,0,0,3000,
787,205,1201,13123,21,33,1690,0,0,7,3,0,0,0,0,0,205,
788,97,574,6270,7,8,348,0,0,2,1,0,0,0,0,0,97,
789,234,1198,12677,30,25,1817,0,0,7,5,2,0,0,0,0,234,
790,106,664,7415,8,12,476,0,0,3,2,0,0,0,0,0,106,
791,79,484,5246,4,2,141,0,0,2,1,0,0,0,0,0,79,
792,140,791,8973,10,31,1240,0,0,3,2,0,0,0,0,0,140,
793,175,922,11332,9,15,782,0,0,3,1,0,0,0,0,0,175,
794,372,1891,22740,16,82,3910,0,0,6,2,0,0,0,0,0,372,
795,179,1002,10582,10,31,1597,0,0,5,1,0,0,0,0,0,179,
796,188,922,10781,8,22,993,0,0,4,1,0,0,0,0,0,188,
797,113,697,7566,18,20,909,0,0,4,1,1,0,0,0,0,113,
798,219,1276,13287,31,51,2478,0,0,5,3,1,0,0,0,0,219,
799,170,823,9438,8,12,578,0,0,5,3,1,0,0,0,0,170,
800,322,1608,19010,15,64,3561,0,0,7,2,0,0,0,0,0,322,
801,413,2265,24695,19,93,4931,0,0,7,3,0,0,0,0,0,413,
802,196,1015,10263,43,26,1378,0,0,3,2,0,0,0,0,0,196,
803,193,996,11025,41,13,1167,0,0,9,5,2,0,0,0,0,193,
804,112,642,6453,9,13,491,0,0,3,0,0,0,0,0,0,112,
805,126,701,7036,14,19,776,0,0,3,1,0,0,0,0,0,126,
806,179,934,10854,18,26,1737,0,0,10,6,1,0,0,0,0,179,
807,125,755,7912,14,29,1248,0,0,4,3,0,0,0,0,0,125,
808,177,1027,10722,71,54,2867,0,0,4,3,1,0,0,0,0,177,
809,292,1387,16401,23,48,2809,0,0,7,4,1,0,0,0,0,292,
810,433,2019,22709,36,57,3987,0,0,14,6,2,0,0,0,0,433,
811,3000,11320,144441,113,615,44106,0,0,7,5,0,0,0,0,0,3000,
812,356,2166,22570,27,89,4164,0,0,5,2,0,0,0,0,0,356,
813,186,955,10091,13,31,1629,0,0,3,1,0,0,0,0,0,186,
814,104,636,6668,6,14,662,0,0,4,1,0,0,0,0,0,104,
815,95,621,6363,8,16,733,0,0,3,3,0,0,0,0,0,95,
816,186,1069,11658,24,34,1610,0,0,5,3,2,0,0,0,0,186,
817,238,1160,13215,33,34,1931,0,0,7,4,1,0,0,0,0,238,
818,129,775,8689,12,22,1248,0,0,4,3,0,0,0,0,0,129,
819,176,880,9813,9,20,1085,0,0,5,2,0,0,0,0,0,176,
820,220,1201,13563,13,46,1890,0,0,4,1,0,0,0,0,0,220,
821,468,2253,23697,48,78,6358,0,0,13,7,2,0,0,0,0,468,
822,166,991,10223,24,30,2431,0,0,6,3,1,0,0,0,0,166,
823,83,526,5234,5,6,239,0,0,2,0,0,0,0,0,0,83,
824,191,991,11507,9,33,1344,0,0,2,0,0,0,0,0,0,191,
825,3000,11247,140362,279,1089,61520,0,0,1,1,0,0,0,0,0,3000,
826,3000,11023,144225,90,740,43599,0,0,2,2,0,0,0,0,0,3000,
827,232,1198,12116,22,27,1939,0,0,5,1,0,0,0,0,0,232,
828,237,1348,13781,75,51,2650,0,0,9,6,0,0,0,0,0,237,
829,63,428,3693,5,2,139,0,0,3,0,0,0,0,0,0,63,
830,146,764,8476,10,14,554,0,0,3,1,0,0,0,0,0,146,
831,3000,12734,140442,1517,1081,567989,0,0,7,2,0,0,0,0,0,3000,
832,146,895,8250,13,13,851,0,0,5,2,0,0,0,0,0,146,
833,229,1191,13299,16,48,1706,0,0,3,1,0,0,0,0,0,229,
834,307,1688,19149,50,89,4121,0,0,4,2,1,0,0,0,0,307,
835,3000,11041,147367,218,798,44773,0,0,4,2,0,0,0,0,0,3000,
836,237,1124,11716,14,19,899,0,0,4,3,1,0,0,0,0,237,
837,151,866,8891,58,16,905,0,0,4,2,1,0,0,0,0,151,
838,3000,13964,182981,245,826,52599,0,0,7,3,1,0,0,0,0,3000,
839,86,665,5997,49,13,833,0,0,3,2,2,0,0,0,0,86,
840,437,2272,27185,17,116,4784,0,0,4,0,0,0,0,0,0,437,
841,3000,10941,144780,127,761,45501,0,0,0,0,0,0,0,0,0,3000,
842,411,2263,24289,72,62,4089,0,0,9,3,2,0,0,0,0,411,
843,215,1179,12366,28,36,1989,0,0,5,3,2,0,0,0,0,215,
844,85,587,6284,7,7,217,0,0,3,2,1,0,0,0,0,85,
845,450,2315,25710,29,87,5222,0,0,10,4,0,0,0,0,0,450,
846,263,1409,16857,84,31,2307,0,0,8,5,3,0,0,0,0,263,
847,357,1931,20942,43,54,3350,0,0,9,6,1,0,0,0,0,357,
848,165,854,9626,12,30,1386,0,0,2,1,0,0,0,0,0,165,
849,431,2319,25308,29,91,5203,0,0,7,5,0,0,0,0,0,431,
850,399,2132,22985,28,76,4855,0,0,6,3,1,0,0,0,0,399,
851,124,666,6951,5,10,373,0,0,2,0,0,0,0,0,0,124,
852,97,620,6051,12,13,586,0,0,4,2,1,0,0,0,0,97,
853,106,574,5616,9,9,449,0,0,4,2,0,0,0,0,0,106,
854,120,589,7006,4,3,220,0,0,1,0,0,0,0,0,0,120,
855,143,739,7995,16,8,596,0,0,6,2,1,0,0,0,0,143,
856,357,1970,22528,67,85,4122,0,0,5,3,1,0,0,0,0,357,
857,3000,11622,158744,109,1020,57868,0,0,1,0,0,0,0,0,0,3000,
858,110,767,7345,12,16,644,0,0,3,2,0,0,0,0,0,110,
859,142,843,8974,32,12,909,0,0,6,1,1,0,0,0,0,142,
860,239,1225,13177,21,28,2104,0,0,9,4,1,0,0,0,0,239,
861,169,1000,11245,21,25,1189,0,0,6,5,2,0,0,0,0,169,
862,200,1156,10952,75,39,2229,0,0,8,5,1,0,0,0,0,200,
863,238,1293,14758,48,40,2594,0,0,6,4,2,0,0,0,0,238,
864,179,983,11430,15,22,1162,0,0,6,2,0,0,0,0,0,179,
865,144,756,8781,10,13,596,0,0,4,1,0,0,0,0,0,144,
866,144,822,8471,11,21,966,0,0,6,3,1,0,0,0,0,144,
867,3000,10420,142827,76,575,34772,0,0,2,0,0,0,0,0,0,3000,
868,154,899,9267,39,12,768,0,0,7,5,0,0,0,0,0,154,
869,111,779,6885,20,16,793,0,0,5,3,2,0,0,0,0,111,
870,330,1722,19344,17,53,3439,0,0,7,3,1,0,0,0,0,330,
871,208,1187,12575,49,28,2226,0,0,6,1,1,0,0,0,0,208,
872,327,1631,19351,26,74,3496,0,0,6,4,0,0,0,0,0,327,
873,407,2015,23018,34,117,6480,0,0,4,1,0,0,0,0,0,407,
874,181,1003,11642,13,29,1541,0,0,4,3,0,0,0,0,0,181,
875,146,804,9074,11,22,1191,0,0,6,3,0,0,0,0,0,146,
876,209,1070,11516,26,37,2109,0,0,5,2,1,0,0,0,0,209,
877,551,2842,30364,125,168,9306,0,0,6,1,0,0,0,0,0,551,
878,184,1090,10152,20,19,1014,0,0,5,1,1,0,0,0,0,184,
879,308,1654,17682,26,32,3051,0,0,11,5,0,0,0,0,0,308,
880,414,1780,19755,35,44,2450,0,0,8,3,2,0,0,0,0,414,
881,152,843,9861,9,30,1102,0,0,4,2,1,0,0,0,0,152,
882,271,1351,15955,25,35,2208,0,0,8,5,3,0,0,0,0,271,
883,352,1520,18272,11,52,2066,0,0,5,2,0,0,0,0,0,352,
884,247,1262,14087,29,35,2171,0,0,6,2,2,0,0,0,0,247,
885,139,781,9002,20,14,911,0,0,5,5,2,0,0,0,0,139,
886,123,695,7702,33,6,421,0,0,4,3,2,0,0,0,0,123,
887,84,578,5798,43,3,216,0,0,4,3,2,0,0,0,0,84,
888,194,1050,11448,15,26,1598,0,0,8,2,0,0,0,0,0,194,
889,99,506,4822,7,3,202,0,0,3,1,0,0,0,0,0,99,
890,140,681,7424,9,11,451,0,0,4,4,1,0,0,0,0,140,
891,108,656,6685,9,18,715,0,0,5,1,0,0,0,0,0,108,
892,202,1043,11852,44,22,1392,0,0,7,5,2,0,0,0,0,202,
893,172,896,9696,38,12,952,0,0,5,4,3,0,0,0,0,172,
894,102,585,6220,6,8,331,0,0,3,0,0,0,0,0,0,102,
895,134,691,7750,7,6,442,0,0,5,1,0,0,0,0,0,134,
896,293,1503,17311,17,54,3166,0,0,5,1,0,0,0,0,0,293,
897,244,1339,13970,65,36,2633,0,0,9,4,2,0,0,0,0,244,
898,202,1066,11293,17,47,2315,0,0,4,2,0,0,0,0,0,202,
899,146,744,8346,11,12,738,0,0,5,3,1,0,0,0,0,146,
900,3000,11858,146194,150,765,45942,0,0,4,2,1,0,0,0,0,3000,
901,399,2153,23277,73,68,3872,0,0,10,7,1,0,0,0,0,399,
902,503,2301,26963,24,64,4514,0,0,10,4,0,0,0,0,0,503,
903,80,493,4690,4,3,127,0,0,3,0,0,0,0,0,0,80,
904,160,834,7726,12,13,796,0,0,5,3,0,0,0,0,0,160,
905,242,1297,13924,45,29,2351,0,0,8,6,2,0,0,0,0,242,
906,94,595,5314,9,7,441,0,0,4,1,0,0,0,0,0,94,
907,3000,11692,140072,211,1068,59039,0,0,3,1,0,0,0,0,0,3000,
908,188,1115,11751,27,30,1864,0,0,5,3,1,0,0,0,0,188,
909,3000,11275,154411,134,950,49050,0,0,3,1,0,0,0,0,0,3000,
910,273,1548,15773,99,36,2086,0,0,9,6,1,0,0,0,0,273,
911,126,774,7887,9,15,761,0,0,2,2,0,0,0,0,0,126,
912,228,1159,12806,13,35,1755,0,0,9,3,0,0,0,0,0,228,
913,298,1600,17032,42,51,4262,0,0,9,4,2,0,0,0,0,298,
914,3000,10209,144228,79,515,35474,0,0,3,0,0,0,0,0,0,3000,
915,122,753,6611,20,10,488,0,0,5,2,1,0,0,0,0,122,
916,199,1096,12326,23,26,1726,0,0,6,4,1,0,0,0,0,199,
917,381,1970,23085,83,57,3812,0,0,14,8,5,0,0,0,0,381,
918,195,923,10126,32,16,838,0,0,4,3,2,0,0,0,0,195,
919,332,1731,19925,20,71,3267,0,0,5,4,0,0,0,0,0,332,
920,283,1550,17619,15,57,2842,0,0,3,1,0,0,0,0,0,283,
921,139,718,7421,10,15,839,0,0,4,2,0,0,0,0,0,139,
922,3000,10759,145155,83,732,40873,0,0,2,1,0,0,0,0,0,3000,
923,183,1219,10100,83,41,2633,0,0,5,5,1,0,0,0,0,183,
924,177,1081,11180,58,32,1796,0,0,4,2,1,0,0,0,0,177,
925,480,2371,30789,32,137,5239,0,0,6,3,1,0,0,0,0,480,
926,150,861,8158,15,21,1089,0,0,4,3,0,0,0,0,0,150,
927,207,1181,14586,24,45,2108,0,0,5,3,1,0,0,0,0,207,
928,3000,11285,158290,113,1023,57101,0,0,0,0,0,0,0,0,0,3000,
929,133,813,7382,15,14,706,0,0,5,3,0,0,0,0,0,133,
930,249,1507,15024,63,56,2811,0,0,5,4,0,0,0,0,0,249,
931,281,1462,16548,14,57,3011,0,0,5,0,0,0,0,0,0,281,
932,3000,11026,143012,83,692,39692,0,0,4,1,0,0,0,0,0,3000,
933,191,1101,11473,13,33,1770,0,0,4,1,0,0,0,0,0,191,
934,99,675,6187,53,10,424,0,0,3,3,2,0,0,0,0,99,
935,212,1161,12872,59,16,1387,0,0,9,3,2,0,0,0,0,212,
936,96,641,6363,11,16,713,0,0,4,2,0,0,0,0,0,96,
937,253,1349,14707,38,55,2349,0,0,4,2,0,0,0,0,0,253,
938,192,1005,9973,22,26,1624,0,0,8,3,0,0,0,0,0,192,
939,260,1397,15359,22,57,3133,0,0,7,3,1,0,0,0,0,260,
940,120,728,7416,12,16,899,0,0,5,3,0,0,0,0,0,120,
941,210,999,10889,19,17,1188,0,0,5,2,1,0,0,0,0,210,
942,125,722,8048,10,18,716,0,0,2,1,0,0,0,0,0,125,
943,133,766,8194,21,19,1204,0,0,4,3,1,0,0,0,0,133,
944,115,757,7117,56,9,647,0,0,5,2,1,0,0,0,0,115,
945,104,598,6237,26,4,278,0,0,4,2,1,0,0,0,0,104,
946,3000,10907,161279,69,1063,45664,0,0,0,0,0,0,0,0,0,3000,
947,312,1656,18051,22,53,3156,0,0,7,1,0,0,0,0,0,312,
948,289,1644,17298,17,60,3388,0,0,6,2,0,0,0,0,0,289,
949,3000,11460,149825,221,881,48584,0,0,0,0,0,0,0,0,0,3000,
950,111,750,6870,12,8,412,0,0,5,2,1,0,0,0,0,111,
951,267,1417,15674,48,43,2279,0,0,8,4,2,0,0,0,0,267,
952,122,745,7576,51,11,478,0,0,5,2,1,0,0,0,0,122,
953,446,2241,26506,19,87,4752,0,0,7,3,0,0,0,0,0,446,
954,86,558,5808,7,3,145,0,0,2,1,0,0,0,0,0,86,
955,141,833,8413,60,17,899,0,0,5,3,2,0,0,0,0,141,
956,214,1153,11268,43,34,1616,0,0,4,2,2,0,0,0,0,214,
957,228,1148,12406,30,36,1569,0,0,6,6,1,0,0,0,0,228,
958,159,817,8690,21,16,922,0,0,5,5,2,0,0,0,0,159,
959,288,1410,16641,12,53,2215,0,0,8,1,0,0,0,0,0,288,
960,315,1622,17678,31,48,2900,0,0,8,3,2,0,0,0,0,315,
961,105,636,6151,6,17,665,0,0,4,1,0,0,0,0,0,105,
962,118,706,7855,16,14,1048,0,0,6,4,0,0,0,0,0,118,
963,223,978,11291,32,14,848,0,0,7,4,2,0,0,0,0,223,
964,3000,10646,147053,163,831,48266,0,0,1,1,0,0,0,0,0,3000,
965,104,677,6793,9,10,454,0,0,4,1,0,0,0,0,0,104,
966,81,616,5625,7,4,181,0,0,2,1,0,0,0,0,0,81,
967,216,1257,12533,52,31,2013,0,0,7,3,1,0,0,0,0,216,
968,125,786,8452,11,24,791,0,0,3,2,1,0,0,0,0,125,
969,154,784,8957,10,10,653,0,0,4,2,1,0,0,0,0,154,
970,231,1352,14253,34,36,2628,0,0,9,6,3,0,0,0,0,231,
971,282,1549,16343,17,38,2592,0,0,8,3,0,0,0,0,0,282,
972,3000,11091,158499,84,1047,40663,0,0,2,1,0,0,0,0,0,3000,
973,352,1964,21890,33,66,3732,0,0,7,4,1,0,0,0,0,352,
974,242,1285,14126,18,36,2342,0,0,7,1,0,0,0,0,0,242,
975,240,1198,14510,14,34,1671,0,0,8,4,0,0,0,0,0,240,
976,153,882,8501,45,17,1322,0,0,6,4,0,0,0,0,0,153,
977,376,1979,22967,32,84,4577,0,0,8,4,3,0,0,0,0,376,
978,177,964,10308,20,18,1078,0,0,4,3,2,0,0,0,0,177,
979,176,988,10007,15,23,1523,0,0,10,4,1,0,0,0,0,176,
980,303,1567,16566,40,73,5091,0,0,9,4,1,0,0,0,0,303,
981,136,734,7419,14,14,640,0,0,4,2,0,0,0,0,0,136,
982,3000,11302,159508,104,1053,44506,0,0,0,0,0,0,0,0,0,3000,
983,240,1336,13535,41,60,3473,0,0,3,2,0,0,0,0,0,240,
984,113,696,7056,10,16,574,0,0,3,1,0,0,0,0,0,113,
985,182,1050,10955,36,32,2067,0,0,6,3,1,0,0,0,0,182,
986,151,942,10396,14,22,1195,0,0,4,2,0,0,0,0,0,151,
987,3000,11664,164567,85,1024,39936,0,0,2,0,0,0,0,0,0,3000,
988,3000,11514,153678,114,947,57891,0,0,1,0,0,0,0,0,0,3000,
989,126,852,8049,19,13,691,0,0,4,2,1,0,0,0,0,126,
990,125,669,7087,10,7,335,0,0,3,2,1,0,0,0,0,125,
991,3000,11762,144746,410,1064,55159,0,0,3,2,2,0,0,0,0,3000,
992,389,2048,22757,48,76,4181,0,0,10,4,1,0,0,0,0,389,
993,147,867,8799,18,24,1235,0,0,2,1,0,0,0,0,0,147,
994,3000,11459,151754,183,1025,57214,0,0,1,1,0,0,0,0,0,3000,
995,102,665,6985,11,8,437,0,0,3,3,2,0,0,0,0,102,
996,129,836,7456,95,15,645,0,0,4,2,1,0,0,0,0,129,
997,3000,9898,141553,89,569,36937,0,0,3,2,0,0,0,0,0,3000,
998,118,760,7056,12,15,938,0,0,2,0,0,0,0,0,0,118,
999,271,1488,15998,31,26,2276,0,0,7,4,1,0,0,0,0,271,
1000,294,1604,18225,31,56,3335,0,0,8,5,2,0,0,0,0,294,
1001,109,654,6973,7,18,713,0,0,2,1,0,0,0,0,0,109,
1002,136,749,8765,6,16,724,0,0,2,1,0,0,0,0,0,136,
1003,84,525,6510,6,8,260,0,0,3,2,1,0,0,0,0,84,
1004,137,784,9030,9,28,1279,0,0,2,2,0,0,0,0,0,137,
1005,101,611,6585,8,14,622,0,0,3,1,0,0,0,0,0,101,
1006,157,828,10467,8,26,1080,0,0,2,1,0,0,0,0,0,157,
1007,99,634,6462,47,13,536,0,0,2,2,0,0,0,0,0,99,
1008,186,1005,11655,42,19,1250,0,0,6,3,2,0,0,0,0,186,
1009,276,1300,15684,22,37,1626,0,0,7,4,1,0,0,0,0,276,
1010,79,539,4777,9,6,330,0,0,2,1,0,0,0,0,0,79,
1011,229,1144,12793,20,27,1445,0,0,3,2,2,0,0,0,0,229,
1012,80,471,4731,6,5,247,0,0,2,1,0,0,0,0,0,80,
1013,97,587,6724,8,14,353,0,0,1,1,0,0,0,0,0,97,
1014,159,908,9814,16,33,1538,0,0,3,2,0,0,0,0,0,159,
1015,68,435,4464,4,2,164,0,0,2,0,0,0,0,0,0,68,
1016,158,847,9205,16,28,1551,0,0,2,0,0,0,0,0,0,158,
1017,147,904,9416,44,23,1230,0,0,4,2,0,0,0,0,0,147,
1018,127,714,7562,12,23,836,0,0,3,2,0,0,0,0,0,127,
1019,178,926,10891,16,14,1046,0,0,5,3,1,0,0,0,0,178,
1020,134,697,7453,7,12,585,0,0,3,1,0,0,0,0,0,134,
1021,180,937,10519,19,25,1229,0,0,5,3,2,0,0,0,0,180,
1022,169,935,10953,6,37,1219,0,0,3,1,0,0,0,0,0,169,
1023,113,630,7531,4,6,509,0,0,3,1,0,0,0,0,0,113,
1024,97,577,6688,10,10,339,0,0,3,2,1,0,0,0,0,97,
1025,97,533,5429,7,7,399,0,0,2,1,0,0,0,0,0,97,
1026,154,959,9435,73,24,1205,0,0,3,2,2,0,0,0,0,154,
1027,139,810,8044,9,27,1269,0,0,3,1,0,0,0,0,0,139,
1028,123,638,7520,8,12,370,0,0,2,2,1,0,0,0,0,123,
1029,218,1213,13114,46,33,2020,0,0,5,2,2,0,0,0,0,218,
1030,139,788,8535,9,18,884,0,0,3,2,0,0,0,0,0,139,
1031,159,875,10174,15,35,1771,0,0,2,1,0,0,0,0,0,159,
1032,161,865,10212,10,28,1202,0,0,2,0,0,0,0,0,0,161,
1033,156,729,8164,19,14,585,0,0,5,3,1,0,0,0,0,156,
1034,181,875,10209,10,14,776,0,0,3,0,0,0,0,0,0,181,
1035,118,704,7287,7,15,894,0,0,3,1,0,0,0,0,0,118,
1036,152,830,9775,4,30,1039,0,0,2,1,0,0,0,0,0,152,
1037,303,1552,18705,23,59,3500,0,0,10,5,1,0,0,0,0,303,
1038,106,594,6149,4,10,479,0,0,3,1,0,0,0,0,0,106,
1039,81,479,5366,5,3,157,0,0,3,0,0,0,0,0,0,81,
1040,170,838,9927,16,29,1117,0,0,4,3,1,0,0,0,0,170,
1041,328,1576,17573,32,39,2556,0,0,9,5,1,0,0,0,0,328,
1042,113,639,7095,4,8,463,0,0,2,0,0,0,0,0,0,113,
1043,198,1089,11968,14,27,1684,0,0,4,2,1,0,0,0,0,198,
1044,112,666,7910,6,13,696,0,0,4,3,1,0,0,0,0,112,
1045,65,408,4202,3,2,159,0,0,2,0,0,0,0,0,0,65,
1046,104,572,6329,5,9,422,0,0,4,1,0,0,0,0,0,104,
1047,184,1002,11370,11,33,1746,0,0,2,2,0,0,0,0,0,184,
1048,119,662,7649,7,10,472,0,0,2,2,0,0,0,0,0,119,
1049,284,1182,13614,15,37,1958,0,0,4,3,0,0,0,0,0,284,
1050,183,924,11667,8,34,1309,0,0,1,0,0,0,0,0,0,183,
1051,110,608,7119,5,10,588,0,0,4,2,0,0,0,0,0,110,
1052,130,704,7600,11,13,648,0,0,2,1,0,0,0,0,0,130,
1053,290,1415,15529,43,39,3535,0,0,12,4,2,0,0,0,0,290,
1054,115,676,6694,38,18,918,0,0,2,1,0,0,0,0,0,115,
1055,127,715,8561,3,16,577,0,0,0,0,0,0,0,0,0,127,
1056,110,596,6313,8,11,440,0,0,3,1,0,0,0,0,0,110,
1057,293,1307,15519,62,26,2212,0,0,8,5,2,0,0,0,0,293,
1058,281,1398,16405,29,49,3608,0,0,10,4,1,0,0,0,0,281,
1059,157,779,9011,20,15,792,0,0,4,2,2,0,0,0,0,157,
1060,97,566,6424,9,10,316,0,0,2,2,1,0,0,0,0,97,
1061,161,842,9786,11,25,1397,0,0,5,2,1,0,0,0,0,161,
1062,195,862,9846,35,12,669,0,0,4,2,1,0,0,0,0,195,
1063,147,772,8944,8,16,825,0,0,2,2,0,0,0,0,0,147,
1064,97,570,5876,36,6,250,0,0,3,2,1,0,0,0,0,97,
1065,108,671,6858,9,13,611,0,0,4,2,0,0,0,0,0,108,
1066,108,557,6166,6,6,280,0,0,3,1,1,0,0,0,0,108,
1067,128,663,7715,5,19,535,0,0,2,0,0,0,0,0,0,128,
1068,96,538,6304,5,8,288,0,0,1,1,0,0,0,0,0,96,
1069,192,997,11757,11,40,1793,0,0,4,1,0,0,0,0,0,192,
1070,275,1285,15254,29,37,4513,0,0,10,3,0,0,0,0,0,275,
1071,165,885,10382,13,34,1637,0,0,4,1,0,0,0,0,0,165,
1072,142,692,7319,12,20,975,0,0,2,1,0,0,0,0,0,142,
1073,170,871,10417,6,16,1077,0,0,4,1,0,0,0,0,0,170,
1074,141,732,8519,8,16,750,0,0,3,1,0,0,0,0,0,141,
1075,204,953,11170,18,25,1158,0,0,1,1,1,0,0,0,0,204,
1076,116,700,7919,8,11,838,0,0,4,2,0,0,0,0,0,116,
1077,196,1073,13083,9,34,1434,0,0,6,1,0,0,0,0,0,196,
1078,157,900,10086,7,24,1261,0,0,2,1,0,0,0,0,0,157,
1079,129,738,8496,6,14,700,0,0,4,1,0,0,0,0,0,129,
1080,106,540,5732,3,6,164,0,0,1,0,0,0,0,0,0,106,
1081,117,672,6845,47,10,385,0,0,3,2,1,0,0,0,0,117,
1082,95,592,6609,4,9,466,0,0,1,0,0,0,0,0,0,95,
1083,149,808,9339,10,34,1779,0,0,2,1,0,0,0,0,0,149,
1084,197,1052,12098,17,42,2195,0,0,3,2,0,0,0,0,0,197,
1085,135,717,8521,10,13,802,0,0,3,1,0,0,0,0,0,135,
1086,128,659,7526,8,12,507,0,0,2,1,0,0,0,0,0,128,
1087,240,1231,14085,9,24,1658,0,0,4,3,0,0,0,0,0,240,
1088,238,1224,14314,14,48,2206,0,0,5,2,0,0,0,0,0,238,
1089,99,588,6830,7,15,384,0,0,2,1,0,0,0,0,0,99,
1090,157,759,8598,8,14,595,0,0,2,1,0,0,0,0,0,157,
1091,90,478,5093,2,4,133,0,0,2,0,0,0,0,0,0,90,
1092,157,751,8402,36,11,701,0,0,4,2,1,0,0,0,0,157,
1093,127,667,7210,7,10,645,0,0,3,0,0,0,0,0,0,127,
1094,191,804,9586,4,14,614,0,0,2,0,0,0,0,0,0,191,
1095,150,829,8728,38,22,1141,0,0,4,2,1,0,0,0,0,150,
1096,147,741,8466,7,23,894,0,0,1,1,0,0,0,0,0,147,
1097,174,901,10635,9,29,1316,0,0,2,1,0,0,0,0,0,174,
1098,85,514,5815,10,9,417,0,0,3,2,1,0,0,0,0,85,
1099,158,815,10175,8,25,1002,0,0,2,2,0,0,0,0,0,158,
1100,274,1356,15552,22,32,1940,0,0,10,5,1,0,0,0,0,274,
1101,274,1426,16447,33,29,2437,0,0,12,7,3,0,0,0,0,274,
1102,103,536,5934,4,5,146,0,0,2,1,0,0,0,0,0,103,
1103,95,563,6498,4,10,334,0,0,2,1,0,0,0,0,0,95,
1104,125,698,8630,8,16,860,0,0,6,6,2,0,0,0,0,125,
1105,412,1672,19517,54,44,2426,0,0,6,3,2,0,0,0,0,412,
1106,108,698,7138,64,13,562,0,0,4,3,1,0,0,0,0,108,
1107,83,494,4993,10,7,413,0,0,2,2,0,0,0,0,0,83,
1108,105,571,5990,11,7,477,0,0,3,0,0,0,0,0,0,105,
1109,130,765,8805,16,23,851,0,0,4,4,1,0,0,0,0,130,
1110,83,499,4996,3,6,269,0,0,2,0,0,0,0,0,0,83,
1111,97,544,6180,6,7,287,0,0,2,1,0,0,0,0,0,97,
1112,249,1088,11628,35,11,970,0,0,5,3,1,0,0,0,0,249,
1113,127,671,7630,10,12,605,0,0,3,1,0,0,0,0,0,127,
1114,198,1082,13157,9,35,1276,0,0,4,2,0,0,0,0,0,198,
1115,171,928,10634,9,26,1243,0,0,3,2,1,0,0,0,0,171,
1116,84,467,5499,4,2,93,0,0,2,1,0,0,0,0,0,84,
1117,69,434,4802,7,2,93,0,0,2,1,0,0,0,0,0,69,
1118,113,632,7526,9,16,543,0,0,2,1,1,0,0,0,0,113,
1119,143,790,9133,7,22,1037,0,0,4,1,0,0,0,0,0,143,
1120,136,712,8005,8,13,594,0,0,3,1,0,0,0,0,0,136,
1121,157,774,9068,5,8,611,0,0,3,0,0,0,0,0,0,157,
1122,136,694,8125,11,19,929,0,0,4,2,0,0,0,0,0,136,
1123,146,811,9378,8,18,1053,0,0,5,3,1,0,0,0,0,146,
1124,104,641,6737,47,14,428,0,0,3,2,1,0,0,0,0,104,
1125,133,785,8427,15,24,1203,0,0,2,0,0,0,0,0,0,133,
1126,204,992,12530,19,24,1591,0,0,3,3,0,0,0,0,0,204,
1127,130,747,8248,6,19,937,0,0,1,0,0,0,0,0,0,130,
1128,204,1018,12440,16,21,1121,0,0,3,3,1,0,0,0,0,204,
1129,116,644,7606,6,12,370,0,0,1,1,0,0,0,0,0,116,
1130,67,448,5186,3,4,183,0,0,3,1,0,0,0,0,0,67,
1131,118,560,6574,3,5,221,0,0,1,1,0,0,0,0,0,118,
1132,165,710,8417,26,5,232,0,0,2,2,1,0,0,0,0,165,
1133,99,524,5487,30,8,361,0,0,2,1,1,0,0,0,0,99,
1134,122,777,7406,55,24,1155,0,0,3,2,0,0,0,0,0,122,
1135,96,608,6370,42,4,244,0,0,3,2,1,0,0,0,0,96,
1136,130,707,7363,12,13,713,0,0,5,1,0,0,0,0,0,130,
1137,83,526,5984,7,8,345,0,0,3,3,1,0,0,0,0,83,
1138,108,577,6651,15,10,357,0,0,2,1,1,0,0,0,0,108,
1139,126,686,7987,8,17,790,0,0,4,1,0,0,0,0,0,126,
1140,122,602,6792,5,9,295,0,0,2,1,0,0,0,0,0,122,
1141,125,712,7670,10,14,947,0,0,4,1,0,0,0,0,0,125,
1142,174,943,10423,8,30,1767,0,0,3,0,0,0,0,0,0,174,
1143,136,702,8288,5,17,674,0,0,2,1,0,0,0,0,0,136,
1144,142,669,7971,8,11,577,0,0,3,2,0,0,0,0,0,142,
1145,241,1151,13147,15,39,2198,0,0,3,2,0,0,0,0,0,241,
1146,203,934,10718,5,19,903,0,0,1,1,0,0,0,0,0,203,
1147,108,616,6726,31,15,433,0,0,1,1,0,0,0,0,0,108,
1148,147,826,10035,9,29,1002,0,0,3,2,0,0,0,0,0,147,
1149,107,592,5974,7,8,620,0,0,2,1,0,0,0,0,0,107,
1150,101,584,6546,6,17,637,0,0,2,1,0,0,0,0,0,101,
1151,169,939,10156,37,19,1134,0,0,5,5,3,0,0,0,0,169,
1152,122,684,8173,8,15,812,0,0,4,3,0,0,0,0,0,122,
1153,121,750,8176,59,15,621,0,0,4,4,3,0,0,0,0,121,
1154,185,889,9868,11,8,877,0,0,6,1,0,0,0,0,0,185,
1155,143,791,9616,7,25,907,0,0,2,2,1,0,0,0,0,143,
1156,150,817,9250,8,24,942,0,0,2,1,0,0,0,0,0,150,
1157,229,1091,12116,24,21,1779,0,0,7,3,1,0,0,0,0,229,
1158,203,1116,14121,17,47,1468,0,0,3,3,2,0,0,0,0,203,
1159,114,606,6296,12,15,547,0,0,4,1,0,0,0,0,0,114,
1160,82,512,5571,5,6,380,0,0,3,1,0,0,0,0,0,82,
1161,131,744,8254,8,16,969,0,0,3,1,0,0,0,0,0,131,
1162,107,589,6145,15,10,470,0,0,5,1,1,0,0,0,0,107,
1163,113,656,6930,8,19,794,0,0,3,2,0,0,0,0,0,113,
1164,66,431,4220,6,4,176,0,0,3,0,0,0,0,0,0,66,
1165,260,1138,14002,30,27,1607,0,0,5,4,2,0,0,0,0,260,
1166,158,856,9497,8,31,1505,0,0,2,0,0,0,0,0,0,158,
1167,124,721,8075,7,22,836,0,0,2,2,1,0,0,0,0,124,
1168,159,847,9875,9,19,867,0,0,4,2,0,0,0,0,0,159,
1169,144,778,8770,7,24,885,0,0,2,1,0,0,0,0,0,144,
1170,80,455,4990,3,4,129,0,0,1,0,0,0,0,0,0,80,
1171,163,631,7525,5,5,136,0,0,1,1,0,0,0,0,0,163,
1172,69,424,4234,5,4,288,0,0,3,0,0,0,0,0,0,69,
1173,145,790,8913,15,25,1239,0,0,3,1,1,0,0,0,0,145,
1174,115,752,7585,55,20,949,0,0,2,2,1,0,0,0,0,115,
1175,108,596,6718,9,9,340,0,0,3,2,1,0,0,0,0,108,
1176,171,838,9403,14,32,1502,0,0,2,1,1,0,0,0,0,171,
1177,301,1328,15559,25,31,1445,0,0,4,3,1,0,0,0,0,301,
1178,114,628,7420,8,11,470,0,0,2,1,0,0,0,0,0,114,
1179,135,798,8978,12,21,1114,0,0,4,3,1,0,0,0,0,135,
1180,87,526,5892,4,7,219,0,0,1,0,0,0,0,0,0,87,
1181,149,880,8690,49,18,1294,0,0,6,2,1,0,0,0,0,149,
1182,113,629,6932,7,16,412,0,0,1,1,0,0,0,0,0,113,
1183,359,1466,16611,17,28,2011,0,0,5,1,0,0,0,0,0,359,
1184,118,634,7010,11,14,596,0,0,2,1,0,0,0,0,0,118,
1185,107,626,7159,12,13,682,0,0,2,2,0,0,0,0,0,107,
1186,162,895,9744,10,30,1571,0,0,4,2,0,0,0,0,0,162,
1187,205,814,8781,7,19,797,0,0,1,0,0,0,0,0,0,205,
1188,154,807,9788,38,12,670,0,0,4,3,2,0,0,0,0,154,
1189,97,602,6122,10,13,545,0,0,2,1,0,0,0,0,0,97,
1190,238,1101,12812,19,31,2216,0,0,6,2,0,0,0,0,0,238,
1191,81,529,5406,7,8,221,0,0,1,0,0,0,0,0,0,81,
1192,202,955,10822,9,25,1248,0,0,2,1,0,0,0,0,0,202,
1193,152,760,9466,5,12,470,0,0,3,2,0,0,0,0,0,152,
1194,135,679,7654,8,13,426,0,0,2,1,0,0,0,0,0,135,
1195,169,941,10533,11,25,1332,0,0,4,3,0,0,0,0,0,169,
1196,100,523,5950,3,3,194,0,0,2,0,0,0,0,0,0,100,
1197,133,708,8019,9,17,700,0,0,3,3,1,0,0,0,0,133,
1198,140,657,8065,6,7,365,0,0,2,1,0,0,0,0,0,140,
1199,103,591,6482,48,3,137,0,0,2,2,1,0,0,0,0,103,
1200,159,838,9418,44,11,592,0,0,5,4,1,0,0,0,0,159,
1201,154,835,9323,13,22,1095,0,0,3,2,0,0,0,0,0,154,
1202,129,734,7956,10,14,732,0,0,4,3,0,0,0,0,0,129,
1203,93,567,6132,10,9,380,0,0,3,0,0,0,0,0,0,93,
1204,245,1235,14138,29,33,2357,0,0,8,5,4,0,0,0,0,245,
1205,164,845,9953,7,12,864,0,0,5,2,0,0,0,0,0,164,
1206,77,509,5510,28,3,200,0,0,3,2,1,0,0,0,0,77,
1207,103,529,6024,3,3,138,0,0,3,1,0,0,0,0,0,103,
1208,136,762,8438,10,18,828,0,0,3,0,0,0,0,0,0,136,
1209,91,536,5711,4,7,363,0,0,3,1,0,0,0,0,0,91,
1210,118,739,8113,60,17,1122,0,0,3,2,2,0,0,0,0,118,
1211,233,1133,13845,18,33,1773,0,0,6,2,0,0,0,0,0,233,
1212,118,670,7004,8,20,862,0,0,2,1,0,0,0,0,0,118,
1213,84,517,5898,25,5,262,0,0,3,2,1,0,0,0,0,84,
1214,248,1164,13986,12,35,1809,0,0,4,1,0,0,0,0,0,248,
1215,75,459,5182,4,4,136,0,0,2,2,1,0,0,0,0,75,
1216,88,466,5166,3,4,158,0,0,2,1,0,0,0,0,0,88,
1217,152,778,8885,33,20,847,0,0,2,1,1,0,0,0,0,152,
1218,118,617,6478,6,10,430,0,0,2,0,0,0,0,0,0,118,
1219,77,446,5305,4,2,109,0,0,3,1,0,0,0,0,0,77,
1220,142,818,9663,10,27,987,0,0,3,1,0,0,0,0,0,142,
1221,190,1030,12188,39,22,1482,0,0,7,4,2,0,0,0,0,190,
1222,143,827,9506,10,26,1116,0,0,2,2,0,0,0,0,0,143,
1223,153,737,8917,7,12,382,0,0,3,2,1,0,0,0,0,153,
1224,164,645,7609,5,6,189,0,0,1,0,0,0,0,0,0,164,
1225,101,566,6192,8,7,367,0,0,3,2,0,0,0,0,0,101,
1226,93,548,6440,6,5,397,0,0,4,3,1,0,0,0,0,93,
1227,90,531,6171,4,7,256,0,0,0,0,0,0,0,0,0,90,
1228,120,677,7749,19,15,859,0,0,4,3,1,0,0,0,0,120,
1229,153,799,9722,9,13,834,0,0,6,3,0,0,0,0,0,153,
1230,96,501,6202,3,3,110,0,0,0,0,0,0,0,0,0,96,
1231,79,467,5209,8,5,195,0,0,1,1,0,0,0,0,0,79,
1232,102,589,6881,7,14,470,0,0,2,1,0,0,0,0,0,102,
1233,94,612,6560,35,11,622,0,0,3,3,0,0,0,0,0,94,
1234,267,1311,15154,47,48,3308,0,0,6,5,3,0,0,0,0,267,
1235,172,661,7096,8,6,219,0,0,2,2,0,0,0,0,0,172,
1236,224,1179,13091,21,39,2189,0,0,3,1,1,0,0,0,0,224,
1237,146,857,9669,19,28,1109,0,0,4,4,2,0,0,0,0,146,
1238,173,862,9844,6,25,1510,0,0,3,2,0,0,0,0,0,173,
1239,116,644,7002,16,9,486,0,0,2,1,1,0,0,0,0,116,
1240,156,733,8225,7,21,960,0,0,2,1,0,0,0,0,0,156,
1241,174,884,10125,10,24,999,0,0,3,2,1,0,0,0,0,174,
1242,68,409,4297,3,2,78,0,0,2,0,0,0,0,0,0,68,
1243,108,623,6984,8,9,404,0,0,2,1,0,0,0,0,0,108,
1244,106,554,5971,4,7,311,0,0,2,0,0,0,0,0,0,106,
1245,99,590,6517,5,10,390,0,0,3,2,0,0,0,0,0,99,
1246,93,504,5717,4,7,239,0,0,2,1,0,0,0,0,0,93,
1247,367,1708,19194,49,47,2996,0,0,12,6,1,0,0,0,0,367,
1248,152,743,8981,4,11,729,0,0,3,0,0,0,0,0,0,152,
1249,108,634,6260,8,11,419,0,0,1,0,0,0,0,0,0,108,
1250,176,865,9873,9,25,867,0,0,3,0,0,0,0,0,0,176,
1251,3000,11588,144996,143,807,55115,0,0,1,0,0,0,0,0,0,3000,
1252,269,1621,16086,48,40,2954,0,0,6,2,1,0,0,0,0,269,
1253,3000,11576,157761,389,1093,139072,0,0,0,0,0,0,0,0,0,3000,
1254,343,1877,19945,26,54,2783,0,0,11,4,1,0,0,0,0,343,
1255,222,1216,13400,25,46,2985,0,0,4,2,0,0,0,0,0,222,
1256,422,2160,25863,26,121,5294,0,0,2,0,0,0,0,0,0,422,
1257,3000,11241,138611,193,1116,60129,0,0,3,1,0,0,0,0,0,3000,
1258,229,1362,14599,15,42,2161,0,0,5,2,0,0,0,0,0,229,
1259,192,1060,12075,53,36,1139,0,0,3,3,1,0,0,0,0,192,
1260,3000,10984,151208,107,797,46673,0,0,3,2,0,0,0,0,0,3000,
1261,184,1194,11706,34,29,1851,0,0,7,5,3,0,0,0,0,184,
1262,382,2023,22230,41,92,5873,0,0,5,3,2,0,0,0,0,382,
1263,191,985,11195,8,24,1090,0,0,5,1,0,0,0,0,0,191,
1264,139,759,8107,11,12,613,0,0,5,1,0,0,0,0,0,139,
1265,3000,11453,163951,97,1064,46468,0,0,1,1,0,0,0,0,0,3000,
1266,321,1776,19202,50,63,3325,0,0,5,2,2,0,0,0,0,321,
1267,84,553,5747,4,2,74,0,0,0,0,0,0,0,0,0,84,
1268,179,906,9618,14,19,1258,0,0,6,0,0,0,0,0,0,179,
1269,186,949,10453,10,30,1147,0,0,3,1,0,0,0,0,0,186,
1270,496,2562,30148,57,91,5834,0,0,17,9,3,0,0,0,0,496,
1271,130,750,7588,4,14,836,0,0,2,0,0,0,0,0,0,130,
1272,346,1718,18826,53,60,4791,0,0,11,6,3,0,0,0,0,346,
1273,196,1055,12378,29,29,2437,0,0,7,2,1,0,0,0,0,196,
1274,194,1021,11446,12,25,1527,0,0,4,2,2,0,0,0,0,194,
1275,110,606,6243,12,12,567,0,0,2,2,1,0,0,0,0,110,
1276,80,522,5817,6,5,147,0,0,1,1,0,0,0,0,0,80,
1277,213,1140,12403,27,27,1732,0,0,6,4,2,0,0,0,0,213,
1278,134,624,6383,5,4,181,0,0,2,0,0,0,0,0,0,134,
1279,3000,10970,144588,117,745,45053,0,0,3,1,0,0,0,0,0,3000,
1280,409,2272,25354,42,78,4496,0,0,10,6,2,0,0,0,0,409,
1281,437,2408,25071,45,102,6107,0,0,8,7,0,0,0,0,0,437,
1282,94,636,6456,5,7,294,0,0,2,0,0,0,0,0,0,94,
1283,462,2281,27189,32,96,5564,0,0,11,4,1,0,0,0,0,462,
1284,236,1229,13753,16,33,1974,0,0,5,0,0,0,0,0,0,236,
1285,235,1187,12986,47,35,1955,0,0,3,1,0,0,0,0,0,235,
1286,188,1124,12598,24,26,2033,0,0,10,4,2,0,0,0,0,188,
1287,3000,10721,160302,69,1064,43092,0,0,0,0,0,0,0,0,0,3000,
1288,197,1196,12420,47,28,1810,0,0,5,2,1,0,0,0,0,197,
1289,195,1066,12477,14,22,1225,0,0,4,1,1,0,0,0,0,195,
1290,3000,11217,148008,105,819,45990,0,0,2,2,0,0,0,0,0,3000,
1291,225,1314,14428,11,38,2011,0,0,4,2,0,0,0,0,0,225,
1292,108,646,6197,11,9,449,0,0,5,2,0,0,0,0,0,108,
1293,259,1333,14893,31,39,2164,0,0,3,2,1,0,0,0,0,259,
1294,320,1748,20484,15,58,3191,0,0,7,4,0,0,0,0,0,320,
1295,90,532,5889,4,5,115,0,0,0,0,0,0,0,0,0,90,
1296,118,698,7374,7,14,617,0,0,2,1,0,0,0,0,0,118,
1297,159,886,9816,17,24,1333,0,0,5,3,1,0,0,0,0,159,
1298,115,674,6981,9,10,527,0,0,4,1,0,0,0,0,0,115,
1299,128,722,7917,22,10,612,0,0,4,3,1,0,0,0,0,128,
1300,88,488,5075,5,2,75,0,0,1,0,0,0,0,0,0,88,
1301,331,1638,19977,21,44,3190,0,0,11,5,2,0,0,0,0,331,
1302,91,550,5974,6,4,134,0,0,1,1,0,0,0,0,0,91,
1303,154,866,9507,24,18,1263,0,0,7,5,1,0,0,0,0,154,
1304,72,482,5242,5,3,132,0,0,3,1,0,0,0,0,0,72,
1305,421,2175,27681,20,114,4327,0,0,5,2,1,0,0,0,0,421,
1306,291,1529,18068,20,53,2794,0,0,6,3,0,0,0,0,0,291,
1307,3000,11054,144693,160,886,60023,0,0,4,4,1,0,0,0,0,3000,
1308,174,1030,9927,23,18,1262,0,0,5,1,1,0,0,0,0,174,
1309,131,736,6211,14,17,721,0,0,3,2,0,0,0,0,0,131,
1310,213,1258,13632,25,38,1881,0,0,3,3,1,0,0,0,0,213,
1311,97,590,6163,34,6,251,0,0,1,1,1,0,0,0,0,97,
1312,166,938,10641,10,31,1301,0,0,3,0,0,0,0,0,0,166,
1313,3000,11324,145869,128,765,43393,0,0,4,3,2,0,0,0,0,3000,
1314,278,1568,14783,32,48,2677,0,0,4,2,1,0,0,0,0,278,
1315,216,1165,12863,23,38,2010,0,0,5,2,0,0,0,0,0,216,
1316,227,1047,11099,15,27,1469,0,0,2,2,0,0,0,0,0,227,
1317,98,615,6701,7,9,369,0,0,2,1,0,0,0,0,0,98,
1318,197,1131,12903,13,30,1490,0,0,7,3,0,0,0,0,0,197,
1319,3000,10464,146544,79,707,40778,0,0,2,0,0,0,0,0,0,3000,
1320,191,1040,9352,47,22,1317,0,0,4,3,0,0,0,0,0,191,
1321,3000,11376,151999,227,923,59255,0,0,0,0,0,0,0,0,0,3000,
1322,393,2243,24118,23,99,4701,0,0,3,1,0,0,0,0,0,393,
1323,3000,11061,159781,84,1051,43614,0,0,3,2,1,0,0,0,0,3000,
1324,232,1360,13798,33,34,2216,0,0,8,3,1,0,0,0,0,232,
1325,464,2264,25390,49,108,8524,0,0,6,3,1,0,0,0,0,464,
1326,162,918,9295,12,15,1090,0,0,6,2,0,0,0,0,0,162,
1327,139,706,7808,10,9,345,0,0,4,3,1,0,0,0,0,139,
1328,403,2191,27024,12,115,4314,0,0,2,1,0,0,0,0,0,403,
1329,178,1052,11867,20,37,1436,0,0,4,3,1,0,0,0,0,178,
1330,181,867,9794,13,20,1029,0,0,4,2,0,0,0,0,0,181,
1331,126,773,8138,12,19,687,0,0,2,1,0,0,0,0,0,126,
1332,233,1239,13462,19,33,2049,0,0,8,2,0,0,0,0,0,233,
1333,496,2489,29329,66,61,4243,0,0,14,8,3,0,0,0,0,496,
1334,154,922,9610,11,27,1384,0,0,3,0,0,0,0,0,0,154,
1335,3000,11608,139845,611,1028,179853,0,0,10,4,0,0,0,0,0,3000,
1336,161,1004,9903,15,17,975,0,0,7,2,0,0,0,0,0,161,
1337,232,1198,12971,15,27,2010,0,0,7,1,0,0,0,0,0,232,
1338,350,1801,20751,36,59,3239,0,0,8,3,1,0,0,0,0,350,
1339,3000,10966,146513,81,747,42948,0,0,3,1,0,0,0,0,0,3000,
1340,3000,12108,141171,362,1044,60014,0,0,8,4,1,0,0,0,0,3000,
1341,328,1700,19481,14,71,3632,0,0,3,0,0,0,0,0,0,328,
1342,458,2480,27192,126,101,6659,0,0,10,6,1,0,0,0,0,458,
1343,207,1250,13759,16,41,1872,0,0,5,2,0,0,0,0,0,207,
1344,178,940,10299,20,17,1163,0,0,9,8,3,0,0,0,0,178,
1345,105,562,5873,5,5,148,0,0,1,0,0,0,0,0,0,105,
1346,3000,10870,138928,184,1061,57328,0,0,3,3,0,0,0,0,0,3000,
1347,3000,10887,142268,173,924,57189,0,0,3,1,0,0,0,0,0,3000,
1348,390,2200,26608,15,127,3944,0,0,3,1,0,0,0,0,0,390,
1349,485,2414,25285,64,56,4071,0,0,9,4,2,0,0,0,0,485,
1350,3000,11120,149713,291,1085,56280,0,0,0,0,0,0,0,0,0,3000,
1351,78,634,5610,12,6,273,0,0,4,3,0,0,0,0,0,78,
1352,171,886,9759,22,12,791,0,0,5,3,2,0,0,0,0,171,
1353,3000,11188,141167,196,1028,57007,0,0,6,5,0,0,0,0,0,3000,
1354,183,1161,11585,18,36,1727,0,0,5,2,0,0,0,0,0,183,
1355,275,1592,17585,27,71,3488,0,0,3,2,0,0,0,0,0,275,
1356,506,2485,27810,37,128,7201,0,0,6,5,2,0,0,0,0,506,
1357,96,601,5873,7,7,273,0,0,3,3,0,0,0,0,0,96,
1358,92,588,6140,7,4,283,0,0,2,1,0,0,0,0,0,92,
1359,103,634,6753,8,15,515,0,0,3,2,0,0,0,0,0,103,
1360,153,817,8761,13,14,1076,0,0,8,4,0,0,0,0,0,153,
1361,312,1632,18524,26,63,3149,0,0,5,2,1,0,0,0,0,312,
1362,127,744,7693,10,21,773,0,0,4,2,0,0,0,0,0,127,
1363,150,878,9952,11,26,1158,0,0,2,1,0,0,0,0,0,150,
1364,206,1120,12547,29,27,1768,0,0,8,4,1,0,0,0,0,206,
1365,114,644,6580,7,11,373,0,0,1,0,0,0,0,0,0,114,
1366,120,702,7843,9,15,833,0,0,3,3,0,0,0,0,0,120,
1367,190,1123,11657,20,36,1943,0,0,4,4,2,0,0,0,0,190,
1368,3000,10833,142633,166,954,65596,0,0,4,2,0,0,0,0,0,3000,
1369,81,609,5443,10,8,288,0,0,2,2,1,0,0,0,0,81,
1370,293,1599,18139,37,75,3210,0,0,3,2,1,0,0,0,0,293,
1371,293,1598,17694,22,57,3598,0,0,8,2,0,0,0,0,0,293,
1372,117,784,7524,8,16,761,0,0,2,1,0,0,0,0,0,117,
1373,537,2757,34943,44,154,6354,0,0,7,3,1,0,0,0,0,537,
1374,454,2348,26127,38,88,4835,0,0,8,5,2,0,0,0,0,454,
1375,3000,10131,138564,96,534,39040,0,0,6,2,0,0,0,0,0,3000,
1376,3000,11555,151625,180,885,56953,0,0,2,0,0,0,0,0,0,3000,
1377,349,1826,19432,31,86,4324,0,0,2,2,0,0,0,0,0,349,
1378,79,562,5420,10,6,187,0,0,2,2,1,0,0,0,0,79,
1379,216,1144,11565,19,36,2768,0,0,4,1,0,0,0,0,0,216,
1380,311,1412,15174,19,33,2241,0,0,7,1,1,0,0,0,0,311,
1381,3000,11252,140406,168,1072,58743,0,0,0,0,0,0,0,0,0,3000,
1382,361,1898,21063,11,70,3649,0,0,1,1,0,0,0,0,0,361,
1383,3000,11732,139265,213,1069,61669,0,0,3,0,0,0,0,0,0,3000,
1384,356,1862,21357,76,101,6248,0,0,2,1,0,0,0,0,0,356,
1385,177,968,10400,21,21,1990,0,0,8,2,1,0,0,0,0,177,
1386,3000,11034,148650,82,866,47867,0,0,0,0,0,0,0,0,0,3000,
1387,387,2233,26108,33,113,3883,0,0,4,3,1,0,0,0,0,387,
1388,3000,10957,153479,140,1045,70709,0,0,0,0,0,0,0,0,0,3000,
1389,355,1867,19867,25,60,3505,0,0,10,7,1,0,0,0,0,355,
1390,182,956,9332,9,13,929,0,0,3,1,0,0,0,0,0,182,
1391,3000,11147,146225,99,808,44262,0,0,2,2,0,0,0,0,0,3000,
1392,279,1739,17007,32,65,3359,0,0,4,2,0,0,0,0,0,279,
1393,263,1446,16031,27,42,2473,0,0,7,3,1,0,0,0,0,263,
1394,181,953,10524,55,14,934,0,0,9,7,3,0,0,0,0,181,
1395,307,1589,17563,14,45,2306,0,0,4,2,0,0,0,0,0,307,
1396,342,1823,22131,43,79,3520,0,0,10,6,2,0,0,0,0,342,
1397,286,1493,17006,16,65,3431,0,0,2,2,0,0,0,0,0,286,
1398,545,2581,31808,42,72,5949,0,0,23,7,1,0,0,0,0,545,
1399,134,728,7553,9,11,394,0,0,1,1,0,0,0,0,0,134,
1400,347,1931,20998,36,46,3408,0,0,15,11,3,0,0,0,0,347,
1401,374,1928,22393,17,86,4252,0,0,2,2,0,0,0,0,0,374,
1402,311,1561,17929,22,62,2774,0,0,5,2,1,0,0,0,0,311,
1403,126,743,7739,5,16,856,0,0,2,0,0,0,0,0,0,126,
1404,215,1166,13652,10,37,2043,0,0,4,2,1,0,0,0,0,215,
1405,192,905,9954,11,19,1005,0,0,3,1,0,0,0,0,0,192,
1406,156,802,8236,7,15,795,0,0,3,1,0,0,0,0,0,156,
1407,162,829,8680,12,19,981,0,0,4,1,0,0,0,0,0,162,
1408,243,1259,14584,21,46,2458,0,0,3,1,1,0,0,0,0,243,
1409,411,2019,25873,47,84,3684,0,0,11,7,4,0,0,0,0,411,
1410,141,769,9061,10,19,678,0,0,1,1,0,0,0,0,0,141,
1411,121,699,7519,14,8,559,0,0,4,2,1,0,0,0,0,121,
1412,289,1475,17302,19,53,3015,0,0,3,2,0,0,0,0,0,289,
1413,105,653,6654,35,9,395,0,0,3,2,1,0,0,0,0,105,
1414,135,636,7307,7,4,318,0,0,3,1,0,0,0,0,0,135,
1415,159,869,9744,42,17,1005,0,0,8,7,4,0,0,0,0,159,
1416,229,1227,14153,14,50,2260,0,0,3,1,0,0,0,0,0,229,
1417,123,747,8567,7,17,752,0,0,5,3,0,0,0,0,0,123,
1418,178,905,11010,11,23,901,0,0,2,1,1,0,0,0,0,178,
1419,205,1129,12464,9,32,1744,0,0,4,2,0,0,0,0,0,205,
1420,156,861,9564,45,23,1245,0,0,2,2,0,0,0,0,0,156,
1421,288,1576,19698,21,79,2711,0,0,3,2,0,0,0,0,0,288,
1422,219,1133,13044,11,34,1712,0,0,3,1,0,0,0,0,0,219,
1423,358,1810,21215,41,82,4319,0,0,6,5,1,0,0,0,0,358,
1424,409,1962,23661,18,74,3967,0,0,8,3,0,0,0,0,0,409,
1425,114,705,7501,5,21,701,0,0,2,0,0,0,0,0,0,114,
1426,231,1292,14406,30,40,2102,0,0,6,3,1,0,0,0,0,231,
1427,240,1107,12163,12,35,1716,0,0,5,2,1,0,0,0,0,240,
1428,346,1658,20198,12,65,3647,0,0,2,0,0,0,0,0,0,346,
1429,168,923,9722,17,23,1493,0,0,5,2,1,0,0,0,0,168,
1430,149,734,7875,14,16,685,0,0,3,2,1,0,0,0,0,149,
1431,231,1285,13823,79,35,2055,0,0,9,6,3,0,0,0,0,231,
1432,104,635,6779,14,7,230,0,0,1,1,0,0,0,0,0,104,
1433,3000,12171,151384,145,662,37566,0,0,5,4,0,0,0,0,0,3000,
1434,193,1251,10905,100,28,1770,0,0,8,3,2,0,0,0,0,193,
1435,440,2002,22820,24,58,3406,0,0,6,4,0,0,0,0,0,440,
1436,347,1870,23394,19,105,3786,0,0,3,1,0,0,0,0,0,347,
1437,79,532,5508,6,3,130,0,0,3,2,1,0,0,0,0,79,
1438,439,2083,26926,34,77,4223,0,0,10,5,2,0,0,0,0,439,
1439,3000,11558,144671,294,1104,61411,0,0,1,0,0,0,0,0,0,3000,
1440,107,726,6909,9,8,421,0,0,3,1,0,0,0,0,0,107,
1441,520,2392,28450,39,69,4777,0,0,12,4,2,0,0,0,0,520,
1442,141,838,8828,34,14,587,0,0,4,1,1,0,0,0,0,141,
1443,352,1824,22204,26,70,3432,0,0,9,6,1,0,0,0,0,352,
1444,377,1977,24821,14,109,3545,0,0,4,2,0,0,0,0,0,377,
1445,3000,10648,146203,69,675,39059,0,0,0,0,0,0,0,0,0,3000,
1446,371,1991,21688,16,78,3966,0,0,6,0,0,0,0,0,0,371,
1447,275,1430,17384,9,62,2731,0,0,2,0,0,0,0,0,0,275,
1448,235,1202,13005,26,27,1603,0,0,5,4,2,0,0,0,0,235,
1449,230,1284,14686,14,42,2091,0,0,7,3,0,0,0,0,0,230,
1450,306,1588,18314,68,66,2871,0,0,4,1,1,0,0,0,0,306,
1451,3000,9547,134141,97,477,38008,0,0,5,3,0,0,0,0,0,3000,
1452,327,1719,19558,32,57,3251,0,0,5,3,1,0,0,0,0,327,
1453,3000,11037,154465,137,901,57609,0,0,2,2,0,0,0,0,0,3000,
1454,153,989,9534,72,21,961,0,0,4,2,2,0,0,0,0,153,
1455,63,480,4559,4,1,111,0,0,1,0,0,0,0,0,0,63,
1456,3000,10884,145799,86,663,38889,0,0,1,1,0,0,0,0,0,3000,
1457,549,2747,34242,27,135,5429,0,0,6,4,1,0,0,0,0,549,
1458,120,782,8068,12,18,773,0,0,3,2,0,0,0,0,0,120,
1459,180,948,10383,14,20,1107,0,0,5,1,0,0,0,0,0,180,
1460,89,559,6026,8,7,281,0,0,2,1,0,0,0,0,0,89,
1461,371,1927,22879,21,79,4053,0,0,9,5,0,0,0,0,0,371,
1462,286,1488,18083,26,71,3636,0,0,5,4,2,0,0,0,0,286,
1463,273,1420,17335,9,60,2160,0,0,6,3,1,0,0,0,0,273,
1464,419,2102,23728,25,80,5052,0,0,9,4,1,0,0,0,0,419,
1465,400,2029,24785,25,84,3873,0,0,6,4,1,0,0,0,0,400,
1466,98,551,5367,4,3,209,0,0,3,0,0,0,0,0,0,98,
1467,3000,11236,140406,209,1078,60585,0,0,3,1,0,0,0,0,0,3000,
1468,226,1308,13792,32,27,1634,0,0,5,3,0,0,0,0,0,226,
1469,136,853,9253,20,12,920,0,0,5,4,2,0,0,0,0,136,
1470,162,897,10285,12,17,866,0,0,3,1,0,0,0,0,0,162,
1471,201,965,9782,10,16,796,0,0,3,1,0,0,0,0,0,201,
1472,326,1682,19890,40,41,3295,0,0,14,8,2,0,0,0,0,326,
1473,134,801,8478,13,25,1092,0,0,1,1,0,0,0,0,0,134,
1474,224,1097,13314,12,24,1676,0,0,6,5,1,0,0,0,0,224,
1475,180,978,10989,15,11,1026,0,0,7,2,1,0,0,0,0,180,
1476,269,1328,16095,16,55,2100,0,0,5,3,1,0,0,0,0,269,
1477,209,1148,12563,6,32,2710,0,0,3,0,0,0,0,0,0,209,
1478,445,2220,25827,23,85,4143,0,0,9,3,0,0,0,0,0,445,
1479,116,709,7041,7,22,853,0,0,2,1,0,0,0,0,0,116,
1480,3000,11298,155423,120,994,60010,0,0,0,0,0,0,0,0,0,3000,
1481,3000,11647,143136,233,1032,65543,0,0,5,3,0,0,0,0,0,3000,
1482,169,1020,9901,20,21,1270,0,0,5,2,0,0,0,0,0,169,
1483,534,2974,31697,114,95,5500,0,0,14,9,3,0,0,0,0,534,
1484,520,2670,29883,45,92,5380,0,0,11,5,1,0,0,0,0,520,
1485,459,2407,27581,25,92,4849,0,0,4,2,1,0,0,0,0,459,
1486,356,1937,23448,63,45,3397,0,0,19,10,4,0,0,0,0,356,
1487,368,1902,24232,21,73,3477,0,0,7,5,2,0,0,0,0,368,
1488,138,772,8639,10,13,594,0,0,4,1,0,0,0,0,0,138,
1489,3000,11408,151135,201,903,48647,0,0,3,2,0,0,0,0,0,3000,
1490,144,839,8575,14,25,928,0,0,1,0,0,0,0,0,0,144,
1491,233,1355,14286,44,49,2834,0,0,6,3,1,0,0,0,0,233,
1492,111,624,6495,9,9,377,0,0,2,1,0,0,0,0,0,111,
1493,113,724,7698,8,15,603,0,0,3,1,0,0,0,0,0,113,
1494,132,740,7782,8,10,564,0,0,3,2,0,0,0,0,0,132,
1495,120,744,8170,36,14,862,0,0,5,3,2,0,0,0,0,120,
1496,308,1603,18169,13,56,2958,0,0,3,0,0,0,0,0,0,308,
1497,3000,11346,145301,92,596,41200,0,0,4,1,0,0,0,0,0,3000,
1498,123,757,7196,8,12,532,0,0,4,0,0,0,0,0,0,123,
1499,143,832,9075,10,13,799,0,0,6,1,0,0,0,0,0,143,
1500,212,996,11237,17,37,1614,0,0,2,2,0,0,0,0,0,212,
1501,153,903,9230,66,18,792,0,0,5,3,1,0,0,0,0,153,
1502,264,1437,16423,14,50,2404,0,0,6,2,0,0,0,0,0,264,
1503,126,781,8922,13,14,694,0,0,5,2,1,0,0,0,0,126,
1504,288,1392,16490,14,48,2296,0,0,6,2,0,0,0,0,0,288,
1505,121,627,6949,6,4,162,0,0,3,2,1,0,0,0,0,121,
1506,189,861,9742,4,25,933,0,0,4,1,0,0,0,0,0,189,
1507,214,1047,12399,9,16,1221,0,0,6,3,0,0,0,0,0,214,
1508,243,1199,13967,15,29,1628,0,0,6,2,0,0,0,0,0,243,
1509,151,726,7972,36,7,400,0,0,5,2,1,0,0,0,0,151,
1510,313,1547,18474,13,39,2706,0,0,8,2,0,0,0,0,0,313,
1511,114,578,7004,3,2,70,0,0,0,0,0,0,0,0,0,114,
1512,107,599,6308,7,9,482,0,0,4,2,0,0,0,0,0,107,
1513,117,666,7653,6,15,629,0,0,3,1,0,0,0,0,0,117,
1514,127,633,7748,7,6,285,0,0,5,3,1,0,0,0,0,127,
1515,147,805,8572,12,24,1244,0,0,4,0,0,0,0,0,0,147,
1516,118,660,7494,3,9,487,0,0,2,0,0,0,0,0,0,118,
1517,102,551,6771,6,5,291,0,0,4,1,0,0,0,0,0,102,
1518,147,744,8411,7,16,730,0,0,4,1,0,0,0,0,0,147,
1519,104,548,6618,8,6,249,0,0,3,3,2,0,0,0,0,104,
1520,195,999,12080,16,28,1772,0,0,7,3,0,0,0,0,0,195,
1521,200,1122,12135,15,27,1789,0,0,7,4,1,0,0,0,0,200,
1522,288,1354,16177,60,37,2443,0,0,11,7,2,0,0,0,0,288,
1523,94,582,6695,9,10,326,0,0,3,2,0,0,0,0,0,94,
1524,155,807,9049,5,24,1019,0,0,3,0,0,0,0,0,0,155,
1525,137,742,7627,12,12,706,0,0,5,2,0,0,0,0,0,137,
1526,122,567,6390,4,3,147,0,0,3,1,0,0,0,0,0,122,
1527,160,888,9238,10,17,1331,0,0,4,2,0,0,0,0,0,160,
1528,132,708,7845,5,11,472,0,0,2,0,0,0,0,0,0,132,
1529,126,767,8620,9,16,678,0,0,4,2,0,0,0,0,0,126,
1530,224,1239,14245,14,36,1851,0,0,6,2,0,0,0,0,0,224,
1531,213,1057,11818,41,17,1104,0,0,5,3,1,0,0,0,0,213,
1532,127,710,8261,10,16,858,0,0,3,2,0,0,0,0,0,127,
1533,189,981,10868,25,27,1299,0,0,4,3,1,0,0,0,0,189,
1534,186,977,11367,36,26,1175,0,0,5,2,1,0,0,0,0,186,
1535,141,780,9904,8,24,966,0,0,3,2,1,0,0,0,0,141,
1536,148,800,9590,8,26,1046,0,0,3,2,1,0,0,0,0,148,
1537,225,1254,13652,21,33,1717,0,0,7,6,2,0,0,0,0,225,
1538,308,1574,17880,80,47,2512,0,0,8,4,3,0,0,0,0,308,
1539,179,996,11240,23,15,1120,0,0,7,3,1,0,0,0,0,179,
1540,136,791,8734,11,18,1020,0,0,3,1,0,0,0,0,0,136,
1541,180,1011,11553,10,37,1363,0,0,4,3,0,0,0,0,0,180,
1542,90,535,5676,8,9,488,0,0,2,1,0,0,0,0,0,90,
1543,204,978,12050,20,19,1513,0,0,8,5,1,0,0,0,0,204,
1544,225,1115,13143,10,34,1800,0,0,5,3,0,0,0,0,0,225,
1545,128,692,8224,10,12,761,0,0,3,1,0,0,0,0,0,128,
1546,107,608,7346,5,10,379,0,0,4,2,0,0,0,0,0,107,
1547,121,700,8394,8,17,673,0,0,3,2,0,0,0,0,0,121,
1548,147,797,8663,13,17,1176,0,0,6,2,0,0,0,0,0,147,
1549,158,873,9549,12,18,1119,0,0,4,2,1,0,0,0,0,158,
1550,260,1407,15256,80,58,4081,0,0,6,3,0,0,0,0,0,260,
1551,246,1271,14245,22,31,2691,0,0,9,3,0,0,0,0,0,246,
1552,161,897,9557,11,13,864,0,0,5,3,2,0,0,0,0,161,
1553,262,1201,14179,44,20,1320,0,0,6,6,2,0,0,0,0,262,
1554,98,607,6320,12,8,615,0,0,4,2,0,0,0,0,0,98,
1555,107,624,7119,34,11,494,0,0,2,1,1,0,0,0,0,107,
1556,201,1024,11775,12,27,1265,0,0,3,2,0,0,0,0,0,201,
1557,137,748,8587,30,10,583,0,0,5,4,3,0,0,0,0,137,
1558,151,743,7905,9,7,524,0,0,4,0,0,0,0,0,0,151,
1559,139,753,8387,32,9,729,0,0,6,3,2,0,0,0,0,139,
1560,440,1849,21367,29,41,3229,0,0,8,4,0,0,0,0,0,440,
1561,151,786,9659,7,22,833,0,0,0,0,0,0,0,0,0,151,
1562,157,770,9501,10,11,693,0,0,4,2,0,0,0,0,0,157,
1563,106,618,6637,21,16,689,0,0,4,1,1,0,0,0,0,106,
1564,235,1207,13272,19,40,3021,0,0,6,1,0,0,0,0,0,235,
1565,245,1313,14274,11,51,2369,0,0,6,2,0,0,0,0,0,245,
1566,116,703,7825,47,9,343,0,0,3,2,1,0,0,0,0,116,
1567,206,952,11107,11,26,895,0,0,3,2,1,0,0,0,0,206,
1568,323,1517,18053,13,32,2478,0,0,10,4,0,0,0,0,0,323,
1569,112,587,6427,7,4,249,0,0,4,2,1,0,0,0,0,112,
1570,181,968,11844,11,32,1296,0,0,3,2,1,0,0,0,0,181,
1571,181,1003,10254,31,34,2502,0,0,5,1,0,0,0,0,0,181,
1572,168,996,10257,69,23,1415,0,0,6,5,3,0,0,0,0,168,
1573,133,810,8469,40,18,1054,0,0,4,2,1,0,0,0,0,133,
1574,131,749,8508,21,21,764,0,0,3,2,1,0,0,0,0,131,
1575,153,807,9228,6,13,794,0,0,5,2,0,0,0,0,0,153,
1576,128,734,8564,6,21,818,0,0,3,2,1,0,0,0,0,128,
1577,173,981,10552,14,31,1794,0,0,4,1,0,0,0,0,0,173,
1578,123,657,7199,6,10,444,0,0,5,1,0,0,0,0,0,123,
1579,124,704,7777,7,14,679,0,0,5,2,0,0,0,0,0,124,
1580,207,1061,12483,53,33,2070,0,0,5,3,1,0,0,0,0,207,
1581,250,1242,14368,14,28,1832,0,0,5,3,0,0,0,0,0,250,
1582,153,867,9098,7,16,1109,0,0,6,2,0,0,0,0,0,153,
1583,128,685,7620,8,19,867,0,0,3,1,0,0,0,0,0,128,
1584,161,878,9972,9,26,1117,0,0,3,3,0,0,0,0,0,161,
1585,287,1551,18134,47,39,2545,0,0,8,6,2,0,0,0,0,287,
1586,153,756,9163,10,9,366,0,0,3,3,1,0,0,0,0,153,
1587,238,1182,14247,15,26,1652,0,0,7,1,0,0,0,0,0,238,
1588,108,626,6597,34,12,485,0,0,2,1,1,0,0,0,0,108,
1589,164,943,10181,42,16,1469,0,0,5,3,0,0,0,0,0,164,
1590,143,812,8419,31,10,717,0,0,5,3,1,0,0,0,0,143,
1591,112,658,7291,5,14,616,0,0,3,1,0,0,0,0,0,112,
1592,197,1037,12795,17,35,1900,0,0,6,3,0,0,0,0,0,197,
1593,167,802,9797,6,22,743,0,0,1,0,0,0,0,0,0,167,
1594,183,982,11931,36,18,1127,0,0,6,5,1,0,0,0,0,183,
1595,190,909,10668,13,26,1181,0,0,4,3,0,0,0,0,0,190,
1596,105,607,7393,9,9,463,0,0,3,2,1,0,0,0,0,105,
1597,85,510,6245,5,5,267,0,0,3,2,1,0,0,0,0,85,
1598,132,745,8624,8,9,666,0,0,5,2,0,0,0,0,0,132,
1599,161,883,9711,11,25,1096,0,0,5,2,0,0,0,0,0,161,
1600,156,875,10312,9,15,1123,0,0,7,1,1,0,0,0,0,156,
1601,132,612,7244,4,6,269,0,0,3,1,0,0,0,0,0,132,
1602,137,601,7559,5,4,211,0,0,3,1,0,0,0,0,0,137,
1603,174,815,8748,9,16,702,0,0,4,2,0,0,0,0,0,174,
1604,194,1020,12146,11,37,1489,0,0,4,0,0,0,0,0,0,194,
1605,143,759,8850,15,11,773,0,0,5,3,1,0,0,0,0,143,
1606,212,1163,12868,59,33,1419,0,0,4,4,1,0,0,0,0,212,
1607,163,863,9642,13,25,1587,0,0,5,1,0,0,0,0,0,163,
1608,219,1068,12071,76,23,1855,0,0,8,3,2,0,0,0,0,219,
1609,226,1189,14441,10,43,1957,0,0,8,4,1,0,0,0,0,226,
1610,123,617,7351,8,8,392,0,0,3,1,1,0,0,0,0,123,
1611,142,693,8452,4,13,531,0,0,2,2,1,0,0,0,0,142,
1612,125,687,7460,11,15,678,0,0,4,3,0,0,0,0,0,125,
1613,290,1471,18080,35,47,3130,0,0,12,6,2,0,0,0,0,290,
1614,145,847,9500,36,11,577,0,0,3,3,2,0,0,0,0,145,
1615,153,804,9789,8,19,694,0,0,4,2,0,0,0,0,0,153,
1616,109,613,7090,8,9,314,0,0,3,3,2,0,0,0,0,109,
1617,279,1398,16521,44,42,2693,0,0,10,5,1,0,0,0,0,279,
1618,263,1346,15362,27,51,2635,0,0,6,4,0,0,0,0,0,263,
1619,152,863,10879,10,29,1103,0,0,4,2,1,0,0,0,0,152,
1620,146,858,9540,13,21,1281,0,0,5,3,0,0,0,0,0,146,
1621,156,906,9926,52,26,1038,0,0,5,3,1,0,0,0,0,156,
1622,138,751,8433,16,10,822,0,0,6,2,1,0,0,0,0,138,
1623,150,811,9464,6,22,984,0,0,3,2,0,0,0,0,0,150,
1624,170,964,9834,48,24,1523,0,0,4,3,1,0,0,0,0,170,
1625,152,845,9883,7,26,1006,0,0,3,1,0,0,0,0,0,152,
1626,219,1068,11519,13,39,1967,0,0,5,2,0,0,0,0,0,219,
1627,209,992,11304,12,20,1185,0,0,6,3,1,0,0,0,0,209,
1628,136,679,7513,9,7,489,0,0,5,2,1,0,0,0,0,136,
1629,143,786,8794,8,21,1013,0,0,3,2,1,0,0,0,0,143,
1630,121,663,7322,6,7,636,0,0,5,2,0,0,0,0,0,121,
1631,200,915,10676,48,18,613,0,0,4,3,1,0,0,0,0,200,
1632,120,615,6954,7,6,304,0,0,3,1,0,0,0,0,0,120,
1633,141,784,8226,13,27,1383,0,0,4,1,0,0,0,0,0,141,
1634,150,774,9463,7,14,889,0,0,4,2,0,0,0,0,0,150,
1635,134,642,7471,7,7,363,0,0,3,2,0,0,0,0,0,134,
1636,142,854,9414,52,10,729,0,0,6,2,1,0,0,0,0,142,
1637,129,761,7494,9,30,1316,0,0,4,2,0,0,0,0,0,129,
1638,199,943,10690,34,20,1080,0,0,7,5,2,0,0,0,0,199,
1639,130,659,7495,7,6,304,0,0,4,2,1,0,0,0,0,130,
1640,172,884,9435,16,29,1482,0,0,6,1,0,0,0,0,0,172,
1641,123,635,6600,11,17,837,0,0,4,1,0,0,0,0,0,123,
1642,129,684,7935,8,12,737,0,0,4,1,0,0,0,0,0,129,
1643,147,807,9123,11,20,1048,0,0,3,1,0,0,0,0,0,147,
1644,214,1207,12957,43,35,1759,0,0,3,3,1,0,0,0,0,214,
1645,108,626,7433,14,13,468,0,0,3,2,1,0,0,0,0,108,
1646,131,725,8220,8,15,612,0,0,4,2,0,0,0,0,0,131,
1647,239,1079,12983,25,30,1503,0,0,3,2,1,0,0,0,0,239,
1648,128,635,6927,9,8,379,0,0,3,2,0,0,0,0,0,128,
1649,161,776,8001,12,21,1046,0,0,4,2,0,0,0,0,0,161,
1650,145,767,8866,7,13,648,0,0,5,3,1,0,0,0,0,145,
1651,132,792,8667,13,18,1088,0,0,4,3,2,0,0,0,0,132,
1652,219,1015,11450,13,26,1800,0,0,7,2,1,0,0,0,0,219,
1653,158,777,8557,5,21,931,0,0,3,0,0,0,0,0,0,158,
1654,118,674,7604,11,16,879,0,0,5,4,0,0,0,0,0,118,
1655,94,515,5782,4,7,222,0,0,3,0,0,0,0,0,0,94,
1656,174,858,9974,8,22,963,0,0,4,3,0,0,0,0,0,174,
1657,189,926,10408,7,19,1172,0,0,4,0,0,0,0,0,0,189,
1658,119,596,6310,31,5,306,0,0,3,2,2,0,0,0,0,119,
1659,174,912,10681,9,23,1037,0,0,3,0,0,0,0,0,0,174,
1660,187,992,11965,5,29,1489,0,0,5,2,0,0,0,0,0,187,
1661,113,669,6835,10,16,754,0,0,6,2,0,0,0,0,0,113,
1662,90,556,6794,25,4,184,0,0,3,2,1,0,0,0,0,90,
1663,190,1010,12394,9,41,1608,0,0,4,3,0,0,0,0,0,190,
1664,113,652,7281,7,11,575,0,0,4,2,0,0,0,0,0,113,
1665,138,642,7254,5,6,355,0,0,6,3,0,0,0,0,0,138,
1666,112,628,7162,5,13,425,0,0,3,0,0,0,0,0,0,112,
1667,191,922,9445,15,17,1118,0,0,3,2,0,0,0,0,0,191,
1668,161,967,10484,42,26,1288,0,0,3,2,1,0,0,0,0,161,
1669,128,707,8171,10,12,523,0,0,4,3,1,0,0,0,0,128,
1670,157,825,9410,18,10,547,0,0,3,2,1,0,0,0,0,157,
1671,166,899,10376,14,30,1460,0,0,4,1,0,0,0,0,0,166,
1672,97,585,6559,5,3,172,0,0,3,2,1,0,0,0,0,97,
1673,425,2082,23175,76,56,4763,0,0,13,6,3,0,0,0,0,425,
1674,184,939,9822,14,13,1094,0,0,7,2,0,0,0,0,0,184,
1675,156,774,8885,8,13,533,0,0,3,2,1,0,0,0,0,156,
1676,92,578,5626,10,10,523,0,0,2,1,0,0,0,0,0,92,
1677,557,2729,29466,86,54,4533,0,0,16,9,3,0,0,0,0,557,
1678,85,600,6528,11,4,208,0,0,4,1,0,0,0,0,0,85,
1679,183,979,11557,11,28,1362,0,0,4,4,0,0,0,0,0,183,
1680,121,741,8050,37,14,698,0,0,3,2,1,0,0,0,0,121,
1681,177,1026,10992,58,29,1504,0,0,4,4,1,0,0,0,0,177,
1682,461,1521,18510,13,35,1539,0,0,2,0,0,0,0,0,0,461,
1683,141,814,9016,10,24,1384,0,0,5,2,0,0,0,0,0,141,
1684,161,914,10367,35,25,1211,0,0,3,3,1,0,0,0,0,161,
1685,91,587,6301,9,10,493,0,0,3,2,0,0,0,0,0,91,
1686,190,906,10624,9,26,1052,0,0,3,1,0,0,0,0,0,190,
1687,156,861,9849,14,21,1332,0,0,5,2,1,0,0,0,0,156,
1688,109,552,6489,4,3,137,0,0,3,1,0,0,0,0,0,109,
1689,194,1056,12476,43,24,1422,0,0,8,5,2,0,0,0,0,194,
1690,156,944,10363,66,28,1093,0,0,5,3,1,0,0,0,0,156,
1691,202,1098,12054,58,31,1770,0,0,5,4,2,0,0,0,0,202,
1692,253,1111,13746,34,14,1048,0,0,6,4,3,0,0,0,0,253,
1693,173,793,8657,9,15,788,0,0,3,2,1,0,0,0,0,173,
1694,211,886,10523,8,13,585,0,0,2,1,0,0,0,0,0,211,
1695,130,781,8467,37,12,714,0,0,4,4,1,0,0,0,0,130,
1696,165,841,9291,22,20,997,0,0,3,2,1,0,0,0,0,165,
1697,101,498,5842,2,2,127,0,0,2,0,0,0,0,0,0,101,
1698,140,726,8540,13,13,677,0,0,4,3,1,0,0,0,0,140,
1699,143,813,9965,10,19,873,0,0,5,4,1,0,0,0,0,143,
1700,271,1115,13323,11,27,1159,0,0,4,2,0,0,0,0,0,271,
1701,156,791,9157,5,23,919,0,0,3,0,0,0,0,0,0,156,
1702,127,702,7989,8,14,692,0,0,6,2,1,0,0,0,0,127,
1703,135,671,7741,7,12,496,0,0,3,3,1,0,0,0,0,135,
1704,120,682,7877,5,12,459,0,0,3,2,1,0,0,0,0,120,
1705,129,704,8158,11,18,773,0,0,5,3,0,0,0,0,0,129,
1706,259,1307,14378,68,27,1772,0,0,9,4,2,0,0,0,0,259,
1707,110,642,6485,5,9,490,0,0,3,0,0,0,0,0,0,110,
1708,226,1276,14158,87,26,1786,0,0,7,3,2,0,0,0,0,226,
1709,170,922,9533,18,21,1130,0,0,6,3,1,0,0,0,0,170,
1710,178,912,10166,16,31,1340,0,0,4,2,0,0,0,0,0,178,
1711,147,767,8695,8,18,619,0,0,4,2,1,0,0,0,0,147,
1712,142,747,8786,8,20,907,0,0,3,0,0,0,0,0,0,142,
1713,179,918,10251,20,15,981,0,0,5,2,1,0,0,0,0,179,
1714,355,1764,20835,72,46,3327,0,0,13,9,3,0,0,0,0,355,
1715,197,1187,12350,63,34,1399,0,0,3,3,1,0,0,0,0,197,
1716,113,648,6899,5,9,410,0,0,3,1,0,0,0,0,0,113,
1717,79,501,6205,3,6,202,0,0,3,1,0,0,0,0,0,79,
1718,109,556,6369,6,4,216,0,0,3,2,1,0,0,0,0,109,
1719,124,628,7310,5,10,501,0,0,3,2,0,0,0,0,0,124,
1720,123,625,8159,8,16,499,0,0,2,1,0,0,0,0,0,123,
1721,127,713,7950,7,14,873,0,0,5,3,0,0,0,0,0,127,
1722,112,658,7321,12,9,486,0,0,3,2,1,0,0,0,0,112,
1723,132,757,8946,29,15,610,0,0,3,3,1,0,0,0,0,132,
1724,107,580,6868,5,7,277,0,0,3,1,0,0,0,0,0,107,
1725,226,1086,12165,57,20,1095,0,0,5,3,2,0,0,0,0,226,
1726,225,1024,11636,18,25,1220,0,0,4,3,1,0,0,0,0,225,
1727,189,942,10743,13,22,1350,0,0,5,2,0,0,0,0,0,189,
1728,335,1705,19403,77,65,3542,0,0,8,4,1,0,0,0,0,335,
1729,90,557,6277,7,4,228,0,0,3,2,1,0,0,0,0,90,
1730,241,1131,13355,11,22,1625,0,0,7,1,0,0,0,0,0,241,
1731,147,800,8939,21,23,1026,0,0,3,2,1,0,0,0,0,147,
1732,87,494,5074,4,5,252,0,0,4,1,0,0,0,0,0,87,
1733,137,745,8826,18,14,667,0,0,6,5,3,0,0,0,0,137,
1734,112,638,6957,7,11,526,0,0,2,1,0,0,0,0,0,112,
1735,129,687,8022,9,21,686,0,0,3,2,0,0,0,0,0,129,
1736,172,846,9661,12,27,1482,0,0,4,3,0,0,0,0,0,172,
1737,159,892,10771,3,35,1066,0,0,3,1,0,0,0,0,0,159,
1738,201,1005,12665,13,30,1225,0,0,6,3,0,0,0,0,0,201,
1739,123,650,7362,9,15,643,0,0,2,1,0,0,0,0,0,123,
1740,102,592,7388,6,11,352,0,0,2,2,0,0,0,0,0,102,
1741,171,937,10976,20,31,1886,0,0,5,2,0,0,0,0,0,171,
1742,167,746,9254,7,7,299,0,0,3,1,0,0,0,0,0,167,
1743,142,796,9801,16,16,803,0,0,4,1,1,0,0,0,0,142,
1744,175,931,10757,21,29,1707,0,0,6,3,0,0,0,0,0,175,
1745,83,505,5832,5,4,150,0,0,4,2,1,0,0,0,0,83,
1746,199,1094,12497,11,28,1457,0,0,6,2,0,0,0,0,0,199,
1747,105,686,6558,13,3,256,0,0,4,1,0,0,0,0,0,105,
1748,125,617,6072,5,5,248,0,0,3,0,0,0,0,0,0,125,
1749,252,1332,15917,17,43,2253,0,0,5,3,2,0,0,0,0,252,
1750,255,1365,15605,14,50,2780,0,0,2,2,0,0,0,0,0,255,
1751,184,1071,10259,63,26,1289,0,0,5,3,0,0,0,0,0,184,
1752,243,1324,14693,11,43,2228,0,0,3,1,0,0,0,0,0,243,
1753,469,2353,25480,60,82,5179,0,0,17,10,3,0,0,0,0,469,
1754,3000,11141,147150,116,595,40031,0,0,6,5,1,0,0,0,0,3000,
1755,473,2521,31953,22,147,5165,0,0,3,2,0,0,0,0,0,473,
1756,248,1340,15284,25,46,1825,0,0,6,5,1,0,0,0,0,248,
1757,458,2406,25877,42,94,6235,0,0,10,4,0,0,0,0,0,458,
1758,3000,11614,146359,119,781,44623,0,0,1,0,0,0,0,0,0,3000,
1759,189,1193,10698,59,27,1671,0,0,5,1,1,0,0,0,0,189,
1760,344,1876,22474,19,92,3526,0,0,4,2,0,0,0,0,0,344,
1761,3000,11543,144156,97,734,41456,0,0,5,2,0,0,0,0,0,3000,
1762,204,1167,11582,46,16,1084,0,0,7,4,2,0,0,0,0,204,
1763,3000,11259,139172,188,1076,57734,0,0,3,1,0,0,0,0,0,3000,
1764,421,2445,26767,45,102,4722,0,0,10,7,1,0,0,0,0,421,
1765,592,3029,38850,23,172,6778,0,0,6,3,0,0,0,0,0,592,
1766,186,926,9603,14,20,912,0,0,6,1,0,0,0,0,0,186,
1767,193,940,10593,54,12,668,0,0,6,5,2,0,0,0,0,193,
1768,243,1189,12836,12,18,1333,0,0,8,2,1,0,0,0,0,243,
1769,3000,11375,148559,154,874,59467,0,0,0,0,0,0,0,0,0,3000,
1770,3000,11146,156436,137,980,57494,0,0,1,0,0,0,0,0,0,3000,
1771,3000,12283,146262,508,822,85837,0,0,3,2,0,0,0,0,0,3000,
1772,459,2283,25889,76,55,3703,0,0,14,8,3,0,0,0,0,459,
1773,221,1039,11033,14,17,850,0,0,5,3,0,0,0,0,0,221,
1774,172,1013,11359,48,27,1461,0,0,4,3,0,0,0,0,0,172,
1775,3000,10923,143284,87,755,45034,0,0,3,2,1,0,0,0,0,3000,
1776,3000,10996,144021,113,690,39822,0,0,3,2,0,0,0,0,0,3000,
1777,157,902,9478,9,13,687,0,0,3,3,1,0,0,0,0,157,
1778,223,1189,12237,51,27,1382,0,0,2,2,1,0,0,0,0,223,
1779,268,1380,14866,25,47,4195,0,0,7,3,3,0,0,0,0,268,
1780,197,1143,12122,65,24,1729,0,0,7,4,2,0,0,0,0,197,
1781,196,924,9963,22,15,628,0,0,3,2,1,0,0,0,0,196,
1782,264,1409,15263,31,46,2518,0,0,5,3,1,0,0,0,0,264,
1783,175,974,11161,15,33,1443,0,0,3,2,0,0,0,0,0,175,
1784,422,2094,24236,25,103,7217,0,0,12,6,1,0,0,0,0,422,
1785,138,811,8266,8,17,1065,0,0,5,1,0,0,0,0,0,138,
1786,3000,11634,145009,554,1094,182218,0,0,3,2,0,0,0,0,0,3000,
1787,135,876,8354,57,11,628,0,0,4,2,1,0,0,0,0,135,
1788,137,746,7265,10,16,688,0,0,4,1,0,0,0,0,0,137,
1789,192,1070,11356,21,37,2333,0,0,5,1,0,0,0,0,0,192,
1790,416,2072,24650,34,75,3666,0,0,4,3,2,0,0,0,0,416,
1791,106,640,6917,8,5,203,0,0,4,2,1,0,0,0,0,106,
1792,177,928,10234,11,24,1297,0,0,6,3,0,0,0,0,0,177,
1793,3000,11351,155512,85,980,43079,0,0,1,0,0,0,0,0,0,3000,
1794,121,864,7407,60,20,1203,0,0,4,4,1,0,0,0,0,121,
1795,189,1051,11336,9,25,1304,0,0,3,1,0,0,0,0,0,189,
1796,497,2425,30591,16,131,5980,0,0,4,0,0,0,0,0,0,497,
1797,176,1045,11195,24,22,1201,0,0,6,1,1,0,0,0,0,176,
1798,3000,14332,180687,179,777,46281,0,0,10,7,3,0,0,0,0,3000,
1799,124,691,7321,8,10,418,0,0,4,1,0,0,0,0,0,124,
1800,389,2079,23259,41,85,8646,0,0,14,4,3,0,0,0,0,389,
1801,3000,10891,151299,92,906,46399,0,0,0,0,0,0,0,0,0,3000,
1802,171,907,8818,10,8,836,0,0,7,2,2,0,0,0,0,171,
1803,419,2104,27846,24,118,4749,0,0,7,2,0,0,0,0,0,419,
1804,128,708,7500,18,9,676,0,0,5,2,1,0,0,0,0,128,
1805,312,1613,18610,31,70,4808,0,0,3,1,0,0,0,0,0,312,
1806,216,1088,12547,25,25,1357,0,0,5,4,1,0,0,0,0,216,
1807,156,794,8584,6,15,834,0,0,3,0,0,0,0,0,0,156,
1808,122,729,8399,9,14,704,0,0,4,3,1,0,0,0,0,122,
1809,212,987,11290,36,13,753,0,0,5,3,1,0,0,0,0,212,
1810,239,1249,14426,9,45,1941,0,0,5,1,0,0,0,0,0,239,
1811,325,1801,19617,100,47,3625,0,0,10,3,3,0,0,0,0,325,
1812,223,1101,12132,30,26,1335,0,0,5,4,1,0,0,0,0,223,
1813,195,1066,11779,28,31,1925,0,0,8,5,2,0,0,0,0,195,
1814,253,1024,11738,8,21,952,0,0,5,0,0,0,0,0,0,253,
1815,120,678,8019,8,4,333,0,0,4,2,1,0,0,0,0,120,
1816,3000,12485,151934,143,867,43429,0,0,5,4,0,0,0,0,0,3000,
1817,3000,11138,153814,136,951,56410,0,0,1,1,0,0,0,0,0,3000,
1818,195,1001,9121,25,15,995,0,0,5,3,0,0,0,0,0,195,
1819,123,695,7212,8,6,441,0,0,3,1,0,0,0,0,0,123,
1820,3000,11009,151224,98,809,43464,0,0,3,2,1,0,0,0,0,3000,
1821,469,2354,27664,79,64,4599,0,0,14,11,3,0,0,0,0,469,
1822,3000,10904,158462,76,1029,47794,0,0,0,0,0,0,0,0,0,3000,
1823,186,1187,12061,106,38,1633,0,0,3,2,0,0,0,0,0,186,
1824,530,2525,30040,43,60,4131,0,0,14,8,2,0,0,0,0,530,
1825,3000,10934,147070,122,836,48960,0,0,2,1,0,0,0,0,0,3000,
1826,114,713,7666,8,8,372,0,0,3,2,0,0,0,0,0,114,
1827,258,1541,15410,99,48,2785,0,0,9,4,2,0,0,0,0,258,
1828,3000,11718,156479,162,956,48436,0,0,2,1,0,0,0,0,0,3000,
1829,160,1108,11436,49,23,1132,0,0,6,3,0,0,0,0,0,160,
1830,3000,12236,142930,807,1115,313638,0,0,2,2,0,0,0,0,0,3000,
1831,130,864,8399,37,9,420,0,0,4,3,1,0,0,0,0,130,
1832,181,940,10486,20,25,1628,0,0,5,3,2,0,0,0,0,181,
1833,224,1165,12974,13,25,1510,0,0,6,2,1,0,0,0,0,224,
1834,3000,11573,141577,516,1123,176309,0,0,3,1,0,0,0,0,0,3000,
1835,251,1455,14801,71,48,1578,0,0,6,3,1,0,0,0,0,251,
1836,231,1250,13450,16,26,1767,0,0,8,5,0,0,0,0,0,231,
1837,3000,10758,145727,112,816,44419,0,0,2,2,0,0,0,0,0,3000,
1838,3000,11028,157654,103,1018,57325,0,0,0,0,0,0,0,0,0,3000,
1839,122,842,7837,53,7,482,0,0,5,2,1,0,0,0,0,122,
1840,3000,11324,146798,113,777,46477,0,0,9,2,0,0,0,0,0,3000,
1841,437,2320,26748,32,106,5428,0,0,3,2,0,0,0,0,0,437,
1842,285,1492,16735,24,39,2085,0,0,6,4,2,0,0,0,0,285,
1843,99,627,6730,7,10,445,0,0,3,0,0,0,0,0,0,99,
1844,336,1830,19341,28,70,4079,0,0,9,6,0,0,0,0,0,336,
1845,140,778,8850,10,14,708,0,0,4,1,0,0,0,0,0,140,
1846,142,771,7850,11,12,644,0,0,5,3,0,0,0,0,0,142,
1847,219,1010,11761,14,22,1258,0,0,6,3,1,0,0,0,0,219,
1848,236,1293,15677,17,60,2128,0,0,4,3,0,0,0,0,0,236,
1849,467,2165,28017,12,107,3324,0,0,4,1,0,0,0,0,0,467,
1850,196,986,11371,15,25,1725,0,0,8,4,2,0,0,0,0,196,
1851,404,2014,24011,31,74,4625,0,0,12,7,2,0,0,0,0,404,
1852,3000,10980,152956,230,1055,87323,0,0,0,0,0,0,0,0,0,3000,
1853,257,1397,14862,19,32,1744,0,0,8,2,0,0,0,0,0,257,
1854,172,978,10146,45,32,1638,0,0,3,2,0,0,0,0,0,172,
1855,112,739,7969,18,20,776,0,0,5,3,2,0,0,0,0,112,
1856,428,2304,24495,32,82,5250,0,0,10,5,2,0,0,0,0,428,
1857,148,866,9507,7,22,810,0,0,3,1,0,0,0,0,0,148,
1858,282,1370,15483,26,36,2329,0,0,11,3,0,0,0,0,0,282,
1859,329,1595,19133,13,77,3666,0,0,4,1,0,0,0,0,0,329,
1860,394,2122,23683,40,90,4371,0,0,4,2,0,0,0,0,0,394,
1861,207,1148,12931,19,27,1666,0,0,5,3,1,0,0,0,0,207,
1862,238,1340,14918,77,39,2800,0,0,9,5,1,0,0,0,0,238,
1863,3000,11049,141078,469,952,140881,0,0,6,2,0,0,0,0,0,3000,
1864,387,2158,23416,117,63,4364,0,0,17,9,3,0,0,0,0,387,
1865,146,863,8667,37,18,1008,0,0,6,2,1,0,0,0,0,146,
1866,131,779,8232,57,9,528,0,0,5,2,2,0,0,0,0,131,
1867,3000,11382,147458,116,771,42682,0,0,7,4,2,0,0,0,0,3000,
1868,446,2404,25402,86,78,5036,0,0,11,4,1,0,0,0,0,446,
1869,551,2907,33864,106,155,7803,0,0,6,4,3,0,0,0,0,551,
1870,319,1766,19539,29,32,2904,0,0,14,8,1,0,0,0,0,319,
1871,243,1258,14217,10,48,1684,0,0,4,1,0,0,0,0,0,243,
1872,129,669,7170,11,6,252,0,0,5,2,0,0,0,0,0,129,
1873,173,758,8868,10,10,396,0,0,4,2,1,0,0,0,0,173,
1874,185,974,10843,15,33,1543,0,0,2,0,0,0,0,0,0,185,
1875,3000,11271,153055,128,851,51374,0,0,6,3,2,0,0,0,0,3000,
1876,172,952,9097,15,21,1081,0,0,4,2,0,0,0,0,0,172,
1877,133,753,8011,8,8,421,0,0,5,2,0,0,0,0,0,133,
1878,464,2388,28253,63,85,4880,0,0,7,3,1,0,0,0,0,464,
1879,427,2007,26230,15,81,3474,0,0,5,2,0,0,0,0,0,427,
1880,429,2080,22183,41,70,4375,0,0,8,4,1,0,0,0,0,429,
1881,330,1395,16128,24,38,2130,0,0,2,1,0,0,0,0,0,330,
1882,146,829,9500,25,15,871,0,0,7,4,2,0,0,0,0,146,
1883,156,832,8370,14,17,829,0,0,4,1,1,0,0,0,0,156,
1884,3000,11301,146819,98,805,44113,0,0,2,2,0,0,0,0,0,3000,
1885,392,1796,18778,51,34,2569,0,0,7,5,2,0,0,0,0,392,
1886,319,1799,20155,34,70,3772,0,0,8,8,0,0,0,0,0,319,
1887,160,784,8346,6,11,459,0,0,3,1,0,0,0,0,0,160,
1888,170,1039,10781,42,24,1164,0,0,6,3,0,0,0,0,0,170,
1889,344,1614,19024,15,59,3145,0,0,3,1,0,0,0,0,0,344,
1890,648,3251,43399,33,207,7461,0,0,4,3,1,0,0,0,0,648,
1891,427,2205,26539,32,98,4326,0,0,4,3,1,0,0,0,0,427,
1892,3000,11898,154049,117,927,58203,0,0,3,3,0,0,0,0,0,3000,
1893,3000,10113,139825,113,501,39268,0,0,4,3,0,0,0,0,0,3000,
1894,158,1392,8975,50,31,1824,0,0,3,0,0,0,0,0,0,158,
1895,382,1942,21759,59,76,4302,0,0,5,2,1,0,0,0,0,382,
1896,459,2390,26098,37,123,6764,0,0,5,2,0,0,0,0,0,459,
1897,3000,10404,139807,87,578,39919,0,0,4,2,0,0,0,0,0,3000,
1898,142,817,8815,11,18,601,0,0,3,1,0,0,0,0,0,142,
1899,313,1637,18710,29,48,3213,0,0,10,5,2,0,0,0,0,313,
1900,3000,12283,163109,152,870,57293,0,0,4,3,1,0,0,0,0,3000,
1901,92,647,6598,12,7,317,0,0,3,1,1,0,0,0,0,92,
1902,314,1744,18958,42,59,3241,0,0,8,4,2,0,0,0,0,314,
1903,381,1926,21016,22,55,3510,0,0,8,6,0,0,0,0,0,381,
1904,248,1230,13052,34,27,1530,0,0,9,6,4,0,0,0,0,248,
1905,97,601,6847,5,4,179,0,0,3,2,1,0,0,0,0,97,
1906,192,919,9910,16,20,814,0,0,5,3,0,0,0,0,0,192,
1907,325,1685,20872,16,89,3119,0,0,3,0,0,0,0,0,0,325,
1908,3000,11223,148392,87,793,42740,0,0,2,0,0,0,0,0,0,3000,
1909,111,751,6790,9,10,520,0,0,3,1,0,0,0,0,0,111,
1910,211,1101,12361,11,28,1227,0,0,3,2,0,0,0,0,0,211,
1911,396,1967,23254,47,102,5656,0,0,8,4,2,0,0,0,0,396,
1912,137,831,8493,12,16,794,0,0,3,1,0,0,0,0,0,137,
1913,179,860,9379,8,21,1016,0,0,3,1,0,0,0,0,0,179,
1914,3000,11480,152675,115,891,57344,0,0,4,2,2,0,0,0,0,3000,
1915,3000,11408,146490,265,1043,52566,0,0,2,2,0,0,0,0,0,3000,
1916,167,1054,10160,36,23,1510,0,0,6,4,1,0,0,0,0,167,
1917,325,1942,21234,86,83,3688,0,0,6,6,2,0,0,0,0,325,
1918,3000,11018,155567,116,990,60024,0,0,2,1,0,0,0,0,0,3000,
1919,161,1058,10489,13,19,1144,0,0,5,4,1,0,0,0,0,161,
1920,160,947,10516,13,24,1320,0,0,4,2,0,0,0,0,0,160,
1921,381,1941,22844,19,67,4031,0,0,7,2,1,0,0,0,0,381,
1922,615,3114,38408,46,159,7395,0,0,4,1,0,0,0,0,0,615,
1923,3000,11288,161623,130,1032,43037,0,0,1,1,0,0,0,0,0,3000,
1924,342,1876,20965,18,51,3209,0,0,9,4,0,0,0,0,0,342,
1925,286,1385,16489,27,35,1954,0,0,8,2,1,0,0,0,0,286,
1926,311,1528,15505,45,51,6139,0,0,9,3,0,0,0,0,0,311,
1927,423,2278,25523,44,91,5071,0,0,8,5,1,0,0,0,0,423,
1928,376,2098,24997,67,94,3833,0,0,7,5,1,0,0,0,0,376,
1929,362,1880,21968,14,75,4212,0,0,5,2,0,0,0,0,0,362,
1930,291,1427,19057,20,59,2293,0,0,5,3,1,0,0,0,0,291,
1931,135,835,9366,9,25,944,0,0,3,1,0,0,0,0,0,135,
1932,421,2144,23874,56,75,4283,0,0,8,4,2,0,0,0,0,421,
1933,249,1025,12030,7,14,671,0,0,2,2,1,0,0,0,0,249,
1934,107,644,7685,9,8,322,0,0,3,3,2,0,0,0,0,107,
1935,3000,10863,143003,104,652,38701,0,0,7,2,1,0,0,0,0,3000,
1936,268,1625,16677,72,40,2779,0,0,12,9,3,0,0,0,0,268,
1937,538,2677,31293,95,71,5668,0,0,17,12,3,0,0,0,0,538,
1938,88,591,5745,12,7,242,0,0,3,2,0,0,0,0,0,88,
1939,181,999,11403,8,29,1437,0,0,4,1,0,0,0,0,0,181,
1940,193,1005,12066,15,27,1151,0,0,4,3,0,0,0,0,0,193,
1941,243,1222,14101,26,23,1757,0,0,9,4,1,0,0,0,0,243,
1942,361,1899,22616,16,75,3286,0,0,5,0,0,0,0,0,0,361,
1943,137,813,8382,67,14,907,0,0,7,4,3,0,0,0,0,137,
1944,492,2374,27850,40,87,7305,0,0,14,5,1,0,0,0,0,492,
1945,228,1225,13440,9,41,2199,0,0,4,1,0,0,0,0,0,228,
1946,229,1238,12076,80,46,3919,0,0,7,4,0,0,0,0,0,229,
1947,393,2053,25907,27,107,5108,0,0,5,2,0,0,0,0,0,393,
1948,339,1800,21658,28,77,3522,0,0,5,3,1,0,0,0,0,339,
1949,153,755,7844,16,9,523,0,0,6,2,1,0,0,0,0,153,
1950,252,1364,16275,14,44,2257,0,0,3,2,0,0,0,0,0,252,
1951,3000,11268,144945,214,1099,54780,0,0,0,0,0,0,0,0,0,3000,
1952,163,1030,11245,11,15,988,0,0,5,2,0,0,0,0,0,163,
1953,120,651,7353,7,4,164,0,0,2,2,1,0,0,0,0,120,
1954,3000,11910,156099,139,855,47546,0,0,3,2,1,0,0,0,0,3000,
1955,372,2035,21676,26,79,4176,0,0,6,4,0,0,0,0,0,372,
1956,140,855,9076,49,17,685,0,0,3,2,1,0,0,0,0,140,
1957,156,863,9047,36,18,1116,0,0,5,3,1,0,0,0,0,156,
1958,379,2050,21271,100,69,4436,0,0,11,6,1,0,0,0,0,379,
1959,3000,11954,146796,173,789,48751,0,0,5,4,0,0,0,0,0,3000,
1960,430,2289,24111,43,84,5369,0,0,11,4,1,0,0,0,0,430,
1961,132,797,8211,12,21,1057,0,0,4,2,0,0,0,0,0,132,
1962,418,2151,26389,22,106,5035,0,0,8,2,0,0,0,0,0,418,
1963,197,851,8640,23,16,713,0,0,5,3,1,0,0,0,0,197,
1964,117,640,7345,11,13,404,0,0,3,2,0,0,0,0,0,117,
1965,157,767,8593,8,14,629,0,0,5,1,0,0,0,0,0,157,
1966,385,1862,21258,25,89,4597,0,0,5,1,1,0,0,0,0,385,
1967,369,1894,21768,21,64,3656,0,0,8,4,0,0,0,0,0,369,
1968,3000,11404,150526,108,878,49404,0,0,0,0,0,0,0,0,0,3000,
1969,3000,12200,144958,262,1046,52658,0,0,4,2,1,0,0,0,0,3000,
1970,341,1744,21508,10,85,3039,0,0,2,0,0,0,0,0,0,341,
1971,173,982,11159,18,35,1910,0,0,3,2,0,0,0,0,0,173,
1972,3000,10427,143144,78,573,36790,0,0,5,1,0,0,0,0,0,3000,
1973,336,1808,21671,22,90,4054,0,0,5,2,0,0,0,0,0,336,
1974,202,1092,11939,12,23,1266,0,0,6,2,0,0,0,0,0,202,
1975,3000,11061,140588,516,974,172251,0,0,5,1,0,0,0,0,0,3000,
1976,181,1159,11149,59,41,1921,0,0,3,2,0,0,0,0,0,181,
1977,291,1340,14923,87,56,3076,0,0,3,1,1,0,0,0,0,291,
1978,178,958,9888,14,32,1532,0,0,4,2,0,0,0,0,0,178,
1979,178,1070,11498,67,24,1380,0,0,7,5,3,0,0,0,0,178,
1980,488,2285,27573,43,76,4160,0,0,9,5,1,0,0,0,0,488,
1981,361,1790,21405,11,71,3409,0,0,4,2,0,0,0,0,0,361,
1982,159,879,9132,16,24,1373,0,0,2,2,0,0,0,0,0,159,
1983,263,1366,14428,60,42,2195,0,0,8,5,2,0,0,0,0,263,
1984,86,549,5873,9,7,179,0,0,3,2,1,0,0,0,0,86,
1985,180,876,10105,32,26,1341,0,0,5,3,2,0,0,0,0,180,
1986,3000,11523,141615,530,1099,147949,0,0,5,4,0,0,0,0,0,3000,
1987,99,639,6129,11,8,377,0,0,4,1,0,0,0,0,0,99,
1988,210,1185,11485,17,24,1438,0,0,7,3,0,0,0,0,0,210,
1989,125,799,8013,52,10,514,0,0,4,2,1,0,0,0,0,125,
1990,278,1471,16805,21,48,2680,0,0,9,4,0,0,0,0,0,278,
1991,161,860,9534,9,24,1199,0,0,3,2,0,0,0,0,0,161,
1992,102,591,6745,13,8,433,0,0,3,1,1,0,0,0,0,102,
1993,145,761,8414,9,10,685,0,0,5,1,0,0,0,0,0,145,
1994,184,917,10440,15,17,1209,0,0,5,2,0,0,0,0,0,184,
1995,3000,11431,153626,116,963,58779,0,0,0,0,0,0,0,0,0,3000,
1996,3000,11394,158271,105,1035,49715,0,0,0,0,0,0,0,0,0,3000,
1997,129,782,7973,50,6,251,0,0,4,3,2,0,0,0,0,129,
1998,425,2377,24513,86,79,5632,0,0,12,8,2,0,0,0,0,425,
1999,108,666,7578,10,7,414,0,0,4,3,1,0,0,0,0,108,
2000,229,1276,14559,28,39,2187,0,0,7,4,1,0,0,0,0,229,
