run_id,steps,wall_us,ops,solver_us,pivots,solver_work,exact_pivots,exact_work,comparisons,flips_drawn,flips_refused,certified,certificate_failures,false_witnesses,cost_units,run_units,left_to_concrete,conceded
1,156,1431,7757,170,33,1629,33,1629,2,0,0,0,0,0,59.30349,201.682,0,
2,61,598,4774,30,5,89,5,89,1,1,0,1,0,0,8.38409,124.124,0,
3,187,1639,12672,167,25,1388,23,1270,6,3,1,2,0,0,42.94294,329.472,0,
4,128,975,7170,63,10,639,10,639,2,0,0,0,0,0,18.52459,186.42,0,
5,171,1186,9954,88,35,1594,35,1594,2,1,0,1,0,0,62.38814,258.804,0,
6,115,815,7433,50,19,808,19,808,4,2,0,2,0,0,33.64948,193.25799999999998,0,
7,170,1228,10950,90,42,1809,42,1809,2,1,0,1,0,0,74.47028999999999,284.7,0,
8,76,585,4626,29,8,300,8,300,3,1,0,1,0,0,14.014999999999999,120.276,0,
9,96,633,5226,33,11,383,11,383,3,1,0,1,0,0,19.15823,135.876,0,
10,135,921,8251,67,22,1089,20,1043,4,2,1,1,0,0,37.166109999999996,214.52599999999998,0,
11,178,1083,10605,51,21,1064,21,1064,2,1,0,1,0,0,37.842839999999995,275.72999999999996,0,
12,78,681,5392,41,7,282,7,282,2,2,1,1,0,0,12.337419999999998,140.192,0,
13,86,538,5386,14,2,78,2,78,0,0,0,0,0,0,3.51518,140.036,0,
14,185,1215,11213,85,39,1584,39,1584,5,4,1,3,0,0,68.78603999999999,291.538,0,
15,129,889,7551,42,15,868,15,868,4,1,0,1,0,0,27.442079999999997,196.326,0,
16,178,1172,11400,63,33,1478,33,1478,4,2,0,2,0,0,58.72818,296.4,0,
17,197,1180,11544,56,19,1262,19,1262,4,2,0,2,0,0,35.37922,300.144,0,
18,74,618,4895,42,9,540,9,540,3,1,0,1,0,0,16.5384,127.27,0,
19,202,1150,10577,76,37,2175,36,2149,2,1,1,0,0,0,66.62137,275.002,0,
20,119,774,7450,41,16,781,16,781,5,1,0,1,0,0,28.71961,193.7,0,
21,217,1207,12797,59,25,1284,25,1284,7,3,0,3,0,0,45.117039999999996,332.722,0,
22,100,606,4958,35,9,311,9,311,2,1,0,1,0,0,15.665909999999998,128.908,0,
23,148,972,9315,47,7,684,7,684,4,2,1,1,0,0,13.86904,242.19,0,
24,126,865,6653,44,7,310,7,310,1,0,0,0,0,0,12.444099999999999,172.97799999999998,0,
25,140,1084,8324,70,14,702,14,702,3,1,0,1,0,0,25.20062,216.42399999999998,0,
26,77,537,3924,31,8,261,8,261,2,1,0,1,0,0,13.866409999999998,102.024,0,
27,119,683,6176,30,8,401,8,401,3,1,0,1,0,0,14.399809999999999,160.576,0,
28,116,738,6992,35,19,717,19,717,2,1,0,1,0,0,33.30277,181.792,0,
29,84,650,5051,31,9,437,9,437,3,2,0,2,0,0,16.14597,131.326,0,
30,107,773,6626,44,13,770,13,770,3,2,0,2,0,0,23.850699999999996,172.27599999999998,0,
31,114,693,5917,29,6,364,5,332,3,2,1,1,0,0,9.82668,153.84199999999998,0,
32,242,1338,13320,82,31,1515,31,1515,8,6,1,5,0,0,55.651149999999994,346.32,0,
33,111,744,5929,37,7,344,7,344,2,1,0,1,0,0,12.57364,154.154,0,
34,91,649,5467,34,12,507,12,507,4,2,0,2,0,0,21.239669999999997,142.142,0,
35,98,655,5100,33,17,611,17,611,3,0,0,0,0,0,29.680909999999997,132.6,0,
36,95,603,5812,18,4,169,4,169,1,1,0,1,0,0,7.07989,151.112,0,
37,83,557,5218,14,3,185,3,185,2,1,0,1,0,0,5.5318499999999995,135.668,0,
38,93,623,5135,23,5,411,4,351,4,1,1,0,0,0,8.32311,133.51,0,
39,120,759,7354,41,11,647,9,509,3,3,1,2,0,0,17.54113,191.20399999999998,0,
40,120,858,7323,50,18,1134,18,1134,2,2,0,2,0,0,33.28254,190.398,0,
41,117,727,6890,36,14,594,14,594,2,2,0,2,0,0,24.78914,179.14,0,
42,79,543,4939,17,4,160,4,160,2,1,0,1,0,0,7.045599999999999,128.414,0,
43,123,712,6853,30,9,587,8,525,3,2,1,1,0,0,15.424409999999998,178.178,0,
44,217,1483,12785,107,45,2445,45,2445,3,2,0,2,0,0,81.72045,332.40999999999997,0,
45,75,564,4342,21,5,182,5,182,1,1,0,1,0,0,8.73842,112.892,0,
46,93,591,6063,21,9,220,9,220,1,1,0,1,0,0,15.319199999999997,157.638,0,
47,123,777,7342,48,17,669,17,669,3,3,1,2,0,0,29.901889999999995,190.892,0,
48,203,1250,11364,82,24,1961,24,1961,6,4,0,4,0,0,46.08741,295.464,0,
49,98,599,5811,16,4,169,4,169,2,2,1,1,0,0,7.07989,151.08599999999998,0,
50,222,1378,12817,84,28,1921,27,1849,7,2,1,1,0,0,51.051649999999995,333.24199999999996,0,
51,221,1350,11714,99,28,2166,28,2166,5,4,1,3,0,0,53.30445999999999,304.56399999999996,0,
52,264,1480,15812,70,22,1466,20,1435,6,4,1,3,0,0,38.64193,411.11199999999997,0,
53,342,2008,19439,143,44,4155,42,4097,9,5,1,4,0,0,84.21400999999999,505.414,0,
54,136,1012,8116,86,42,1544,42,1544,2,1,0,1,0,0,73.46064,211.016,0,
55,111,751,6334,34,12,477,12,477,2,1,0,1,0,0,21.125369999999997,164.684,0,
56,187,1031,9301,56,19,1301,19,1301,6,0,0,0,0,0,35.527809999999995,241.826,0,
57,148,951,8482,45,25,955,25,955,2,0,0,0,0,0,43.863550000000004,220.53199999999998,0,
58,191,929,9522,34,9,722,9,722,7,2,0,2,0,0,17.23182,247.572,0,
59,158,1081,9749,73,39,1544,39,1544,4,2,0,2,0,0,68.63364,253.474,0,
60,144,929,8860,58,11,773,9,734,6,3,1,2,0,0,18.28156,230.35999999999999,0,
61,92,572,4796,23,5,242,5,242,3,1,0,1,0,0,8.967019999999998,124.696,0,
62,137,837,8123,37,11,681,11,681,4,2,0,2,0,0,20.29361,211.19799999999998,0,
63,76,541,4244,21,2,166,2,166,2,0,0,0,0,0,3.85046,110.344,0,
64,115,791,6941,36,10,556,10,556,2,1,0,1,0,0,18.20836,180.46599999999998,0,
65,169,1128,9605,73,27,1680,27,1680,5,3,0,3,0,0,49.843799999999995,249.73,0,
66,156,1052,8894,57,24,1240,24,1240,3,0,0,0,0,0,43.3404,231.244,0,
67,96,653,5648,24,7,371,7,371,4,1,0,1,0,0,12.676509999999999,146.84799999999998,0,
68,136,914,8089,39,10,889,10,889,6,2,0,2,0,0,19.477089999999997,210.314,0,
69,95,685,5746,32,12,536,12,536,2,0,0,0,0,0,21.35016,149.396,0,
70,169,1093,10814,70,21,1553,20,1451,6,3,1,2,0,0,38.30767,281.164,0,
71,133,841,8234,44,15,701,15,701,2,0,0,0,0,0,26.805809999999997,214.084,0,
72,101,641,5678,27,11,447,11,447,1,1,0,1,0,0,19.40207,147.628,0,
73,68,465,4281,15,2,82,2,82,1,0,0,0,0,0,3.53042,111.306,0,
74,94,638,5057,41,17,504,17,504,2,0,0,0,0,0,29.273239999999998,131.482,0,
75,61,493,4377,15,2,168,2,168,2,0,0,0,0,0,3.8580799999999997,113.80199999999999,0,
76,207,1315,11534,97,40,2305,40,2305,6,3,0,3,0,0,73.14205,299.884,0,
77,242,1436,13675,69,23,1503,23,1503,4,2,0,2,0,0,42.73343,355.55,0,
78,100,725,6805,31,8,388,8,362,2,1,1,0,0,0,14.281899999999998,176.92999999999998,0,
79,182,1124,9813,52,13,1245,13,1245,5,2,0,2,0,0,25.660449999999997,255.13799999999998,0,
80,181,1097,10140,46,15,819,15,819,3,1,0,1,0,0,27.25539,263.64,0,
81,114,775,7100,49,12,774,12,774,6,4,1,3,0,0,22.25694,184.6,0,
82,169,1089,9113,64,30,1742,30,1742,3,0,0,0,0,0,54.907019999999996,236.938,0,
83,225,1387,12998,80,20,1452,18,1326,5,2,1,1,0,0,35.12074,337.948,0,
84,260,1541,14972,97,29,2252,28,2175,10,5,1,4,0,0,53.908609999999996,389.272,0,
85,98,700,5667,36,10,539,10,539,2,0,0,0,0,0,18.14359,147.34199999999998,0,
86,89,623,6076,24,10,427,10,427,2,2,1,1,0,0,17.71687,157.976,0,
87,99,612,6183,28,9,317,9,317,2,1,0,1,0,0,15.688769999999998,160.75799999999998,0,
88,85,596,5744,34,8,435,6,312,2,2,1,1,0,0,11.94586,149.344,0,
89,110,768,6892,44,17,942,17,942,3,2,0,2,0,0,30.94202,179.19199999999998,0,
90,124,700,6249,28,8,372,8,372,2,1,0,1,0,0,14.289319999999998,162.474,0,
91,220,1268,12588,78,39,2103,38,2074,7,3,1,2,0,0,69.55716000000001,327.288,0,
92,102,752,6686,37,13,566,13,566,1,0,0,0,0,0,23.073459999999997,173.83599999999998,0,
93,155,1005,8142,83,39,1974,39,1974,3,0,0,0,0,0,70.27194,211.69199999999998,0,
94,135,879,7510,50,22,1102,22,1102,3,0,0,0,0,0,39.59662,195.26,0,
95,164,1108,9485,62,26,1459,26,1459,4,1,0,1,0,0,47.39278999999999,246.60999999999999,0,
96,143,908,8898,53,17,1101,17,1101,6,2,0,2,0,0,31.547809999999995,231.34799999999998,0,
97,136,804,7124,38,13,740,13,740,3,2,0,2,0,0,23.7364,185.224,0,
98,89,694,5670,35,13,500,13,500,2,1,0,1,0,0,22.822,147.42,0,
99,292,1830,14759,149,53,4283,53,4283,4,2,0,2,0,0,101.59523,383.734,0,
100,150,1040,8877,62,16,1068,16,1068,4,4,0,4,0,0,29.813079999999996,230.802,0,
101,113,773,7736,37,14,492,14,492,1,1,0,1,0,0,24.400519999999997,201.136,0,
102,106,708,6036,54,17,868,16,752,4,3,1,2,0,0,29.224999999999998,156.93599999999998,0,
103,149,901,8002,54,22,996,22,996,3,2,1,1,0,0,39.19276,208.052,0,
104,93,701,6440,30,8,458,8,458,4,2,1,1,0,0,14.61698,167.44,0,
105,90,718,6144,47,13,741,11,599,4,2,1,1,0,0,21.106749999999998,159.744,0,
106,69,529,4818,33,4,167,4,167,3,3,1,2,0,0,7.07227,125.268,0,
107,148,820,7650,44,14,752,14,752,3,1,0,1,0,0,25.391119999999997,198.89999999999998,0,
108,282,1657,15528,106,43,2001,42,1957,8,5,2,3,0,0,75.56509,403.728,0,
109,70,585,4727,30,6,363,6,363,3,1,0,1,0,0,11.037029999999998,122.902,0,
110,99,532,4385,21,4,203,4,203,3,2,0,2,0,0,7.209429999999999,114.00999999999999,0,
111,142,943,8222,60,26,1161,26,1161,3,1,0,1,0,0,46.25740999999999,213.772,0,
112,232,1449,13650,106,48,2075,47,2049,4,2,1,1,0,0,83.93936999999998,354.9,0,
113,162,1053,8957,68,33,1886,31,1794,3,2,1,1,0,0,57.780699999999996,232.88199999999998,0,
114,85,623,5475,25,7,323,7,323,1,1,0,1,0,0,12.49363,142.35,0,
115,183,1269,10525,105,26,1805,26,1805,6,5,2,3,0,0,48.71104999999999,273.65,0,
116,201,1175,10466,65,22,1288,19,1164,4,2,1,1,0,0,36.58916,272.116,0,
117,121,819,6783,44,14,670,14,670,3,1,0,1,0,0,25.078699999999998,176.358,0,
118,105,656,6113,32,11,469,11,469,5,4,0,4,0,0,19.48589,158.938,0,
119,107,727,7053,30,15,678,15,678,2,1,0,1,0,0,26.71818,183.378,0,
120,148,938,7799,54,19,1260,19,1260,4,3,0,3,0,0,35.3716,202.774,0,
121,93,640,5997,25,7,339,7,339,5,1,0,1,0,0,12.55459,155.922,0,
122,134,888,7756,51,15,998,15,998,3,3,0,3,0,0,27.937379999999997,201.65599999999998,0,
123,234,1315,13497,64,39,1564,39,1564,3,3,0,3,0,0,68.70984,350.92199999999997,0,
124,71,571,4564,30,6,322,6,322,3,3,1,2,0,0,10.880819999999998,118.664,0,
125,100,677,5955,28,11,446,11,446,2,0,0,0,0,0,19.398259999999997,154.82999999999998,0,
126,136,876,8207,40,15,949,15,949,4,3,0,3,0,0,27.75069,213.38199999999998,0,
127,127,838,7773,38,13,681,13,681,3,0,0,0,0,0,23.511609999999997,202.09799999999998,0,
128,120,776,5984,38,15,820,15,820,3,0,0,0,0,0,27.2592,155.584,0,
129,162,911,8379,46,12,795,12,795,5,4,2,2,0,0,22.336949999999998,217.85399999999998,0,
130,123,776,6507,33,13,503,13,503,2,0,0,0,0,0,22.83343,169.182,0,
131,120,824,7760,41,20,937,20,937,4,3,0,3,0,0,35.74997,201.76,0,
132,100,606,5560,24,7,362,7,362,3,3,1,2,0,0,12.642219999999998,144.56,0,
133,133,935,8088,47,27,934,27,934,2,1,0,1,0,0,47.00154,210.28799999999998,0,
134,95,621,5597,22,6,167,6,167,3,2,1,1,0,0,10.290269999999998,145.522,0,
135,86,567,4845,40,8,658,6,413,4,1,1,0,0,0,12.47463,125.97,0,
136,156,848,7714,29,8,385,8,385,4,1,0,1,0,0,14.33885,200.564,0,
137,88,575,5194,19,6,191,6,191,3,2,0,2,0,0,10.38171,135.04399999999998,0,
138,114,799,7156,36,8,624,8,624,3,0,0,0,0,0,15.24944,186.05599999999998,0,
139,221,1382,12658,98,32,2338,31,2214,5,2,1,1,0,0,58.939659999999996,329.108,0,
140,232,1262,12515,67,20,1352,18,1287,8,2,1,1,0,0,34.900169999999996,325.39,0,
141,224,1471,13751,84,33,1666,33,1666,5,2,0,2,0,0,59.44445999999999,357.526,0,
142,79,618,4948,25,5,333,5,333,2,1,0,1,0,0,9.31373,128.648,0,
143,107,721,6875,35,18,620,18,620,2,1,0,1,0,0,31.324199999999998,178.75,0,
144,100,573,5445,20,6,213,6,213,2,0,0,0,0,0,10.46553,141.57,0,
145,102,528,4758,13,2,101,2,101,2,0,0,0,0,0,3.60281,123.708,0,
146,127,673,5863,25,5,320,5,320,2,1,0,1,0,0,9.264199999999999,152.438,0,
147,104,703,6658,36,11,430,9,344,2,1,1,0,0,0,16.851119999999998,173.108,0,
148,127,938,7394,55,11,766,11,766,2,1,0,1,0,0,20.617459999999998,192.244,0,
149,153,1114,9482,62,22,1310,22,1310,2,2,0,2,0,0,40.3891,246.53199999999998,0,
150,130,924,8240,49,25,833,25,833,2,1,0,1,0,0,43.39872999999999,214.23999999999998,0,
151,124,856,7715,51,12,891,12,891,4,3,1,2,0,0,22.702709999999996,200.59,0,
152,156,710,6359,20,5,194,5,194,2,1,0,1,0,0,8.78414,165.334,0,
153,128,779,7206,41,18,892,18,892,2,2,0,2,0,0,32.360519999999994,187.356,0,
154,81,592,5269,25,4,256,4,256,3,2,1,1,0,0,7.41136,136.994,0,
155,123,687,6104,30,8,325,8,325,2,1,0,1,0,0,14.110249999999997,158.70399999999998,0,
156,72,512,4670,21,3,252,2,194,2,1,1,0,0,0,4.50458,121.41999999999999,0,
157,95,654,5703,30,8,644,8,538,2,1,0,1,0,0,15.046859999999999,148.278,0,
158,165,1149,10317,73,34,1529,34,1529,4,2,0,2,0,0,60.53148999999999,268.24199999999996,0,
159,94,687,5859,30,8,273,8,273,3,2,0,2,0,0,13.91213,152.334,0,
160,70,501,4297,19,3,195,3,195,2,0,0,0,0,0,5.5699499999999995,111.722,0,
161,122,671,6244,29,10,439,10,439,2,2,0,2,0,0,17.76259,162.344,0,
162,149,795,7322,32,11,563,11,563,2,1,0,1,0,0,19.84403,190.37199999999999,0,
163,99,632,6093,25,7,272,7,272,3,0,0,0,0,0,12.29932,158.418,0,
164,193,1134,10507,59,22,1148,22,1148,4,2,0,2,0,0,39.771879999999996,273.18199999999996,0,
165,105,680,5455,26,5,260,5,260,2,0,0,0,0,0,9.035599999999999,141.82999999999998,0,
166,235,1412,13678,101,37,2777,37,2689,6,3,1,2,0,0,69.88193,355.628,0,
167,234,1438,13535,81,24,2125,24,2125,8,1,0,1,0,0,46.71224999999999,351.90999999999997,0,
168,107,709,6559,38,10,500,10,500,5,3,0,3,0,0,17.995,170.534,0,
169,171,979,9482,47,21,928,21,928,3,0,0,0,0,0,37.32468,246.53199999999998,0,
170,215,949,9071,27,5,257,5,257,2,0,0,0,0,0,9.02417,235.84599999999998,0,
171,158,797,7563,38,10,677,10,677,3,1,0,1,0,0,18.66937,196.63799999999998,0,
172,79,534,5374,22,5,324,5,324,4,2,0,2,0,0,9.27944,139.724,0,
173,111,692,6162,39,12,577,11,509,4,3,1,2,0,0,20.19753,160.212,0,
174,135,936,8527,60,21,1240,18,932,4,2,1,1,0,0,34.313359999999996,221.702,0,
175,86,675,5012,37,14,575,14,575,2,1,0,1,0,0,24.716749999999998,130.31199999999998,0,
176,103,711,6810,34,12,636,12,636,2,1,0,1,0,0,21.731159999999996,177.06,0,
177,74,524,4837,27,5,191,5,191,3,3,1,2,0,0,8.77271,125.762,0,
178,215,1277,11177,64,29,1747,29,1747,4,1,0,1,0,0,53.31707,290.602,0,
179,90,597,5339,35,6,259,6,259,3,1,0,1,0,0,10.640789999999999,138.814,0,
180,244,1269,12408,72,29,1785,29,1785,7,5,0,5,0,0,53.46184999999999,322.608,0,
181,168,1188,9517,90,40,2177,40,2177,3,1,0,1,0,0,72.65437,247.44199999999998,0,
182,167,1101,10831,65,23,1510,23,1510,7,5,0,5,0,0,42.760099999999994,281.606,0,
183,123,691,7005,23,9,289,9,289,1,1,0,1,0,0,15.582089999999999,182.13,0,
184,78,602,5098,22,4,223,4,223,2,2,1,1,0,0,7.285629999999999,132.548,0,
185,76,531,5216,19,5,254,5,254,3,3,0,3,0,0,9.012739999999999,135.61599999999999,0,
186,97,788,6593,49,14,782,13,653,4,2,1,1,0,0,24.03615,171.41799999999998,0,
187,280,1605,16327,107,32,2831,29,2625,6,3,2,1,0,0,58.34233,424.50199999999995,0,
188,165,1049,9237,56,19,1043,19,1043,2,1,0,1,0,0,34.54483,240.16199999999998,0,
189,72,536,4606,25,5,243,5,243,3,1,0,1,0,0,8.97083,119.756,0,
190,116,735,5990,37,9,568,9,568,3,1,0,1,0,0,16.645079999999997,155.73999999999998,0,
191,93,642,5483,30,10,475,10,475,3,2,0,2,0,0,17.89975,142.558,0,
192,85,611,5022,23,6,298,6,298,1,0,0,0,0,0,10.78938,130.572,0,
193,124,842,7262,38,15,742,15,742,4,1,0,1,0,0,26.96202,188.81199999999998,0,
194,78,539,4154,19,2,166,2,166,3,0,0,0,0,0,3.85046,108.00399999999999,0,
195,95,576,5500,13,3,100,3,100,1,0,0,0,0,0,5.207999999999999,143,0,
196,93,672,5409,37,15,550,15,550,2,0,0,0,0,0,26.2305,140.634,0,
197,100,665,5548,26,7,331,7,331,3,1,0,1,0,0,12.524109999999999,144.248,0,
198,71,533,4615,18,3,141,3,141,3,1,0,1,0,0,5.364209999999999,119.99,0,
199,96,674,6342,32,9,638,9,638,1,1,0,1,0,0,16.911779999999997,164.892,0,
200,130,810,7648,38,12,756,12,756,4,1,0,1,0,0,22.18836,198.84799999999998,0,
201,106,674,5605,36,9,401,9,401,2,0,0,0,0,0,16.008809999999997,145.73,0,
202,214,1389,12265,105,26,1857,21,1562,7,6,4,2,0,0,42.48332,318.89,0,
203,173,1094,10073,64,28,1128,28,1128,4,0,0,0,0,0,49.34967999999999,261.89799999999997,0,
204,162,937,8326,38,14,494,12,454,3,3,1,2,0,0,22.04294,216.476,0,
205,206,1221,10343,59,15,1249,15,1249,5,1,0,1,0,0,28.89369,268.918,0,
206,149,1038,9283,58,19,1159,17,1107,6,3,2,1,0,0,32.59003,241.35799999999998,0,
207,91,632,4728,40,18,658,18,658,3,0,0,0,0,0,31.46898,122.928,0,
208,97,693,5845,36,13,627,13,627,4,1,0,1,0,0,23.30587,151.97,0,
209,58,444,3586,23,7,200,7,200,3,2,0,2,0,0,12.024999999999999,93.23599999999999,0,
210,122,833,7695,41,15,865,15,865,3,1,0,1,0,0,27.43065,200.07,0,
211,100,737,5890,49,20,1015,20,1015,2,1,0,1,0,0,36.047149999999995,153.14,0,
212,185,1129,11281,57,18,1224,18,1224,4,2,0,2,0,0,33.62543999999999,293.306,0,
213,169,1174,10417,70,25,1531,25,1531,5,3,0,3,0,0,46.05811,270.842,0,
214,121,646,5845,21,3,146,3,146,3,2,1,1,0,0,5.38326,151.97,0,
215,75,552,5050,19,6,194,6,194,2,2,1,1,0,0,10.393139999999999,131.29999999999998,0,
216,66,461,3889,14,2,112,2,112,2,0,0,0,0,0,3.64472,101.11399999999999,0,
217,147,861,6984,39,15,889,15,889,3,1,0,1,0,0,27.52209,181.584,0,
218,122,726,6298,39,16,600,16,600,2,1,0,1,0,0,28.029999999999998,163.748,0,
219,191,887,8119,35,14,606,14,606,1,1,0,1,0,0,24.834859999999995,211.094,0,
220,181,1261,10919,82,34,1865,32,1814,5,4,2,2,0,0,59.417519999999996,283.894,0,
221,252,1626,12960,126,42,2740,40,2680,6,3,1,2,0,0,75.5996,336.96,0,
222,67,537,3790,26,5,225,5,225,2,1,0,1,0,0,8.902249999999999,98.53999999999999,0,
223,139,994,7894,55,24,1165,24,1165,2,0,0,0,0,0,43.054649999999995,205.244,0,
224,154,1002,9181,60,13,915,13,915,8,5,2,3,0,0,24.403149999999997,238.706,0,
225,160,1000,8419,45,10,771,10,771,6,0,0,0,0,0,19.02751,218.89399999999998,0,
226,104,795,6869,40,8,576,8,576,6,2,0,2,0,0,15.066559999999999,178.594,0,
227,176,1016,8670,43,17,934,17,934,1,1,0,1,0,0,30.911539999999995,225.42,0,
228,100,720,6541,28,7,463,7,463,5,1,0,1,0,0,13.027029999999998,170.066,0,
229,63,457,4778,14,4,108,4,108,2,1,0,1,0,0,6.84748,124.228,0,
230,138,871,8421,42,18,790,18,790,3,1,0,1,0,0,31.971899999999998,218.946,0,
231,130,725,6547,26,6,267,6,267,2,1,0,1,0,0,10.67127,170.22199999999998,0,
232,98,611,5517,23,5,295,5,295,2,1,0,1,0,0,9.16895,143.442,0,
233,120,663,6793,23,5,225,5,225,2,2,1,1,0,0,8.902249999999999,176.618,0,
234,79,513,4959,13,3,123,3,123,2,2,1,1,0,0,5.295629999999999,128.934,0,
235,72,469,3677,17,5,193,5,193,2,0,0,0,0,0,8.78033,95.60199999999999,0,
236,102,737,6843,31,12,608,12,608,1,1,0,1,0,0,21.624479999999995,177.91799999999998,0,
237,84,521,4689,17,3,144,3,144,2,1,0,1,0,0,5.37564,121.914,0,
238,94,662,5214,31,9,491,9,491,3,2,0,2,0,0,16.351709999999997,135.564,0,
239,62,443,4188,13,3,91,3,91,2,1,0,1,0,0,5.173709999999999,108.88799999999999,0,
240,274,1584,14768,84,29,2110,29,2110,6,4,0,4,0,0,54.7001,383.96799999999996,0,
241,164,1207,9584,82,40,1810,40,1810,3,2,0,2,0,0,71.2561,249.184,0,
242,131,795,6714,43,9,638,7,552,2,2,1,1,0,0,14.4256,174.564,0,
243,157,1025,9227,62,23,1341,23,1341,5,2,0,2,0,0,42.116209999999995,239.902,0,
244,199,1155,11231,48,8,732,8,732,6,4,1,3,0,0,15.660919999999999,292.006,0,
245,70,513,4266,16,2,80,2,80,1,0,0,0,0,0,3.5227999999999997,110.916,0,
246,94,683,6286,25,5,309,5,309,3,1,0,1,0,0,9.222290000000001,163.43599999999998,0,
247,275,1755,16103,111,36,2491,34,2392,6,2,1,1,0,0,64.89434,418.678,0,
248,210,1407,12924,93,29,2159,21,1656,10,8,4,4,0,0,44.5239,336.024,0,
249,149,1066,9409,56,19,1129,19,1129,6,3,0,3,0,0,34.87249,244.634,0,
250,60,529,4146,16,2,115,2,115,1,0,0,0,0,0,3.65615,107.79599999999999,0,
251,203,1014,9460,41,10,787,10,787,5,2,0,2,0,0,19.088469999999997,245.95999999999998,0,
252,3000,16927,151493,2249,1095,51435,1095,51435,2,2,0,2,0,0,1957.82235,3938.8179999999998,0,
253,3000,14807,154481,1888,1067,49972,1067,49972,2,1,0,1,0,0,1907.1963199999996,4016.506,0,
254,3000,15198,142351,1639,777,46731,777,46731,6,3,1,2,0,0,1428.23811,3701.1259999999997,0,
255,3000,14971,143048,1478,816,46406,816,46406,2,1,0,1,0,0,1489.7508599999999,3719.248,0,
256,126,1131,8395,64,15,707,15,707,6,3,0,3,0,0,26.82867,218.26999999999998,0,
257,109,985,6406,92,10,722,8,654,5,4,2,2,0,0,16.401980000000002,166.55599999999998,0,
258,249,1403,12204,62,16,1185,16,1185,5,1,0,1,0,0,30.25885,317.304,0,
259,91,675,6104,35,14,458,14,458,2,1,0,1,0,0,24.27098,158.70399999999998,0,
260,281,1872,15817,134,58,3408,56,3348,2,2,1,1,0,0,103.88868,411.24199999999996,0,
261,3000,15076,152828,1679,1026,55099,1026,55099,0,0,0,0,0,0,1860.76119,3973.528,0,
262,240,1734,14802,170,37,2393,37,2393,10,6,0,6,0,0,68.65033,384.852,0,
263,3000,13949,145006,1493,763,43080,763,43080,2,1,0,1,0,0,1391.8018,3770.156,0,
264,458,2875,24310,203,88,5721,87,5621,10,5,1,4,0,0,161.99600999999998,632.06,0,
265,112,811,6062,54,14,661,14,661,2,1,0,1,0,0,25.04441,157.612,0,
266,139,983,8615,54,24,986,24,986,3,1,0,1,0,0,42.37265999999999,223.98999999999998,0,
267,138,925,8755,50,25,1076,25,1076,2,2,0,2,0,0,44.32456,227.63,0,
268,3000,14108,144455,1533,674,45017,674,45017,2,0,0,0,0,0,1255.98077,3755.83,0,
269,140,1099,8478,71,19,1328,19,1328,4,2,0,2,0,0,35.63068,220.428,0,
270,199,1438,11884,92,41,2024,41,2024,2,0,0,0,0,0,73.68044,308.984,0,
271,3000,15072,152867,1666,1041,54578,1041,54578,0,0,0,0,0,0,1882.91118,3974.542,0,
272,247,1904,13871,158,44,2421,42,2334,6,4,1,3,0,0,77.53119999999998,360.64599999999996,0,
273,393,2745,24627,224,118,4160,118,4160,3,1,0,1,0,0,205.71159999999998,640.302,0,
274,123,900,7668,48,10,716,10,716,4,3,0,3,0,0,18.81796,199.368,0,
275,117,834,7302,57,10,626,10,560,3,1,1,0,0,0,18.301479999999998,189.852,0,
276,148,858,8091,38,12,640,12,640,3,1,0,1,0,0,21.746399999999998,210.36599999999999,0,
277,122,840,7698,49,16,1009,16,1009,4,3,1,2,0,0,29.58829,200.148,0,
278,91,624,5739,32,9,470,9,470,5,2,0,2,0,0,16.2717,149.214,0,
279,147,927,8679,65,19,1250,19,1250,3,1,1,0,0,0,35.3335,225.654,0,
280,103,696,5997,39,11,647,10,571,4,2,1,1,0,0,18.834189999999996,155.922,0,
281,3000,14464,146881,1530,957,62265,957,62265,0,0,0,0,0,0,1777.0426499999999,3818.906,0,
282,458,3138,27065,258,88,5800,86,5581,14,5,2,3,0,0,160.85403,703.6899999999999,0,
283,120,983,7889,53,22,836,22,836,2,1,0,1,0,0,38.58316,205.114,0,
284,119,787,6938,42,16,942,16,942,3,2,0,2,0,0,29.333019999999998,180.388,0,
285,392,2535,23476,155,101,4584,101,4584,4,0,0,0,0,0,179.97404,610.376,0,
286,251,1562,15529,104,60,2705,60,2705,5,2,0,2,0,0,106.84604999999999,403.75399999999996,0,
287,391,2412,21275,172,71,4740,69,4684,10,2,1,1,0,0,129.89112,553.15,0,
288,3000,15020,142044,1701,1131,58631,1131,58631,1,0,0,0,0,0,2043.1631100000002,3693.144,0,
289,3000,15057,158400,1615,1100,49486,1100,49486,1,1,0,1,0,0,1958.4416599999997,4118.4,0,
290,149,1130,9005,85,31,1000,31,1000,3,3,0,3,0,0,53.689,234.13,0,
291,101,650,5745,32,6,170,6,170,3,2,1,1,0,0,10.3017,149.37,0,
292,151,947,9203,49,18,1005,16,931,5,2,1,1,0,0,30.33643,239.278,0,
293,299,1867,17514,107,52,2717,50,2632,5,4,1,3,0,0,91.53622,455.364,0,
294,123,836,7008,45,15,749,15,749,5,2,0,2,0,0,26.98869,182.208,0,
295,3000,13486,152857,1412,1064,49247,1064,49247,1,0,0,0,0,0,1899.60707,3974.2819999999997,0,
296,213,1547,13338,93,49,2012,47,1931,2,2,1,1,0,0,84.03368999999999,346.788,0,
297,255,1658,15383,111,39,2455,37,2235,8,4,1,3,0,0,69.26594999999999,399.95799999999997,0,
298,85,590,5268,20,3,172,3,172,1,1,0,1,0,0,5.482319999999999,136.968,0,
299,3000,15203,140351,2453,1008,198302,1008,198302,8,4,0,4,0,0,2377.40262,3649.1259999999997,0,
300,247,1572,12990,119,18,1448,17,1379,6,3,2,1,0,0,33.16741,337.74,0,
301,142,1026,9328,64,23,940,23,940,4,3,0,3,0,0,40.5884,242.528,0,
302,85,667,5858,45,4,193,4,193,3,2,1,1,0,0,7.171329999999999,152.308,0,
303,289,1587,13808,78,25,1590,25,1590,8,7,1,6,0,0,46.2829,359.008,0,
304,141,974,8823,57,11,855,10,780,5,3,1,2,0,0,19.6293,229.398,0,
305,95,710,6326,35,12,478,12,478,4,2,0,2,0,0,21.129179999999998,164.476,0,
306,153,1078,9490,72,20,1237,17,1103,4,3,2,1,0,0,33.150549999999996,246.73999999999998,0,
307,95,579,5497,17,4,161,4,161,2,1,0,1,0,0,7.049409999999999,142.922,0,
308,266,1770,15871,124,64,3087,62,3002,5,3,1,2,0,0,112.25391999999998,412.64599999999996,0,
309,3000,14918,150956,1593,1021,62291,1021,62291,1,0,0,0,0,0,1880.11771,3924.8559999999998,0,
310,119,946,7701,47,12,859,12,859,4,3,0,3,0,0,22.580789999999997,200.226,0,
311,274,1814,16254,118,34,2902,34,2902,7,2,2,0,0,0,65.76262,422.604,0,
312,222,1575,12962,119,48,2566,47,2600,5,3,1,2,0,0,85.96787999999998,337.012,0,
313,83,569,5345,25,3,180,3,180,2,2,1,1,0,0,5.5127999999999995,138.97,0,
314,161,1053,10002,62,25,1515,25,1515,4,2,0,2,0,0,45.99715,260.05199999999996,0,
315,284,1875,16512,116,52,3146,52,3146,4,3,0,3,0,0,95.65425999999998,429.31199999999995,0,
316,249,1598,14085,109,41,2229,41,2229,11,3,1,2,0,0,74.46149,366.21,0,
317,134,946,8010,61,17,1244,16,1195,3,2,1,1,0,0,30.833769999999998,208.26,0,
318,3000,14925,145816,1513,691,51227,691,51227,8,3,0,3,0,0,1306.99387,3791.216,0,
319,124,1044,8321,74,9,727,9,727,4,2,1,1,0,0,17.25087,216.346,0,
320,92,588,5310,23,2,96,2,96,1,0,0,0,0,0,3.5837599999999994,138.06,0,
321,129,931,8540,51,21,790,21,790,2,1,0,1,0,0,36.798899999999996,222.04,0,
322,354,2000,18897,151,82,5501,82,5501,6,3,0,3,0,0,152.89681000000002,491.322,0,
323,248,1648,14219,122,62,3636,60,3587,3,2,1,1,0,0,111.22228999999999,369.69399999999996,0,
324,132,850,7906,48,22,932,22,932,2,1,0,1,0,0,38.94892,205.55599999999998,0,
325,104,649,4878,36,10,452,10,452,3,1,0,1,0,0,17.812119999999997,126.82799999999999,0,
326,261,1517,14506,82,33,1928,31,1808,5,4,1,3,0,0,57.867079999999994,377.156,0,
327,3000,14961,145948,1681,906,55805,906,55805,0,0,0,0,0,0,1670.3710499999997,3794.6479999999997,0,
328,73,735,4845,61,7,353,7,353,3,2,0,2,0,0,12.60793,125.97,0,
329,144,1029,8612,54,23,1173,23,1173,5,3,0,3,0,0,41.47613,223.91199999999998,0,
330,267,1717,16558,109,58,2546,57,2528,5,4,2,2,0,0,101.84492,430.508,0,
331,196,1228,11444,62,23,1269,23,1269,5,3,0,3,0,0,41.84189,297.544,0,
332,144,802,7639,36,9,637,9,637,3,1,0,1,0,0,16.90797,198.614,0,
333,99,715,6343,28,7,386,7,386,2,1,0,1,0,0,12.73366,164.918,0,
334,3000,14469,139051,2012,1110,62594,1108,62494,6,4,2,2,0,0,2021.95014,3615.326,0,
335,148,1129,8612,106,23,1208,21,1164,4,3,1,2,0,0,39.23376,223.91199999999998,0,
336,81,665,5052,51,15,576,13,516,4,3,1,2,0,0,23.911759999999997,131.352,0,
337,3000,13861,143920,1542,844,48560,844,48560,2,0,0,0,0,0,1543.0095999999999,3741.9199999999996,0,
338,213,1475,11779,104,41,1854,41,1854,3,2,0,2,0,0,73.03273999999999,306.25399999999996,0,
339,75,598,5386,29,5,254,5,254,2,1,0,1,0,0,9.012739999999999,140.036,0,
340,200,1253,11643,74,30,1994,30,1994,6,2,0,2,0,0,55.86713999999999,302.71799999999996,0,
341,378,2349,23251,171,93,4700,89,4766,8,3,1,2,0,0,163.19758,604.526,0,
342,174,1198,10995,93,28,1988,28,1988,4,4,1,3,0,0,52.626279999999994,285.87,0,
343,186,1260,11758,87,32,2088,31,2034,6,6,2,4,0,0,58.17126,305.70799999999997,0,
344,166,1035,9858,58,31,1205,31,1205,3,1,0,1,0,0,54.47005,256.308,0,
345,3000,13869,142786,1492,814,47117,814,47117,3,2,0,2,0,0,1489.2417699999999,3712.4359999999997,0,
346,3000,15272,154262,1732,1031,58385,1031,58385,2,0,0,0,0,0,1881.3258499999997,4010.812,0,
347,100,892,6664,46,10,454,10,454,5,3,1,2,0,0,17.819740000000003,173.26399999999998,0,
348,118,794,6927,39,14,556,14,556,2,2,1,1,0,0,24.64436,180.102,0,
349,392,2531,23040,156,89,4835,89,4835,5,2,0,2,0,0,161.62234999999998,599.04,0,
350,132,911,7842,48,13,804,11,729,5,3,2,1,0,0,21.522989999999997,203.892,0,
351,268,1776,15285,120,50,2968,49,2891,4,2,1,1,0,0,90.42557,397.40999999999997,0,
352,252,1387,12650,85,29,1503,29,1503,10,5,1,4,0,0,52.387429999999995,328.9,0,
353,85,665,5387,35,9,443,9,443,3,2,0,2,0,0,16.168829999999996,140.06199999999998,0,
354,309,1798,16920,106,44,2275,42,2228,4,2,1,1,0,0,77.08013999999999,439.91999999999996,0,
355,181,1146,9529,80,36,1774,36,1774,3,2,0,2,0,0,64.68293999999999,247.754,0,
356,122,767,6342,43,19,909,19,909,3,2,0,2,0,0,34.03429,164.892,0,
357,166,1048,9947,65,26,1334,26,1334,7,3,0,3,0,0,46.91654,258.622,0,
358,395,2562,23965,174,69,4502,66,4331,9,5,1,4,0,0,124.33389,623.0899999999999,0,
359,177,1166,10908,73,34,1594,34,1594,3,2,0,2,0,0,60.77913999999999,283.608,0,
360,146,928,8378,56,23,947,23,947,3,1,0,1,0,0,40.615069999999996,217.828,0,
361,121,817,6708,47,15,898,15,898,5,3,0,3,0,0,27.55638,174.408,0,
362,361,2023,19795,116,48,3233,45,3041,11,3,2,1,0,0,85.65476999999998,514.67,0,
363,3000,15304,147328,1857,1126,67753,1126,67753,0,0,0,0,0,0,2069.87293,3830.528,0,
364,68,588,4079,29,5,182,5,182,2,1,0,1,0,0,8.73842,106.054,0,
365,239,1766,14129,112,40,2697,37,2559,8,5,1,4,0,0,70.88262999999999,367.354,0,
366,108,609,5288,24,4,212,4,212,2,0,0,0,0,0,7.243719999999999,137.488,0,
367,3000,14721,151420,1640,1017,62781,1017,62781,0,0,0,0,0,0,1875.5486099999996,3936.9199999999996,0,
368,189,1400,11404,79,32,1282,32,1282,5,3,1,2,0,0,56.37242,296.50399999999996,0,
369,132,931,8213,67,13,835,13,835,5,3,1,2,0,0,24.098349999999996,213.53799999999998,0,
370,131,804,7752,49,9,673,6,502,4,3,2,1,0,0,13.2054,201.552,0,
371,415,2660,23470,212,79,5696,75,5408,12,8,4,4,0,0,143.53531999999998,610.22,0,
372,3000,13944,151485,1623,1031,62270,1031,62270,0,0,0,0,0,0,1896.1276999999998,3938.6099999999997,0,
373,395,2128,18525,107,26,1910,25,1756,12,5,1,4,0,0,47.57607999999999,481.65,0,
374,75,529,4078,23,3,115,3,115,2,0,0,0,0,0,5.26515,106.02799999999999,0,
375,3000,16622,139673,3291,1153,248456,1153,248456,2,1,0,1,0,0,2801.79436,3631.498,0,
376,230,1740,13090,110,40,2353,40,2353,4,2,0,2,0,0,73.32493,340.34,0,
377,468,2886,25828,181,84,4842,83,4730,6,2,1,1,0,0,152.17945999999998,671.528,0,
378,88,760,5777,47,14,566,14,566,2,2,0,2,0,0,24.68246,150.202,0,
379,249,1496,13935,85,34,2026,34,2026,4,3,0,3,0,0,62.425059999999995,362.31,0,
380,216,1400,12844,93,39,2077,34,1805,4,4,1,3,0,0,64.29901,333.94399999999996,0,
381,91,690,6597,38,11,572,11,572,2,2,0,2,0,0,19.87832,171.522,0,
382,101,725,6141,42,12,656,12,656,3,1,0,1,0,0,21.80736,159.666,0,
383,237,1656,15343,124,54,2231,54,2231,5,5,3,2,0,0,95.38611,398.918,0,
384,181,1156,10773,66,38,1454,38,1454,1,1,0,1,0,0,66.68174,280.098,0,
385,247,1644,14390,123,34,2696,32,2639,10,6,1,5,0,0,62.56785,374.14,0,
386,138,1069,9051,66,20,1173,20,1173,4,3,2,1,0,0,36.64912999999999,235.326,0,
387,156,1107,10019,61,30,1189,30,1189,4,2,0,2,0,0,52.80009,260.49399999999997,0,
388,217,1394,13039,107,36,2725,34,2506,8,5,2,3,0,0,65.47027999999999,339.014,0,
389,170,991,9454,49,13,845,13,845,4,1,0,1,0,0,24.136449999999996,245.804,0,
390,215,1171,12037,48,13,907,13,907,4,1,0,1,0,0,24.37267,312.962,0,
391,3000,14209,156841,1449,1100,45789,1100,45789,0,0,0,0,0,0,1944.3560899999998,4077.866,0,
392,182,1376,10801,111,36,1681,36,1681,8,5,0,5,0,0,64.32861,280.82599999999996,0,
393,166,1197,10214,70,34,1461,34,1461,2,2,0,2,0,0,60.272409999999994,265.56399999999996,0,
394,3000,14599,143424,1254,825,45502,825,45502,3,2,0,2,0,0,1500.78762,3729.024,0,
395,251,1816,13130,183,60,3208,59,3160,3,1,1,0,0,0,107.50623999999999,341.38,0,
396,3000,13739,139395,1559,1040,71841,1040,71841,2,1,0,1,0,0,1947.0742099999998,3624.27,0,
397,125,917,6996,45,14,821,14,821,4,1,0,1,0,0,25.65401,181.896,0,
398,3000,14650,146580,1331,929,50393,929,50393,0,0,0,0,0,0,1686.7583300000001,3811.08,0,
399,130,996,7738,75,10,785,10,785,4,3,1,2,0,0,19.08085,201.188,0,
400,124,848,7648,42,8,700,8,700,4,2,1,1,0,0,15.538999999999998,198.84799999999998,0,
401,3000,13677,143374,1433,832,45819,830,45773,5,1,1,0,0,0,1510.8774099999998,3727.7239999999997,0,
402,180,1321,8803,72,14,949,14,949,5,3,0,3,0,0,26.141689999999997,228.878,0,
403,3000,14140,145210,1141,675,46076,675,46076,3,1,0,1,0,0,1261.6245599999997,3775.46,0,
404,326,2096,17666,157,71,4765,71,4765,7,3,0,3,0,0,132.39364999999998,459.316,0,
405,151,1106,9717,63,21,1200,19,1140,4,3,1,2,0,0,35.9432,252.642,0,
406,349,2121,20621,130,87,3534,87,3534,6,4,0,4,0,0,153.44754,536.146,0,
407,3000,14428,147584,1319,923,57674,923,57674,0,0,0,0,0,0,1704.84494,3837.1839999999997,0,
408,235,1527,13595,124,28,2217,27,2179,11,5,2,3,0,0,52.26883,353.46999999999997,0,
409,68,545,4464,20,2,148,2,148,3,1,0,1,0,0,3.7818799999999997,116.064,0,
410,3000,14664,138632,2199,1114,194252,1114,194252,2,0,0,0,0,0,2532.52612,3604.432,0,
411,3000,15001,143274,1281,816,46980,816,46980,2,1,0,1,0,0,1491.9378,3725.124,0,
412,138,931,7943,47,10,608,8,532,5,4,2,2,0,0,15.946599999999998,206.518,0,
413,125,1022,8373,52,20,877,20,877,2,1,0,1,0,0,35.521370000000005,217.69799999999998,0,
414,95,687,5822,41,13,588,13,588,4,0,0,0,0,0,23.157279999999997,151.37199999999999,0,
415,3000,13853,156895,1132,1117,44394,1117,44394,0,0,0,0,0,0,1966.3941399999997,4079.27,0,
416,162,1183,9423,119,37,2037,36,1948,3,1,1,0,0,0,65.92989999999999,244.998,0,
417,308,1781,17042,123,49,3453,49,3453,6,2,1,1,0,0,91.99692999999999,443.092,0,
418,88,680,5378,30,5,419,5,419,3,1,0,1,0,0,9.64139,139.828,0,
419,226,862,8552,18,4,114,4,114,2,1,0,1,0,0,6.870340000000001,222.352,0,
420,158,1043,9561,96,30,1865,27,1595,5,3,2,1,0,0,51.275549999999996,248.58599999999998,0,
421,365,2165,20191,128,42,3386,42,3386,12,5,0,5,0,0,80.47865999999999,524.966,0,
422,172,974,8563,61,20,1290,20,1290,8,2,0,2,0,0,37.094899999999996,222.63799999999998,0,
423,233,1349,12893,63,24,1825,23,1748,5,4,1,3,0,0,44.23674,335.21799999999996,0,
424,119,833,7197,42,15,730,15,730,3,1,0,1,0,0,26.9163,187.12199999999999,0,
425,182,1357,11886,91,55,1917,55,1917,3,2,0,2,0,0,95.79876999999999,309.036,0,
426,188,1228,10428,76,33,1878,32,1820,9,6,2,4,0,0,58.96963999999999,271.128,0,
427,253,1595,16852,100,79,2501,79,2501,3,2,1,1,0,0,136.63981,438.152,0,
428,136,978,9043,45,28,1123,28,1123,2,1,0,1,0,0,49.33063,235.118,0,
429,3000,14926,150153,1488,1082,58542,1082,58542,2,0,0,0,0,0,1963.9830199999997,3903.9779999999996,0,
430,184,1185,8761,71,14,1137,14,1137,6,3,0,3,0,0,26.85797,227.786,0,
431,3000,14385,150359,1299,993,63225,993,63225,0,0,0,0,0,0,1838.6242499999998,3909.334,0,
432,357,2320,22862,158,126,4279,126,4279,3,0,0,0,0,0,219.03699,594.4119999999999,0,
433,129,1019,8590,63,14,1172,13,1113,5,1,1,0,0,0,25.706149999999997,223.34,0,
434,3000,14181,150476,1290,985,56881,985,56881,1,1,0,1,0,0,1801.5816099999997,3912.3759999999997,0,
435,280,2038,15800,165,72,3316,72,3316,5,1,1,0,0,0,128.48196,410.79999999999995,0,
436,158,969,8739,45,17,857,17,857,3,2,0,2,0,0,30.618169999999996,227.214,0,
437,216,1325,11935,87,28,1560,26,1446,8,6,2,4,0,0,48.435779999999994,310.31,0,
438,244,1523,14779,94,59,2638,59,2638,3,2,0,2,0,0,104.98177999999999,384.25399999999996,0,
439,112,765,6119,41,15,743,15,743,3,1,0,1,0,0,26.96583,159.094,0,
440,3000,16716,147849,1707,961,60840,961,60851,1,1,0,1,0,0,1778.0783299999998,3844.0739999999996,0,
441,205,1469,11227,104,40,2126,40,2126,3,2,0,2,0,0,72.46006,291.902,0,
442,169,1226,10301,81,27,1598,27,1598,6,5,1,4,0,0,49.53138,267.82599999999996,0,
443,259,1408,12737,79,26,2792,26,2792,7,2,0,2,0,0,52.47151999999999,331.162,0,
444,314,1836,18350,121,64,3288,62,3236,6,3,1,2,0,0,113.10651999999999,477.09999999999997,0,
445,75,495,3765,23,3,181,3,181,3,1,0,1,0,0,5.516609999999999,97.89,0,
446,94,551,5415,16,3,110,3,110,1,1,0,1,0,0,5.246099999999999,140.79,0,
447,124,760,7843,32,9,604,9,604,4,3,1,2,0,0,16.782239999999998,203.91799999999998,0,
448,157,1050,9513,55,32,1512,32,1512,3,2,0,2,0,0,57.24872,247.338,0,
449,270,1753,15073,139,58,3295,58,3295,7,1,0,1,0,0,105.87595,391.89799999999997,0,
450,86,630,5641,41,7,320,6,250,1,1,1,0,0,0,11.1681,146.666,0,
451,243,1660,14628,115,48,2971,48,2971,6,1,1,0,0,0,88.55150999999998,380.328,0,
452,106,777,6750,48,20,790,20,790,3,1,0,1,0,0,35.1899,175.5,0,
453,206,1273,12872,81,31,2537,31,2537,7,1,0,1,0,0,59.54496999999999,334.67199999999997,0,
454,102,683,5210,35,5,338,5,338,5,1,0,1,0,0,9.33278,135.46,0,
455,3000,13925,155106,1378,1079,49668,1079,49668,0,0,0,0,0,0,1925.3460799999998,4032.756,0,
456,261,1405,12507,73,17,1444,17,1444,6,3,1,2,0,0,32.854639999999996,325.18199999999996,0,
457,302,1758,16275,107,43,2398,43,2398,5,5,1,4,0,0,78.32338,423.15,0,
458,3000,13880,146376,1306,900,57664,900,57664,3,2,0,2,0,0,1667.79984,3805.776,0,
459,177,1238,10008,58,15,1037,15,1037,4,1,0,1,0,0,28.08597,260.20799999999997,0,
460,169,1142,9819,71,29,1294,27,1247,4,2,1,1,0,0,49.20753,255.29399999999998,0,
461,337,2247,20332,130,59,3858,59,3858,6,4,0,4,0,0,109.62997999999999,528.632,0,
462,408,2616,23976,188,98,5367,96,5214,4,2,1,1,0,0,175.46787999999998,623.376,0,
463,141,879,7756,28,6,318,6,318,4,1,0,1,0,0,10.865579999999998,201.65599999999998,0,
464,3000,14853,143804,1242,814,45834,814,45834,1,0,0,0,0,0,1484.3535399999998,3738.904,0,
465,3000,14573,138214,1676,1127,61310,1127,61310,5,2,0,2,0,0,2046.9341,3593.564,0,
466,3000,14201,144835,1213,850,48253,848,48073,8,4,1,3,0,0,1548.76053,3765.71,0,
467,83,734,4523,43,9,311,9,311,2,1,0,1,0,0,15.665909999999998,117.598,0,
468,109,598,5199,20,3,135,3,135,1,0,0,0,0,0,5.34135,135.174,0,
469,368,2316,21162,185,84,7520,84,7520,7,2,0,2,0,0,163.8072,550.212,0,
470,309,1813,16162,112,37,2284,36,2212,6,3,1,2,0,0,66.91568,420.212,0,
471,118,741,6409,43,13,679,13,679,4,3,0,3,0,0,23.503989999999995,166.634,0,
472,379,2498,20786,196,95,5499,91,5388,7,4,3,1,1,0,168.99426,540.4359999999999,0,
473,186,1249,11682,75,44,1568,44,1568,4,2,0,2,0,0,76.77008000000001,303.73199999999997,0,
474,64,522,4588,16,3,119,3,119,1,1,0,1,0,0,5.28039,119.288,0,
475,351,2241,20661,134,73,4122,73,4122,3,1,0,1,0,0,133.16181999999998,537.1859999999999,0,
476,162,1015,8178,49,14,836,14,836,4,0,0,0,0,0,25.711159999999996,212.628,0,
477,90,619,4969,30,9,337,9,337,3,2,0,2,0,0,15.764969999999998,129.194,0,
478,214,1133,10331,64,36,1916,36,1916,2,1,0,1,0,0,65.22395999999999,268.606,0,
479,94,681,6234,33,8,320,8,320,3,3,1,2,0,0,14.091199999999999,162.084,0,
480,3000,13908,156830,1238,1080,42573,1080,42573,4,0,0,0,0,0,1899.9231299999997,4077.58,0,
481,133,1051,8297,55,8,649,8,649,5,2,0,2,0,0,15.344689999999998,215.72199999999998,0,
482,3000,15237,151575,1230,1014,49423,1014,49423,0,0,0,0,0,0,1819.8276299999998,3940.95,0,
483,363,2770,22946,268,104,4246,104,4246,5,2,1,1,0,0,183.51325999999997,596.596,0,
484,133,979,8591,51,13,740,13,740,4,3,0,3,0,0,23.7364,223.36599999999999,0,
485,142,977,8715,57,20,1107,20,1107,3,2,0,2,0,0,36.397670000000005,226.59,0,
486,423,2568,24994,162,97,3850,97,3850,4,3,1,2,0,0,170.74149999999997,649.8439999999999,0,
487,237,1548,15503,94,36,1791,36,1791,9,5,0,5,0,0,64.74771,403.078,0,
488,96,615,5238,28,5,204,5,204,2,0,0,0,0,0,8.822239999999999,136.188,0,
489,182,1051,10975,50,14,912,14,912,5,3,1,2,0,0,26.000719999999998,285.34999999999997,0,
490,173,884,8346,33,6,509,6,509,5,2,0,2,0,0,11.59329,216.99599999999998,0,
491,157,1058,8734,78,21,1208,19,1173,5,4,1,3,0,0,36.039429999999996,227.084,0,
492,138,908,7608,71,24,1267,23,1225,3,1,1,0,0,0,42.20281,197.808,0,
493,84,601,5227,20,4,190,4,190,3,1,0,1,0,0,7.1598999999999995,135.902,0,
494,106,631,6150,15,4,143,4,143,0,0,0,0,0,0,6.980829999999999,159.9,0,
495,3000,14941,156008,1391,1092,45526,1092,45526,0,0,0,0,0,0,1930.4820599999996,4056.2079999999996,0,
496,3000,13935,143366,1263,827,46921,827,46921,5,3,0,3,0,0,1509.4120099999998,3727.5159999999996,0,
497,162,1189,8832,73,16,946,15,875,4,2,1,1,0,0,28.03153,229.63199999999998,0,
498,124,831,7477,45,14,939,14,796,2,1,0,1,0,0,25.7275,194.402,0,
499,207,1109,9695,58,23,903,20,804,4,3,1,2,0,0,36.797059999999995,252.07,0,
500,98,650,5316,26,8,369,8,369,3,0,0,0,0,0,14.27789,138.21599999999998,0,
501,131,898,8369,50,20,774,18,721,3,2,1,1,0,0,32.729549999999996,217.594,0,
502,115,784,6745,40,13,720,13,720,4,1,0,1,0,0,23.660199999999996,175.37,0,
503,329,1996,18557,135,46,3074,46,3074,8,6,1,5,0,0,85.72594,482.48199999999997,0,
504,108,745,6576,40,16,745,16,745,4,1,0,1,0,0,28.582449999999998,170.976,0,
505,111,679,6604,24,5,333,5,333,3,2,1,1,0,0,9.31373,171.70399999999998,0,
506,83,566,5818,20,4,223,4,223,3,2,1,1,0,0,7.285629999999999,151.268,0,
507,134,799,7170,40,14,704,14,704,4,3,0,3,0,0,25.20824,186.42,0,
508,119,862,8305,47,21,912,21,912,5,0,0,0,0,0,37.26371999999999,215.92999999999998,0,
509,234,1528,12927,94,33,2571,32,2478,6,1,1,0,0,0,61.51791999999999,336.102,0,
510,175,1020,9720,58,20,1155,17,1017,4,2,1,1,0,0,32.82760999999999,252.72,0,
511,102,649,6190,28,8,371,8,371,2,1,0,1,0,0,14.28551,160.94,0,
512,99,739,6720,33,14,734,14,734,3,1,0,1,0,0,25.32254,174.72,0,
513,119,945,7431,67,25,1177,24,1126,5,2,1,1,0,0,43.44523999999999,193.206,0,
514,132,907,8699,43,15,877,15,877,4,3,0,3,0,0,27.47637,226.17399999999998,0,
515,147,1001,9587,52,15,1182,15,1182,5,3,1,2,0,0,28.63842,249.262,0,
516,130,692,7026,27,6,330,6,330,3,0,0,0,0,0,10.911299999999999,182.676,0,
517,131,711,6716,29,8,265,7,227,2,2,1,1,0,0,12.651710000000001,174.61599999999999,0,
518,171,863,8720,34,12,684,12,684,5,3,1,2,0,0,21.914039999999996,226.72,0,
519,86,588,4998,27,8,392,8,392,4,2,0,2,0,0,14.36552,129.948,0,
520,112,736,6917,39,16,871,16,871,2,1,0,1,0,0,29.06251,179.84199999999998,0,
521,209,1244,11163,82,25,1490,25,1490,5,3,1,2,0,0,45.9019,290.238,0,
522,60,496,4355,15,3,163,3,163,2,1,0,1,0,0,5.448029999999999,113.22999999999999,0,
523,70,523,5192,15,4,104,4,104,2,2,1,1,0,0,6.832239999999999,134.992,0,
524,184,1116,10408,58,22,1396,22,1396,5,2,0,2,0,0,40.71676,270.608,0,
525,124,645,7075,18,7,144,7,144,1,1,0,1,0,0,11.811639999999999,183.95,0,
526,198,897,9351,36,14,673,14,673,3,2,0,2,0,0,25.09013,243.12599999999998,0,
527,218,1105,10378,38,12,702,11,654,5,2,1,1,0,0,20.72638,269.828,0,
528,133,930,7876,61,19,1138,17,1087,5,3,1,2,0,0,32.512649999999994,204.77599999999998,0,
529,110,745,6678,35,18,783,18,783,4,1,0,1,0,0,31.94523,173.628,0,
530,114,717,6860,37,7,217,7,198,2,1,1,0,0,0,12.0398,178.35999999999999,0,
531,185,1065,9307,58,22,1246,22,1246,6,4,0,4,0,0,40.14526,241.982,0,
532,160,980,9097,49,31,1166,31,1166,4,0,0,0,0,0,54.321459999999995,236.522,0,
533,241,1287,12287,85,31,2317,31,2317,10,4,0,4,0,0,58.70676999999999,319.462,0,
534,214,1113,10762,58,27,1236,27,1236,4,2,0,2,0,0,48.15216,279.812,0,
535,138,852,7706,40,18,718,18,718,3,2,0,2,0,0,31.697579999999995,200.356,0,
536,164,686,7165,18,3,122,3,122,3,2,1,1,0,0,5.2918199999999995,186.29,0,
537,111,755,7681,37,11,725,11,725,3,1,0,1,0,0,20.46125,199.706,0,
538,113,678,7232,24,5,259,5,259,4,3,0,3,0,0,9.031789999999999,188.03199999999998,0,
539,130,849,8110,32,8,515,8,515,4,0,0,0,0,0,14.83415,210.85999999999999,0,
540,117,772,6981,40,11,843,11,843,4,2,0,2,0,0,20.910829999999997,181.506,0,
541,108,706,7360,26,7,422,7,422,2,1,0,1,0,0,12.870819999999998,191.35999999999999,0,
542,163,862,8222,37,12,473,12,473,4,1,0,1,0,0,21.110129999999998,213.772,0,
543,113,744,7574,40,9,568,8,440,3,3,2,1,0,0,15.178439999999998,196.92399999999998,0,
544,170,1151,9889,85,29,1881,29,1881,5,4,1,3,0,0,53.82760999999999,257.114,0,
545,221,1445,13431,84,43,1963,43,1963,5,2,0,2,0,0,76.66602999999999,349.20599999999996,0,
546,73,537,5345,18,4,178,4,178,2,1,0,1,0,0,7.114179999999999,138.97,0,
547,221,1329,12093,94,38,2343,38,2343,8,5,0,5,0,0,70.06883,314.418,0,
548,165,1103,8978,83,27,1403,25,1302,7,2,2,0,0,0,46.26279999999999,233.428,0,
549,126,809,7152,51,6,563,6,563,5,2,1,1,0,0,11.799029999999998,185.952,0,
550,120,907,7893,56,24,1116,24,1116,4,2,1,1,0,0,42.86796,205.218,0,
551,206,1165,10803,58,22,1434,22,1434,7,2,0,2,0,0,40.86154,280.878,0,
552,112,735,6970,33,14,464,14,464,4,2,0,2,0,0,24.29384,181.22,0,
553,218,1441,14451,90,44,2086,42,1990,7,5,2,3,0,0,76.23118,375.726,0,
554,125,827,7924,47,14,1035,13,864,5,4,1,3,0,0,24.889619999999997,206.024,0,
555,108,679,5724,34,9,489,9,489,4,1,0,1,0,0,16.344089999999998,148.82399999999998,0,
556,122,850,7134,53,18,1094,18,1094,4,3,0,3,0,0,33.13014,185.48399999999998,0,
557,135,937,8052,63,21,1281,20,1231,8,3,1,2,0,0,37.40811,209.352,0,
558,112,757,7282,29,10,421,10,421,4,3,1,2,0,0,17.69401,189.332,0,
559,122,782,8142,39,23,857,23,857,2,1,0,1,0,0,40.272169999999996,211.69199999999998,0,
560,113,634,6005,21,8,259,8,259,2,0,0,0,0,0,13.858789999999999,156.13,0,
561,160,1064,10417,73,26,973,26,973,5,4,1,3,0,0,45.541129999999995,270.842,0,
562,122,787,7107,42,15,862,15,862,3,1,0,1,0,0,27.41922,184.78199999999998,0,
563,153,800,8311,26,9,503,9,503,5,3,0,3,0,0,16.39743,216.08599999999998,0,
564,137,931,7928,65,27,1449,27,1449,4,1,0,1,0,0,48.96369,206.128,0,
565,148,1023,9375,52,25,1135,25,1135,3,1,0,1,0,0,44.54935,243.75,0,
566,83,517,5116,21,3,164,3,164,3,2,1,1,0,0,5.45184,133.016,0,
567,218,1195,11457,90,21,1486,19,1287,6,6,4,2,0,0,36.66729,297.882,0,
568,133,909,7470,49,16,1001,16,1001,4,1,0,1,0,0,29.557809999999996,194.22,0,
569,115,743,7651,39,6,569,6,569,5,4,2,2,0,0,11.82189,198.926,0,
570,161,1144,9790,73,23,1602,22,1529,7,2,1,1,0,0,41.78863,254.54,0,
571,167,1077,11937,53,42,1189,42,1189,2,1,0,1,0,0,72.10809,310.36199999999997,0,
572,344,1670,15469,89,33,2120,33,2120,6,3,2,1,0,0,61.1742,402.19399999999996,0,
573,146,935,8757,46,22,1094,22,1094,3,0,0,0,0,0,39.56614,227.682,0,
574,137,840,8519,33,18,663,18,663,0,0,0,0,0,0,31.488029999999995,221.494,0,
575,88,586,5375,21,5,214,5,214,3,2,1,1,0,0,8.860339999999999,139.75,0,
576,125,799,7900,32,10,784,10,784,6,3,0,3,0,0,19.07704,205.39999999999998,0,
577,109,688,6328,35,11,594,11,594,3,1,0,1,0,0,19.96214,164.528,0,
578,160,969,8897,63,19,1088,19,1088,6,4,2,2,0,0,34.71628,231.322,0,
579,104,733,6678,29,8,482,8,482,2,2,0,2,0,0,14.708419999999998,173.628,0,
580,148,923,9323,50,30,1215,30,1215,4,3,0,3,0,0,52.89915,242.398,0,
581,80,537,5366,17,4,165,4,165,2,1,0,1,0,0,7.064649999999999,139.516,0,
582,222,1415,12484,91,37,2355,35,2106,6,3,1,2,0,0,65.59067999999999,324.584,0,
583,190,1196,11109,81,33,1276,30,1152,5,2,1,1,0,0,54.24244,288.834,0,
584,131,747,7060,29,11,359,11,359,3,1,0,1,0,0,19.066789999999997,183.56,0,
585,248,1644,15794,96,31,2171,28,1997,9,7,4,3,0,0,54.30289,410.644,0,
586,119,761,6420,37,13,874,13,874,4,0,0,0,0,0,24.246939999999995,166.92,0,
587,157,992,10561,56,20,1133,20,1133,6,5,2,3,0,0,36.49673,274.586,0,
588,146,877,7807,34,9,606,9,606,4,0,0,0,0,0,16.789859999999997,202.982,0,
589,122,903,8491,50,19,941,19,941,5,4,0,4,0,0,34.156209999999994,220.766,0,
590,80,567,4679,20,5,212,5,212,3,1,0,1,0,0,8.85272,121.654,0,
591,131,739,6678,30,9,542,9,542,4,1,0,1,0,0,16.54602,173.628,0,
592,157,1124,9286,78,38,2164,38,2164,4,2,0,2,0,0,69.38683999999999,241.43599999999998,0,
593,162,998,8568,57,24,1404,24,1404,3,2,0,2,0,0,43.965239999999994,222.768,0,
594,120,752,6907,39,18,607,18,607,3,2,1,1,0,0,31.274669999999993,179.582,0,
595,271,1532,14392,69,18,1564,18,1564,9,3,0,3,0,0,34.92084,374.192,0,
596,96,659,5936,22,4,247,3,205,2,1,1,0,0,0,6.13661,154.33599999999998,0,
597,99,704,6607,26,9,426,9,426,2,1,0,1,0,0,16.104059999999997,171.78199999999998,0,
598,353,2097,21691,150,62,3742,60,3689,15,11,3,8,0,0,111.61562999999998,563.966,0,
599,187,1153,10835,56,26,1503,26,1503,5,1,0,1,0,0,47.56043,281.71,0,
600,138,811,7986,31,11,567,9,491,3,1,1,0,0,0,17.399389999999997,207.636,0,
601,200,1109,10053,62,17,928,16,888,7,3,1,2,0,0,29.653479999999995,261.378,0,
602,129,832,8376,35,9,455,8,400,2,1,1,0,0,0,14.939899999999998,217.77599999999998,0,
603,147,757,7464,33,4,345,4,345,5,2,1,1,0,0,7.75045,194.064,0,
604,104,713,6816,28,7,428,7,428,5,1,0,1,0,0,12.89368,177.21599999999998,0,
605,229,1493,13842,95,47,2251,47,2251,4,2,1,1,0,0,84.19931,359.892,0,
606,167,1135,10810,75,40,1330,39,1230,3,1,1,0,0,0,68.03429999999999,281.06,0,
607,230,1415,13659,61,21,1590,19,1486,7,3,1,2,0,0,37.31338,355.13399999999996,0,
608,104,695,6373,40,11,768,11,768,4,2,1,1,0,0,20.62508,165.69799999999998,0,
609,141,780,6819,43,13,960,13,870,4,2,0,2,0,0,24.337899999999998,177.29399999999998,0,
610,247,1279,12651,61,12,1226,12,1226,7,4,1,3,0,0,23.979059999999997,328.926,0,
611,61,499,3915,22,3,242,3,242,5,1,0,1,0,0,5.74902,101.78999999999999,0,
612,115,682,6629,30,12,393,12,393,1,0,0,0,0,0,20.805329999999998,172.35399999999998,0,
613,227,1189,11211,69,15,987,15,987,7,5,1,4,0,0,27.89547,291.486,0,
614,179,1013,9094,42,10,874,10,874,6,3,0,3,0,0,19.419939999999997,236.444,0,
615,179,1225,9622,84,46,2130,46,2130,3,0,0,0,0,0,82.1293,250.172,0,
616,207,1085,10915,48,23,979,23,979,2,0,0,0,0,0,40.73699,283.78999999999996,0,
617,242,1485,14061,78,24,1946,22,1855,5,1,1,0,0,0,43.53093,365.58599999999996,0,
618,94,613,6020,23,4,235,4,235,3,2,1,1,0,0,7.33135,156.51999999999998,0,
619,100,693,6577,31,12,499,10,439,5,2,1,1,0,0,18.79139,171.00199999999998,0,
620,115,786,7335,34,13,660,13,660,4,3,0,3,0,0,23.4316,190.70999999999998,0,
621,90,618,6161,32,9,268,9,268,4,4,2,2,0,0,15.50208,160.18599999999998,0,
622,102,657,6365,20,8,302,8,302,5,4,1,3,0,0,14.022619999999998,165.48999999999998,0,
623,97,540,4944,21,3,170,3,170,2,0,0,0,0,0,5.4746999999999995,128.54399999999998,0,
624,73,525,5018,22,4,327,4,327,3,1,0,1,0,0,7.681869999999999,130.468,0,
625,171,848,10142,22,8,455,8,455,3,2,0,2,0,0,14.60555,263.692,0,
626,202,1342,11249,93,39,2306,39,2306,6,2,0,2,0,0,71.53685999999999,292.474,0,
627,207,1227,10261,62,27,1904,27,1904,4,2,0,2,0,0,50.697239999999994,266.786,0,
628,97,661,6155,26,6,270,6,270,4,2,1,1,0,0,10.6827,160.03,0,
629,87,625,5294,37,8,358,8,358,4,1,0,1,0,0,14.235979999999998,137.644,0,
630,148,904,8622,48,12,977,12,977,5,3,0,3,0,0,23.030369999999998,224.172,0,
631,201,1312,12493,95,35,2564,31,2212,8,6,3,3,0,0,60.638079999999995,324.818,0,
632,117,827,6908,49,15,883,15,883,5,3,1,2,0,0,27.499229999999997,179.608,0,
633,116,736,7325,28,12,343,12,343,1,1,0,1,0,0,20.614829999999998,190.45,0,
634,102,648,5260,41,7,388,6,267,3,1,1,0,0,0,11.293050000000001,136.76,0,
635,70,523,4492,19,4,274,4,274,2,0,0,0,0,0,7.479939999999999,116.792,0,
636,110,612,6499,20,7,267,7,267,1,1,0,1,0,0,12.280269999999998,168.974,0,
637,93,623,6256,21,9,435,9,435,2,1,0,1,0,0,16.13835,162.656,0,
638,172,851,8408,38,11,669,11,669,4,2,0,2,0,0,20.247889999999998,218.608,0,
639,99,644,5732,31,11,361,11,361,2,2,0,2,0,0,19.07441,149.03199999999998,0,
640,90,640,5578,28,9,480,9,480,4,1,0,1,0,0,16.3098,145.028,0,
641,396,2162,20422,152,62,4015,60,3835,9,5,2,3,0,0,112.32175,530.972,0,
642,129,881,7787,38,12,708,12,708,4,2,1,1,0,0,22.00548,202.462,0,
643,141,932,8910,60,26,1247,26,1247,4,1,0,1,0,0,46.585069999999995,231.66,0,
644,197,1083,10197,51,19,874,19,874,4,3,1,2,0,0,33.90094,265.122,0,
645,130,837,7881,48,21,1080,21,1080,3,1,0,1,0,0,37.9038,204.90599999999998,0,
646,104,643,6643,27,8,473,8,473,6,3,1,2,0,0,14.674129999999998,172.718,0,
647,90,601,5432,22,4,251,4,251,3,2,1,1,0,0,7.392309999999999,141.232,0,
648,150,786,7942,33,14,543,14,543,3,1,0,1,0,0,24.594829999999998,206.492,0,
649,194,1110,10594,53,21,1238,21,1238,4,3,1,2,0,0,38.505779999999994,275.44399999999996,0,
650,178,1144,11785,43,17,1000,17,1000,5,4,1,3,0,0,31.162999999999993,306.40999999999997,0,
651,103,695,6708,25,6,322,6,322,4,2,1,1,0,0,10.880819999999998,174.408,0,
652,123,878,8404,44,22,782,22,782,2,2,0,2,0,0,38.37742,218.504,0,
653,118,692,6976,21,5,206,5,206,2,1,0,1,0,0,8.829859999999998,181.376,0,
654,150,1013,9199,59,29,1293,29,1293,4,2,0,2,0,0,51.58733,239.17399999999998,0,
655,91,666,5734,33,8,419,8,419,4,1,0,1,0,0,14.468389999999998,149.084,0,
656,209,1251,12132,74,25,1602,21,1351,7,3,2,1,0,0,41.14849,315.43199999999996,0,
657,275,1585,14339,102,49,2424,47,2304,7,5,1,4,0,0,85.50084,372.81399999999996,0,
658,149,1031,9888,60,27,1245,27,1245,5,3,0,3,0,0,48.186449999999994,257.08799999999997,0,
659,152,1040,10183,56,17,1065,15,915,6,3,2,1,0,0,28.756149999999998,264.758,0,
660,188,1058,10026,57,29,1475,29,1475,5,4,0,4,0,0,52.28075,260.676,0,
661,173,1101,9880,83,32,1870,32,1870,6,1,0,1,0,0,58.6127,256.88,0,
662,103,708,5578,29,8,439,8,439,4,2,0,2,0,0,14.54459,145.028,0,
663,132,804,7379,26,7,441,7,441,4,1,0,1,0,0,12.943209999999999,191.85399999999998,0,
664,97,689,6384,30,5,473,5,473,5,2,0,2,0,0,9.84713,165.98399999999998,0,
665,97,646,6406,28,9,500,9,500,4,2,1,1,0,0,16.386,166.55599999999998,0,
666,163,1014,9411,50,20,1229,20,1229,5,1,0,1,0,0,36.862489999999994,244.68599999999998,0,
667,80,536,5046,15,3,137,3,137,2,1,0,1,0,0,5.34897,131.196,0,
668,107,734,6371,29,10,534,10,534,3,1,0,1,0,0,18.124539999999996,165.646,0,
669,115,751,7065,53,10,661,10,661,3,1,1,0,0,0,18.60841,183.69,0,
670,197,1297,13005,80,27,1642,25,1538,7,5,1,4,0,0,47.165499999999994,338.13,0,
671,99,729,6096,41,15,695,15,695,5,4,1,3,0,0,26.78295,158.49599999999998,0,
672,140,1010,9320,63,25,1126,25,1126,7,4,0,4,0,0,44.51506,242.32,0,
673,116,659,5985,21,7,315,7,315,2,0,0,0,0,0,12.463149999999999,155.60999999999999,0,
674,181,855,8567,27,8,459,8,459,2,2,0,2,0,0,14.620789999999998,222.742,0,
675,97,629,6189,16,3,198,3,198,2,1,0,1,0,0,5.581379999999999,160.914,0,
676,315,1410,14298,56,35,1279,35,1279,3,1,0,1,0,0,61.18799,371.748,0,
677,104,663,6025,36,12,408,12,408,3,1,0,1,0,0,20.862479999999998,156.65,0,
678,117,717,7022,30,12,527,12,527,3,1,0,1,0,0,21.315869999999997,182.572,0,
679,108,679,7155,25,9,468,9,468,5,4,1,3,0,0,16.26408,186.03,0,
680,79,528,5911,13,3,94,3,94,2,2,1,1,0,0,5.185139999999999,153.686,0,
681,79,547,4628,22,6,288,6,288,4,1,0,1,0,0,10.75128,120.32799999999999,0,
682,78,523,5033,19,5,243,5,243,3,1,0,1,0,0,8.97083,130.858,0,
683,95,632,6060,27,5,317,5,317,3,2,1,1,0,0,9.25277,157.56,0,
684,93,667,6021,30,11,494,10,391,3,2,1,1,0,0,18.180249999999997,156.546,0,
685,137,955,8275,62,27,1492,27,1492,2,2,0,2,0,0,49.12752,215.14999999999998,0,
686,162,944,9262,59,23,1291,23,1291,4,3,1,2,0,0,41.925709999999995,240.81199999999998,0,
687,291,1666,15593,91,31,1877,29,1798,9,5,2,3,0,0,54.5626,405.418,0,
688,176,1073,10256,52,16,1005,12,852,7,2,2,0,0,0,24.650660000000002,266.656,0,
689,191,1226,12315,71,43,1765,43,1765,3,2,0,2,0,0,75.91165,320.19,0,
690,105,676,6650,25,5,293,5,293,2,1,0,1,0,0,9.16133,172.9,0,
691,200,1037,9768,55,19,994,17,917,5,2,1,1,0,0,31.895629999999997,253.968,0,
692,143,908,8245,36,16,791,16,791,2,1,0,1,0,0,28.75771,214.36999999999998,0,
693,135,909,8447,45,29,889,29,889,3,2,0,2,0,0,50.04809,219.62199999999999,0,
694,159,1050,9433,59,24,1554,24,1554,7,2,0,2,0,0,44.53674,245.25799999999998,0,
695,102,671,6365,38,16,706,16,706,4,1,0,1,0,0,28.43386,165.48999999999998,0,
696,181,1165,9593,71,29,1708,29,1708,4,1,0,1,0,0,53.16848,249.41799999999998,0,
697,156,1066,8506,79,32,1816,32,1816,5,3,0,3,0,0,58.40696,221.15599999999998,0,
698,213,1248,10844,68,23,1814,21,1730,9,2,1,1,0,0,41.437419999999996,281.94399999999996,0,
699,216,1114,9743,62,14,920,9,680,5,3,2,1,0,0,19.749999999999996,253.31799999999998,0,
700,124,772,7365,29,9,415,9,415,4,4,1,3,0,0,16.062149999999995,191.48999999999998,0,
701,125,865,8035,54,16,876,16,876,4,3,0,3,0,0,29.081559999999996,208.91,0,
702,97,634,6603,25,8,270,8,270,2,1,0,1,0,0,13.9007,171.678,0,
703,110,719,6080,31,13,615,13,615,2,0,0,0,0,0,23.26015,158.07999999999998,0,
704,188,1160,11530,47,19,1087,19,1087,7,5,0,5,0,0,34.712469999999996,299.78,0,
705,186,1102,10881,51,18,918,18,918,6,3,1,2,0,0,32.459579999999995,282.906,0,
706,89,607,6026,18,3,194,3,194,3,2,1,1,0,0,5.56614,156.676,0,
707,142,810,7384,30,5,343,5,343,2,2,1,1,0,0,9.351829999999998,191.98399999999998,0,
708,193,972,9420,38,19,861,19,861,5,2,0,2,0,0,33.851409999999994,244.92,0,
709,103,672,6663,24,6,309,6,309,3,2,0,2,0,0,10.83129,173.238,0,
710,104,620,4882,19,4,342,4,342,4,0,0,0,0,0,7.73902,126.93199999999999,0,
711,111,765,7513,35,17,728,17,728,3,1,0,1,0,0,30.126679999999993,195.338,0,
712,104,573,6131,19,3,154,3,154,3,1,0,1,0,0,5.41374,159.406,0,
713,119,823,7993,57,11,952,11,952,7,3,1,2,0,0,21.32612,207.81799999999998,0,
714,189,1129,10208,68,20,1497,16,1247,4,2,2,0,0,0,32.70607,265.408,0,
715,120,785,7166,39,16,896,16,896,4,1,0,1,0,0,29.15776,186.316,0,
716,97,608,6099,17,5,189,5,189,2,2,1,1,0,0,8.76509,158.57399999999998,0,
717,116,679,6125,27,9,382,9,382,2,0,0,0,0,0,15.936419999999996,159.25,0,
718,87,596,5543,26,6,454,6,454,3,1,0,1,0,0,11.38374,144.118,0,
719,105,614,5153,24,7,393,7,393,4,1,0,1,0,0,12.76033,133.97799999999998,0,
720,174,1013,9701,42,20,1000,20,1000,1,0,0,0,0,0,35.99,252.226,0,
721,115,801,7187,47,17,963,17,963,4,1,0,1,0,0,31.022029999999997,186.862,0,
722,126,614,5348,23,5,302,5,302,4,1,0,1,0,0,9.19562,139.048,0,
723,115,695,6980,25,9,444,9,444,3,3,1,2,0,0,16.172639999999998,181.48,0,
724,208,1237,11973,51,21,1186,21,1186,5,3,0,3,0,0,38.30766,311.298,0,
725,111,671,6077,26,9,378,9,378,3,1,0,1,0,0,15.921179999999998,158.00199999999998,0,
726,86,551,5375,17,6,307,6,307,2,1,0,1,0,0,10.82367,139.75,0,
727,126,777,7098,38,13,675,13,675,4,0,0,0,0,0,23.488749999999996,184.548,0,
728,142,833,8221,36,24,768,24,768,2,0,0,0,0,0,41.54208,213.74599999999998,0,
729,149,778,7465,35,11,611,11,611,4,2,1,1,0,0,20.026909999999997,194.09,0,
730,104,688,6756,24,5,308,5,308,3,3,1,2,0,0,9.21848,175.656,0,
731,207,1112,9753,57,24,1393,24,1393,3,1,0,1,0,0,43.92332999999999,253.57799999999997,0,
732,126,858,8187,47,21,1023,21,1023,3,2,1,1,0,0,37.686629999999994,212.862,0,
733,70,530,5362,17,5,179,5,179,2,1,0,1,0,0,8.726989999999999,139.412,0,
734,178,1042,10458,53,21,1042,21,1042,4,1,0,1,0,0,37.75901999999999,271.908,0,
735,112,764,7436,30,14,616,14,616,2,1,0,1,0,0,24.87296,193.33599999999998,0,
736,119,720,6463,30,5,296,5,296,4,3,2,1,0,0,9.172759999999998,168.03799999999998,0,
737,102,669,6657,31,5,330,5,330,3,3,2,1,0,0,9.3023,173.082,0,
738,90,639,4995,30,7,430,7,430,3,0,0,0,0,0,12.901299999999999,129.87,0,
739,140,905,8596,50,24,994,22,901,3,2,1,1,0,0,39.89855,223.49599999999998,0,
740,108,728,6614,33,9,623,7,459,3,1,1,0,0,0,14.16331,171.964,0,
741,92,603,5487,23,6,286,6,286,4,2,0,2,0,0,10.743659999999998,142.662,0,
742,73,526,4550,20,5,218,5,218,3,2,0,2,0,0,8.87558,118.3,0,
743,94,575,5803,13,4,114,4,114,2,1,0,1,0,0,6.870340000000001,150.878,0,
744,146,902,7911,53,19,1058,17,982,5,3,1,2,0,0,32.14209999999999,205.68599999999998,0,
745,219,1020,10017,41,15,751,15,751,4,4,1,3,0,0,26.99631,260.442,0,
746,77,561,5437,26,5,205,5,205,4,2,1,1,0,0,8.826049999999999,141.362,0,
747,99,674,6466,32,12,655,12,655,4,3,0,3,0,0,21.80355,168.11599999999999,0,
748,175,907,7974,59,11,704,11,704,5,4,2,2,0,0,20.381240000000002,207.32399999999998,0,
749,88,631,5557,30,8,328,8,328,3,1,0,1,0,0,14.12168,144.482,0,
750,102,677,6628,34,14,559,14,559,3,1,0,1,0,0,24.65579,172.328,0,
751,3000,14819,145973,1463,906,54002,906,54002,1,0,0,0,0,0,1663.50162,3795.298,0,
752,235,1735,14884,134,55,2256,55,2256,7,2,0,2,0,0,97.09035999999999,386.984,0,
753,155,1027,8550,57,25,1345,25,1345,3,0,0,0,0,0,45.34944999999999,222.29999999999998,0,
754,190,1223,10706,72,30,1985,30,1985,5,2,0,2,0,0,55.83285,278.356,0,
755,147,908,8322,46,25,956,25,956,4,2,0,2,0,0,43.86736,216.37199999999999,0,
756,307,1932,15825,167,95,6062,95,6062,4,4,0,4,0,0,175.95121999999998,411.45,0,
757,154,1145,9946,67,20,1316,20,1316,8,5,0,5,0,0,37.19396,258.596,0,
758,298,1851,19654,112,93,3040,93,3040,3,2,1,1,0,0,161.2194,511.00399999999996,0,
759,238,1504,13634,101,42,2426,42,2426,7,3,0,3,0,0,76.82105999999999,354.484,0,
760,117,776,6898,39,12,552,12,552,3,2,0,2,0,0,21.411119999999997,179.34799999999998,0,
761,3000,15280,142494,1612,1124,55252,1124,55252,3,1,0,1,0,0,2019.0261199999998,3704.844,0,
762,75,696,5055,30,4,247,4,247,4,2,1,1,0,0,7.377069999999999,131.43,0,
763,65,479,3829,16,2,154,2,154,3,0,0,0,0,0,3.80474,99.554,0,
764,297,1684,16297,106,60,2795,60,2795,6,3,0,3,0,0,107.18894999999999,423.722,0,
765,3000,13340,139880,1172,770,44698,770,44698,4,2,0,2,0,0,1409.22938,3636.8799999999997,0,
766,176,1214,10090,82,18,1193,18,1193,7,4,1,3,0,0,33.507329999999996,262.34,0,
767,279,1770,14754,108,36,2427,36,2427,7,2,0,2,0,0,67.17087,383.604,0,
768,330,2011,18277,131,75,3621,75,3621,4,2,0,2,0,0,134.47100999999998,475.202,0,
769,298,1971,18864,116,36,2896,35,2844,11,6,2,4,0,0,67.691,490.464,0,
770,254,1418,14068,79,44,2089,41,1943,6,2,1,1,0,0,74.98111,365.768,0,
771,190,1077,8513,83,16,1099,14,955,5,4,1,3,0,0,27.292469999999998,221.338,0,
772,141,916,8904,50,15,887,15,887,5,2,0,2,0,0,27.51447,231.504,0,
773,120,840,7424,43,12,684,12,684,4,2,0,2,0,0,21.914039999999996,193.024,0,
774,418,2923,26646,217,125,5526,124,5463,8,4,2,2,0,0,220.88336999999999,692.7959999999999,0,
775,465,2953,27097,180,89,5200,89,5200,4,0,0,0,0,0,163.01299999999998,704.5219999999999,0,
776,338,1958,18527,125,49,3214,49,3214,4,3,0,3,0,0,91.08634,481.702,0,
777,3000,14213,140618,1209,763,46960,763,46960,5,4,0,4,0,0,1406.5846,3656.0679999999998,0,
778,108,885,6205,36,7,503,7,503,2,1,0,1,0,0,13.179429999999998,161.32999999999998,0,
779,377,2323,21227,150,53,3749,53,3749,11,3,1,2,0,0,99.56069,551.9019999999999,0,
780,182,1250,10790,72,26,1904,26,1904,7,4,1,3,0,0,49.08823999999999,280.53999999999996,0,
781,113,773,6166,37,5,597,5,597,6,2,2,0,0,0,10.319569999999999,160.316,0,
782,283,1591,14638,94,22,1954,20,1799,12,5,2,3,0,0,40.17509,380.58799999999997,0,
783,441,2526,23998,140,64,4145,64,4145,9,4,0,4,0,0,118.76844999999999,623.948,0,
784,177,1178,11531,75,39,1767,39,1767,4,2,1,1,0,0,69.48326999999999,299.806,0,
785,337,2169,21004,142,82,3623,80,3577,7,3,2,1,0,0,143.36065,546.1039999999999,0,
786,3000,15029,145387,1604,1139,68764,1139,68764,0,0,0,0,0,0,2094.64184,3780.062,0,
787,157,1230,10091,73,23,1168,23,1168,4,2,0,2,0,0,41.45708,262.366,0,
788,94,655,5911,29,7,340,7,340,2,1,0,1,0,0,12.558399999999999,153.686,0,
789,234,1377,12597,78,24,1908,21,1679,7,5,2,3,0,0,41.893209999999996,327.522,0,
790,106,778,7375,37,12,561,12,561,3,2,0,2,0,0,21.44541,191.75,0,
791,91,604,6017,24,4,278,4,278,2,1,0,1,0,0,7.4951799999999995,156.44199999999998,0,
792,77,539,5425,22,5,282,5,282,3,3,1,2,0,0,9.119419999999998,141.04999999999998,0,
793,175,1084,11292,41,14,782,14,782,3,1,0,1,0,0,25.50542,293.592,0,
794,372,2393,22400,178,89,4178,89,4178,6,2,0,2,0,0,159.11917999999997,582.4,0,
795,179,1261,10462,82,34,1769,34,1769,5,2,0,2,0,0,61.44589,272.012,0,
796,188,1101,10721,51,24,1006,24,1006,4,2,0,2,0,0,42.448859999999996,278.746,0,
797,113,859,7496,65,21,1020,21,1020,4,1,1,0,0,0,37.6752,194.896,0,
798,380,2373,21513,162,52,3807,52,3807,12,7,2,5,0,0,98.17267,559.338,0,
799,187,1054,9516,46,15,776,15,776,3,2,0,2,0,0,27.09156,247.416,0,
800,308,1972,17203,123,66,3711,66,3711,4,1,0,1,0,0,120.33291,447.27799999999996,0,
801,449,2928,26759,227,100,5630,98,5534,12,5,2,3,0,0,179.83782,695.7339999999999,0,
802,196,1179,10213,60,25,1281,25,1281,3,1,0,1,0,0,45.10561,265.538,0,
803,165,1009,8540,56,8,665,8,665,7,3,1,2,0,0,15.40565,222.04,0,
804,174,1170,11187,72,13,1281,13,1281,9,4,1,3,0,0,25.797609999999995,290.86199999999997,0,
805,120,809,7473,41,10,499,8,445,3,3,2,1,0,0,15.58917,194.298,0,
806,242,1471,14231,111,36,2452,34,2396,12,5,1,4,0,0,64.85884,370.006,0,
807,125,913,7852,59,26,1124,26,1124,4,2,0,2,0,0,46.11644,204.152,0,
808,101,742,6513,40,11,527,11,527,4,4,1,3,0,0,19.70687,169.338,0,
809,3000,15723,138293,1758,1103,58644,1100,58528,7,4,2,2,0,0,1994.4655599999999,3595.618,0,
810,433,2532,22569,160,60,3967,58,3826,14,6,2,4,0,0,109.02344,586.794,0,
811,3000,14080,143097,1120,591,42842,591,43524,5,4,0,4,0,0,1115.94068,3720.522,0,
812,320,2245,20198,165,80,3632,80,3632,5,3,0,3,0,0,142.55792000000002,525.148,0,
813,221,1318,12037,78,35,1826,35,1826,4,2,0,2,0,0,63.272059999999996,312.962,0,
814,141,1055,8534,72,22,1263,22,1263,6,3,1,2,0,0,40.210029999999996,221.884,0,
815,82,621,5452,32,8,490,8,490,3,3,0,3,0,0,14.7389,141.75199999999998,0,
816,173,1229,11000,79,26,1338,24,1240,8,5,2,3,0,0,44.41404,286,0,
817,238,1476,13145,83,35,1922,35,1922,7,5,1,4,0,0,63.63782,341.77,0,
818,312,1922,16172,112,48,2997,48,2997,7,5,0,5,0,0,88.65056999999999,420.472,0,
819,140,951,8515,55,9,698,8,666,8,3,1,2,0,0,15.92622,221.39,0,
820,170,1150,10273,74,26,1299,26,1299,6,4,1,3,0,0,46.78318999999999,267.098,0,
821,514,3362,27849,258,122,8193,122,8135,13,7,2,5,0,0,227.36078999999998,724.074,0,
822,127,966,8392,58,18,979,18,979,5,2,1,1,0,0,32.69199,218.19199999999998,0,
823,83,588,5224,26,6,252,6,252,2,0,0,0,0,0,10.61412,135.82399999999998,0,
824,212,1348,12138,71,38,1721,38,1721,2,0,0,0,0,0,67.69901,315.58799999999997,0,
825,3000,15255,136878,1790,1118,63567,1118,63567,0,0,0,0,0,0,2041.05227,3558.828,0,
826,3000,13704,141755,1230,767,44451,767,44451,2,2,0,2,0,0,1403.46131,3685.6299999999997,0,
827,289,1789,15423,94,38,2221,38,2221,7,1,0,1,0,0,69.60400999999999,400.998,0,
828,242,1607,14119,105,48,2364,48,2364,9,5,0,5,0,0,86.23884,367.094,0,
829,63,470,3683,18,2,151,2,151,3,0,0,0,0,0,3.79331,95.758,0,
830,146,868,8446,41,16,621,16,621,3,2,0,2,0,0,28.11001,219.596,0,
831,3000,15219,138482,2279,1086,195916,1086,195916,6,2,0,2,0,0,2493.8139599999995,3600.5319999999997,0,
832,135,1029,7508,53,8,717,8,717,5,2,0,2,0,0,15.603769999999999,195.208,0,
833,227,1443,13061,93,36,1717,36,1717,7,3,1,2,0,0,64.46576999999999,339.586,0,
834,291,2008,17139,164,96,4428,96,4428,4,2,0,2,0,0,171.33468,445.614,0,
835,3000,14847,142201,1450,805,46939,805,46939,5,2,0,2,0,0,1474.0825899999998,3697.2259999999997,0,
836,237,1389,11621,78,10,837,10,837,5,3,1,2,0,0,19.278969999999997,302.14599999999996,0,
837,152,1074,9169,101,21,1137,17,872,4,2,1,1,0,0,32.904019999999996,238.39399999999998,0,
838,171,1039,9436,60,10,805,9,697,5,3,2,1,0,0,17.743009999999998,245.33599999999998,0,
839,91,712,6432,49,10,500,7,295,3,2,2,0,0,0,14.06585,167.232,0,
840,437,2581,26675,156,127,5204,127,5204,4,0,0,0,0,0,224.17024,693.55,0,
841,3000,14786,142054,1528,816,46297,816,46297,0,0,0,0,0,0,1489.3355699999997,3693.404,0,
842,358,2434,21007,145,46,2978,44,2910,8,4,2,2,0,0,82.92134,546.182,0,
843,171,1155,9762,72,17,981,16,905,4,2,2,0,0,0,29.760729999999995,253.81199999999998,0,
844,86,655,6117,28,7,263,7,263,3,2,1,1,0,0,12.265029999999998,159.042,0,
845,523,3431,29669,242,106,6020,104,5945,12,7,1,6,0,0,191.03294999999997,771.394,0,
846,141,945,8408,64,21,952,19,898,4,3,1,2,0,0,35.0141,218.608,0,
847,357,2215,20589,126,52,3441,52,3441,9,6,1,5,0,0,96.77820999999999,535.314,0,
848,165,996,9556,61,31,1433,31,1433,2,2,0,2,0,0,55.33873,248.456,0,
849,483,3309,28096,215,106,5762,106,5762,7,5,0,5,0,0,192.50722,730.496,0,
850,434,2791,24979,209,76,5495,70,5243,14,6,3,3,0,0,135.77719,649.454,0,
851,124,775,6911,35,10,388,10,388,2,0,0,0,0,0,17.56828,179.68599999999998,0,
852,149,1068,9166,67,18,1090,18,1090,5,2,0,2,0,0,33.1149,238.316,0,
853,102,685,5399,41,10,476,10,476,4,2,0,2,0,0,17.90356,140.374,0,
854,120,724,6986,22,3,237,3,237,1,0,0,0,0,0,5.72997,181.636,0,
855,143,893,7965,48,8,610,8,610,6,2,1,1,0,0,15.1961,207.09,0,
856,337,2151,20260,141,69,3937,67,3834,5,2,1,1,0,0,123.49007999999999,526.76,0,
857,3000,15655,154864,1752,1066,57224,1066,57224,1,0,0,0,0,0,1933.21744,4026.464,0,
858,110,917,7285,43,17,628,17,628,3,2,0,2,0,0,29.745679999999997,189.41,0,
859,189,1322,11236,102,28,2032,26,1971,6,2,1,1,0,0,50.37348999999999,292.13599999999997,0,
860,259,1641,14330,102,38,2239,36,2052,6,4,1,3,0,0,66.92078,372.58,0,
861,318,2133,20135,150,83,3564,83,3564,7,4,1,3,0,0,147.12584,523.51,0,
862,127,937,6964,58,19,1097,19,1097,5,1,0,1,0,0,34.750569999999996,181.064,0,
863,212,1449,13022,87,31,2201,31,2201,7,3,0,3,0,0,58.26481,338.572,0,
864,179,1167,11370,67,23,1101,23,1101,6,2,0,2,0,0,41.201809999999995,295.62,0,
865,145,894,8882,42,10,586,10,586,4,1,0,1,0,0,18.32266,230.932,0,
866,204,1321,11871,87,36,2128,36,2128,6,3,1,2,0,0,66.03168,308.64599999999996,0,
867,3000,13150,141587,1031,605,36721,605,36721,2,0,0,0,0,0,1113.3520099999998,3681.2619999999997,0,
868,137,954,7763,54,18,808,18,808,3,2,0,2,0,0,32.040479999999995,201.838,0,
869,111,950,6985,58,16,780,16,780,5,4,3,1,0,0,28.7158,181.60999999999999,0,
870,264,1771,15421,101,45,2922,45,2922,6,2,0,2,0,0,83.53782,400.94599999999997,0,
871,208,1437,12485,107,27,2230,26,2143,6,1,1,0,0,0,50.58049,324.60999999999996,0,
872,341,2163,20248,124,80,3376,80,3376,6,4,0,4,0,0,141.58256,526.448,0,
873,359,2284,19930,201,103,5885,101,5764,5,3,1,2,0,0,185.57062,518.18,0,
874,219,1450,13268,83,41,2186,41,2186,4,4,0,4,0,0,74.29766,344.96799999999996,0,
875,153,968,9528,53,29,1184,29,1184,4,2,0,2,0,0,51.172039999999996,247.72799999999998,0,
876,209,1369,11436,96,35,2309,28,1787,5,2,1,1,0,0,55.82943,297.336,0,
877,446,2849,24428,209,108,6242,108,6242,10,4,0,4,0,0,197.55402,635.1279999999999,0,
878,217,1341,12246,62,19,1358,19,1358,6,4,1,3,0,0,35.74498,318.39599999999996,0,
879,217,1496,13655,90,30,1905,30,1905,8,4,0,4,0,0,55.52805,355.03,0,
880,414,2135,19695,120,44,2533,40,2410,8,3,2,1,0,0,75.60324,512.0699999999999,0,
881,184,1144,11472,72,45,1510,45,1510,4,1,0,1,0,0,78.15809999999999,298.272,0,
882,329,1922,19408,130,40,2781,37,2569,10,5,3,2,0,0,71.00805,504.608,0,
883,352,1817,18092,91,58,2094,58,2094,5,2,0,2,0,0,101.30014,470.392,0,
884,112,730,6551,40,11,377,9,315,3,2,1,1,0,0,16.71231,170.326,0,
885,97,668,6570,28,6,357,6,357,4,2,1,1,0,0,11.01417,170.82,0,
886,109,695,6186,35,10,505,10,505,4,3,0,3,0,0,18.01405,160.83599999999998,0,
887,117,845,7392,41,15,830,15,830,4,3,1,2,0,0,27.2973,192.19199999999998,0,
888,194,1229,11388,61,27,1535,27,1535,8,3,0,3,0,0,49.29135,296.08799999999997,0,
889,112,664,5693,29,4,340,4,340,3,1,0,1,0,0,7.731399999999999,148.018,0,
890,142,827,7173,34,11,556,11,556,4,2,0,2,0,0,19.81736,186.498,0,
891,108,747,6635,43,19,760,19,760,5,1,0,1,0,0,33.4666,172.51,0,
892,202,1208,11792,89,25,1579,23,1422,7,5,2,3,0,0,43.56808,306.592,0,
893,141,818,7494,38,5,352,5,352,4,3,2,1,0,0,9.38612,194.844,0,
894,90,593,5765,24,6,310,6,310,3,2,1,1,0,0,10.8351,149.89,0,
895,91,663,5695,34,6,429,6,429,4,1,0,1,0,0,11.28849,148.07,0,
896,424,2620,24074,185,80,4577,77,4352,12,8,3,5,0,0,142.17662,625.924,0,
897,415,2536,22710,164,72,4785,72,4785,12,7,0,7,0,0,134.07885,590.4599999999999,0,
898,198,1311,10859,73,37,2091,37,2091,4,1,0,1,0,0,67.49971,282.334,0,
899,187,1161,11270,53,19,1025,19,1025,8,3,0,3,0,0,34.47624999999999,293.02,0,
900,3000,13576,148707,992,469,36257,468,36370,9,7,1,6,0,0,891.9273599999999,3866.3819999999996,0,
901,271,1918,16295,126,56,2788,56,2744,6,3,0,3,0,0,100.61055999999999,423.66999999999996,0,
902,308,2032,18160,123,78,3603,78,3603,5,0,0,0,0,0,139.22942999999998,472.15999999999997,0,
903,80,588,4680,16,3,132,3,132,3,0,0,0,0,0,5.329919999999999,121.67999999999999,0,
904,289,1815,16066,120,64,2825,64,2825,5,3,0,3,0,0,113.73924999999998,417.716,0,
905,162,1178,10811,69,23,1547,22,1479,6,2,1,1,0,0,41.59223,281.086,0,
906,117,855,7007,47,14,780,14,780,2,0,0,0,0,0,25.497799999999998,182.182,0,
907,3000,15249,136451,1859,1026,60723,1026,60723,6,5,0,5,0,0,1882.1886299999999,3547.7259999999997,0,
908,250,1743,16090,117,29,2242,25,1999,9,5,3,2,0,0,50.043929999999996,418.34,0,
909,3000,13876,140305,1827,908,92736,908,92736,4,2,0,2,0,0,1814.2961599999999,3647.93,0,
910,189,1275,10414,72,25,1148,25,1148,4,2,0,2,0,0,44.598879999999994,270.764,0,
911,245,1441,13832,95,21,1684,20,1645,8,4,1,3,0,0,38.972469999999994,359.632,0,
912,228,1378,12706,77,36,1826,36,1826,9,3,0,3,0,0,64.88105999999999,330.356,0,
913,298,1878,16922,153,50,4492,48,4406,9,3,2,1,0,0,95.07833999999998,439.972,0,
914,3000,12619,142785,1024,524,36349,524,36349,6,1,0,1,0,0,981.6056899999999,3712.41,0,
915,87,618,4794,26,4,242,4,242,4,1,0,1,0,0,7.35802,124.64399999999999,0,
916,101,800,7130,44,10,399,10,399,4,4,2,2,0,0,17.61019,185.38,0,
917,312,2010,17786,125,59,3370,59,3370,6,3,1,2,0,0,107.77069999999999,462.436,0,
918,213,1183,10921,74,25,1319,23,1257,5,4,1,3,0,0,42.827329999999996,283.94599999999997,0,
919,281,1768,16506,114,54,2838,54,2838,7,3,0,3,0,0,97.69877999999999,429.156,0,
920,238,1596,14711,103,44,2354,44,2354,3,3,1,2,0,0,79.76473999999999,382.486,0,
921,198,1207,10938,66,25,1430,25,1430,5,3,0,3,0,0,45.6733,284.388,0,
922,3000,16953,148398,1705,931,62234,993,47674,3,2,1,1,1,0,1766.85774,3858.348,0,
923,192,1405,10956,136,31,1780,29,1723,5,3,1,2,0,0,54.25088999999999,284.856,0,
924,134,944,8700,50,20,1141,18,914,4,2,1,1,0,0,33.6702,226.2,0,
925,449,2710,28238,196,142,5522,140,5238,6,3,1,2,0,0,246.5099,734.188,0,
926,200,1256,10579,64,22,1308,22,1308,6,2,0,2,0,0,40.381479999999996,275.054,0,
927,207,1404,14446,98,50,1914,49,1867,5,3,1,2,0,0,86.48873,375.596,0,
928,3000,14623,154410,1602,1072,61383,1072,61383,0,0,0,0,0,0,1958.71723,4014.66,0,
929,133,941,7332,51,16,776,16,776,5,3,0,3,0,0,28.70056,190.632,0,
930,288,1995,16250,122,43,3034,43,3034,8,5,0,5,0,0,80.74654,422.5,0,
931,295,1900,16918,111,48,2760,48,2760,5,2,0,2,0,0,87.74759999999999,439.868,0,
932,3000,14138,140842,1375,705,40715,705,40715,4,1,0,1,0,0,1289.46915,3661.892,0,
933,188,1412,11099,95,27,1633,27,1633,6,5,0,5,0,0,49.66473,288.574,0,
934,119,848,6533,53,17,918,17,918,3,2,0,2,0,0,30.850579999999997,169.858,0,
935,207,1318,11942,80,16,1302,15,1251,9,2,1,1,0,0,29.44049,310.49199999999996,0,
936,189,1267,11606,89,25,2151,25,2151,8,2,1,1,0,0,48.42031,301.756,0,
937,238,1511,13502,150,55,3452,51,2976,7,5,3,2,0,0,95.87524,351.05199999999996,0,
938,194,1249,10468,96,28,1716,27,1614,8,4,1,3,0,0,50.19169999999999,272.168,0,
939,263,1782,15770,126,65,3330,65,3330,5,3,0,3,0,0,117.2723,410.02,0,
940,162,1116,9315,73,32,1649,32,1649,4,2,0,2,0,0,57.770689999999995,242.19,0,
941,187,1071,9864,51,8,756,8,756,5,3,2,1,0,0,15.75236,256.464,0,
942,143,936,8908,54,24,1108,24,1108,2,2,0,2,0,0,42.83748,231.60799999999998,0,
943,133,930,8134,62,17,1287,17,1287,4,3,1,2,0,0,32.25647,211.48399999999998,0,
944,109,756,6147,39,9,708,9,708,5,2,0,2,0,0,17.178479999999997,159.822,0,
945,88,602,5959,19,4,162,4,162,3,1,0,1,0,0,7.05322,154.934,0,
946,3000,14319,157299,1444,1116,48700,1116,48700,0,0,0,0,0,0,1981.1909999999998,4089.774,0,
947,312,2169,17871,143,58,3211,58,3211,7,1,0,1,0,0,105.55590999999998,464.64599999999996,0,
948,285,1929,16788,136,67,3278,67,3278,6,2,0,2,0,0,120.29217999999999,436.488,0,
949,3000,14507,146374,1390,928,50122,928,50122,0,0,0,0,0,0,1684.11682,3805.7239999999997,0,
950,102,844,6340,42,8,462,8,462,4,1,1,0,0,0,14.632219999999998,164.84,0,
951,137,900,7661,48,13,586,13,586,4,2,0,2,0,0,23.149659999999997,199.18599999999998,0,
952,122,788,7556,40,12,609,12,609,5,3,1,2,0,0,21.628289999999996,196.456,0,
953,444,2777,26030,179,93,5026,93,5026,7,3,0,3,0,0,168.78606,676.78,0,
954,92,695,5926,25,5,250,5,250,2,2,0,2,0,0,8.9975,154.076,0,
955,179,1145,9587,90,20,1127,20,1127,6,3,1,2,0,0,36.47387,249.262,0,
956,134,1024,7117,141,17,800,19,928,3,1,1,0,1,0,32.99764,185.042,0,
957,305,1809,16149,108,43,2471,43,2471,9,5,1,4,0,0,78.60150999999999,419.87399999999997,0,
958,165,975,9105,52,15,884,14,795,5,4,2,2,0,0,26.138969999999997,236.73,0,
959,281,1698,15901,95,54,2257,54,2257,8,1,0,1,0,0,95.48517000000001,413.426,0,
960,359,2166,19709,139,63,3636,63,3636,5,3,1,2,0,0,115.22015999999999,512.434,0,
961,105,768,6091,41,19,731,19,731,4,1,0,1,0,0,33.35611,158.36599999999999,0,
962,159,1139,10729,153,21,1232,21,1261,9,6,2,4,0,0,38.559189999999994,278.954,0,
963,223,1201,11251,66,14,872,12,736,7,4,2,2,0,0,23.230639999999998,292.526,0,
964,3000,13560,143823,1356,869,50055,869,50055,1,1,0,1,0,0,1588.9305499999998,3739.3979999999997,0,
965,104,789,6753,38,11,496,11,496,4,1,0,1,0,0,19.58876,175.578,0,
966,94,804,6352,36,9,434,9,434,2,1,0,1,0,0,16.134539999999998,165.152,0,
967,212,1390,12409,96,40,2110,39,2012,7,2,1,1,0,0,71.01136,322.63399999999996,0,
968,125,906,8382,41,23,794,22,754,3,2,1,1,0,0,38.79694,217.932,0,
969,156,890,9059,43,11,735,11,735,4,3,1,2,0,0,20.49935,235.534,0,
970,231,1570,14093,121,42,2960,39,2778,9,7,3,4,0,0,74.98693999999999,366.418,0,
971,295,1986,19166,133,75,3124,72,2860,7,4,1,3,0,0,128.49312,498.316,0,
972,3000,14925,154333,1536,1090,41828,1090,41828,1,1,0,1,0,0,1913.1746799999999,4012.658,0,
973,389,2598,23734,182,70,4477,68,4332,9,7,3,4,0,0,127.04601999999998,617.084,0,
974,236,1512,13676,92,32,2025,30,1915,6,2,1,1,0,0,56.65395,355.57599999999996,0,
975,214,1222,12551,71,25,1498,25,1498,8,4,0,4,0,0,45.932379999999995,326.32599999999996,0,
976,153,1009,8441,55,15,1179,15,1179,6,3,0,3,0,0,28.62699,219.46599999999998,0,
977,376,2472,22667,178,90,4708,85,4450,8,4,3,1,0,0,156.41894,589.342,0,
978,177,1150,10258,62,19,1086,17,957,4,3,2,1,0,0,32.10939,266.70799999999997,0,
979,176,1218,9917,76,25,1679,25,1679,10,4,1,3,0,0,46.62199,257.842,0,
980,328,2047,19060,140,72,3969,69,3807,9,4,2,2,0,0,127.15383,495.56,0,
981,197,1256,10922,74,32,1610,32,1610,7,4,0,4,0,0,57.622099999999996,283.972,0,
982,3000,15016,155798,1535,1108,46860,1108,46860,0,0,0,0,0,0,1961.3086,4050.7479999999996,0,
983,240,1601,13375,121,62,3584,62,3584,3,2,0,2,0,0,113.41304,347.75,0,
984,113,784,7006,40,15,588,15,588,3,1,0,1,0,0,26.37528,182.15599999999998,0,
985,194,1243,11151,73,18,1452,18,1452,8,4,2,2,0,0,34.494119999999995,289.926,0,
986,159,1174,10606,79,29,1671,27,1526,5,3,1,2,0,0,50.38616,275.756,0,
987,3000,14895,160987,1443,1080,42218,1080,42218,2,0,0,0,0,0,1898.5705799999996,4185.662,0,
988,3000,15305,150178,1616,992,60941,992,60941,1,0,0,0,0,0,1828.31321,3904.6279999999997,0,
989,157,1257,9774,71,17,1107,15,1013,5,3,1,2,0,0,29.06345,254.124,0,
990,132,796,7295,33,7,487,7,487,3,2,1,1,0,0,13.11847,189.67,0,
991,3000,15567,140811,1741,1116,61161,1116,61161,3,1,0,1,0,0,2028.66741,3661.086,0,
992,360,2525,21315,173,87,4086,84,3985,6,2,1,1,0,0,151.89503,554.1899999999999,0,
993,134,961,8046,54,17,929,17,929,2,1,0,1,0,0,30.892489999999995,209.196,0,
994,3000,15034,146984,1477,1077,51638,1077,51638,1,1,0,1,0,0,1929.63378,3821.584,0,
995,91,732,5704,47,4,234,4,234,3,3,2,1,0,0,7.32754,148.304,0,
996,158,1060,9212,69,24,1126,24,1126,4,3,0,3,0,0,42.90606,239.512,0,
997,3000,12308,140403,937,600,38216,600,38216,3,2,0,2,0,0,1111.0029599999998,3650.4779999999996,0,
998,118,963,7016,52,16,993,16,993,2,0,0,0,0,0,29.52733,182.416,0,
999,230,1489,14630,90,27,1964,25,1761,7,4,1,3,0,0,48.131949999999996,380.38,0,
1000,269,1632,14648,111,34,3014,32,2839,8,2,1,1,0,0,63.46908999999999,380.84799999999996,0,
1001,140,943,8969,56,20,1256,20,1256,2,2,1,1,0,0,36.96536,233.194,0,
1002,134,894,8435,48,21,983,21,983,2,2,0,2,0,0,37.534229999999994,219.31,0,
1003,84,596,6490,25,8,291,6,202,3,2,1,1,0,0,11.486639999999998,168.73999999999998,0,
1004,107,777,7413,38,18,768,18,768,2,2,0,2,0,0,31.888079999999995,192.738,0,
1005,95,750,6277,38,9,500,9,500,3,1,0,1,0,0,16.386,163.202,0,
1006,143,898,9363,48,30,882,30,882,1,1,0,1,0,0,51.63042,243.438,0,
1007,99,668,6432,28,10,530,10,530,2,1,0,1,0,0,18.109299999999998,167.232,0,
1008,186,1177,11605,78,17,1199,16,1166,6,3,2,1,0,0,30.7044,301.72999999999996,0,
1009,276,1587,15584,91,38,1733,36,1632,7,4,1,3,0,0,65.21909999999998,405.18399999999997,0,
1010,89,664,4995,40,11,612,11,612,2,1,0,1,0,0,20.03072,129.87,0,
1011,229,1377,12713,69,28,1545,24,1255,3,2,2,0,0,0,45.65574999999999,330.538,0,
1012,80,529,4721,23,5,223,5,223,2,1,0,1,0,0,8.89463,122.746,0,
1013,95,679,6491,31,12,340,12,340,1,1,0,1,0,0,20.6034,168.766,0,
1014,101,724,7147,34,11,423,11,423,4,4,2,2,0,0,19.31063,185.822,0,
1015,68,528,4454,21,2,181,2,181,2,0,0,0,0,0,3.90761,115.80399999999999,0,
1016,92,648,5751,35,8,440,6,328,2,1,1,0,0,0,11.99384,149.52599999999998,0,
1017,100,683,5535,28,7,502,7,502,3,0,0,0,0,0,13.175619999999999,143.91,0,
1018,154,951,9066,62,22,1151,21,1073,4,2,1,1,0,0,38.44817,235.71599999999998,0,
1019,163,1037,9622,55,10,964,10,964,5,3,1,2,0,0,19.762839999999997,250.172,0,
1020,134,811,7423,29,10,562,10,562,3,0,0,0,0,0,18.23122,192.998,0,
1021,180,1134,10449,66,26,1290,23,1163,5,3,2,1,0,0,43.02489,271.674,0,
1022,193,1170,10969,48,14,1085,14,1085,5,2,0,2,0,0,26.65985,285.19399999999996,0,
1023,229,1538,12880,121,55,3068,55,3068,4,2,0,2,0,0,100.18407999999998,334.88,0,
1024,121,846,8140,49,18,877,18,877,3,2,1,1,0,0,32.30337,211.64,0,
1025,130,802,6479,34,7,412,7,412,2,1,0,1,0,0,12.83272,168.45399999999998,0,
1026,249,1637,15095,140,46,2789,44,2685,7,4,1,3,0,0,82.10656999999999,392.46999999999997,0,
1027,183,1189,10464,67,25,1543,25,1543,6,2,0,2,0,0,46.103829999999995,272.06399999999996,0,
1028,123,776,7480,33,14,411,14,411,2,2,1,1,0,0,24.091909999999995,194.48,0,
1029,218,1398,13054,99,34,2090,34,1793,5,2,2,0,0,0,61.88778999999999,339.404,0,
1030,139,933,8485,43,18,915,18,915,3,2,0,2,0,0,32.44815,220.60999999999999,0,
1031,160,1109,10240,71,36,1772,36,1772,2,1,0,1,0,0,64.67531999999999,266.24,0,
1032,161,1058,10122,65,30,1304,30,1304,2,0,0,0,0,0,53.23823999999999,263.17199999999997,0,
1033,156,863,8144,42,13,605,12,567,5,3,1,2,0,0,21.992109999999997,211.744,0,
1034,133,784,7289,44,5,303,5,303,3,2,1,1,0,0,9.19943,189.51399999999998,0,
1035,118,839,7227,45,16,970,16,970,3,1,0,1,0,0,29.439699999999995,187.902,0,
1036,152,1051,9655,61,32,1281,32,1281,2,1,0,1,0,0,56.36861,251.03,0,
1037,297,1690,16456,124,47,3480,47,3480,8,5,0,5,0,0,88.8818,427.856,0,
1038,112,717,6579,33,9,620,9,620,3,1,0,1,0,0,16.8432,171.054,0,
1039,151,975,9550,63,23,1082,19,817,4,3,1,2,0,0,35.91247,248.29999999999998,0,
1040,170,980,9847,49,29,1065,27,996,4,3,1,2,0,0,48.27718,256.022,0,
1041,313,1790,16698,108,38,2496,36,2343,8,3,1,2,0,0,67.98937,434.14799999999997,0,
1042,113,763,7075,29,8,478,8,478,2,0,0,0,0,0,14.693179999999998,183.95,0,
1043,169,1145,10658,52,18,1288,17,1200,5,2,0,2,0,1,32.507839999999995,277.108,0,
1044,112,763,7870,35,13,600,13,600,4,3,1,2,0,0,23.202999999999996,204.62,0,
1045,65,463,4192,14,2,175,2,175,2,0,0,0,0,0,3.8847499999999995,108.99199999999999,0,
1046,104,685,6289,34,9,462,9,462,4,1,0,1,0,0,16.24122,163.51399999999998,0,
1047,175,1135,10867,53,26,1253,26,1253,3,2,0,2,0,0,46.607929999999996,282.542,0,
1048,119,777,7609,31,10,597,10,597,2,2,0,2,0,0,18.36457,197.834,0,
1049,284,1383,13524,77,36,2006,36,2006,4,3,0,3,0,0,65.56685999999999,351.62399999999997,0,
1050,304,1614,17821,85,53,2386,53,2386,3,3,0,3,0,0,94.36766,463.346,0,
1051,121,743,7484,36,9,602,9,602,4,2,0,2,0,0,16.77462,194.584,0,
1052,130,829,7550,37,14,752,14,752,2,1,0,1,0,0,25.391119999999997,196.29999999999998,0,
1053,290,1737,15449,135,41,3787,39,3388,12,4,2,2,0,0,77.08809999999998,401.674,0,
1054,204,1242,11657,65,18,1266,16,1216,7,4,1,3,0,0,31.39396,303.082,0,
1055,127,829,8511,35,18,626,18,626,0,0,0,0,0,0,31.34706,221.286,0,
1056,294,1730,16037,93,30,2419,30,2419,9,6,1,5,0,0,57.48639,416.962,0,
1057,341,1777,17646,117,36,3030,36,3030,10,5,1,4,0,0,69.4683,458.796,0,
1058,327,1681,16788,91,40,2604,39,2525,8,4,1,3,0,0,72.94346999999999,436.488,0,
1059,157,922,8981,48,15,840,13,732,4,2,2,0,0,0,24.791359999999997,233.506,0,
1060,114,781,7553,34,5,345,5,345,3,3,2,1,0,0,9.359449999999999,196.378,0,
1061,171,1052,10567,53,27,1507,26,1435,5,3,1,2,0,0,47.865309999999994,274.74199999999996,0,
1062,195,976,9826,57,14,715,14,578,4,3,1,2,0,0,24.88984,255.476,0,
1063,242,1491,14223,76,35,1993,35,1993,2,2,0,2,0,0,63.90833,369.798,0,
1064,97,685,5866,40,6,273,6,273,3,2,1,1,0,0,10.69413,152.516,0,
1065,108,938,6828,59,14,642,14,642,4,2,0,2,0,0,24.972019999999997,177.528,0,
1066,108,701,6146,35,6,310,4,251,3,1,1,0,0,0,8.419929999999999,159.796,0,
1067,128,828,7665,40,18,537,18,537,2,0,0,0,0,0,31.007969999999997,199.29,0,
1068,152,1017,9663,57,24,1207,22,1161,3,3,1,2,0,0,40.83369,251.238,0,
1069,223,1465,13338,95,52,2444,52,2444,4,1,0,1,0,0,92.97963999999999,346.788,0,
1070,197,1160,11729,70,34,1944,34,1944,5,2,0,2,0,0,62.112639999999985,304.954,0,
1071,174,1141,11187,61,33,1493,33,1493,4,1,0,1,0,0,58.785329999999995,290.86199999999997,0,
1072,142,812,7279,35,17,758,17,758,2,0,0,0,0,0,30.240979999999997,189.254,0,
1073,171,1090,10362,49,17,1130,17,1130,4,1,0,1,0,0,31.658299999999997,269.412,0,
1074,141,909,8469,46,15,735,15,735,3,1,0,1,0,0,26.93535,220.194,0,
1075,204,1140,11090,62,26,1259,24,1163,1,1,1,0,0,0,44.118309999999994,288.34,0,
1076,140,969,9081,52,16,1124,16,1124,4,2,0,2,0,0,30.026439999999997,236.106,0,
1077,161,1094,10439,56,18,1149,16,1111,6,2,0,2,0,0,30.97975,271.414,0,
1078,157,1021,10006,50,24,1312,24,1312,2,1,0,1,0,0,43.61472,260.156,0,
1079,129,848,8456,32,14,730,14,730,4,1,0,1,0,0,25.307299999999998,219.856,0,
1080,211,1273,12006,52,26,1239,26,1239,3,1,0,1,0,0,46.55459,312.156,0,
1081,117,795,6815,33,10,507,10,507,3,3,1,2,0,0,18.02167,177.19,0,
1082,95,677,6579,28,9,504,9,504,1,0,0,0,0,0,16.401239999999998,171.054,0,
1083,181,1148,10947,86,46,2883,46,2883,2,1,0,1,0,0,84.99822999999999,284.622,0,
1084,197,1291,11968,84,47,2165,47,2165,3,1,0,1,0,0,83.87164999999999,311.168,0,
1085,135,814,8501,39,12,789,12,789,3,0,0,0,0,0,22.314089999999997,221.02599999999998,0,
1086,128,803,7496,34,11,516,11,516,2,1,0,1,0,0,19.66496,194.896,0,
1087,240,1450,13995,67,25,1678,25,1678,4,3,0,3,0,0,46.618179999999995,363.87,0,
1088,238,1554,14154,95,52,2186,52,2186,5,2,0,2,0,0,91.99665999999999,368.00399999999996,0,
1089,99,760,6800,33,15,389,15,389,2,1,0,1,0,0,25.61709,176.79999999999998,0,
1090,185,1124,10286,58,27,1176,27,1176,3,0,0,0,0,0,47.92356,267.436,0,
1091,90,585,5083,17,4,138,4,138,2,0,0,0,0,0,6.961779999999999,132.158,0,
1092,147,870,7907,33,5,507,5,507,4,1,0,1,0,0,9.97667,205.582,0,
1093,102,675,5698,35,6,428,5,366,3,1,1,0,0,0,9.991619999999998,148.148,0,
1094,191,947,9536,35,15,649,15,649,2,0,0,0,0,0,26.607689999999998,247.93599999999998,0,
1095,116,796,7383,54,13,536,11,477,2,2,2,0,0,0,20.543989999999997,191.958,0,
1096,273,1494,14956,87,29,2083,29,2083,8,5,0,5,0,0,54.597229999999996,388.856,0,
1097,173,1163,10466,58,29,1339,29,1339,2,1,0,1,0,0,51.76258999999999,272.116,0,
1098,85,610,5795,28,8,346,7,309,3,2,1,1,0,0,12.96295,150.67,0,
1099,149,935,9037,49,25,982,25,982,2,2,0,2,0,0,43.96641999999999,234.962,0,
1100,274,1632,15472,91,29,2176,29,2176,10,5,1,4,0,0,54.95156,402.272,0,
1101,274,1697,16377,97,29,2568,22,2154,12,7,3,4,0,0,47.446259999999995,425.80199999999996,0,
1102,103,649,5924,19,5,150,5,150,2,1,0,1,0,0,8.6165,154.024,0,
1103,124,811,8284,39,17,768,17,768,2,1,0,1,0,0,30.279079999999997,215.384,0,
1104,125,817,8590,37,15,845,15,845,6,6,2,4,0,0,27.35445,223.34,0,
1105,123,763,6707,28,9,484,9,484,3,0,0,0,0,0,16.325039999999998,174.382,0,
1106,232,1539,14066,105,42,2564,42,2483,6,3,0,3,0,0,77.13380999999998,365.716,0,
1107,83,572,4983,27,7,284,7,284,2,2,0,2,0,0,12.345039999999997,129.558,0,
1108,105,717,5960,34,7,511,7,511,3,0,0,0,0,0,13.209909999999999,154.95999999999998,0,
1109,168,1138,10446,70,24,1352,22,1312,7,4,1,3,0,0,41.40192,271.596,0,
1110,83,605,4976,23,6,285,6,285,2,0,0,0,0,0,10.739849999999999,129.376,0,
1111,95,639,6040,24,5,256,5,256,2,1,0,1,0,0,9.02036,157.04,0,
1112,198,1225,10692,63,17,1567,17,1567,6,1,0,1,0,0,33.323269999999994,277.99199999999996,0,
1113,134,857,8063,42,14,707,14,707,3,1,0,1,0,0,25.219669999999997,209.63799999999998,0,
1114,185,1198,11688,63,32,1306,32,1306,5,2,0,2,0,0,56.46386,303.888,0,
1115,210,1271,12043,64,27,1618,25,1520,3,3,1,2,0,0,47.089839999999995,313.118,0,
1116,84,536,5489,17,2,94,2,94,2,1,0,1,0,0,3.5761399999999997,142.714,0,
1117,69,508,4792,13,2,94,2,94,2,1,0,1,0,0,3.5761399999999997,124.592,0,
1118,144,1002,9479,44,20,954,18,903,2,1,1,0,0,0,33.420609999999996,246.45399999999998,0,
1119,152,1013,9156,59,14,1237,13,1097,5,2,1,1,0,0,25.740769999999998,238.05599999999998,0,
1120,181,1133,11056,61,25,1105,24,1039,3,2,1,1,0,0,43.13147,287.45599999999996,0,
1121,157,932,9038,29,8,642,8,642,3,0,0,0,0,0,15.318019999999997,234.988,0,
1122,141,895,8584,46,20,961,20,961,3,3,0,3,0,0,35.84141,223.184,0,
1123,146,987,9328,52,19,1068,19,1068,5,3,1,2,0,0,34.64008,242.528,0,
1124,79,537,4763,21,8,255,8,255,3,1,0,1,0,0,13.843549999999999,123.838,0,
1125,140,974,8611,57,26,1318,26,1318,2,1,0,1,0,0,46.855579999999996,223.886,0,
1126,204,1193,12480,70,25,1861,25,1861,3,3,0,3,0,0,47.31541,324.47999999999996,0,
1127,109,764,6585,38,14,653,14,653,1,0,0,0,0,0,25.013930000000002,171.20999999999998,0,
1128,204,1239,12360,60,21,1132,21,1132,3,3,1,2,0,0,38.10191999999999,321.36,0,
1129,116,796,7566,36,12,398,12,398,1,1,0,1,0,0,20.824379999999998,196.71599999999998,0,
1130,61,511,4492,19,4,199,4,199,3,1,0,1,0,0,7.194189999999999,116.792,0,
1131,118,650,6554,19,5,231,5,231,1,1,0,1,0,0,8.92511,170.404,0,
1132,165,817,8407,29,5,244,5,244,2,2,1,1,0,0,8.974639999999999,218.582,0,
1133,99,610,5477,44,8,374,6,253,2,1,1,0,0,0,11.71871,142.402,0,
1134,122,887,7366,46,20,970,20,970,3,2,0,2,0,0,35.875699999999995,191.516,0,
1135,172,1035,8949,45,12,780,12,780,6,4,0,4,0,0,22.279799999999998,232.67399999999998,0,
1136,291,1720,16725,92,21,1943,21,1943,10,4,2,2,0,0,41.191829999999996,434.84999999999997,0,
1137,77,588,5492,25,7,296,7,296,3,3,1,2,0,0,12.390759999999998,142.792,0,
1138,108,691,6631,35,10,391,8,333,2,1,1,0,0,0,15.16717,172.406,0,
1139,126,841,7947,47,17,804,17,804,4,1,0,1,0,0,30.416239999999995,206.62199999999999,0,
1140,122,728,6772,29,10,311,10,311,2,1,0,1,0,0,17.27491,176.072,0,
1141,125,895,7600,45,15,950,15,950,4,1,0,1,0,0,27.7545,197.6,0,
1142,220,1334,12510,74,30,1717,30,1717,5,2,0,2,0,0,54.811769999999996,325.26,0,
1143,136,895,8238,38,17,695,17,695,2,1,0,1,0,0,30.00095,214.188,0,
1144,154,905,8562,51,16,914,16,914,3,2,0,2,0,0,29.226339999999997,222.612,0,
1145,124,754,7557,28,8,380,8,380,3,2,0,2,0,0,14.319799999999999,196.482,0,
1146,236,1331,12310,60,25,1473,25,1473,3,3,0,3,0,0,45.837129999999995,320.06,0,
1147,108,734,6686,31,15,456,15,456,1,0,0,0,0,0,25.87236,173.83599999999998,0,
1148,147,995,9915,50,29,1026,29,1026,3,2,0,2,0,0,50.57006,257.78999999999996,0,
1149,107,689,5954,32,8,637,8,637,2,1,0,1,0,0,15.298969999999999,154.804,0,
1150,85,586,5633,26,8,425,8,425,2,1,0,1,0,0,14.49125,146.458,0,
1151,178,1167,10427,78,22,1363,18,1191,7,6,3,3,0,0,35.61867,271.102,0,
1152,122,785,8113,37,14,848,14,848,4,3,0,3,0,0,25.756879999999995,210.938,0,
1153,121,831,7139,54,18,987,16,872,4,2,1,1,0,0,30.160019999999996,185.614,0,
1154,188,1065,10059,37,7,933,7,933,6,1,0,1,0,0,14.81773,261.534,0,
1155,144,923,9748,42,25,892,25,892,2,2,1,1,0,0,43.62351999999999,253.44799999999998,0,
1156,196,1203,10916,52,21,1036,21,1036,4,4,0,4,0,0,37.73615999999999,283.816,0,
1157,229,1292,12056,73,22,1791,21,1762,7,3,1,2,0,0,41.01543999999999,313.45599999999996,0,
1158,202,1391,13873,80,50,1863,48,1777,3,3,2,1,0,0,85.06184999999999,360.698,0,
1159,114,728,6266,35,13,523,13,523,4,1,0,1,0,0,22.909629999999996,162.916,0,
1160,82,558,5551,19,5,317,5,317,3,0,0,0,0,0,9.25277,144.326,0,
1161,82,580,5388,25,6,264,6,264,3,1,0,1,0,0,10.659839999999997,140.088,0,
1162,107,682,6125,38,9,483,8,443,5,1,1,0,0,0,15.086029999999997,159.25,0,
1163,157,1087,9475,66,28,1362,28,1362,3,2,0,2,0,0,50.24122,246.35,0,
1164,66,499,4210,19,4,188,4,188,3,0,0,0,0,0,7.152279999999999,109.46,0,
1165,260,1315,13962,65,25,1566,21,1473,5,3,2,1,0,0,41.426869999999994,363.012,0,
1166,158,1073,9397,60,30,1504,30,1504,2,0,0,0,0,0,54.00024,244.322,0,
1167,131,926,8368,48,18,1030,18,1030,3,2,0,2,0,0,32.8863,217.56799999999998,0,
1168,163,1011,10049,38,16,746,16,746,4,2,0,2,0,0,28.58626,261.274,0,
1169,276,1678,15951,93,40,2264,38,2121,7,4,1,3,0,0,70.34975,414.726,0,
1170,80,564,4980,19,4,142,4,142,1,0,0,0,0,0,6.9770199999999996,129.48,0,
1171,163,726,7515,15,5,148,5,148,1,1,0,1,0,0,8.60888,195.39,0,
1172,71,561,4546,25,4,263,4,263,3,0,0,0,0,0,7.43803,118.196,0,
1173,150,992,9255,53,25,1091,25,1091,3,2,1,1,0,0,44.38170999999999,240.63,0,
1174,101,762,6287,37,20,761,20,761,2,1,0,1,0,0,35.079409999999996,163.462,0,
1175,106,642,6681,25,7,309,6,258,3,2,1,1,0,0,11.17616,173.706,0,
1176,171,983,9333,59,33,1628,31,1526,2,1,1,0,0,0,56.77141999999999,242.658,0,
1177,301,1584,15499,77,33,1533,33,1533,4,3,1,2,0,0,58.93773,402.974,0,
1178,114,730,7346,29,7,475,7,475,3,2,0,2,0,0,13.07275,190.99599999999998,0,
1179,135,970,8898,54,21,1128,21,1128,4,3,1,2,0,0,38.086679999999994,231.34799999999998,0,
1180,87,637,5872,20,7,230,7,230,1,0,0,0,0,0,12.139299999999999,152.672,0,
1181,86,656,5376,47,6,435,5,375,4,3,1,2,0,0,10.023549999999998,139.77599999999998,0,
1182,111,726,6845,30,12,362,12,362,1,1,0,1,0,0,20.687219999999996,177.97,0,
1183,202,1134,11468,47,18,864,16,819,2,2,1,1,0,0,29.87549,298.168,0,
1184,160,1027,10088,76,21,1354,17,1104,5,4,3,1,0,0,33.770239999999994,262.288,0,
1185,299,1790,16389,119,50,3227,50,3227,6,3,0,3,0,0,92.74486999999999,426.114,0,
1186,118,841,6849,47,11,746,11,746,3,1,0,1,0,0,20.54126,178.07399999999998,0,
1187,205,1001,8741,40,17,785,17,785,1,0,0,0,0,0,30.343849999999996,227.266,0,
1188,136,806,7502,38,14,755,14,755,3,2,0,2,0,0,25.402549999999998,195.052,0,
1189,263,1718,15076,120,43,2949,41,2831,10,4,1,3,0,0,77.85235,391.976,0,
1190,237,1292,12550,75,34,2133,34,2133,5,2,0,2,0,0,62.83273,326.3,0,
1191,81,603,5386,22,8,226,8,226,1,0,0,0,0,0,13.733059999999998,140.036,0,
1192,202,1168,10712,62,29,1196,29,1196,2,1,0,1,0,0,51.21775999999999,278.512,0,
1193,157,936,9646,32,11,519,11,519,3,2,0,2,0,0,19.676389999999998,250.796,0,
1194,135,770,7634,29,13,442,13,442,2,1,0,1,0,0,22.601019999999995,198.48399999999998,0,
1195,168,1155,10388,61,27,1448,27,1448,4,3,0,3,0,0,48.95988,270.08799999999997,0,
1196,100,642,5940,21,3,203,3,203,2,0,0,0,0,0,5.600429999999999,154.44,0,
1197,125,830,7450,41,19,691,19,691,3,3,1,2,0,0,33.203709999999994,193.7,0,
1198,197,1182,11649,59,17,952,17,952,3,3,1,2,0,0,30.980119999999996,302.87399999999997,0,
1199,97,650,5717,19,5,236,5,236,3,1,0,1,0,0,8.94416,148.642,0,
1200,148,873,8344,32,11,574,11,574,5,4,0,4,0,0,19.885939999999998,216.944,0,
1201,111,722,6720,28,10,475,10,475,2,2,0,2,0,0,17.89975,174.72,0,
1202,122,800,7792,39,11,630,11,630,4,4,1,3,0,0,20.0993,202.59199999999998,0,
1203,93,664,6112,30,10,420,10,420,3,1,0,1,0,0,17.6902,158.912,0,
1204,245,1478,14078,87,33,2530,27,2204,8,5,4,1,0,0,55.09892,366.02799999999996,0,
1205,164,1022,9913,49,12,906,12,906,5,2,0,2,0,0,22.75986,257.738,0,
1206,77,587,5500,35,3,221,3,221,3,2,1,1,0,0,5.669009999999999,143,0,
1207,103,601,6014,20,4,149,4,149,3,2,0,2,0,0,7.00369,156.364,0,
1208,136,894,8378,40,18,859,18,859,3,0,0,0,0,0,32.23479,217.828,0,
1209,83,613,5195,28,10,337,10,337,3,3,0,3,0,0,17.37397,135.07,0,
1210,104,692,6559,30,11,493,11,493,3,1,0,1,0,0,19.57733,170.534,0,
1211,233,1330,13745,75,35,1895,35,1895,6,3,0,3,0,0,63.534949999999995,357.37,0,
1212,113,775,6643,35,13,670,13,670,2,1,0,1,0,0,23.4697,172.718,0,
1213,84,585,5888,33,5,286,5,286,3,2,1,1,0,0,9.134659999999998,153.088,0,
1214,275,1583,15361,83,32,1922,32,1922,6,2,0,2,0,0,58.81081999999999,399.38599999999997,0,
1215,75,588,5172,20,4,147,4,147,2,2,1,1,0,0,6.99607,134.47199999999998,0,
1216,166,983,9435,56,27,1823,25,1743,4,3,1,2,0,0,47.918229999999994,245.31,0,
1217,152,927,8845,62,19,878,18,744,2,1,1,0,0,0,32.43375999999999,229.97,0,
1218,118,761,6458,31,10,447,10,447,2,0,0,0,0,0,17.79307,167.908,0,
1219,77,527,5295,17,2,113,2,113,3,1,0,1,0,0,3.6485299999999996,137.67,0,
1220,142,1017,9573,57,31,956,31,956,3,1,0,1,0,0,53.521359999999994,248.898,0,
1221,159,1086,9865,53,13,1196,13,1196,8,3,1,2,0,0,25.47376,256.49,0,
1222,248,1570,14561,96,32,2465,32,2465,8,2,0,2,0,0,60.87965,378.58599999999996,0,
1223,153,864,8897,30,12,396,12,396,3,2,1,1,0,0,20.81676,231.322,0,
1224,152,704,6816,15,2,106,2,106,1,0,0,0,0,0,3.6218599999999994,177.21599999999998,0,
1225,148,929,8957,48,16,1048,16,1048,4,2,0,2,0,0,29.73688,232.88199999999998,0,
1226,98,647,6629,25,5,458,5,458,4,3,1,2,0,0,9.789979999999998,172.35399999999998,0,
1227,90,654,6151,22,7,264,7,264,0,0,0,0,0,0,12.268839999999999,159.926,0,
1228,120,843,7719,51,15,873,14,827,4,3,1,2,0,0,26.21015,200.694,0,
1229,92,609,6118,27,5,339,5,339,2,1,0,1,0,0,9.33659,159.06799999999998,0,
1230,96,597,6192,13,3,114,3,114,0,0,0,0,0,0,5.261339999999999,160.992,0,
1231,79,558,5199,18,4,206,4,206,1,1,0,1,0,0,7.220859999999999,135.174,0,
1232,102,662,6851,32,14,498,14,498,2,1,0,1,0,0,24.423379999999998,178.126,0,
1233,103,738,7548,37,11,627,11,627,4,4,1,3,0,0,20.08787,196.248,0,
1234,318,1708,17111,100,54,3559,51,3460,10,5,2,3,0,0,96.79542,444.88599999999997,0,
1235,172,774,7086,20,5,176,5,176,2,1,0,1,0,0,8.71556,184.236,0,
1236,224,1478,12931,98,43,2391,42,2138,3,1,1,0,0,0,76.50131999999999,336.20599999999996,0,
1237,131,918,8411,58,21,933,19,848,4,4,2,2,0,0,34.86018,218.68599999999998,0,
1238,173,1023,9764,56,28,1603,28,1603,3,2,0,2,0,0,51.15943,253.86399999999998,0,
1239,116,776,6992,36,9,491,8,425,2,1,1,0,0,0,15.04813,181.792,0,
1240,156,885,8155,42,20,957,20,957,2,0,0,0,0,0,35.82617,212.03,0,
1241,94,686,6406,29,6,531,6,531,4,2,1,1,0,0,11.677109999999999,166.55599999999998,0,
1242,68,466,4287,13,2,80,2,80,2,0,0,0,0,0,3.5227999999999997,111.46199999999999,0,
1243,140,863,7800,32,11,662,11,662,4,2,0,2,0,0,20.22122,202.79999999999998,0,
1244,106,684,5941,26,7,330,7,330,2,0,0,0,0,0,12.5203,154.46599999999998,0,
1245,140,961,8493,58,24,1122,24,1122,3,2,0,2,0,0,42.89082,220.81799999999998,0,
1246,93,575,5707,18,4,205,4,205,2,1,0,1,0,0,7.2170499999999995,148.382,0,
1247,252,1643,15510,106,31,2538,27,2241,10,6,3,3,0,0,54.24767,403.26,0,
1248,152,869,8941,36,12,804,12,804,3,0,0,0,0,0,22.371239999999997,232.46599999999998,0,
1249,108,772,6230,33,11,438,11,438,1,0,0,0,0,0,19.36778,161.98,0,
1250,176,1052,9793,49,28,936,28,936,3,0,0,0,0,0,48.618159999999996,254.618,0,
1251,3000,14908,142046,1387,830,57045,830,57045,1,0,0,0,0,0,1552.81145,3693.196,0,
1252,269,2001,15946,137,44,2757,42,2631,6,3,1,2,0,0,78.70879,414.596,0,
1253,3000,14584,149556,1770,1096,101153,1096,101153,1,1,0,1,0,0,2148.8569299999995,3888.4559999999997,0,
1254,290,1900,15573,103,38,2132,36,2045,9,4,1,3,0,0,66.77610999999999,404.89799999999997,0,
1255,221,1444,13223,104,41,2887,41,2887,4,2,0,2,0,0,76.96847,343.798,0,
1256,422,2774,25413,195,132,5504,132,5504,2,0,0,0,0,0,233.35824,660.7379999999999,0,
1257,3000,15307,137324,1781,1128,62931,1128,62931,4,2,0,2,0,0,2054.71911,3570.424,0,
1258,3000,14917,147230,1333,808,51923,808,51923,11,7,1,6,0,0,1497.89863,3827.98,0,
1259,181,1404,11279,92,27,1490,25,1380,6,5,1,4,0,0,46.57059999999999,293.25399999999996,0,
1260,3000,14236,148258,1377,834,48521,834,48521,3,2,0,2,0,0,1526.77101,3854.7079999999996,0,
1261,184,1473,11616,104,29,2003,24,1697,7,5,3,2,0,0,47.83765,302.01599999999996,0,
1262,382,2457,21920,185,104,6371,102,6070,5,3,2,1,0,0,188.55787999999998,569.92,0,
1263,159,1072,9846,57,17,896,17,896,5,2,0,2,0,0,30.766759999999998,255.99599999999998,0,
1264,135,852,8190,39,13,629,13,629,4,2,0,2,0,0,23.313489999999998,212.94,0,
1265,3000,14145,159856,1335,1111,47593,1111,47593,1,1,0,1,0,0,1968.9283299999997,4156.255999999999,0,
1266,321,2187,18972,142,64,3335,62,3225,5,2,2,0,0,0,113.13305,493.272,0,
1267,84,619,5737,16,2,74,2,74,0,0,0,0,0,0,3.49994,149.162,0,
1268,179,1085,9588,55,20,1265,20,1265,6,1,0,1,0,0,36.99965,249.28799999999998,0,
1269,217,1415,13393,78,35,1876,35,1876,5,0,0,0,0,0,63.462559999999996,348.21799999999996,0,
1270,451,3007,26177,226,118,6400,118,6400,7,4,0,4,0,0,214.24599999999998,680.602,0,
1271,130,878,7528,45,14,822,14,822,2,0,0,0,0,0,25.657819999999997,195.72799999999998,0,
1272,346,1997,18706,172,60,4941,56,4187,11,6,3,3,0,0,108.86219,486.356,0,
1273,196,1336,12318,101,30,2640,28,2502,7,2,1,1,0,0,55.705459999999995,320.268,0,
1274,194,1186,11336,66,29,1762,26,1563,4,2,2,0,0,0,49.46084999999999,294.736,0,
1275,175,1047,9572,49,21,940,21,940,3,3,1,2,0,0,37.3704,248.87199999999999,0,
1276,80,611,5807,18,4,118,4,118,1,1,0,1,0,0,6.885579999999999,150.982,0,
1277,181,1068,10677,61,14,1037,14,1037,6,2,1,1,0,0,26.476969999999998,277.602,0,
1278,173,956,8811,34,9,510,9,510,3,0,0,0,0,0,16.4241,229.08599999999998,0,
1279,3000,13956,142037,1262,796,44778,796,44778,3,1,0,1,0,0,1451.3681799999997,3692.962,0,
1280,357,2403,20232,166,73,4388,70,4277,6,2,1,1,0,0,130.49335,526.0319999999999,0,
1281,465,3171,27738,266,69,5478,66,5343,22,13,3,10,0,0,128.14713,721.188,0,
1282,164,1170,10940,61,35,1120,35,1120,2,1,0,1,0,0,60.5822,284.44,0,
1283,462,2739,26889,211,101,5868,99,5825,11,4,1,3,0,0,182.49299,699.1139999999999,0,
1284,236,1536,13633,97,36,2150,36,2150,5,0,0,0,0,0,66.1155,354.45799999999997,0,
1285,235,1428,12846,79,34,1662,34,1662,3,0,0,0,0,0,61.038219999999995,333.996,0,
1286,188,1336,12538,81,26,2061,23,1869,10,4,2,2,0,0,45.79145,325.988,0,
1287,3000,13787,156522,1341,1119,45584,1119,45584,0,0,0,0,0,0,1974.1460399999999,4069.5719999999997,0,
1288,133,952,8260,50,10,712,10,712,3,1,0,1,0,0,18.80272,214.76,0,
1289,195,1327,12407,57,22,1305,20,1188,4,1,1,0,0,0,37.802339999999994,322.582,0,
1290,3000,14859,144170,1393,812,44378,812,44378,4,3,0,3,0,0,1475.58818,3748.4199999999996,0,
1291,200,1436,12696,79,35,1717,35,1717,4,3,0,3,0,0,62.85677,330.096,0,
1292,108,771,6177,36,9,468,9,468,5,2,0,2,0,0,16.26408,160.602,0,
1293,259,1634,14733,108,43,2344,43,2277,3,2,1,1,0,0,77.94143,383.058,0,
1294,320,2130,20254,131,60,3574,60,3574,7,4,0,4,0,0,110.15693999999999,526.6039999999999,0,
1295,90,604,5879,20,4,104,4,104,0,0,0,0,0,0,6.832239999999999,152.85399999999998,0,
1296,118,797,7354,39,14,622,14,622,2,1,0,1,0,0,24.89582,191.20399999999998,0,
1297,229,1400,12607,89,24,1910,22,1803,6,3,2,1,0,0,43.35169,327.782,0,
1298,115,781,6961,39,10,546,10,546,4,1,0,1,0,0,18.17026,180.986,0,
1299,128,832,7887,43,10,652,8,533,4,3,1,2,0,0,16.00115,205.06199999999998,0,
1300,121,826,7224,47,12,779,9,690,7,4,2,2,0,0,18.651919999999997,187.82399999999998,0,
1301,419,2543,22540,168,74,4709,74,4709,6,3,0,3,0,0,137.00728999999998,586.04,0,
1302,97,729,6343,28,5,221,5,221,1,1,0,1,0,0,8.887009999999998,164.918,0,
1303,156,1019,9535,62,18,1068,18,1068,7,5,1,4,0,0,33.031079999999996,247.91,0,
1304,72,554,5232,19,3,137,3,137,3,1,0,1,0,0,5.34897,136.03199999999998,0,
1305,417,2677,26972,160,117,4358,114,4221,5,2,1,1,0,0,201.10666999999998,701.2719999999999,0,
1306,289,1906,17851,115,52,2726,52,2726,6,3,0,3,0,0,94.05405999999999,464.126,0,
1307,3000,13731,141569,1495,882,58521,880,58465,9,4,1,3,0,0,1639.69573,3680.794,0,
1308,174,1217,9867,72,20,1201,19,1178,5,1,1,0,0,0,35.56532,256.542,0,
1309,205,1384,11510,84,36,1752,36,1752,4,3,0,3,0,0,64.59912,299.26,0,
1310,213,1465,13482,91,41,2103,39,1946,3,3,1,2,0,0,71.30852,350.532,0,
1311,97,651,6153,32,6,272,5,228,1,1,1,0,0,0,9.444599999999998,159.97799999999998,0,
1312,185,1283,11763,69,42,1756,42,1756,3,0,0,0,0,0,74.26835999999999,305.83799999999997,0,
1313,3000,12902,136292,1030,629,38450,627,38357,6,4,3,1,0,0,1156.0509099999997,3543.5919999999996,0,
1314,202,1413,10364,100,40,2150,40,2150,3,3,0,3,0,0,72.55149999999999,269.464,0,
1315,216,1384,12783,92,38,2084,38,2084,5,3,0,3,0,0,69.08203999999999,332.358,0,
1316,227,1181,11122,68,28,1329,28,1329,2,2,0,2,0,0,50.115489999999994,289.17199999999997,0,
1317,98,687,6661,32,11,405,11,405,2,1,0,1,0,0,19.24205,173.18599999999998,0,
1318,197,1344,12813,75,31,1576,31,1576,7,3,0,3,0,0,55.883559999999996,333.138,0,
1319,3000,13393,144683,1344,824,52591,824,52591,1,0,0,0,0,0,1526.18771,3761.758,0,
1320,191,1259,9312,70,23,1295,23,1295,4,3,0,3,0,0,41.94095,242.112,0,
1321,3000,14547,148359,1310,956,62405,956,62405,0,0,0,0,0,0,1775.96705,3857.334,0,
1322,454,3092,27701,193,84,4791,83,4704,9,5,1,4,0,0,152.05089999999998,720.226,0,
1323,3000,14250,156251,1385,1099,45658,1098,45616,3,2,1,1,0,0,1941.0075199999997,4062.526,0,
1324,265,1873,15550,148,42,2618,41,2594,10,4,1,3,0,0,76.35946,404.29999999999995,0,
1325,498,3073,27485,330,127,20234,120,18963,8,6,4,2,0,0,270.18181,714.61,0,
1326,130,1014,7776,81,19,976,19,976,4,3,1,2,0,0,34.289559999999994,202.176,0,
1327,133,791,7331,36,7,394,7,394,4,4,1,3,0,0,12.76414,190.606,0,
1328,403,2646,26564,167,132,4684,132,4684,2,1,0,1,0,0,230.23404,690.664,0,
1329,178,1281,11737,80,37,1556,37,1556,4,3,1,2,0,0,65.46136,305.162,0,
1330,181,1063,9734,56,21,1033,21,1033,4,2,0,2,0,0,37.72473,253.08399999999997,0,
1331,126,873,8078,45,23,780,23,780,2,1,0,1,0,0,39.9788,210.028,0,
1332,233,1541,13382,103,36,2449,36,2449,8,4,0,4,0,0,67.25469,347.93199999999996,0,
1333,496,2911,29149,194,66,4418,64,4280,14,9,3,6,0,0,120.40363999999998,757.8739999999999,0,
1334,144,1058,8980,68,20,1207,20,1207,3,2,0,2,0,0,36.77867,233.48,0,
1335,3000,15507,138489,2628,1085,178269,1085,178269,10,5,0,5,0,0,2424.9698900000003,3600.714,0,
1336,161,1288,9853,70,17,932,17,932,7,2,0,2,0,0,30.90392,256.178,0,
1337,232,1467,12911,94,29,2043,29,2043,7,1,0,1,0,0,54.44482999999999,335.686,0,
1338,350,2217,20531,151,64,3338,62,3278,8,3,1,2,0,0,113.27597999999998,533.8059999999999,0,
1339,3000,14559,142601,1230,777,44269,777,44269,2,1,0,1,0,0,1418.85789,3707.6259999999997,0,
1340,3000,15434,138535,1724,1070,59395,1070,59395,8,4,0,4,0,0,1947.9249499999999,3601.91,0,
1341,328,2061,19151,138,72,3679,72,3679,3,0,0,0,0,0,129.86498999999998,497.926,0,
1342,416,2692,23127,176,82,4921,82,4921,6,2,0,2,0,0,150.68701,601.302,0,
1343,230,1562,14263,95,26,1862,24,1810,8,3,2,1,0,0,46.531459999999996,370.83799999999997,0,
1344,241,1535,14918,80,22,1779,22,1779,11,5,2,3,0,0,42.17599,387.868,0,
1345,105,647,5873,21,5,148,5,148,1,0,0,0,0,0,8.60888,152.69799999999998,0,
1346,3000,15063,136386,1742,1108,58897,1108,58897,2,2,0,2,0,0,2007.16957,3546.036,0,
1347,3000,14256,139788,1764,961,59968,961,59968,3,1,0,1,0,0,1774.72708,3634.488,0,
1348,392,2764,25856,227,135,4918,135,4918,3,1,0,1,0,0,235.95257999999998,672.256,0,
1349,369,2413,20476,178,78,4910,71,3962,4,3,1,2,0,0,133.80586,532.376,0,
1350,3000,15182,145222,1936,1125,66410,1125,66410,0,0,0,0,0,0,2063.1470999999997,3775.772,0,
1351,78,746,5600,39,6,274,6,274,4,3,0,3,0,0,10.69794,145.6,0,
1352,171,1051,9729,60,12,848,9,656,5,3,2,1,0,0,18.643919999999998,252.95399999999998,0,
1353,3000,14765,137003,1690,1077,60551,1077,60551,4,2,0,2,0,0,1963.5923099999998,3562.078,0,
1354,181,1405,11227,82,37,1833,37,1833,5,2,0,2,0,0,66.51673,291.902,0,
1355,351,2431,21568,173,98,4714,98,4714,7,3,0,3,0,0,175.64234,560.768,0,
1356,530,3186,29146,243,127,7482,127,7482,7,3,1,2,0,0,232.84942,757.7959999999999,0,
1357,120,901,7436,44,14,705,14,705,4,3,0,3,0,0,25.212049999999998,193.33599999999998,0,
1358,92,641,6130,29,6,344,6,344,2,2,0,2,0,0,10.964639999999997,159.38,0,
1359,103,747,6723,39,13,595,13,595,3,3,0,3,0,0,23.183949999999996,174.798,0,
1360,153,1001,8721,56,13,1064,13,1064,8,3,0,3,0,0,24.97084,226.74599999999998,0,
1361,245,1609,15284,95,27,2035,24,1908,9,5,2,3,0,0,47.472339999999996,397.38399999999996,0,
1362,125,880,7553,43,20,754,20,754,4,2,0,2,0,0,35.05274,196.378,0,
1363,150,1054,9842,53,26,1180,26,1180,2,1,0,1,0,0,46.3298,255.892,0,
1364,206,1308,12487,82,26,1729,24,1599,8,4,1,3,0,0,45.81959,324.662,0,
1365,191,1275,11831,87,41,1808,41,1808,3,1,0,1,0,0,72.85748,307.606,0,
1366,122,829,7936,42,14,781,14,781,3,3,0,3,0,0,25.50161,206.33599999999998,0,
1367,184,1273,10544,72,30,1679,29,1677,4,3,1,2,0,0,53.531729999999996,274.144,0,
1368,3000,13951,140219,1639,962,63476,962,63476,5,1,0,1,0,0,1789.70156,3645.694,0,
1369,110,915,6675,104,15,815,15,815,2,1,0,1,0,0,27.24015,173.54999999999998,0,
1370,293,1973,17869,132,74,3187,72,2996,3,2,1,1,0,0,128.44613999999999,464.594,0,
1371,282,1872,16523,123,53,3471,53,3471,6,1,0,1,0,0,98.50151,429.59799999999996,0,
1372,86,645,5537,26,4,260,4,260,2,1,0,1,0,0,7.426599999999999,143.962,0,
1373,463,3069,30237,213,160,6116,159,5995,6,2,1,1,0,0,279.29373,786.1619999999999,0,
1374,646,3840,34742,264,119,7610,105,6792,8,5,2,3,0,0,202.49376,903.2919999999999,0,
1375,3000,13438,137967,1028,570,38854,570,38854,3,1,0,1,0,0,1065.16374,3587.142,0,
1376,3000,15384,147758,1786,874,44724,874,44724,4,1,0,1,0,0,1576.6644399999998,3841.7079999999996,0,
1377,342,2288,18635,162,86,4444,86,4444,2,2,0,2,0,0,155.30564,484.51,0,
1378,79,637,5410,23,6,193,6,193,2,2,1,1,0,0,10.38933,140.66,0,
1379,216,1423,11435,95,38,2733,38,2733,4,1,0,1,0,0,71.55473,297.31,0,
1380,311,1655,15114,93,33,1919,32,1881,7,1,1,0,0,0,59.17845,392.964,0,
1381,3000,14176,137920,1577,1116,60691,1116,60691,6,4,0,4,0,0,2026.87671,3585.9199999999996,0,
1382,361,2402,20753,140,72,3710,72,3710,1,1,0,1,0,0,129.98309999999998,539.578,0,
1383,3000,15423,137996,1788,1102,62955,1102,62955,8,1,0,1,0,0,2012.97655,3587.8959999999997,0,
1384,338,2173,19900,171,100,6704,100,6704,2,1,0,1,0,0,186.44223999999997,517.4,0,
1385,230,1398,13073,92,32,2077,32,2077,6,3,0,3,0,0,59.40136999999999,339.89799999999997,0,
1386,3000,14238,145865,1349,920,50039,920,50039,0,0,0,0,0,0,1670.92859,3792.49,0,
1387,350,2593,22882,172,108,3852,106,3737,4,3,1,2,0,0,185.88566999999998,594.932,0,
1388,3000,14398,149759,1731,1097,76724,1097,76724,0,0,0,0,0,0,2057.39144,3893.734,0,
1389,355,2334,19647,139,64,3393,64,3393,10,7,1,6,0,0,115.90333,510.822,0,
1390,226,1334,10589,62,14,974,14,974,4,2,1,1,0,0,26.23694,275.31399999999996,0,
1391,3000,14012,143145,1384,833,45732,833,45732,2,2,0,2,0,0,1514.5359199999998,3721.77,0,
1392,333,2393,20311,181,82,4073,82,4073,3,3,0,3,0,0,147.45612999999997,528.086,0,
1393,248,1701,14952,133,37,2285,35,2165,8,3,1,2,0,0,65.66324999999999,388.752,0,
1394,133,852,8370,43,9,786,8,736,6,4,1,3,0,0,16.21416,217.61999999999998,0,
1395,307,1822,17393,100,47,2399,47,2399,4,2,0,2,0,0,84.76319,452.21799999999996,0,
1396,111,861,7644,49,23,774,23,774,3,1,0,1,0,0,39.95594,198.744,0,
1397,306,1965,18302,120,58,3243,58,3243,4,3,0,3,0,0,105.67782999999999,475.852,0,
1398,545,3217,31678,207,72,6058,72,6058,23,7,1,6,0,0,138.92897999999997,823.6279999999999,0,
1399,136,894,7727,41,10,425,10,425,1,1,0,1,0,0,17.70925,200.902,0,
1400,347,2232,20858,139,45,3525,43,3358,15,11,3,8,0,0,83.13604,542.308,0,
1401,355,2337,20544,144,82,4063,82,4063,2,2,0,2,0,0,147.41803,534.144,0,
1402,175,1220,11192,68,21,1429,21,1429,5,2,1,1,0,0,39.233489999999996,290.99199999999996,0,
1403,126,901,7669,40,17,864,17,864,2,0,0,0,0,0,30.644839999999995,199.39399999999998,0,
1404,215,1408,13562,79,39,1933,39,1933,4,2,1,1,0,0,70.11572999999999,352.61199999999997,0,
1405,192,1052,9904,51,17,967,17,967,3,1,0,1,0,0,31.037269999999996,257.50399999999996,0,
1406,143,874,7513,38,12,658,12,658,3,1,0,1,0,0,21.81498,195.338,0,
1407,162,992,8640,48,18,875,18,875,4,1,0,1,0,0,32.29575,224.64,0,
1408,243,1552,14414,99,51,2634,49,2493,3,1,1,0,0,0,89.46370999999999,374.764,0,
1409,411,2434,25543,155,91,3963,91,3963,11,7,4,3,0,0,161.51802999999998,664.1179999999999,0,
1410,141,963,9001,41,20,716,20,716,1,1,0,1,0,0,34.907959999999996,234.02599999999998,0,
1411,121,800,7499,47,8,580,8,580,4,2,1,1,0,0,15.0818,194.974,0,
1412,283,1768,16914,104,49,2826,49,2826,3,1,0,1,0,0,89.60806,439.76399999999995,0,
1413,105,735,6634,32,10,381,9,351,3,2,1,1,0,0,16.33271,172.48399999999998,0,
1414,135,723,7287,31,5,373,5,373,3,1,0,1,0,0,9.46613,189.462,0,
1415,134,908,8050,48,17,896,16,848,5,2,1,1,0,0,29.510519999999996,209.29999999999998,0,
1416,234,1600,14241,97,52,2417,52,2417,3,1,0,1,0,0,92.87677,370.26599999999996,0,
1417,123,915,8527,43,16,771,16,771,5,3,0,3,0,0,28.681509999999996,221.702,0,
1418,170,994,9570,43,23,828,23,828,0,0,0,0,0,0,40.16168,248.82,0,
1419,205,1390,12314,80,32,1778,32,1778,4,2,0,2,0,0,58.26218,320.164,0,
1420,156,1002,9524,45,22,1120,22,1120,2,1,0,1,0,0,39.6652,247.624,0,
1421,397,2597,26365,172,69,3939,68,3884,12,6,2,4,0,0,124.75394,685.49,0,
1422,230,1454,13505,76,35,1838,35,1838,3,1,0,1,0,0,63.31778,351.13,0,
1423,359,2317,21061,169,84,4431,83,4364,6,5,1,4,0,0,150.73189999999997,547.586,0,
1424,521,3018,30203,166,113,4372,115,4470,7,2,0,2,0,0,200.99205999999998,785.278,0,
1425,114,816,7431,41,22,750,22,750,2,0,0,0,0,0,38.2555,193.206,0,
1426,274,1852,17256,110,56,2435,53,2356,7,4,2,2,0,0,95.78358,448.656,0,
1427,240,1303,12073,80,36,1796,34,1722,5,2,1,1,0,0,62.31213999999999,313.89799999999997,0,
1428,346,2008,19888,117,71,3892,71,3892,2,0,0,0,0,0,129.06752,517.088,0,
1429,168,1118,9652,70,22,1705,21,1667,5,2,1,1,0,0,40.664109999999994,250.952,0,
1430,149,858,7845,43,16,735,14,656,3,2,1,1,0,0,26.07658,203.97,0,
1431,221,1404,11559,90,35,2090,35,2090,7,5,0,5,0,0,64.2779,300.534,0,
1432,154,968,9022,32,7,426,7,426,2,1,0,1,0,0,12.88606,234.572,0,
1433,3000,16096,149494,1212,705,39458,706,39485,5,4,0,4,0,0,1285.88099,3886.8439999999996,0,
1434,190,1539,10443,253,33,2683,28,2496,8,3,1,2,0,0,57.17742,271.518,0,
1435,364,1831,16075,98,32,2109,32,2109,5,4,0,4,0,0,59.523289999999996,417.95,0,
1436,339,2320,22223,148,106,3866,106,3866,5,2,0,2,0,0,185.28346,577.798,0,
1437,79,588,5498,24,3,135,3,135,3,2,1,1,0,0,5.34135,142.948,0,
1438,488,2962,28406,193,129,5321,129,5321,5,2,0,2,0,0,227.83400999999995,738.5559999999999,0,
1439,3000,15174,141155,1739,1122,55458,1122,55458,2,0,0,0,0,0,2016.59298,3670.0299999999997,0,
1440,111,926,7336,42,10,475,10,475,3,2,0,2,0,0,17.89975,190.736,0,
1441,3000,19124,165165,2040,617,44719,581,44345,42,23,8,15,0,0,1121.46877,4294.29,0,
1442,141,1089,8808,63,15,625,13,545,4,1,1,0,0,0,24.045849999999998,229.00799999999998,0,
1443,352,2501,21924,157,69,3386,69,3386,9,6,1,5,0,0,123.92166,570.024,0,
1444,411,2651,25547,152,106,3925,105,3871,5,3,1,2,0,0,184.23623,664.222,0,
1445,3000,14188,144043,1279,706,39724,706,39724,0,0,0,0,0,0,1287.3024400000002,3745.118,0,
1446,371,2533,21408,170,85,4050,85,4050,6,0,0,0,0,0,152.19549999999998,556.608,0,
1447,275,1700,17114,98,68,2774,68,2774,2,0,0,0,0,0,119.98093999999999,444.964,0,
1448,235,1426,12905,85,27,1753,25,1674,5,4,2,2,0,0,47.65416,335.53,0,
1449,276,1675,16182,102,43,2355,43,2355,8,2,0,2,0,0,78.15955,420.73199999999997,0,
1450,354,2014,18553,117,50,2572,50,2572,8,3,1,2,0,0,90.24932,482.378,0,
1451,3000,12613,135387,967,498,42492,498,42492,4,3,0,3,0,0,963.17652,3520.062,0,
1452,327,2059,19298,133,57,3196,57,3196,5,3,1,2,0,0,103.88976,501.748,0,
1453,3000,14929,149601,1639,931,52893,931,52893,2,2,0,2,0,0,1699.50133,3889.6259999999997,0,
1454,153,1177,9474,92,23,1075,21,996,4,2,2,0,0,0,38.63498,246.32399999999998,0,
1455,63,552,4549,16,1,118,1,118,1,0,0,0,0,0,2.05858,118.274,0,
1456,3000,13928,144642,1092,687,40899,687,40899,1,1,0,1,0,0,1261.20819,3760.692,0,
1457,549,3298,33742,276,149,5542,149,5542,6,4,1,3,0,0,260.85602,877.2919999999999,0,
1458,99,803,6293,42,13,484,13,484,3,2,0,2,0,0,22.761039999999994,163.618,0,
1459,170,1180,10149,61,22,1186,22,1186,5,1,0,1,0,0,39.91666,263.87399999999997,0,
1460,84,617,5604,21,4,219,4,219,2,1,0,1,0,0,7.270389999999999,145.70399999999998,0,
1461,421,2772,25647,188,102,5026,102,5026,9,5,0,5,0,0,183.26706,666.822,0,
1462,267,1801,16792,134,55,3490,52,3257,6,4,2,2,0,0,97.78911,436.592,0,
1463,280,1695,17486,94,66,2395,66,2395,6,3,1,2,0,0,115.31895,454.63599999999997,0,
1464,419,2491,23458,171,84,5175,84,5175,9,4,1,3,0,0,154.87275,609.908,0,
1465,398,2569,24107,156,89,4276,88,4115,6,4,1,3,0,0,157.93913,626.7819999999999,0,
1466,98,637,5357,23,3,224,3,224,3,0,0,0,0,0,5.68044,139.28199999999998,0,
1467,3000,15341,137135,1808,1123,63626,1123,63626,5,4,0,4,0,0,2049.32206,3565.5099999999998,0,
1468,140,1100,8735,76,16,999,16,999,3,0,0,0,0,0,29.550189999999997,227.10999999999999,0,
1469,131,993,8488,57,22,1110,22,1110,3,2,0,2,0,0,39.6271,220.688,0,
1470,162,1058,10245,44,16,885,16,885,3,1,0,1,0,0,29.11585,266.37,0,
1471,201,1131,9752,50,16,809,16,809,3,1,0,1,0,0,28.82629,253.552,0,
1472,231,1538,14353,93,33,2025,30,1950,9,5,2,3,0,0,57.225,373.178,0,
1473,129,893,8299,50,24,970,24,970,1,1,0,1,0,0,42.311699999999995,215.774,0,
1474,224,1319,13234,73,26,1767,26,1767,6,5,1,4,0,0,48.566269999999996,344.084,0,
1475,265,1303,13177,62,16,1260,15,1188,7,4,2,2,0,0,29.22524,342.602,0,
1476,3000,18856,189488,1707,1088,52204,1084,52021,5,3,2,1,0,0,1944.4879499999997,4926.688,0,
1477,209,1497,12463,85,33,2821,33,2821,3,0,0,0,0,0,63.845009999999995,324.038,0,
1478,295,1942,16622,117,51,2957,51,2957,6,3,0,3,0,0,93.32517,432.17199999999997,0,
1479,202,1350,11441,81,29,1963,29,1963,6,3,0,3,0,0,54.140029999999996,297.466,0,
1480,3000,14672,152499,1402,1032,62002,1032,62002,0,0,0,0,0,0,1896.71562,3964.9739999999997,0,
1481,3000,15607,139203,1744,1080,61009,1080,61009,6,3,0,3,0,0,1970.1642899999997,3619.278,0,
1482,169,1288,9851,81,21,1298,21,1298,5,2,0,2,0,0,38.734379999999994,256.126,0,
1483,604,3825,35042,243,72,5863,62,5496,19,12,5,7,0,0,125.92081999999999,911.092,0,
1484,520,3169,29543,209,100,5521,100,5744,11,5,1,4,0,0,182.52149999999997,768.1179999999999,0,
1485,534,3430,31796,240,125,5779,124,5752,8,4,2,2,0,0,221.94197999999997,826.6959999999999,0,
1486,408,2634,23207,183,85,5227,85,5227,6,2,0,2,0,0,156.67987,603.382,0,
1487,354,2397,23046,152,73,3863,73,3863,11,7,2,5,0,0,132.17503,599.196,0,
1488,143,934,9080,45,13,674,13,674,4,1,0,1,0,0,23.484939999999998,236.07999999999998,0,
1489,3000,14631,148431,1584,935,49255,935,49255,3,2,0,2,0,0,1692.0765499999998,3859.2059999999997,0,
1490,144,1053,8515,57,29,1057,29,1057,1,1,0,1,0,0,50.68817,221.39,0,
1491,558,2932,30107,177,65,4664,64,4529,15,5,2,3,0,0,120.86979,782.7819999999999,0,
1492,111,746,6475,34,9,397,9,397,2,1,0,1,0,0,15.993569999999998,168.35,0,
1493,154,1086,9986,67,32,1119,32,1119,3,1,0,1,0,0,55.75139,259.63599999999997,0,
1494,161,1022,9661,44,10,902,9,878,4,3,1,2,0,0,18.333499999999997,251.18599999999998,0,
1495,253,1277,13154,60,18,1407,18,1407,9,4,0,4,0,0,34.322669999999995,342.00399999999996,0,
1496,308,1989,17899,115,60,3210,60,3210,3,0,0,0,0,0,108.7701,465.37399999999997,0,
1497,3000,14233,143681,1178,624,43888,624,43888,4,1,0,1,0,0,1171.22928,3735.7059999999997,0,
1498,123,895,7156,85,13,572,13,572,4,0,0,0,0,0,23.096319999999995,186.05599999999998,0,
1499,143,932,9045,57,14,844,14,844,6,2,0,2,0,0,25.741639999999997,235.17,0,
1500,207,1156,10539,71,39,1724,39,1724,2,2,0,2,0,0,69.31944,274.014,0,
1501,159,1026,9045,47,19,961,19,961,5,2,0,2,0,0,34.23241,235.17,0,
1502,264,1708,16233,105,52,2406,52,2406,6,2,0,2,0,0,92.83485999999999,422.058,0,
1503,123,870,8472,43,13,795,11,728,5,2,1,1,0,0,21.509739999999997,220.272,0,
1504,288,1697,16232,96,43,2245,43,2245,6,2,0,2,0,0,77.74044999999998,422.032,0,
1505,121,675,6934,20,4,162,4,162,3,2,1,1,0,0,7.05322,180.284,0,
1506,189,999,9642,43,27,996,27,996,4,1,0,1,0,0,47.23776,250.69199999999998,0,
1507,124,830,8138,35,5,525,5,525,5,1,0,1,0,0,10.04525,211.588,0,
1508,243,1494,13897,86,29,1709,29,1709,6,2,0,2,0,0,53.17229,361.322,0,
1509,206,1133,9777,59,19,1154,19,1154,5,2,0,2,0,0,34.96774,254.202,0,
1510,156,1087,8989,67,30,1664,30,1664,4,2,0,2,0,0,54.60984,233.714,0,
1511,114,659,6994,12,2,73,2,73,0,0,0,0,0,0,3.49613,181.844,0,
1512,100,692,5634,35,6,365,6,365,4,2,0,2,0,0,11.044649999999997,146.48399999999998,0,
1513,109,717,6973,37,14,584,14,584,3,2,0,2,0,0,24.75104,181.298,0,
1514,127,703,7738,24,6,299,6,299,5,3,1,2,0,0,10.79319,201.188,0,
1515,135,881,7997,45,18,885,18,885,4,0,0,0,0,0,32.33385,207.922,0,
1516,118,791,7454,29,10,544,10,544,2,1,0,1,0,0,18.16264,193.804,0,
1517,102,628,6761,25,6,321,6,321,4,2,0,2,0,0,10.877009999999999,175.786,0,
1518,114,750,7272,25,7,342,7,342,3,2,0,2,0,0,12.566019999999998,189.072,0,
1519,130,760,7661,34,8,507,8,507,3,3,2,1,0,0,14.80367,199.18599999999998,0,
1520,195,1236,12030,86,26,1690,26,1690,7,3,0,3,0,0,48.27289999999999,312.78,0,
1521,109,838,7409,39,11,530,11,530,5,4,1,3,0,0,19.7183,192.634,0,
1522,95,646,6599,28,7,290,7,290,3,2,1,1,0,0,12.3679,171.57399999999998,0,
1523,106,746,7197,33,11,594,11,594,3,3,0,3,0,0,19.96214,187.12199999999999,0,
1524,155,1014,8939,50,27,1072,27,1072,3,0,0,0,0,0,47.52732,232.414,0,
1525,137,867,7587,48,14,766,14,766,5,2,0,2,0,0,25.444459999999996,197.262,0,
1526,122,636,6380,16,3,153,3,153,3,1,0,1,0,0,5.409929999999999,165.88,0,
1527,140,963,8322,48,17,1142,17,1142,3,1,0,1,0,0,31.704019999999996,216.37199999999999,0,
1528,132,815,7815,35,11,481,11,481,2,0,0,0,0,0,19.531609999999997,203.19,0,
1529,119,846,7805,37,12,618,12,618,4,3,0,3,0,0,21.66258,202.92999999999998,0,
1530,227,1564,14183,91,43,2157,41,2141,6,4,0,4,0,0,75.10309,368.758,0,
1531,160,1069,10222,53,27,1419,27,1419,2,1,0,1,0,0,48.84938999999999,265.772,0,
1532,171,1079,10795,73,24,1401,24,1401,5,4,1,3,0,0,43.95381,280.66999999999996,0,
1533,189,1139,10818,69,26,1275,24,1124,4,3,1,2,0,0,44.03462,281.268,0,
1534,226,1485,13760,87,52,1960,52,1960,4,1,0,1,0,0,91.13559999999998,357.76,0,
1535,141,954,9814,43,24,1019,24,1019,3,2,1,1,0,0,42.49838999999999,255.164,0,
1536,148,993,9500,50,28,979,28,979,3,2,1,1,0,0,48.78198999999999,247,0,
1537,255,1527,14299,81,26,2081,24,1570,8,3,1,2,0,0,46.15868,371.774,0,
1538,217,1280,11672,89,18,1372,16,1248,8,5,2,3,0,0,31.6032,303.472,0,
1539,94,621,5976,25,3,302,3,302,3,1,0,1,0,0,5.97762,155.376,0,
1540,117,800,8147,31,9,568,9,568,3,1,0,1,0,0,16.645079999999997,211.822,0,
1541,241,1578,15044,84,49,2160,49,2160,4,2,0,2,0,0,87.0706,391.144,0,
1542,91,614,5795,29,11,323,11,323,2,0,0,0,0,0,18.92963,150.67,0,
1543,204,1148,12000,71,20,1591,18,1524,8,5,1,4,0,0,35.805499999999995,312,0,
1544,252,1492,15468,98,35,2250,35,2250,9,4,0,4,0,0,64.8875,402.168,0,
1545,132,860,8317,43,14,661,14,661,3,1,0,1,0,0,25.04441,216.242,0,
1546,107,737,7316,31,11,432,11,432,4,2,0,2,0,0,19.34492,190.21599999999998,0,
1547,118,813,7866,35,10,598,10,598,3,2,0,2,0,0,18.36838,204.516,0,
1548,147,979,8633,62,16,1261,16,1261,6,1,0,1,0,0,30.54841,224.458,0,
1549,162,1093,9533,55,19,1279,18,1248,4,2,1,1,0,0,34.232459999999996,247.85799999999998,0,
1550,280,1728,17114,121,46,3149,45,3113,9,4,1,3,0,0,84.78701,444.964,0,
1551,246,1554,14165,93,32,2822,32,2822,9,3,0,3,0,0,62.23982,368.28999999999996,0,
1552,116,823,6639,36,14,682,14,682,3,1,0,1,0,0,25.124419999999997,172.614,0,
1553,274,1450,14964,91,26,1558,26,1558,8,8,3,5,0,0,47.76998,389.06399999999996,0,
1554,84,622,5921,29,3,206,3,206,3,1,0,1,0,0,5.611859999999999,153.946,0,
1555,259,1503,14753,90,29,2135,29,2135,7,5,2,3,0,0,54.79535,383.578,0,
1556,181,1106,10679,52,25,1121,25,1121,3,2,0,2,0,0,44.49601,277.654,0,
1557,111,693,6319,35,6,468,6,468,5,1,0,1,0,0,11.43708,164.29399999999998,0,
1558,151,894,7885,32,7,550,7,550,4,0,0,0,0,0,13.3585,205.01,0,
1559,105,717,6645,27,8,390,8,390,4,3,0,3,0,0,14.3579,172.76999999999998,0,
1560,220,1178,11080,71,27,1469,26,1419,4,2,1,1,0,0,47.778389999999995,288.08,0,
1561,151,915,9589,45,23,893,23,893,0,0,0,0,0,0,40.40933,249.314,0,
1562,106,665,7254,25,6,356,6,356,3,2,0,2,0,0,11.010359999999999,188.60399999999998,0,
1563,106,735,6597,45,17,768,15,665,4,1,1,0,0,0,27.74819,171.522,0,
1564,355,2070,19368,131,49,4211,49,4211,10,2,0,2,0,0,94.88490999999999,503.568,0,
1565,165,1115,9147,59,21,1231,21,1231,6,2,0,2,0,0,38.47911,237.822,0,
1566,99,648,6280,18,4,210,4,210,3,2,0,2,0,0,7.2360999999999995,163.28,0,
1567,172,881,9090,39,15,594,15,594,3,1,0,1,0,0,26.398139999999998,236.33999999999997,0,
1568,323,1770,17963,105,33,2527,33,2527,10,4,0,4,0,0,62.724869999999996,467.03799999999995,0,
1569,121,793,6501,44,14,614,14,614,3,2,0,2,0,0,24.865339999999996,169.02599999999998,0,
1570,188,1197,12175,63,30,1469,26,1309,4,4,2,2,0,0,48.926089999999995,316.55,0,
1571,195,1266,11537,78,44,2119,44,2119,6,3,0,3,0,0,78.86939,299.962,0,
1572,107,746,6466,38,12,576,12,576,3,1,0,1,0,0,21.50256,168.11599999999999,0,
1573,107,716,6463,34,11,593,11,593,4,2,0,2,0,0,19.95833,168.03799999999998,0,
1574,137,897,9320,47,20,852,18,764,3,3,1,2,0,0,32.93468,242.32,0,
1575,151,981,9156,46,11,761,11,761,5,2,0,2,0,0,20.59841,238.05599999999998,0,
1576,128,908,8484,42,22,753,22,753,3,2,1,1,0,0,38.26693,220.584,0,
1577,109,817,6935,47,15,833,15,833,3,1,0,1,0,0,27.308729999999997,180.31,0,
1578,123,731,7179,31,11,480,11,480,5,2,0,2,0,0,19.5278,186.654,0,
1579,126,847,7862,40,11,625,11,625,5,2,0,2,0,0,20.08025,204.41199999999998,0,
1580,168,1030,10171,58,16,944,15,887,5,3,1,2,0,0,28.060729999999996,264.44599999999997,0,
1581,136,829,7486,38,9,609,9,609,3,2,0,2,0,0,16.801289999999998,194.636,0,
1582,153,1041,9028,53,17,1177,17,1177,6,2,0,2,0,0,31.837369999999996,234.72799999999998,0,
1583,128,798,7550,45,18,891,18,891,3,1,0,1,0,0,32.35671,196.29999999999998,0,
1584,170,1073,10541,46,25,1021,25,1021,3,3,0,3,0,0,44.11500999999999,274.066,0,
1585,150,1075,10416,45,15,1019,15,1019,5,4,0,4,0,0,28.01739,270.816,0,
1586,201,1125,11112,44,18,861,18,861,4,1,0,1,0,0,32.24240999999999,288.912,0,
1587,238,1400,14177,72,28,1791,28,1791,7,1,0,1,0,0,51.87571,368.602,0,
1588,108,705,6577,47,11,477,9,308,2,1,1,0,0,0,16.811899999999998,171.00199999999998,0,
1589,110,855,7264,49,12,757,12,757,5,3,0,3,0,0,22.192169999999997,188.864,0,
1590,143,934,8379,61,10,764,10,764,5,3,1,2,0,0,19.00084,217.85399999999998,0,
1591,112,790,7241,34,11,637,11,637,3,1,0,1,0,0,20.12597,188.266,0,
1592,226,1433,13972,101,43,2413,43,2413,6,3,0,3,0,0,78.38053,363.272,0,
1593,186,1128,11093,51,31,1056,31,1056,1,0,0,0,0,0,53.902359999999994,288.418,0,
1594,103,643,6710,24,4,273,4,273,2,1,0,1,0,0,7.4761299999999995,174.45999999999998,0,
1595,152,976,9508,51,27,1037,27,1037,3,1,0,1,0,0,47.39397,247.208,0,
1596,135,853,8849,38,20,830,20,830,3,2,0,2,0,0,35.342299999999994,230.07399999999998,0,
1597,85,579,6265,22,4,273,4,273,3,2,1,1,0,0,7.4761299999999995,162.89,0,
1598,129,793,8283,37,10,711,10,711,5,4,0,4,0,0,18.79891,215.358,0,
1599,204,1334,12120,100,39,2602,35,2223,6,4,1,3,0,0,67.14785,315.12,0,
1600,156,1014,10282,47,15,1116,14,1048,7,1,1,0,0,0,27.07812,267.332,0,
1601,135,727,7816,21,6,298,6,298,3,2,0,2,0,0,10.78938,203.21599999999998,0,
1602,140,689,7929,18,3,190,3,190,3,1,0,1,0,0,5.5508999999999995,206.154,0,
1603,174,969,8698,40,16,724,16,724,4,2,0,2,0,0,28.502439999999996,226.148,0,
1604,194,1278,12026,66,37,1480,37,1480,4,0,0,0,0,0,65.17179999999999,312.676,0,
1605,210,1368,12807,71,28,1927,28,1927,7,3,0,3,0,0,52.39386999999999,332.98199999999997,0,
1606,166,1282,10006,162,16,873,19,984,4,4,0,4,0,0,32.75205999999999,260.156,0,
1607,169,1100,10267,77,30,1571,30,1571,5,2,0,2,0,0,54.255509999999994,266.942,0,
1608,237,1361,12723,76,24,1582,22,1362,6,4,2,2,0,0,41.80481999999999,330.798,0,
1609,94,722,6711,34,3,307,3,307,5,2,1,1,0,0,5.996669999999999,174.486,0,
1610,123,708,7341,30,8,395,7,339,3,1,1,0,0,0,13.099669999999998,190.86599999999999,0,
1611,140,801,8351,31,10,470,10,470,2,2,1,1,0,0,17.880699999999997,217.12599999999998,0,
1612,119,826,7103,44,14,649,14,649,4,4,0,4,0,0,24.998689999999996,184.678,0,
1613,289,1787,17919,130,47,3660,45,3619,12,7,2,5,0,0,87.19977,465.894,0,
1614,145,950,9450,56,12,651,12,651,3,3,2,1,0,0,21.788309999999996,245.7,0,
1615,153,978,9749,50,19,705,19,705,4,2,0,2,0,0,33.25705,253.474,0,
1616,110,751,7226,32,7,325,7,325,3,3,2,1,0,0,12.501249999999999,187.876,0,
1617,279,1755,16421,125,46,2853,44,2759,10,5,1,4,0,0,82.37671,426.94599999999997,0,
1618,284,1747,17160,103,43,2281,43,2281,7,5,1,4,0,0,77.87761,446.15999999999997,0,
1619,152,1058,10759,57,29,1159,29,1159,4,2,1,1,0,0,51.076789999999995,279.734,0,
1620,160,1082,10642,54,16,1290,16,1290,5,4,0,4,0,0,30.6589,276.692,0,
1621,158,1083,9689,63,29,1126,29,1126,5,3,0,3,0,0,50.95105999999999,251.914,0,
1622,138,881,8403,57,10,868,10,868,6,2,1,1,0,0,19.39708,218.47799999999998,0,
1623,184,1119,11545,42,22,1050,22,1050,4,2,0,2,0,0,39.3985,300.16999999999996,0,
1624,170,1116,9739,66,20,1390,17,1187,4,1,1,0,0,0,33.552009999999996,253.214,0,
1625,152,1021,9793,55,27,1047,27,1047,3,1,0,1,0,0,47.43207,254.618,0,
1626,256,1462,14057,92,39,2354,39,2354,7,3,1,2,0,0,71.71973999999999,365.48199999999997,0,
1627,207,1160,11403,56,14,1266,14,1266,5,2,1,1,0,0,27.34946,296.478,0,
1628,111,656,5923,24,4,239,4,239,3,2,1,1,0,0,7.346589999999999,153.998,0,
1629,159,1074,9706,56,26,1325,26,1325,4,2,1,1,0,0,46.88224999999999,252.356,0,
1630,121,810,7292,34,7,635,7,635,5,2,0,2,0,0,13.68235,189.59199999999998,0,
1631,197,976,9457,31,14,577,14,577,5,4,0,4,0,0,24.72437,245.88199999999998,0,
1632,205,1156,11819,43,13,889,13,889,3,1,0,1,0,0,24.304089999999995,307.294,0,
1633,136,975,8238,66,20,1125,19,1052,5,1,1,0,0,0,35.144259999999996,214.188,0,
1634,150,923,9433,40,14,916,14,916,4,2,0,2,0,0,26.015959999999996,245.25799999999998,0,
1635,161,969,9323,34,11,715,11,715,4,2,0,2,0,0,20.42315,242.398,0,
1636,179,1189,11211,60,18,1337,18,1337,6,3,1,2,0,0,34.055969999999995,291.486,0,
1637,100,745,6116,43,15,777,15,777,4,2,0,2,0,0,27.09537,159.016,0,
1638,200,1124,10668,79,20,1070,20,1070,7,5,2,3,0,0,36.256699999999995,277.368,0,
1639,247,1439,13113,78,35,1702,35,1702,3,1,0,1,0,0,62.79961999999999,340.938,0,
1640,371,2116,19760,127,33,2839,30,2727,13,5,2,3,0,0,60.229029999999995,513.76,0,
1641,121,776,7147,62,17,1096,16,796,3,3,1,2,0,0,29.609759999999994,185.822,0,
1642,128,807,7827,45,13,804,13,804,4,1,0,1,0,0,23.980239999999995,203.50199999999998,0,
1643,117,734,7251,28,8,508,8,508,3,1,0,1,0,0,14.80748,188.52599999999998,0,
1644,204,1262,11879,64,24,1481,24,1481,4,3,1,2,0,0,44.25861,308.854,0,
1645,118,743,7929,35,10,456,10,456,3,3,1,2,0,0,17.82736,206.154,0,
1646,120,797,7593,31,11,566,11,566,4,2,0,2,0,0,19.85546,197.41799999999998,0,
1647,239,1320,12903,77,32,1511,31,1473,3,2,1,1,0,0,56.01496999999999,335.478,0,
1648,136,798,7197,35,11,494,11,494,3,3,0,3,0,0,19.581139999999998,187.12199999999999,0,
1649,157,942,7928,55,20,1058,20,984,4,3,0,3,0,0,36.01635999999999,206.128,0,
1650,128,789,7381,38,10,540,10,540,3,3,1,2,0,0,18.1474,191.90599999999998,0,
1651,130,949,8577,58,18,975,17,933,4,3,2,1,0,0,31.43629,223.00199999999998,0,
1652,183,1028,8608,56,15,1043,15,1043,5,2,1,1,0,0,28.108829999999998,223.808,0,
1653,158,912,8487,44,22,1005,22,1005,3,0,0,0,0,0,39.22705,220.66199999999998,0,
1654,122,792,7671,44,14,868,14,868,5,3,0,3,0,0,25.83308,199.446,0,
1655,94,614,5772,23,7,236,7,236,3,0,0,0,0,0,12.16216,150.072,0,
1656,189,1097,10491,42,10,671,10,671,5,4,1,3,0,0,18.64651,272.76599999999996,0,
1657,189,1124,10368,51,19,1114,19,1114,4,0,0,0,0,0,34.81534,269.568,0,
1658,119,662,6300,30,5,324,4,267,3,2,2,0,0,0,7.999529999999999,163.79999999999998,0,
1659,253,1555,14938,92,51,2005,50,1928,5,1,1,0,0,0,88.36553999999998,388.388,0,
1660,192,1176,11970,61,25,1569,25,1569,7,3,0,3,0,0,46.20289,311.21999999999997,0,
1661,113,819,6785,43,16,796,16,796,6,2,0,2,0,0,28.776759999999996,176.41,0,
1662,243,1572,14440,96,35,2174,33,2115,5,4,1,3,0,0,62.18277,375.44,0,
1663,151,956,9493,45,25,936,25,936,4,2,0,2,0,0,43.79116,246.81799999999998,0,
1664,105,776,6605,37,7,527,7,527,4,1,0,1,0,0,13.27087,171.73,0,
1665,138,776,7234,26,6,364,6,364,6,3,0,3,0,0,11.04084,188.084,0,
1666,112,777,7122,35,12,424,12,424,3,0,0,0,0,0,20.92344,185.172,0,
1667,147,789,6801,19,5,231,5,231,2,0,0,0,0,0,8.92511,176.826,0,
1668,105,759,7104,33,6,358,6,358,3,3,2,1,0,0,11.017979999999998,184.70399999999998,0,
1669,116,750,6808,31,6,417,6,417,4,2,0,2,0,0,11.242769999999998,177.00799999999998,0,
1670,157,969,9380,45,10,596,8,538,3,2,1,1,0,0,15.94822,243.88,0,
1671,185,1259,11799,71,36,1392,36,1392,4,1,0,1,0,0,63.22752,306.774,0,
1672,98,624,6603,19,3,179,3,179,3,2,1,1,0,0,5.508989999999999,171.678,0,
1673,160,1000,10128,36,11,667,11,667,4,2,1,1,0,0,20.240270000000002,263.328,0,
1674,124,837,7504,33,8,615,8,615,6,2,0,2,0,0,15.21515,195.10399999999998,0,
1675,156,915,8855,36,11,537,11,537,3,2,1,1,0,0,19.744970000000002,230.23,0,
1676,91,636,5693,28,12,360,12,360,2,0,0,0,0,0,20.679599999999997,148.018,0,
1677,562,7138,29693,1742,4156,246948,48,3690,13,8,3,5,0,0,2346.0673399999996,772.0179999999999,2,limit
1678,170,1361,10993,97,23,1505,23,1505,8,5,3,2,0,0,42.74105,285.818,0,
1679,161,1069,10150,54,21,1047,21,1047,4,3,0,3,0,0,37.77807,263.9,0,
1680,144,1034,9374,59,22,1077,21,988,3,2,1,1,0,0,38.137299999999996,243.724,0,
1681,215,1426,13585,76,26,1795,26,1795,7,4,0,4,0,0,48.67294999999999,353.21,0,
1682,461,1767,18390,73,37,1639,37,1639,2,0,0,0,0,0,65.77758999999999,478.14,0,
1683,141,967,8946,54,24,1127,24,1127,5,2,0,2,0,0,42.90987,232.59599999999998,0,
1684,140,1009,9181,60,24,1102,24,1102,3,3,1,2,0,0,42.81462,238.706,0,
1685,91,667,6281,30,8,388,8,388,3,1,0,1,0,0,14.35028,163.30599999999998,0,
1686,179,1017,9746,53,18,877,18,877,4,1,0,1,0,0,32.30337,253.396,0,
1687,162,1108,10417,54,14,1177,14,1177,7,3,1,2,0,0,27.010369999999998,270.842,0,
1688,109,634,6479,15,3,141,3,141,3,1,0,1,0,0,5.364209999999999,168.45399999999998,0,
1689,193,1198,11999,81,22,1515,20,1465,8,5,2,3,0,0,38.77865,311.974,0,
1690,101,685,6671,29,8,401,8,401,4,2,1,1,0,0,14.399809999999999,173.446,0,
1691,291,1687,16064,120,45,3001,43,2928,11,5,1,4,0,0,81.38682,417.664,0,
1692,145,935,8857,52,15,785,15,785,5,4,3,1,0,0,27.12585,230.28199999999998,0,
1693,176,1010,9168,53,16,861,15,809,4,4,3,1,0,0,27.757649999999998,238.368,0,
1694,211,1061,10503,32,12,546,12,546,2,0,0,0,0,0,21.38826,273.078,0,
1695,176,1211,9738,96,28,1813,28,1813,6,4,1,3,0,0,51.959529999999994,253.188,0,
1696,375,2142,21468,117,43,2915,40,2850,7,4,2,2,0,0,76.73219999999998,558.168,0,
1697,101,585,5832,16,2,129,2,129,2,0,0,0,0,0,3.7094899999999997,151.632,0,
1698,275,1626,16696,88,28,2146,27,2095,10,5,1,4,0,0,51.96413,434.096,0,
1699,143,954,9905,42,17,884,17,884,5,4,1,3,0,0,30.721039999999995,257.53,0,
1700,243,1177,11468,44,15,798,15,798,4,3,0,3,0,0,27.175379999999997,298.168,0,
1701,156,937,9097,46,24,965,24,965,3,0,0,0,0,0,42.29265,236.522,0,
1702,127,821,7969,38,14,684,14,684,6,2,1,1,0,0,25.132039999999996,207.194,0,
1703,197,1141,10315,48,17,1163,17,1163,3,1,0,1,0,0,31.784029999999994,268.19,0,
1704,173,1163,11139,62,31,1294,31,1294,3,2,1,1,0,0,54.80913999999999,289.614,0,
1705,129,809,8108,41,20,850,20,850,5,3,0,3,0,0,35.4185,210.808,0,
1706,130,868,7763,40,12,742,12,742,7,3,0,3,0,0,22.13502,201.838,0,
1707,110,753,6455,32,11,574,11,574,3,1,0,1,0,0,19.885939999999998,167.82999999999998,0,
1708,194,1251,11773,101,25,1715,25,1715,5,3,0,3,0,0,46.75915,306.098,0,
1709,170,1077,9463,65,19,1152,18,1107,6,3,1,2,0,0,33.71177,246.03799999999998,0,
1710,178,1097,10086,60,31,1295,31,1295,4,2,0,2,0,0,54.812949999999994,262.236,0,
1711,147,896,8665,35,17,616,17,616,4,2,1,1,0,0,29.699959999999997,225.29,0,
1712,142,888,8716,51,21,970,21,970,3,0,0,0,0,0,37.4847,226.61599999999999,0,
1713,179,1091,10221,55,16,1027,14,925,5,3,1,2,0,0,27.128609999999995,265.746,0,
1714,355,2134,20715,125,43,3570,39,3385,13,8,3,5,0,0,77.78214999999999,538.59,0,
1715,92,598,5550,23,3,176,3,176,3,1,0,1,0,0,5.49756,144.29999999999998,0,
1716,127,801,7723,32,11,636,11,636,6,4,0,4,0,0,20.12216,200.798,0,
1717,79,554,6195,18,4,168,4,168,3,1,0,1,0,0,7.07608,161.07,0,
1718,109,665,6359,21,4,233,4,233,3,2,1,1,0,0,7.323729999999999,165.334,0,
1719,158,898,9658,39,11,740,11,740,4,1,0,1,0,0,20.5184,251.10799999999998,0,
1720,123,758,8129,34,15,508,15,508,2,1,0,1,0,0,26.07048,211.35399999999998,0,
1721,128,853,8335,39,13,764,13,764,6,3,0,3,0,0,23.82784,216.70999999999998,0,
1722,152,1034,9763,52,12,886,10,715,4,4,2,2,0,0,19.97393,253.838,0,
1723,153,976,10055,54,22,937,22,937,3,2,0,2,0,0,38.967969999999994,261.43,0,
1724,107,655,6848,26,6,308,6,308,3,1,0,1,0,0,10.82748,178.048,0,
1725,143,861,8138,42,14,723,14,723,4,2,0,2,0,0,25.28063,211.588,0,
1726,239,1266,12264,64,26,1126,26,1126,4,3,1,2,0,0,46.12405999999999,318.864,0,
1727,189,1158,10683,66,25,1333,25,1333,5,2,0,2,0,0,45.303729999999995,277.758,0,
1728,151,964,8966,45,11,908,11,908,4,1,0,1,0,0,21.15848,233.11599999999999,0,
1729,89,585,6303,21,4,238,4,238,3,2,1,1,0,0,7.342779999999999,163.878,0,
1730,241,1414,13315,67,21,1624,21,1624,7,1,0,1,0,0,39.97644,346.19,0,
1731,147,962,8889,56,24,1097,22,1038,3,2,1,1,0,0,40.380399999999995,231.11399999999998,0,
1732,87,557,5064,27,5,260,5,260,4,1,0,1,0,0,9.035599999999999,131.664,0,
1733,137,848,8914,41,14,705,12,628,6,5,3,2,0,0,22.74954,231.76399999999998,0,
1734,116,791,6879,38,12,610,12,610,2,1,0,1,0,0,21.632099999999998,178.85399999999998,0,
1735,129,804,7982,41,21,719,21,719,3,2,0,2,0,0,36.52839,207.53199999999998,0,
1736,172,992,9581,62,29,1651,29,1651,4,3,0,3,0,0,52.95130999999999,249.106,0,
1737,156,1001,10145,55,29,1167,29,1167,3,1,0,1,0,0,51.10726999999999,263.77,0,
1738,201,1239,12565,65,31,1303,31,1303,6,3,0,3,0,0,54.84343,326.69,0,
1739,155,949,9361,40,13,866,13,866,3,1,0,1,0,0,24.216459999999998,243.386,0,
1740,97,640,7026,21,6,286,6,286,2,1,0,1,0,0,10.743659999999998,182.676,0,
1741,184,1215,11285,87,32,1929,28,1507,5,3,2,1,0,0,53.20763,293.40999999999997,0,
1742,172,866,9431,32,10,573,10,573,3,2,0,2,0,0,18.273130000000002,245.206,0,
1743,142,919,9761,51,17,864,16,814,4,1,1,0,0,0,29.38334,253.786,0,
1744,109,745,6645,43,17,846,17,846,4,2,0,2,0,0,30.576259999999994,172.76999999999998,0,
1745,83,588,5822,18,4,155,4,155,4,2,1,1,0,0,7.02655,151.37199999999999,0,
1746,199,1279,12417,69,29,1520,29,1520,6,2,0,2,0,0,52.4522,322.842,0,
1747,105,675,6548,23,3,281,3,281,4,1,0,1,0,0,5.897609999999999,170.248,0,
1748,125,659,6052,22,5,261,5,261,3,0,0,0,0,0,9.039409999999998,157.352,0,
1749,253,1687,16371,96,46,2434,44,2282,7,5,2,3,0,0,80.62778,425.64599999999996,0,
1750,136,906,8534,40,17,797,17,797,2,2,0,2,0,0,30.389569999999996,221.884,0,
1751,168,1091,9003,56,17,1104,17,1104,5,2,0,2,0,0,31.559239999999996,234.078,0,
1752,243,1592,14513,96,47,2397,47,2397,3,1,0,1,0,0,84.75556999999999,377.33799999999997,0,
1753,446,2976,23947,359,106,6392,94,5764,9,7,3,4,1,0,179.69588,622.622,0,
1754,3000,13166,140186,1089,589,36868,589,36868,6,5,1,4,0,0,1088.16808,3644.836,0,
1755,378,2584,24663,166,119,4278,119,4278,3,1,0,1,0,0,207.77017999999998,641.2379999999999,0,
1756,248,1565,15124,104,50,2034,50,2034,6,5,1,4,0,0,88.19953999999998,393.224,0,
1757,413,2798,24114,202,114,5997,114,5997,6,3,0,3,0,0,206.27456999999998,626.9639999999999,0,
1758,3000,14578,142958,1317,855,48109,855,48109,1,0,0,0,0,0,1558.9902899999997,3716.908,0,
1759,189,1313,10618,79,26,1325,26,1325,5,2,1,1,0,0,46.88224999999999,276.068,0,
1760,360,2443,22513,159,91,4072,89,3815,4,4,1,3,0,0,158.99740999999997,585.338,0,
1761,3000,15014,141506,1270,751,43447,751,43447,5,2,0,2,0,0,1373.8920699999999,3679.156,0,
1762,204,1492,11542,104,13,1041,12,1009,7,4,2,2,0,0,23.66905,300.092,0,
1763,3000,14691,138284,1624,1124,58714,1124,58714,5,2,0,2,0,0,2032.21634,3595.384,0,
1764,412,2698,25598,219,130,5674,130,5674,3,2,0,2,0,0,230.78793999999996,665.548,0,
1765,669,4065,40901,304,170,8979,170,8979,14,7,1,6,0,0,307.73999000000003,1063.426,0,
1766,186,1118,9533,56,21,958,21,958,6,1,0,1,0,0,37.438979999999994,247.85799999999998,0,
1767,185,967,9000,52,15,959,15,959,6,4,0,4,0,0,27.78879,234,0,
1768,286,1571,15209,93,30,1947,30,1947,8,3,1,2,0,0,55.688069999999996,395.43399999999997,0,
1769,3000,14229,145946,1285,911,55724,911,55724,0,0,0,0,0,0,1678.1074399999998,3794.596,0,
1770,3000,13865,152676,1289,1020,60056,1020,60056,1,0,0,0,0,0,1869.99336,3969.576,0,
1771,3000,14494,142979,1171,634,47226,634,47226,2,1,0,1,0,0,1200.0370599999999,3717.4539999999997,0,
1772,575,3402,31825,232,71,4838,68,4771,17,10,3,7,0,0,129.10557,827.4499999999999,0,
1773,258,1471,13450,51,15,988,15,988,6,2,0,2,0,0,27.89928,349.7,0,
1774,172,1104,11239,61,28,1352,28,1352,4,2,0,2,0,0,50.20311999999999,292.214,0,
1775,3000,14429,142756,1196,771,44104,771,44104,3,2,1,1,0,0,1408.57524,3711.656,0,
1776,3000,14682,143526,1262,795,45312,795,45312,4,2,0,2,0,0,1451.79372,3731.676,0,
1777,223,1533,13124,88,31,1523,31,1523,5,3,1,2,0,0,55.68162999999999,341.224,0,
1778,272,1515,14607,79,39,1990,39,1990,2,0,0,0,0,0,70.3329,379.782,0,
1779,268,1606,14726,118,50,4722,50,4722,7,3,3,0,0,0,98.44081999999999,382.876,0,
1780,303,1895,16448,119,38,2828,37,2780,9,4,1,3,0,0,70.66044,427.64799999999997,0,
1781,196,1066,9943,49,15,681,13,594,3,2,1,1,0,0,24.240799999999997,258.518,0,
1782,293,1875,17323,116,49,3005,49,3005,6,3,1,2,0,0,90.29005,450.39799999999997,0,
1783,135,919,8676,56,15,853,15,853,5,2,1,1,0,0,27.384929999999997,225.576,0,
1784,422,2534,23996,202,108,7362,107,7331,12,6,1,5,0,0,200.60968999999997,623.896,0,
1785,138,1005,8226,57,16,1153,16,1153,5,1,0,1,0,0,30.13693,213.87599999999998,0,
1786,3000,15265,141377,2510,1150,223203,1150,223203,4,2,0,2,0,0,2700.7534299999998,3675.8019999999997,0,
1787,125,926,7241,64,13,609,13,609,4,3,0,3,0,0,23.237289999999994,188.266,0,
1788,137,865,7215,49,16,714,16,714,4,1,0,1,0,0,28.46434,187.59,0,
1789,187,1280,11294,81,34,1953,34,1953,5,2,0,2,0,0,62.14692999999999,293.644,0,
1790,392,2488,24020,166,66,3951,61,3607,11,9,6,3,0,0,114.69259,624.52,0,
1791,122,826,7774,47,12,557,12,557,4,2,1,1,0,0,21.430169999999997,202.124,0,
1792,206,1211,11840,67,25,1322,25,1322,8,3,0,3,0,0,45.26182,307.84,0,
1793,3000,14528,152002,1238,1032,44151,1032,44151,1,0,0,0,0,0,1828.7033099999999,3952.0519999999997,0,
1794,123,887,7617,48,16,1061,15,912,4,3,1,2,0,0,28.26454,198.042,0,
1795,189,1337,11505,65,26,1349,26,1349,3,1,0,1,0,0,46.97369,299.13,0,
1796,497,3146,30051,202,139,6250,139,6250,4,0,0,0,0,0,247.4635,781.3259999999999,0,
1797,292,1985,17867,130,49,3157,46,2878,10,4,2,2,0,0,86.7454,464.542,0,
1798,3000,17617,175884,1338,708,44970,704,45167,35,14,5,9,0,0,1306.5058099999999,4572.9839999999995,0,
1799,132,936,7783,43,11,563,11,563,4,1,0,1,0,0,19.84403,202.358,0,
1800,389,2521,22999,244,93,9496,90,8724,14,4,3,1,0,0,180.39639999999997,597.9739999999999,0,
1801,3000,14051,148019,1226,945,49081,945,49081,0,0,0,0,0,0,1707.50361,3848.4939999999997,0,
1802,171,1098,8788,51,8,876,7,770,7,2,2,0,0,0,14.80078,228.488,0,
1803,401,2386,26842,151,125,4559,125,4559,6,2,0,2,0,0,218.49479,697.8919999999999,0,
1804,151,1053,9045,83,20,1434,20,1275,5,3,2,1,0,0,37.22537,235.17,0,
1805,316,1907,19019,131,62,3479,60,3383,6,4,2,2,0,0,110.50050999999999,494.49399999999997,0,
1806,218,1245,11893,77,27,1296,25,1150,5,4,1,3,0,0,45.736779999999996,309.21799999999996,0,
1807,156,956,8504,44,14,885,14,885,3,0,0,0,0,0,25.897849999999995,221.10399999999998,0,
1808,122,835,8339,38,15,789,15,789,4,3,1,2,0,0,27.14109,216.814,0,
1809,243,1368,13075,71,31,1253,31,1253,6,2,0,2,0,0,54.65292999999999,339.95,0,
1810,239,1533,14256,81,51,1955,51,1955,5,1,0,1,0,0,89.50755,370.656,0,
1811,318,2021,18774,118,40,2944,37,2834,10,2,2,0,0,0,71.89733999999999,488.12399999999997,0,
1812,231,1349,12749,52,20,1054,18,1001,5,4,1,3,0,0,33.79635,331.474,0,
1813,119,848,7729,50,13,702,12,624,4,3,2,1,0,0,22.25648,200.95399999999998,0,
1814,356,1901,17477,123,71,2741,71,2741,5,2,0,2,0,0,124.68221,454.402,0,
1815,137,946,8957,52,19,1005,19,1005,3,3,2,1,0,0,34.40005,232.88199999999998,0,
1816,3000,11985,139908,986,521,41281,521,41281,9,7,0,7,0,0,995.5696099999999,3637.6079999999997,0,
1817,3000,13789,150404,1307,996,60571,996,60571,1,1,0,1,0,0,1833.3395099999996,3910.504,0,
1818,169,1112,8748,53,16,831,16,831,3,3,1,2,0,0,28.910109999999996,227.44799999999998,0,
1819,123,757,7192,33,6,467,6,467,3,1,0,1,0,0,11.43327,186.992,0,
1820,3000,14391,150590,1285,929,59332,927,59292,3,3,1,2,0,0,1718.45072,3915.3399999999997,0,
1821,377,2222,21237,146,57,3718,57,3718,8,6,1,5,0,0,105.87857999999999,552.1619999999999,0,
1822,3000,13657,154842,1203,1084,50044,1084,50044,0,0,0,0,0,0,1934.8236399999998,4025.892,0,
1823,189,1333,12372,70,41,1682,41,1682,3,1,0,1,0,0,72.37742,321.67199999999997,0,
1824,510,3007,28697,179,77,4764,72,4542,9,6,2,4,0,0,135.80998,746.122,0,
1825,3000,14763,142850,1303,853,48491,853,48491,0,0,0,0,0,0,1557.22771,3714.1,0,
1826,157,1131,10270,64,24,931,24,931,3,3,0,3,0,0,42.163109999999996,267.02,0,
1827,258,1683,15320,130,50,3447,47,3169,9,5,2,3,0,0,89.46192999999998,398.32,0,
1828,3000,14812,140752,1685,1075,56840,1075,56840,1,1,0,1,0,0,1946.2353999999996,3659.5519999999997,0,
1829,160,1445,11386,90,22,1136,22,1136,6,3,0,3,0,0,39.72615999999999,296.036,0,
1830,3000,15397,140488,2328,1128,158507,1128,158507,3,2,0,2,0,0,2418.86367,3652.6879999999996,0,
1831,218,1507,14157,80,23,1317,23,1317,8,5,0,5,0,0,42.02477,368.082,0,
1832,181,1076,9733,73,23,1744,20,1374,6,2,1,1,0,0,39.28854,253.058,0,
1833,224,1386,12884,70,25,1588,24,1528,6,2,1,1,0,0,44.98748,334.984,0,
1834,3000,14919,137867,2335,1141,172503,1141,172503,2,1,0,1,0,0,2493.10543,3584.542,0,
1835,309,2400,17428,206,50,2084,50,2084,6,3,1,2,0,0,88.39003999999998,453.128,0,
1836,208,1686,12854,118,22,1753,22,1753,8,4,0,4,0,0,42.076930000000004,334.204,0,
1837,3000,14693,142628,1937,845,48451,845,48451,1,1,0,1,0,0,1544.20331,3708.328,0,
1838,3000,14240,154372,1636,1077,58455,1077,58455,0,0,0,0,0,0,1955.60655,4013.672,0,
1839,118,889,7658,54,7,423,7,423,5,3,1,2,0,0,12.874629999999998,199.108,0,
1840,3000,15469,145603,1580,828,45195,828,45195,5,2,0,2,0,0,1504.4449499999998,3785.678,0,
1841,421,2906,25757,244,113,5241,113,5241,5,0,0,0,0,0,201.78520999999998,669.682,0,
1842,292,1796,16852,109,45,2336,44,2264,6,5,3,2,0,0,79.9858,438.152,0,
1843,99,722,6700,33,9,448,9,448,3,0,0,0,0,0,16.187879999999996,174.2,0,
1844,473,3007,27422,211,86,5865,82,5809,12,8,2,6,1,0,156.05237,712.972,0,
1845,143,932,8924,47,13,766,13,766,4,1,0,1,0,0,23.835459999999994,232.024,0,
1846,142,900,7820,38,13,676,13,676,5,3,0,3,0,0,23.492559999999997,203.32,0,
1847,222,1169,11888,61,20,1180,19,1154,6,3,1,2,0,0,35.47742,309.08799999999997,0,
1848,264,1693,16818,104,71,2664,71,2664,4,2,0,2,0,0,124.38884,437.268,0,
1849,467,2675,27587,146,117,3762,117,3762,4,1,0,1,0,0,202.58621999999997,717.262,0,
1850,196,1167,11321,71,25,1867,23,1645,8,4,2,2,0,0,44.494409999999995,294.346,0,
1851,404,2418,23731,185,69,4546,69,4546,12,7,2,5,0,0,128.34126,617.006,0,
1852,3000,14701,149506,1743,1098,95500,1098,95500,0,0,0,0,0,0,2130.537,3887.156,0,
1853,95,846,6416,40,5,255,5,255,3,2,1,1,0,0,9.01655,166.816,0,
1854,126,878,7144,46,14,791,14,791,3,1,0,1,0,0,25.539709999999996,185.744,0,
1855,112,873,7909,60,23,853,21,794,5,3,2,1,0,0,37.841759999999994,205.634,0,
1856,625,3525,34993,229,96,6173,89,6031,14,10,5,5,0,0,169.69966999999997,909.818,0,
1857,141,987,8331,44,16,768,16,768,4,0,0,0,0,0,28.670079999999995,216.606,0,
1858,282,1676,15413,110,38,2417,38,2417,11,3,0,3,0,0,70.35077,400.738,0,
1859,315,2013,17655,123,54,3304,54,3304,4,2,0,2,0,0,99.47424,459.03,0,
1860,379,2298,20892,210,104,8489,104,8489,5,1,0,1,0,0,199.67908999999997,543.192,0,
1861,140,1030,9761,63,15,990,13,951,5,3,1,2,0,0,25.54433,253.786,0,
1862,215,1376,13465,107,30,2028,29,1944,9,5,2,3,0,0,54.645759999999996,350.09,0,
1863,3000,14621,139288,2026,993,145206,993,145206,6,2,0,2,0,0,2150.97186,3621.488,0,
1864,389,2502,23139,232,60,4605,60,4605,17,9,2,7,0,0,114.08504999999998,601.6139999999999,0,
1865,206,1240,10960,85,14,1267,13,1076,10,4,2,2,0,0,25.720939999999995,284.96,0,
1866,123,836,6873,47,10,568,10,568,5,1,0,1,0,0,18.25408,178.69799999999998,0,
1867,3000,14339,144151,1487,741,45713,738,45601,9,5,2,3,0,0,1362.75097,3747.926,0,
1868,531,3598,28691,324,148,8257,148,8257,5,4,1,3,0,0,269.59117,745.966,0,
1869,497,3082,28554,266,167,7831,167,7831,6,4,3,1,0,0,298.53911,742.404,0,
1870,336,2253,20607,141,49,3727,46,3602,13,8,1,7,0,0,89.32212,535.7819999999999,0,
1871,195,1112,10729,61,26,958,26,958,4,1,0,1,0,0,45.483979999999995,278.954,0,
1872,129,767,7085,27,5,240,5,240,5,2,0,2,0,0,8.959399999999999,184.20999999999998,0,
1873,173,942,8848,36,10,432,8,350,4,2,1,1,0,0,15.260259999999999,230.048,0,
1874,246,1472,13719,90,33,2428,33,2428,4,1,0,1,0,0,62.347680000000004,356.69399999999996,0,
1875,3000,14903,150041,1453,931,50567,929,50468,5,3,2,1,0,0,1688.1189,3901.066,0,
1876,140,855,7148,45,10,475,10,475,4,2,0,2,0,0,17.89975,185.84799999999998,0,
1877,133,948,7981,43,7,447,7,447,5,2,0,2,0,0,12.96607,207.506,0,
1878,532,3363,31184,258,85,5837,84,5805,17,14,6,8,0,0,157.78980999999996,810.784,0,
1879,426,2554,25924,149,93,3766,93,3766,5,3,0,3,0,0,163.98546,674.024,0,
1880,426,2544,21946,167,70,4699,68,4653,12,3,1,2,0,0,128.15221,570.596,0,
1881,261,1215,12683,49,9,716,9,716,5,2,0,2,0,0,17.208959999999998,329.758,0,
1882,146,979,9470,62,15,932,14,741,7,4,2,2,0,0,26.05359,246.22,0,
1883,156,972,8300,58,19,896,19,896,4,1,1,0,0,0,33.984759999999994,215.79999999999998,0,
1884,3000,14686,144448,1282,822,46733,822,46733,1,1,0,1,0,0,1500.6507299999998,3755.6479999999997,0,
1885,353,1869,16278,98,25,1989,23,1946,10,6,3,3,0,0,45.43,423.228,0,
1886,505,3228,29246,213,66,5056,61,4787,18,14,3,11,0,0,119.09988999999999,760.396,0,
1887,159,932,8242,39,12,482,12,482,3,1,0,1,0,0,21.144419999999997,214.292,0,
1888,339,2495,21746,189,82,4891,72,3656,9,6,2,4,0,0,136.02465999999998,565.396,0,
1889,352,1948,20003,120,46,2870,44,2818,9,8,2,6,0,0,82.55194,520.078,0,
1890,547,3644,36232,231,182,6632,182,6632,5,4,1,3,0,0,318.10591999999997,942.0319999999999,0,
1891,562,3470,33221,255,134,6985,131,6807,9,7,3,4,0,0,238.36070999999995,863.746,0,
1892,3000,14986,150639,1402,965,61418,965,61418,3,3,0,3,0,0,1786.6875799999998,3916.614,0,
1893,3000,12262,139175,987,515,41507,515,41507,4,3,0,3,0,0,986.77667,3618.5499999999997,0,
1894,158,1140,8875,97,32,1866,32,1866,3,0,0,0,0,0,58.59746,230.75,0,
1895,386,2415,21563,180,80,4275,80,4235,5,2,1,1,0,0,144.90255,560.6379999999999,0,
1896,441,2960,24972,209,110,6320,109,6318,7,3,0,3,0,0,199.93393999999998,649.2719999999999,0,
1897,3000,13511,141659,1060,616,42960,616,42960,4,3,0,3,0,0,1154.8216,3683.134,0,
1898,120,860,6738,35,6,374,6,374,3,1,0,1,0,0,11.07894,175.188,0,
1899,207,1281,12652,72,29,1652,28,1608,8,5,1,4,0,0,51.709399999999995,328.952,0,
1900,3000,16256,156487,1521,1017,62214,1009,62625,3,2,2,0,0,0,1865.4292699999999,4068.662,0,
1901,104,927,7157,46,9,407,9,407,3,3,1,2,0,0,16.03167,186.082,0,
1902,275,1759,16587,109,53,2559,51,2424,7,3,1,2,0,0,92.41174,431.262,0,
1903,368,2272,21259,122,44,3395,44,3395,7,4,0,4,0,0,83.73094999999999,552.7339999999999,0,
1904,248,1389,13002,87,27,1691,22,1409,9,6,4,2,0,0,43.49405,338.05199999999996,0,
1905,109,715,7638,29,6,321,6,321,3,2,1,1,0,0,10.877009999999999,198.588,0,
1906,246,1396,12963,67,27,1418,27,1418,7,4,0,4,0,0,48.84558,337.038,0,
1907,325,2059,20552,119,93,3150,93,3150,3,0,0,0,0,0,161.6385,534.352,0,
1908,3000,14278,144542,1486,785,45210,785,45210,3,0,0,0,0,0,1435.3151,3758.0919999999996,0,
1909,111,870,6760,62,10,544,10,544,3,1,0,1,0,0,18.16264,175.76,0,
1910,220,1360,12945,71,28,1390,28,1390,3,2,0,2,0,0,50.3479,336.57,0,
1911,363,2234,21297,204,111,8314,109,8244,5,2,1,1,0,0,207.83123999999998,553.722,0,
1912,150,1021,9433,55,20,1122,20,1122,4,1,0,1,0,0,36.45482,245.25799999999998,0,
1913,209,1139,10864,68,20,1347,20,1347,6,3,1,2,0,0,37.31206999999999,282.464,0,
1914,3000,14675,149285,1423,925,59605,921,59452,4,2,2,0,0,0,1710.49766,3881.41,0,
1915,3000,15620,140329,2023,1062,53944,1062,53944,5,3,0,3,0,0,1914.28464,3648.5539999999996,0,
1916,169,1293,10383,98,27,1656,27,1656,7,5,1,4,0,0,49.752359999999996,269.95799999999997,0,
1917,341,2275,21770,137,90,3528,90,3528,6,2,0,2,0,0,158.25168,566.02,0,
1918,3000,13764,151681,1343,1025,62347,1025,62347,2,1,0,1,0,0,1886.76707,3943.7059999999997,0,
1919,162,1261,10648,64,20,1105,20,1105,5,4,1,3,0,0,36.390049999999995,276.848,0,
1920,121,887,7739,40,12,813,12,813,4,2,0,2,0,0,22.40553,201.214,0,
1921,535,3198,30746,194,62,4960,59,4762,15,7,2,5,0,0,114.74486,799.396,0,
1922,472,3054,28040,269,142,13661,142,13661,4,0,0,0,0,0,280.52641,729.04,0,
1923,3000,14641,158023,1457,1083,45347,1083,45347,1,1,0,1,0,0,1915.3190699999998,4108.598,0,
1924,319,2133,19764,140,48,3231,46,3153,5,3,1,2,0,0,87.07696999999999,513.864,0,
1925,247,1307,13826,63,29,1261,29,1261,5,1,0,1,0,0,51.46540999999999,359.476,0,
1926,268,1472,13153,75,30,1922,30,1922,5,2,0,2,0,0,55.592819999999996,341.978,0,
1927,483,3022,27862,207,98,5503,96,5427,7,5,2,3,0,0,176.18855,724.4119999999999,0,
1928,272,1874,16819,123,53,2833,53,2833,9,5,0,5,0,0,96.07072999999998,437.294,0,
1929,369,2359,21911,153,84,4547,84,4547,5,2,0,2,0,0,152.48006999999998,569.6859999999999,0,
1930,268,1564,16917,94,62,2307,60,2257,5,4,1,3,0,0,106.15617,439.842,0,
1931,137,1048,9545,55,26,892,26,892,3,1,0,1,0,0,45.232519999999994,248.17,0,
1932,460,2860,25128,194,88,5478,86,5350,7,5,1,4,0,0,159.86654000000001,653.328,0,
1933,249,1190,11980,43,14,708,14,708,2,2,1,1,0,0,25.22348,311.47999999999996,0,
1934,106,745,7565,34,8,375,8,375,3,3,2,1,0,0,14.300749999999999,196.69,0,
1935,3000,13867,140061,1345,685,40087,685,40087,4,1,1,0,0,0,1254.8964700000001,3641.586,0,
1936,253,1736,16220,138,50,2544,48,2364,9,7,3,4,0,0,87.40924,421.71999999999997,0,
1937,538,3220,31093,242,72,5918,71,5860,17,13,3,10,0,0,137.11303999999998,808.418,0,
1938,164,1208,10143,72,17,1184,17,1184,7,5,0,5,0,0,31.864039999999996,263.71799999999996,0,
1939,181,1147,11263,61,32,1523,32,1523,4,1,0,1,0,0,57.29063,292.83799999999997,0,
1940,233,1442,13645,71,31,1711,31,1711,6,4,0,4,0,0,56.39790999999999,354.77,0,
1941,175,1114,10083,59,19,1148,19,1148,4,3,0,3,0,0,34.94488,262.158,0,
1942,361,2329,22346,139,82,3376,82,3376,5,0,0,0,0,0,144.80056,580.996,0,
1943,169,1092,10215,71,17,1016,15,902,8,4,2,2,0,0,28.66414,265.59,0,
1944,509,3084,28598,249,91,8165,89,7992,14,7,1,6,0,0,174.81266,743.548,0,
1945,270,1852,16075,109,50,2600,50,2600,5,1,0,1,0,0,90.356,417.95,0,
1946,191,1073,10016,77,17,1258,16,975,7,4,2,2,0,0,30.27169,260.416,0,
1947,316,1940,20746,122,90,3194,90,3194,5,2,0,2,0,0,156.97913999999997,539.396,0,
1948,398,2630,24953,178,91,4388,89,4310,7,4,1,3,0,0,160.67213999999998,648.778,0,
1949,153,887,7824,48,9,533,9,533,6,2,1,1,0,0,16.511729999999996,203.42399999999998,0,
1950,410,2491,23576,149,69,4042,67,3920,6,5,2,3,0,0,123.84016,612.976,0,
1951,3000,15821,142020,2070,1147,58582,1147,58582,0,0,0,0,0,0,2068.7204199999996,3692.52,0,
1952,279,1906,16838,100,40,2367,40,2367,5,3,0,3,0,0,73.37827,437.78799999999995,0,
1953,126,763,7651,26,6,274,6,274,2,2,1,1,0,0,10.69794,198.926,0,
1954,3000,15627,150544,1594,951,60332,950,60217,8,4,1,3,0,0,1758.59147,3914.144,0,
1955,463,3123,27253,232,103,5592,101,5447,7,5,1,4,0,0,184.39117000000002,708.578,0,
1956,95,693,5632,31,6,278,6,278,3,1,0,1,0,0,10.71318,146.432,0,
1957,151,968,8423,47,11,892,11,892,7,4,2,2,0,0,21.097519999999996,218.998,0,
1958,340,2062,18453,141,70,3952,70,3952,3,2,0,2,0,0,127.68712,479.77799999999996,0,
1959,3000,14592,144163,1315,861,50504,861,50504,5,4,0,4,0,0,1577.76924,3748.238,0,
1960,449,3207,25459,233,110,6524,110,6524,6,2,0,2,0,0,201.84643999999997,661.934,0,
1961,132,926,8151,55,22,1057,22,1057,4,2,0,2,0,0,39.42517,211.926,0,
1962,496,3088,30375,185,97,5102,97,5102,10,2,0,2,0,0,175.51162,789.75,0,
1963,197,1000,8610,58,16,745,15,721,5,3,1,2,0,0,27.389329999999998,223.85999999999999,0,
1964,117,722,7380,30,10,430,10,430,3,2,0,2,0,0,17.7283,191.88,0,
1965,157,914,8553,44,13,651,13,651,5,1,0,1,0,0,23.397309999999994,222.378,0,
1966,385,2349,20958,174,98,4973,97,4904,5,2,1,1,0,0,175.31766,544.908,0,
1967,406,2566,23614,141,71,4091,71,4091,9,7,0,7,0,0,129.82571,613.9639999999999,0,
1968,3000,13184,139997,1119,647,39857,647,39857,3,2,0,2,0,0,1192.87817,3639.922,0,
1969,3000,15838,142328,1886,1093,56100,1093,56100,5,3,1,2,0,0,1972.3780000000002,3700.528,0,
1970,341,2305,21198,130,95,3237,95,3237,2,0,0,0,0,0,165.18796999999998,551.148,0,
1971,172,1128,10958,60,33,1501,33,1501,3,2,0,2,0,0,58.81580999999999,284.90799999999996,0,
1972,3000,13380,141754,1082,587,38214,587,38214,5,1,0,1,0,0,1090.0783399999998,3685.604,0,
1973,290,1907,18218,160,78,3450,78,3450,5,2,0,2,0,0,138.64649999999997,473.668,0,
1974,97,724,6225,35,7,359,7,359,3,1,0,1,0,0,12.63079,161.85,0,
1975,3000,14670,137104,2488,1057,204528,1057,204528,2,0,0,0,0,0,2479.96468,3564.7039999999997,0,
1976,184,1477,11248,107,31,2085,29,1726,7,4,1,3,0,0,54.61868,292.448,0,
1977,282,1468,14013,97,49,2581,49,2581,3,0,0,0,0,0,88.67461,364.33799999999997,0,
1978,302,1842,16402,134,30,2580,27,2441,13,6,3,3,0,0,54.344229999999996,426.452,0,
1979,205,1286,11696,91,28,1793,26,1739,6,4,1,3,0,0,49.48130999999999,304.096,0,
1980,483,2648,26890,176,74,4486,72,4248,9,6,1,5,0,0,133.27172,699.14,0,
1981,323,1926,18630,102,58,2989,58,2989,4,2,0,2,0,0,104.71009,484.38,0,
1982,117,784,6996,30,7,312,7,312,2,1,0,1,0,0,12.45172,181.896,0,
1983,412,2163,18308,108,50,3009,50,3009,8,6,0,6,0,0,91.91429,476.008,0,
1984,113,823,7277,44,16,586,16,586,3,2,1,1,0,0,27.97666,189.202,0,
1985,186,1114,10523,86,30,1611,29,1491,6,6,2,4,0,0,52.96230999999999,273.598,0,
1986,3000,14930,137973,2328,1147,151077,1147,151077,3,2,0,2,0,0,2421.12637,3587.298,0,
1987,99,795,6109,39,7,424,7,424,4,2,0,2,0,0,12.878439999999998,158.834,0,
1988,89,666,6291,24,4,277,4,277,3,1,0,1,0,0,7.49137,163.566,0,
1989,252,1719,13913,162,50,3433,42,2720,7,3,1,2,0,0,82.61453999999999,361.738,0,
1990,274,1768,16150,99,43,2568,43,2568,9,4,0,4,0,0,78.97107999999999,419.9,0,
1991,161,980,9454,55,23,1164,23,1164,3,2,0,2,0,0,41.44184,245.804,0,
1992,102,683,6735,26,7,324,6,275,3,1,1,0,0,0,11.23857,175.10999999999999,0,
1993,146,896,8134,43,8,756,8,756,5,0,0,0,0,0,15.75236,211.48399999999998,0,
1994,203,1157,11417,64,24,1302,24,1302,5,2,0,2,0,0,43.57661999999999,296.842,0,
1995,3000,15019,150017,1728,994,62098,994,62098,1,0,0,0,0,0,1835.9393799999998,3900.442,0,
1996,3000,15506,154701,1794,1084,53255,1084,53255,0,0,0,0,0,0,1947.05755,4022.2259999999997,0,
1997,124,922,6558,54,7,344,7,344,4,2,0,2,0,0,12.57364,170.50799999999998,0,
1998,408,2753,22788,228,110,6216,109,6173,7,4,2,2,0,0,199.42987,592.4879999999999,0,
1999,77,594,5168,23,4,192,4,192,3,2,1,1,0,0,7.167519999999999,134.368,0,
2000,3000,15551,147862,1692,882,47616,879,47461,7,4,1,3,0,0,1596.7573099999997,3844.412,0,
