run_id,steps,wall_us,ops,solver_us,pivots,solver_work,exact_pivots,exact_work,comparisons,flips_drawn,flips_refused,certified,certificate_failures,false_witnesses,cost_units,run_units,left_to_concrete,conceded
1,156,1543,7847,197,33,1559,33,1559,2,0,0,0,0,0,59.036789999999996,204.022,0,
2,61,609,4784,37,5,91,5,91,1,1,0,1,0,0,8.39171,124.384,0,
3,187,1341,12732,94,24,1290,22,1211,6,3,1,2,0,0,41.06313,331.032,0,
4,128,906,7200,56,11,717,11,717,2,1,0,1,0,0,20.43077,187.2,0,
5,197,1293,11825,84,37,1779,37,1779,3,1,0,1,0,0,66.31098999999999,307.45,0,
6,115,819,7473,43,15,693,15,693,4,1,0,1,0,0,26.775329999999997,194.298,0,
7,169,1144,11177,77,38,1664,38,1664,2,0,0,0,0,0,67.48184,290.602,0,
8,76,563,4646,26,8,291,8,291,3,1,0,1,0,0,13.98071,120.79599999999999,0,
9,96,629,5246,30,11,366,11,366,3,1,0,1,0,0,19.093459999999997,136.396,0,
10,135,912,8311,67,22,1130,20,1085,4,2,1,1,0,0,37.32495,216.08599999999998,0,
11,178,1069,10675,43,20,990,20,990,2,1,0,1,0,0,35.951899999999995,277.55,0,
12,78,608,5412,27,7,272,7,272,2,2,1,1,0,0,12.29932,140.712,0,
13,86,512,5396,11,2,67,2,67,0,0,0,0,0,0,3.47327,140.296,0,
14,120,797,7500,43,19,741,19,741,3,2,0,2,0,0,33.39421,195,0,
15,81,664,5164,58,10,432,10,432,3,2,1,1,0,0,17.73592,134.26399999999998,0,
16,178,1135,11520,66,31,1401,31,1401,4,2,0,2,0,0,55.216809999999995,299.52,0,
17,132,879,8077,52,23,1174,23,1174,2,1,0,1,0,0,41.47994,210.00199999999998,0,
18,74,584,4915,33,12,459,12,459,3,1,0,1,0,0,21.05679,127.78999999999999,0,
19,202,1147,10667,82,35,2010,33,1958,2,1,1,0,0,0,61.57634,277.342,0,
20,92,641,5771,38,14,553,14,553,3,1,0,1,0,0,24.632929999999998,150.046,0,
21,80,575,5127,25,7,388,6,324,5,2,1,1,0,0,11.44296,133.302,0,
22,100,560,4978,26,9,303,9,303,2,1,0,1,0,0,15.635429999999998,129.428,0,
23,131,852,7787,32,10,652,10,652,2,2,0,2,0,0,18.57412,202.462,0,
24,126,769,6673,33,7,299,7,299,1,0,0,0,0,0,12.40219,173.498,0,
25,140,1124,8374,78,15,701,15,701,3,1,0,1,0,0,26.805809999999997,217.724,0,
26,77,638,3934,41,8,396,8,357,2,1,0,1,0,0,14.278189999999999,102.28399999999999,0,
27,119,912,6196,66,9,505,9,505,3,2,0,2,0,0,16.40505,161.096,0,
28,213,1465,12570,98,42,1904,42,1904,4,1,0,1,0,0,74.83223999999998,326.82,0,
29,84,696,5071,35,8,391,8,391,3,1,0,1,0,0,14.361709999999999,131.846,0,
30,86,711,5702,73,10,373,10,373,3,2,1,1,0,0,17.511129999999998,148.25199999999998,0,
31,114,744,5937,50,5,327,5,327,3,2,1,1,0,0,9.290869999999998,154.362,0,
32,150,827,7391,38,15,617,15,617,2,1,0,1,0,0,26.48577,192.166,0,
33,111,693,5949,26,7,331,7,331,2,1,0,1,0,0,12.524109999999999,154.674,0,
34,91,643,5487,35,13,647,13,571,4,2,0,2,0,0,23.182189999999995,142.662,0,
35,98,645,5130,34,16,565,16,565,3,0,0,0,0,0,27.896649999999998,133.38,0,
36,95,584,5822,17,4,154,4,154,1,1,0,1,0,0,7.02274,151.37199999999999,0,
37,83,553,5228,16,3,168,3,168,2,1,0,1,0,0,5.467079999999999,135.928,0,
38,93,620,5155,24,5,380,4,340,4,1,1,0,0,0,8.2576,134.03,0,
39,116,730,6403,36,13,565,13,565,3,1,0,1,0,0,23.069649999999996,166.47799999999998,0,
40,126,900,8251,49,21,1099,21,1099,2,2,0,2,0,0,37.976189999999995,214.52599999999998,0,
41,106,646,6106,27,10,389,10,389,2,2,0,2,0,0,17.57209,158.756,0,
42,79,535,4949,17,4,156,4,156,2,1,0,1,0,0,7.03036,128.674,0,
43,121,678,6856,25,8,483,7,425,3,1,1,0,0,0,13.42969,178.256,0,
44,217,1453,12945,99,43,2385,43,2385,3,2,0,2,0,0,78.27384999999998,336.57,0,
45,75,571,4352,23,6,193,6,193,1,1,0,1,0,0,10.38933,113.152,0,
46,93,580,6083,20,8,191,8,191,1,0,0,0,0,0,13.59971,158.158,0,
47,123,786,7372,43,16,629,16,629,3,3,1,2,0,0,28.140489999999996,191.672,0,
48,203,1225,11414,75,24,1916,24,1916,6,4,0,4,0,0,45.91596,296.764,0,
49,105,649,6120,23,6,268,6,268,2,2,1,1,0,0,10.67508,159.12,0,
50,224,1400,13159,86,28,1877,27,1807,7,2,1,1,0,0,50.889269999999996,342.13399999999996,0,
51,221,1414,11774,150,28,2207,28,2239,5,4,1,3,0,0,53.54483,306.12399999999997,0,
52,181,1054,10531,57,21,1088,21,1088,3,2,0,2,0,0,37.93428,273.806,0,
53,342,1982,19519,142,44,3981,42,3931,9,5,1,4,0,0,83.57211,507.49399999999997,0,
54,136,990,8236,66,33,1388,33,1388,2,1,0,1,0,0,58.38528,214.136,0,
55,111,733,6354,39,12,474,12,474,2,1,0,1,0,0,21.11394,165.20399999999998,0,
56,187,1029,9331,53,19,1252,19,1252,6,0,0,0,0,0,35.341120000000004,242.606,0,
57,148,927,8552,45,26,952,26,952,2,0,0,0,0,0,45.461119999999994,222.352,0,
58,191,927,9552,32,10,704,10,704,7,2,0,2,0,0,18.77224,248.35199999999998,0,
59,148,1019,9222,59,35,1272,35,1272,4,1,0,1,0,0,61.161319999999996,239.772,0,
60,164,1114,10243,81,12,919,12,919,8,3,1,2,0,0,22.809389999999997,266.318,0,
61,92,592,4806,29,5,226,5,226,3,1,0,1,0,0,8.906059999999998,124.95599999999999,0,
62,137,823,8153,36,11,658,11,658,4,2,0,2,0,0,20.20598,211.97799999999998,0,
63,76,539,4254,15,2,150,2,150,2,0,0,0,0,0,3.7894999999999994,110.604,0,
64,115,771,6961,33,10,547,10,547,2,1,0,1,0,0,18.17407,180.986,0,
65,169,1136,9685,75,27,1684,27,1684,5,3,0,3,0,0,49.85904,251.81,0,
66,156,1053,8984,66,24,1165,24,1165,3,0,0,0,0,0,43.054649999999995,233.584,0,
67,96,662,5668,27,7,358,7,358,4,1,0,1,0,0,12.62698,147.368,0,
68,196,1331,12122,95,26,1750,26,1750,7,2,1,1,0,0,48.50149999999999,315.17199999999997,0,
69,95,706,5776,30,12,517,12,517,2,0,0,0,0,0,21.277769999999997,150.176,0,
70,169,1099,10884,81,20,1354,19,1254,6,3,1,2,0,0,35.94574,282.984,0,
71,133,839,8264,41,15,672,15,672,2,0,0,0,0,0,26.69532,214.864,0,
72,102,654,5928,29,12,449,12,449,1,1,0,1,0,0,21.018689999999996,154.128,0,
73,68,473,4291,16,2,81,2,81,1,0,0,0,0,0,3.52661,111.56599999999999,0,
74,94,642,5087,43,19,571,19,571,2,1,0,1,0,0,32.74651,132.262,0,
75,61,489,4387,13,2,150,2,150,2,0,0,0,0,0,3.7894999999999994,114.062,0,
76,207,1386,11644,163,42,2381,42,2381,6,4,0,4,0,0,76.64960999999998,302.74399999999997,0,
77,242,1451,13735,73,23,1448,23,1448,4,2,0,2,0,0,42.52388,357.10999999999996,0,
78,100,706,6835,33,8,367,8,343,2,1,1,0,0,0,14.207149999999999,177.70999999999998,0,
79,89,609,5422,22,6,305,6,279,2,2,1,1,0,0,10.74767,140.97199999999998,0,
80,181,1065,10180,38,16,816,16,816,3,1,0,1,0,0,28.85296,264.68,0,
81,114,776,7120,64,12,750,12,750,6,4,1,3,0,0,22.165499999999998,185.12,0,
82,169,1074,9183,70,29,1744,29,1744,3,0,0,0,0,0,53.30564,238.75799999999998,0,
83,206,1277,11834,77,23,1428,22,1395,6,2,1,1,0,0,41.230889999999995,307.68399999999997,0,
84,137,919,8295,45,13,993,13,993,5,2,0,2,0,0,24.700329999999997,215.67,0,
85,98,682,5707,30,9,502,9,502,2,0,0,0,0,0,16.39362,148.382,0,
86,100,687,7136,28,12,540,12,540,2,2,1,1,0,0,21.3654,185.536,0,
87,107,685,6639,33,15,434,15,434,2,1,0,1,0,0,25.78854,172.614,0,
88,86,631,5796,52,11,510,8,338,2,2,1,1,0,0,15.799739999999998,150.696,0,
89,110,746,6952,38,16,798,16,798,3,2,0,2,0,0,28.78438,180.75199999999998,0,
90,114,644,6027,39,3,189,3,189,2,2,1,1,0,0,5.54709,156.702,0,
91,221,1258,12762,78,37,2065,36,2043,7,3,1,2,0,0,66.21279,331.812,0,
92,102,728,6726,30,13,541,13,541,1,0,0,0,0,0,22.978209999999997,174.876,0,
93,178,1115,9581,88,44,2253,44,2253,3,1,0,1,0,0,79.37993,249.106,0,
94,135,914,7560,62,24,1128,24,1128,3,0,0,0,0,0,42.91367999999999,196.56,0,
95,164,1076,9555,59,25,1409,25,1409,4,0,0,0,0,0,45.593289999999996,248.42999999999998,0,
96,143,893,8948,51,17,1063,17,1063,6,2,0,2,0,0,31.403029999999998,232.648,0,
97,140,846,7750,59,13,695,12,661,3,2,1,1,0,0,22.34553,201.5,0,
98,89,652,5720,32,15,506,15,506,2,1,0,1,0,0,26.06286,148.72,0,
99,292,1749,14929,143,54,4165,54,4165,4,1,0,1,0,0,102.75465,388.154,0,
100,150,961,8927,48,13,908,13,908,4,2,0,2,0,0,24.376479999999997,232.10199999999998,0,
101,113,703,7776,32,13,457,13,457,1,1,0,1,0,0,22.65817,202.176,0,
102,142,993,7737,119,24,1417,24,1312,3,3,0,3,0,0,43.73862,201.16199999999998,0,
103,149,911,8180,55,27,1197,25,941,3,1,1,0,0,0,45.07028999999999,212.67999999999998,0,
104,93,678,6470,31,9,449,9,449,4,2,1,1,0,0,16.191689999999998,168.22,0,
105,90,723,6174,75,16,926,12,566,4,2,1,1,0,0,23.805259999999997,160.524,0,
106,69,524,4828,37,4,167,4,167,3,3,1,2,0,0,7.07227,125.52799999999999,0,
107,180,989,9521,63,28,1617,28,1617,3,1,0,1,0,0,51.21277,247.546,0,
108,200,1096,10239,59,18,1089,17,1045,7,4,1,3,0,0,31.865369999999995,266.214,0,
109,105,723,6559,56,13,679,12,617,4,1,1,0,0,0,22.21093,170.534,0,
110,106,604,5736,36,4,153,4,153,3,3,2,1,0,0,7.018929999999999,149.136,0,
111,196,1256,12246,75,44,1765,44,1765,3,1,0,1,0,0,77.52064999999999,318.39599999999996,0,
112,233,1403,14166,88,47,1768,46,1743,4,2,1,1,0,0,81.16333,368.316,0,
113,161,1004,8997,55,32,1760,30,1666,3,2,1,1,0,0,55.68638,233.922,0,
114,84,570,5312,23,9,308,9,308,1,1,0,1,0,0,15.65448,138.112,0,
115,183,1188,10575,91,25,1661,25,1661,6,5,2,3,0,0,46.55341,274.95,0,
116,201,1123,10556,65,24,1346,21,1222,4,2,1,1,0,0,40.02813999999999,274.45599999999996,0,
117,239,1524,13694,79,28,2076,28,2015,7,4,0,4,0,0,52.80112999999999,356.044,0,
118,105,655,6133,35,12,475,12,475,5,4,0,4,0,0,21.117749999999997,159.458,0,
119,107,702,7103,29,14,629,14,629,2,1,0,1,0,0,24.92249,184.678,0,
120,100,633,5700,53,4,150,4,150,3,2,1,1,0,0,7.007499999999999,148.2,0,
121,93,619,6017,23,7,323,7,323,5,1,0,1,0,0,12.49363,156.44199999999998,0,
122,172,1132,10091,75,33,1769,33,1769,3,3,0,3,0,0,59.836890000000004,262.366,0,
123,186,1023,10332,55,25,1060,25,1060,3,3,0,3,0,0,44.26359999999999,268.632,0,
124,71,560,4574,33,7,337,7,337,3,3,1,2,0,0,12.54697,118.92399999999999,0,
125,100,653,5995,27,11,426,11,426,2,0,0,0,0,0,19.32206,155.87,0,
126,134,873,8137,47,17,895,17,895,4,2,0,2,0,0,30.762949999999996,211.56199999999998,0,
127,127,828,7813,43,12,625,12,625,3,0,0,0,0,0,21.689249999999998,203.13799999999998,0,
128,120,837,6024,103,18,1189,18,1189,3,1,0,1,0,0,33.49208999999999,156.624,0,
129,126,698,6370,26,10,386,10,386,3,1,0,1,0,0,17.56066,165.62,0,
130,123,732,6527,35,13,489,13,489,2,0,0,0,0,0,22.780089999999998,169.702,0,
131,117,769,7749,41,21,941,21,941,4,3,0,3,0,0,37.37420999999999,201.474,0,
132,100,593,5580,29,11,451,9,333,3,3,1,2,0,0,16.84697,145.07999999999998,0,
133,133,887,8178,39,24,953,24,953,2,1,0,1,0,0,42.24693,212.628,0,
134,95,580,5607,18,6,167,6,167,3,2,1,1,0,0,10.290269999999998,145.78199999999998,0,
135,86,563,4865,53,8,634,6,392,4,1,1,0,0,0,12.391079999999999,126.49,0,
136,156,820,7729,28,9,380,9,380,4,1,0,1,0,0,15.928799999999997,200.95399999999998,0,
137,88,533,5204,14,4,148,4,148,3,1,0,1,0,0,6.99988,135.304,0,
138,114,776,7196,32,9,629,9,629,3,0,0,0,0,0,16.877489999999998,187.096,0,
139,137,857,8330,41,18,968,18,968,2,1,0,1,0,0,32.650079999999996,216.57999999999998,0,
140,224,1300,12479,92,37,2328,35,2263,6,4,1,3,0,0,65.97173,324.454,0,
141,204,1279,12582,56,26,1404,26,1404,5,2,0,2,0,0,47.18324,327.132,0,
142,79,597,4968,27,5,314,5,314,2,1,0,1,0,0,9.24134,129.168,0,
143,107,700,6935,31,17,581,17,581,2,1,0,1,0,0,29.566609999999997,180.31,0,
144,100,558,5455,20,7,212,7,212,2,0,0,0,0,0,12.07072,141.82999999999998,0,
145,102,510,4768,10,2,99,2,99,2,0,0,0,0,0,3.5951899999999997,123.96799999999999,0,
146,134,704,6907,29,12,366,12,366,2,1,0,1,0,0,20.70246,179.582,0,
147,104,661,6678,31,11,410,9,333,2,1,1,0,0,0,16.798589999999997,173.628,0,
148,127,734,7424,34,11,726,11,726,2,1,0,1,0,0,20.465059999999998,193.024,0,
149,148,1019,9651,54,26,1357,26,1357,2,2,0,2,0,0,47.004169999999995,250.926,0,
150,93,631,6007,25,9,315,9,315,2,1,0,1,0,0,15.681149999999999,156.182,0,
151,96,612,6093,29,10,536,9,489,3,1,1,0,0,0,16.878549999999997,158.418,0,
152,160,747,6987,56,7,272,6,202,2,2,1,1,0,0,10.985219999999998,181.66199999999998,0,
153,181,997,9608,57,26,1471,26,1471,3,3,0,3,0,0,47.438509999999994,249.808,0,
154,83,601,5015,30,8,474,8,474,3,2,1,1,0,0,14.67794,130.39,0,
155,124,664,6182,26,10,300,10,300,2,1,0,1,0,0,17.233,160.732,0,
156,72,520,4680,50,3,254,2,185,2,1,1,0,0,0,4.48327,121.67999999999999,0,
157,151,1084,9358,87,26,1321,21,1089,1,1,1,0,0,0,40.606849999999994,243.308,0,
158,174,1185,11051,70,34,1636,34,1636,4,2,0,2,0,0,60.939159999999994,287.32599999999996,0,
159,94,634,5879,27,9,263,9,263,3,2,0,2,0,0,15.483029999999998,152.85399999999998,0,
160,70,487,4307,17,3,179,3,179,2,0,0,0,0,0,5.508989999999999,111.982,0,
161,109,611,5808,56,6,243,5,196,2,2,1,1,0,0,9.32622,151.00799999999998,0,
162,149,785,7078,37,13,639,13,639,2,1,0,1,0,0,23.351589999999998,184.028,0,
163,99,628,6113,31,7,255,7,255,3,0,0,0,0,0,12.234549999999999,158.938,0,
164,193,1093,10587,55,22,1270,22,1270,4,2,0,2,0,0,40.2367,275.262,0,
165,105,674,5475,30,4,231,4,231,2,0,0,0,0,0,7.316109999999999,142.35,0,
166,256,1479,14598,107,49,3668,43,2759,6,2,1,1,0,0,83.64541,379.548,0,
167,234,1355,13605,84,25,2083,25,2083,8,1,0,1,0,0,48.161229999999996,353.72999999999996,0,
168,121,788,7793,59,9,582,9,582,5,3,1,2,0,0,16.69842,202.618,0,
169,171,932,9502,43,21,924,21,924,3,0,0,0,0,0,37.309439999999995,247.052,0,
170,215,894,9091,27,5,248,5,248,2,0,0,0,0,0,8.989880000000001,236.36599999999999,0,
171,158,789,7583,37,10,642,10,642,3,1,0,1,0,0,18.536019999999997,197.158,0,
172,79,522,5384,19,5,295,5,295,4,2,0,2,0,0,9.16895,139.98399999999998,0,
173,108,651,6073,40,11,549,9,415,4,2,1,1,0,0,17.178269999999998,157.898,0,
174,106,693,6884,44,13,810,8,456,4,2,1,1,0,0,17.42208,178.98399999999998,0,
175,86,623,5042,34,14,546,14,546,2,1,0,1,0,0,24.60626,131.09199999999998,0,
176,99,661,6359,31,10,499,10,499,3,1,0,1,0,0,17.99119,165.334,0,
177,74,518,4847,23,5,176,5,176,3,3,1,2,0,0,8.71556,126.02199999999999,0,
178,215,1248,11257,70,27,1756,27,1756,4,2,0,2,0,0,50.133359999999996,292.68199999999996,0,
179,90,566,5349,25,7,258,7,258,3,1,0,1,0,0,12.24598,139.07399999999998,0,
180,248,1280,13020,97,27,1816,27,1816,7,6,1,5,0,0,50.361959999999996,338.52,0,
181,168,1134,9667,76,37,1921,37,1921,3,1,0,1,0,0,66.85200999999999,251.34199999999998,0,
182,142,910,8355,60,33,1790,33,1790,2,1,0,1,0,0,59.9169,217.23,0,
183,123,657,7025,23,9,282,9,282,1,1,0,1,0,0,15.555419999999998,182.65,0,
184,96,674,6153,30,11,440,11,440,2,1,0,1,0,0,19.3754,159.97799999999998,0,
185,88,606,5724,30,12,481,12,481,3,2,0,2,0,0,21.14061,148.82399999999998,0,
186,97,729,6643,37,12,675,11,576,4,1,1,0,0,0,20.48938,172.718,0,
187,81,568,5179,37,11,521,11,521,3,3,0,3,0,0,19.68401,134.654,0,
188,165,983,9277,44,19,1004,19,1004,2,1,0,1,0,0,34.39624,241.202,0,
189,70,513,4726,21,5,169,5,169,3,1,0,1,0,0,8.68889,122.87599999999999,0,
190,116,708,6040,28,9,538,9,538,3,1,0,1,0,0,16.53078,157.04,0,
191,109,19041,6177,18274,7,297,7,297,2,2,1,1,0,0,12.39457,160.602,1,limit
192,85,669,5052,33,6,278,6,278,1,0,0,0,0,0,10.71318,131.352,0,
193,105,735,6048,37,10,450,10,450,4,1,0,1,0,0,17.804499999999997,157.248,0,
194,78,520,4164,17,2,161,2,161,3,0,0,0,0,0,3.83141,108.264,0,
195,95,554,5510,15,3,100,3,100,1,0,0,0,0,0,5.207999999999999,143.26,0,
196,93,654,5439,33,14,505,14,505,2,0,0,0,0,0,24.450049999999997,141.414,0,
197,100,649,5568,24,7,309,7,309,3,1,0,1,0,0,12.44029,144.768,0,
198,71,514,4625,17,3,144,3,144,3,1,0,1,0,0,5.37564,120.25,0,
199,74,529,5273,23,7,321,7,321,1,1,0,1,0,0,12.486009999999998,137.09799999999998,0,
200,102,635,6120,30,13,592,13,592,3,2,0,2,0,0,23.172519999999995,159.12,0,
201,106,638,5645,27,9,367,9,367,2,0,0,0,0,0,15.87927,146.76999999999998,0,
202,128,826,7208,40,13,856,13,856,3,2,0,2,0,0,24.178359999999998,187.408,0,
203,173,1007,10153,51,26,1157,26,1157,4,0,0,0,0,0,46.242169999999994,263.978,0,
204,162,909,8346,51,13,476,11,436,3,3,1,2,0,0,20.36536,216.99599999999998,0,
205,206,1165,10383,53,15,1217,15,1217,5,1,0,1,0,0,28.77177,269.95799999999997,0,
206,149,995,9353,54,18,1063,16,1017,6,3,2,1,0,0,30.63105,243.178,0,
207,91,628,4758,38,16,604,16,604,3,0,0,0,0,0,28.045239999999996,123.708,0,
208,97,679,5865,37,14,703,14,703,4,2,0,2,0,0,25.20443,152.48999999999998,0,
209,72,577,4759,62,10,334,9,312,3,2,1,1,0,0,16.17468,123.734,0,
210,115,777,7058,43,16,715,16,715,1,1,0,1,0,0,28.468149999999998,183.50799999999998,0,
211,111,786,6804,52,30,1113,30,1113,2,1,0,1,0,0,52.51053,176.904,0,
212,121,806,8041,41,17,939,17,939,2,2,0,2,0,0,30.93059,209.066,0,
213,163,1104,10236,62,23,1354,23,1354,5,3,0,3,0,0,42.16574,266.13599999999997,0,
214,121,605,5855,17,3,138,3,138,3,2,1,1,0,0,5.352779999999999,152.23,0,
215,75,536,5060,19,6,181,6,181,2,2,1,1,0,0,10.343609999999998,131.56,0,
216,66,431,3899,11,2,107,2,107,2,0,0,0,0,0,3.62567,101.374,0,
217,137,855,7811,55,10,415,8,327,3,3,2,1,0,0,15.17971,203.08599999999998,0,
218,125,765,6655,42,15,581,15,581,2,0,0,0,0,0,26.34861,173.03,0,
219,191,857,8159,38,13,584,13,584,1,1,0,1,0,0,23.142039999999998,212.134,0,
220,181,1187,11019,70,33,1792,31,1747,5,4,2,2,0,0,57.54617,286.49399999999997,0,
221,252,1523,13040,101,42,2674,40,2614,6,3,1,2,0,0,75.34814,339.03999999999996,0,
222,67,494,3800,23,5,222,5,222,2,1,0,1,0,0,8.89082,98.8,0,
223,139,1027,8214,106,23,958,23,958,2,1,0,1,0,0,40.65698,213.564,0,
224,154,964,9211,56,10,1035,10,1035,8,4,2,2,0,0,20.03335,239.486,0,
225,160,946,8439,41,10,758,10,758,6,0,0,0,0,0,18.97798,219.414,0,
226,104,765,6909,32,8,537,8,537,6,2,0,2,0,0,14.917969999999999,179.634,0,
227,176,1100,8730,59,17,922,17,922,1,1,0,1,0,0,30.865819999999996,226.98,0,
228,100,716,6561,43,8,434,8,434,5,1,0,1,0,0,14.52554,170.58599999999998,0,
229,63,460,4788,14,4,108,4,108,2,1,0,1,0,0,6.84748,124.488,0,
230,138,852,8451,41,17,756,17,756,3,1,0,1,0,0,30.233359999999994,219.726,0,
231,127,684,6377,29,6,228,6,228,2,1,0,1,0,0,10.522679999999998,165.802,0,
232,119,728,6937,25,6,414,6,414,3,1,0,1,0,0,11.23134,180.362,0,
233,120,645,6813,23,6,204,6,204,2,2,1,1,0,0,10.431239999999999,177.138,0,
234,83,514,5176,19,5,179,5,179,2,2,1,1,0,0,8.726989999999999,134.576,0,
235,72,457,3687,16,5,179,5,179,2,0,0,0,0,0,8.726989999999999,95.862,0,
236,102,714,6873,29,12,592,12,592,1,1,0,1,0,0,21.56352,178.69799999999998,0,
237,86,543,5072,41,3,144,3,144,2,2,1,1,0,0,5.37564,131.87199999999999,0,
238,138,953,8469,76,14,875,14,875,4,3,2,1,0,0,25.85975,220.194,0,
239,62,442,4198,12,3,90,3,90,2,1,0,1,0,0,5.169899999999999,109.148,0,
240,274,1528,14868,84,30,2049,30,2049,6,4,0,4,0,0,56.07669,386.568,0,
241,127,924,7692,58,18,1276,18,1255,5,4,0,4,0,0,33.76832999999999,199.992,0,
242,139,846,7486,83,11,667,8,464,2,2,2,0,0,0,16.31638,194.636,0,
243,157,981,9277,60,22,1290,22,1290,5,2,0,2,0,0,40.3129,241.202,0,
244,199,1120,11261,48,7,723,7,723,6,4,1,3,0,0,14.017629999999997,292.786,0,
245,70,494,4276,12,2,76,2,76,1,0,0,0,0,0,3.5075599999999993,111.176,0,
246,94,653,6306,24,5,294,5,294,3,1,0,1,0,0,9.16514,163.956,0,
247,275,1739,16223,167,35,2149,34,2136,6,3,1,2,0,0,63.338499999999996,421.798,0,
248,190,1243,11441,97,31,2509,23,1696,8,8,4,4,0,0,48.260099999999994,297.466,0,
249,149,1016,9439,54,19,1120,19,1120,6,3,0,3,0,0,34.8382,245.414,0,
250,60,477,4156,13,2,108,2,108,1,0,0,0,0,0,3.62948,108.056,0,
251,213,1123,9987,57,16,969,16,969,5,2,0,2,0,0,29.43589,259.662,0,
252,3000,16288,158376,2005,1051,59521,1051,59521,2,1,0,1,0,0,1917.83401,4117.776,0,
253,3000,13938,158541,1467,1017,50029,1017,50029,2,1,0,1,0,0,1826.9634899999999,4122.066,0,
254,3000,14403,145301,1317,755,45295,755,45295,6,3,1,2,0,0,1387.3689499999998,3777.826,0,
255,3000,14290,146242,1526,783,45603,783,45603,5,3,0,3,0,0,1433.5944299999999,3802.292,0,
256,132,1131,9313,86,14,682,14,682,6,4,1,3,0,0,25.124419999999997,242.13799999999998,0,
257,89,781,5652,74,6,315,6,315,4,4,2,2,0,0,10.854149999999999,146.952,0,
258,249,1343,12244,52,16,1079,16,1079,5,1,0,1,0,0,29.854989999999997,318.344,0,
259,91,640,6144,32,14,435,14,435,2,1,0,1,0,0,24.183349999999997,159.744,0,
260,281,1794,16017,114,55,3402,53,3350,2,2,1,1,0,0,99.05986,416.442,0,
261,3000,13882,156383,1308,980,53597,980,53597,0,0,0,0,0,0,1781.0245699999998,4065.9579999999996,0,
262,240,1815,14932,109,36,2348,36,2348,10,7,0,7,0,0,66.86988,388.23199999999997,0,
263,3000,14142,152616,1352,897,59036,897,59036,3,1,0,1,0,0,1668.2001599999999,3968.0159999999996,0,
264,428,2804,24050,212,84,5246,84,5246,11,3,0,3,0,0,155.14325999999997,625.3,0,
265,376,2162,19592,136,34,2528,34,2528,9,5,1,4,0,0,64.33767999999999,509.392,0,
266,128,966,8283,81,19,746,19,746,3,2,1,1,0,0,33.413259999999994,215.358,0,
267,138,911,8825,53,28,1098,28,1098,2,2,0,2,0,0,49.23538,229.45,0,
268,3000,13857,145295,1343,656,45773,656,45773,7,2,0,2,0,0,1229.89913,3777.6699999999996,0,
269,95,805,5964,44,9,684,9,648,4,3,0,3,0,0,16.992359999999998,155.064,0,
270,198,1529,12048,152,42,2099,42,2099,2,1,0,1,0,0,75.57518999999999,313.248,0,
271,3000,14337,156257,1312,983,51067,983,51067,0,0,0,0,0,0,1776.2122699999998,4062.682,0,
272,247,1737,13991,138,41,2308,39,2230,6,4,1,3,0,0,72.29733999999999,363.76599999999996,0,
273,383,2421,24324,149,114,4127,114,4127,3,2,0,2,0,0,199.14987,632.424,0,
274,129,924,8437,52,15,881,15,881,4,3,0,3,0,0,27.491609999999998,219.362,0,
275,117,834,7342,61,11,609,11,546,3,1,1,0,0,0,19.8536,190.892,0,
276,150,885,8278,40,12,609,12,609,3,1,0,1,0,0,21.628289999999996,215.22799999999998,0,
277,125,852,8099,48,16,973,16,973,4,3,1,2,0,0,29.45113,210.57399999999998,0,
278,91,628,5562,35,8,417,8,417,5,2,0,2,0,0,14.460769999999998,144.612,0,
279,147,943,8729,82,18,1134,18,1134,3,1,1,0,0,0,33.28254,226.95399999999998,0,
280,101,698,5951,43,14,722,13,668,4,2,1,1,0,0,24.0048,154.726,0,
281,3000,14427,150151,1694,915,58945,915,58945,0,0,0,0,0,0,1696.8154499999996,3903.926,0,
282,458,3025,27395,245,82,5261,80,5116,14,5,2,3,0,0,149.34106,712.27,0,
283,120,906,7939,44,20,789,20,789,2,1,0,1,0,0,35.18608999999999,206.414,0,
284,88,610,5293,27,6,331,6,331,3,1,0,1,0,0,10.91511,137.618,0,
285,392,2489,23896,142,86,4315,86,4315,4,0,0,0,0,0,154.81414999999998,621.2959999999999,0,
286,256,1720,16228,161,62,2660,62,2660,5,3,0,3,0,0,109.89259999999999,421.928,0,
287,253,1671,14283,133,40,3058,39,2946,9,3,1,2,0,0,74.58641999999999,371.358,0,
288,3000,15032,147037,1667,1088,53636,1088,53636,1,0,0,0,0,0,1954.9451599999998,3822.962,0,
289,3000,14510,162020,1165,1048,44834,1048,44834,1,1,0,1,0,0,1857.0495399999998,4212.5199999999995,0,
290,157,1132,9535,88,29,1007,29,1007,3,3,0,3,0,0,50.49766999999999,247.91,0,
291,101,646,5755,33,6,170,6,170,3,2,1,1,0,0,10.3017,149.63,0,
292,151,942,9243,45,17,957,15,889,5,2,1,1,0,0,28.56033,240.31799999999998,0,
293,299,1823,17704,112,54,2800,52,2730,5,4,1,3,0,0,95.1099,460.304,0,
294,123,818,7048,46,15,728,15,728,5,2,0,2,0,0,26.908679999999997,183.248,0,
295,3000,12980,156377,1086,1016,46753,1016,46753,1,0,0,0,0,0,1812.8729299999998,4065.8019999999997,0,
296,213,1538,13478,89,45,1855,43,1780,2,2,1,1,0,0,77.0153,350.428,0,
297,255,1662,15493,106,36,2306,34,2104,8,4,1,3,0,0,63.9186,402.818,0,
298,85,590,5278,22,3,157,3,157,1,1,0,1,0,0,5.42517,137.22799999999998,0,
299,3000,14212,141294,1733,951,129987,951,129987,8,4,0,4,0,0,2025.4094699999998,3673.644,0,
300,247,1544,13040,84,19,1421,18,1352,6,3,2,1,0,0,34.673539999999996,339.03999999999996,0,
301,142,994,9408,52,20,909,20,909,4,2,0,2,0,0,35.64329,244.60799999999998,0,
302,85,714,5868,59,5,214,4,195,3,2,1,1,0,0,7.68037,152.56799999999998,0,
303,289,1597,13878,86,24,1542,24,1542,8,7,1,6,0,0,44.49101999999999,360.828,0,
304,141,968,8853,68,11,857,10,758,5,3,1,2,0,0,19.5738,230.178,0,
305,159,1043,9744,59,22,1102,22,1102,6,3,0,3,0,0,39.59662,253.344,0,
306,153,1063,9560,79,21,1200,18,1077,4,3,2,1,0,0,34.64751,248.56,0,
307,101,639,5856,23,8,263,8,263,2,1,0,1,0,0,13.87403,152.256,0,
308,266,1745,16111,115,60,2802,58,2726,5,3,1,2,0,0,104.75573999999999,418.88599999999997,0,
309,3000,14224,154306,1357,970,59379,970,59379,1,0,0,0,0,0,1786.96399,4011.9559999999997,0,
310,115,941,7288,64,14,1025,14,1025,4,3,0,3,0,0,26.43125,189.488,0,
311,274,1756,16434,102,31,2790,31,2790,7,2,2,0,0,0,60.5089,427.284,0,
312,219,1499,12737,101,53,2759,53,2759,3,1,0,1,0,0,95.78878999999999,331.162,0,
313,83,605,5355,42,3,162,3,162,2,2,1,1,0,0,5.44422,139.23,0,
314,167,1080,10244,66,24,1602,24,1602,4,1,0,1,0,0,44.71961999999999,266.344,0,
315,284,1842,16732,109,49,2917,49,2917,4,3,0,3,0,0,89.95477000000001,435.032,0,
316,251,1677,14508,126,48,2574,47,2534,9,3,1,2,0,0,85.80374,377.20799999999997,0,
317,150,1068,9915,63,22,1366,21,1321,4,3,1,2,0,0,39.35411,257.78999999999996,0,
318,3000,14134,145524,1319,661,44949,661,44949,4,2,0,2,0,0,1234.80469,3783.624,0,
319,124,1021,8361,91,9,676,9,676,4,2,1,1,0,0,17.056559999999998,217.386,0,
320,92,561,5320,17,2,95,2,95,1,0,0,0,0,0,3.5799499999999997,138.32,0,
321,162,1109,11127,54,29,1101,29,1101,2,1,0,1,0,0,50.85580999999999,289.30199999999996,0,
322,355,1994,19405,157,84,7116,84,7116,5,2,0,2,0,0,162.26796,504.53,0,
323,232,1535,13488,107,63,3133,61,3082,3,1,1,0,0,0,110.90959999999998,350.688,0,
324,282,1551,15424,105,38,2095,37,1970,6,5,2,3,0,0,67.6652,401.024,0,
325,104,638,4898,34,9,435,9,435,3,1,0,1,0,0,16.13835,127.348,0,
326,261,1496,14616,73,32,1726,30,1651,5,4,1,3,0,0,55.606809999999996,380.01599999999996,0,
327,3000,14733,149418,1575,879,53882,879,53882,0,0,0,0,0,0,1619.60142,3884.868,0,
328,69,658,4598,33,7,302,7,302,3,2,0,2,0,0,12.413619999999998,119.54799999999999,0,
329,140,1083,8675,58,24,978,24,978,5,3,0,3,0,0,42.34217999999999,225.54999999999998,0,
330,267,1696,16768,99,52,2384,51,2367,5,3,2,1,0,0,91.57633,435.96799999999996,0,
331,196,1228,11504,66,24,1252,24,1252,5,3,0,3,0,0,43.38612,299.104,0,
332,142,809,7709,34,11,552,11,552,3,1,0,1,0,0,19.802120000000002,200.434,0,
333,99,699,6373,25,7,354,7,354,2,1,0,1,0,0,12.61174,165.69799999999998,0,
334,3000,13938,141482,1711,1078,60247,1076,60154,6,4,2,2,0,0,1961.5384799999997,3678.5319999999997,0,
335,148,1324,8662,108,25,1293,23,1250,4,4,1,3,0,0,42.778240000000004,225.212,0,
336,81,666,5072,48,14,550,12,490,4,3,1,2,0,0,22.203699999999998,131.87199999999999,0,
337,3000,13898,147280,1504,802,46317,802,46317,2,0,0,0,0,0,1466.8857699999999,3829.2799999999997,0,
338,213,1585,11929,118,40,1754,40,1754,3,2,0,2,0,0,71.04274000000001,310.154,0,
339,75,596,5396,27,5,240,5,240,2,1,0,1,0,0,8.959399999999999,140.296,0,
340,200,1260,11703,77,30,1953,30,1953,6,2,0,2,0,0,55.71093,304.27799999999996,0,
341,390,2518,24575,167,115,5258,115,5258,3,2,0,2,0,0,205.06798,638.9499999999999,0,
342,151,1086,9144,77,19,1180,19,1180,4,2,1,1,0,0,35.0668,237.744,0,
343,161,1225,9883,171,51,2704,51,2704,3,3,0,3,0,0,92.36124,256.95799999999997,0,
344,161,1051,9609,60,29,1230,29,1230,3,1,0,1,0,0,51.3473,249.83399999999997,0,
345,3000,13629,147139,1283,771,44509,771,44509,2,1,0,1,0,0,1410.11829,3825.614,0,
346,3000,15000,157812,1434,978,57766,978,57766,2,0,0,0,0,0,1793.6904599999998,4103.112,0,
347,100,839,6694,41,11,461,11,461,5,3,1,2,0,0,19.45541,174.04399999999998,0,
348,117,915,6775,40,11,450,11,450,2,2,1,1,0,0,19.4135,176.15,0,
349,418,2745,24727,219,83,5423,80,5239,11,4,2,2,0,0,150.33471,642.9019999999999,0,
350,132,939,7882,52,13,771,11,703,5,3,2,1,0,0,21.415670000000002,204.932,0,
351,268,1772,15495,109,46,2850,45,2779,4,2,1,1,0,0,83.55576999999998,402.87,0,
352,252,1404,12720,104,27,1423,27,1423,10,5,1,4,0,0,48.864630000000005,330.71999999999997,0,
353,85,673,5407,47,11,635,11,597,3,2,0,2,0,0,20.01841,140.582,0,
354,309,1776,17100,96,41,2282,39,2236,4,2,1,1,0,0,72.28244,444.59999999999997,0,
355,181,1279,9609,189,39,2978,38,2766,3,3,0,3,0,0,72.40962,249.83399999999997,0,
356,159,1020,9539,84,23,1390,22,1314,5,3,2,1,0,0,40.973020000000005,248.01399999999998,0,
357,167,1049,10025,59,19,1322,19,1322,7,3,0,3,0,0,35.607820000000004,260.65,0,
358,452,2907,27389,180,89,5164,89,5164,7,2,0,2,0,0,162.87583999999998,712.1139999999999,0,
359,209,1366,12610,92,43,1978,43,1978,4,2,0,2,0,0,76.72318,327.85999999999996,0,
360,146,927,8438,51,22,947,22,947,3,1,0,1,0,0,39.006069999999994,219.38799999999998,0,
361,121,818,6758,53,17,894,17,894,5,3,0,3,0,0,30.75914,175.708,0,
362,270,1585,15044,102,44,2987,38,2167,8,5,2,3,0,0,73.23987,391.144,0,
363,3000,15653,151728,1966,1081,65162,1081,65162,0,0,0,0,0,0,1987.59622,3944.928,0,
364,70,583,4202,28,6,199,6,199,2,1,0,1,0,0,10.412189999999999,109.252,0,
365,303,2106,18051,158,54,3503,53,3471,12,10,3,7,0,0,99.01827,469.32599999999996,0,
366,108,611,5298,25,4,196,4,196,2,0,0,0,0,0,7.18276,137.748,0,
367,3000,14396,154990,1408,972,60148,972,60148,0,0,0,0,0,0,1793.1118799999997,4029.74,0,
368,162,1239,9600,86,20,885,20,885,5,3,1,2,0,0,35.55185,249.6,0,
369,234,1248,11220,70,21,1635,21,1635,9,4,0,4,0,0,40.01835,291.71999999999997,0,
370,131,822,7772,66,9,628,6,466,4,3,2,1,0,0,13.05762,202.072,0,
371,415,2610,23670,197,78,5514,75,5351,12,8,4,4,0,0,142.69164999999998,615.42,0,
372,3000,13431,154661,1338,985,59895,985,59895,0,0,0,0,0,0,1813.06495,4021.1859999999997,0,
373,395,2089,18585,93,25,1971,24,1807,12,5,1,4,0,0,46.17318999999999,483.21,0,
374,75,520,4088,20,3,110,3,110,2,0,0,0,0,0,5.246099999999999,106.288,0,
375,3000,15856,142593,2935,1116,244629,1116,244629,2,1,0,1,0,0,2727.6804899999997,3707.4179999999997,0,
376,230,1813,13270,250,46,2871,46,2871,4,3,0,3,0,0,84.95251,345.02,0,
377,466,2839,25848,192,78,4516,76,4374,6,2,1,1,0,0,140.0745,672.048,0,
378,86,703,5433,38,11,507,11,507,2,1,0,1,0,0,19.630670000000002,141.25799999999998,0,
379,253,1505,14308,83,39,1879,39,1879,4,3,0,3,0,0,69.90999000000001,372.008,0,
380,218,1389,12976,83,38,1858,34,1658,4,4,1,3,0,0,63.17497999999999,337.376,0,
381,92,710,6753,34,12,540,12,540,2,2,0,2,0,0,21.3654,175.578,0,
382,101,736,6191,41,13,593,13,593,3,1,0,1,0,0,23.176329999999997,160.96599999999998,0,
383,185,1308,11632,98,34,1807,34,1807,5,5,2,3,0,0,61.59066999999999,302.43199999999996,0,
384,181,1140,10903,63,36,1333,36,1333,1,1,0,1,0,0,63.00272999999999,283.478,0,
385,247,1610,14429,114,34,2673,32,2622,10,6,1,5,0,0,62.495999999999995,375.154,0,
386,131,986,8324,58,27,1329,25,1141,3,2,1,1,0,0,45.75205,216.42399999999998,0,
387,97,738,6484,35,9,653,8,501,4,3,1,2,0,0,15.439169999999999,168.584,0,
388,179,1203,11733,70,29,1660,29,1660,6,3,1,2,0,0,52.9856,305.058,0,
389,95,587,5465,16,4,159,4,159,3,1,0,1,0,0,7.041789999999999,142.09,0,
390,215,1181,12077,56,13,892,13,892,4,1,0,1,0,0,24.31552,314.002,0,
391,3000,13502,160761,1034,1049,44055,1049,44055,0,0,0,0,0,0,1855.6905499999998,4179.786,0,
392,181,1355,11070,102,34,1666,32,1517,6,2,1,1,0,0,58.40159,287.82,0,
393,181,1463,11522,160,38,1619,38,1619,2,2,0,2,0,0,67.31039,299.572,0,
394,3000,14377,146464,1276,795,44812,795,44812,3,2,0,2,0,0,1449.88872,3808.064,0,
395,281,2168,16225,241,70,3151,69,3106,3,2,1,1,0,0,123.38696,421.84999999999997,0,
396,3000,13719,141885,1570,990,68858,990,68858,2,1,0,1,0,0,1855.2589799999998,3689.0099999999998,0,
397,135,1019,7045,55,16,815,16,815,4,2,0,2,0,0,28.84915,183.17,0,
398,3000,14802,150050,1420,889,48698,889,48698,0,0,0,0,0,0,1615.9403799999998,3901.2999999999997,0,
399,131,976,7952,76,10,761,10,761,4,3,1,2,0,0,18.98941,206.75199999999998,0,
400,124,912,7678,44,8,666,8,666,4,2,1,1,0,0,15.40946,199.628,0,
401,3000,13292,146607,1144,829,44123,827,44078,3,1,1,0,0,0,1499.5912799999999,3811.7819999999997,0,
402,182,1257,9244,120,14,857,14,857,5,4,1,3,0,0,25.791169999999997,240.344,0,
403,3000,13153,140742,925,578,40071,578,40071,4,3,0,3,0,0,1082.6725099999999,3659.292,0,
404,329,2053,17914,149,75,4760,75,4760,7,3,0,3,0,0,138.8106,465.76399999999995,0,
405,215,1496,13352,87,38,2017,36,1963,6,3,1,2,0,0,66.42474999999999,347.152,0,
406,337,2083,20043,138,74,3130,74,3130,4,3,1,2,0,0,130.9913,521.1179999999999,0,
407,3000,14006,150954,1208,890,55414,890,55414,0,0,0,0,0,0,1643.13734,3924.8039999999996,0,
408,200,1370,11640,91,25,1849,24,1812,8,3,2,1,0,0,46.04238,302.64,0,
409,68,546,4474,17,2,144,2,144,3,1,0,1,0,0,3.7666399999999998,116.324,0,
410,3000,16146,141897,3441,1138,391723,1138,391723,0,0,0,0,0,0,3323.50663,3689.3219999999997,0,
411,3000,15327,146344,1597,794,46685,794,46685,2,1,0,1,0,0,1455.4158499999999,3804.944,0,
412,273,1378,11790,90,21,992,21,992,6,3,1,2,0,0,37.56852,306.53999999999996,0,
413,125,961,8443,52,19,896,19,896,2,1,0,1,0,0,33.984759999999994,219.518,0,
414,95,681,5862,39,12,555,12,555,4,0,0,0,0,0,21.422549999999998,152.412,0,
415,3000,13800,160785,1014,1064,41858,1064,41858,0,0,0,0,0,0,1871.45498,4180.41,0,
416,162,1222,9503,129,34,1868,33,1771,3,1,1,0,0,0,60.43796999999999,247.07799999999997,0,
417,308,1881,17182,225,55,3929,55,3929,6,3,1,2,0,0,103.46448999999998,446.73199999999997,0,
418,88,687,5398,36,6,390,6,390,3,1,0,1,0,0,11.139899999999999,140.34799999999998,0,
419,226,879,8562,19,4,115,4,115,2,1,0,1,0,0,6.87415,222.612,0,
420,133,1032,8042,92,25,1535,23,1419,4,3,2,1,0,0,43.508269999999996,209.09199999999998,0,
421,143,1055,9578,61,19,1150,19,1150,5,2,0,2,0,0,34.9525,249.028,0,
422,167,1024,8587,72,27,1447,27,1320,6,2,0,2,0,0,48.62206,223.262,0,
423,233,1341,12973,57,23,1724,22,1666,5,4,1,3,0,0,42.2929,337.298,0,
424,108,743,6317,40,15,637,15,637,3,1,0,1,0,0,26.56197,164.242,0,
425,199,1448,13002,89,57,2159,57,2159,3,2,0,2,0,0,99.93878999999998,338.05199999999996,0,
426,188,1219,10508,81,35,2169,31,1759,9,6,2,4,0,0,58.98058999999999,273.20799999999997,0,
427,252,1587,17067,94,75,2319,75,2319,3,2,1,1,0,0,129.51039,443.74199999999996,0,
428,132,937,9112,35,26,859,26,859,2,1,0,1,0,0,45.10678999999999,236.91199999999998,0,
429,3000,16643,156136,1310,981,46191,981,46191,2,1,0,1,0,0,1754.41671,4059.5359999999996,0,
430,197,1268,10256,127,14,1082,12,899,3,2,1,1,0,0,23.90713,266.656,0,
431,3000,13841,153491,1075,935,53142,935,53142,0,0,0,0,0,0,1706.88602,3990.7659999999996,0,
432,357,2221,23302,147,109,3980,109,3980,3,0,0,0,0,0,190.54479999999998,605.852,0,
433,129,993,8640,56,16,1233,14,1123,5,1,1,0,0,0,27.892429999999997,224.64,0,
434,3000,13671,153786,1060,935,54114,935,54114,1,1,0,1,0,0,1710.5893399999998,3998.4359999999997,0,
435,280,1992,16010,178,69,3511,69,3511,5,2,1,1,0,0,124.39791000000001,416.26,0,
436,139,2024,6268,1118,4,197,3,155,2,2,1,1,0,0,5.94611,162.968,1,limit
437,213,1343,11433,105,26,1628,24,1550,6,4,1,3,0,0,45.57154,297.258,0,
438,244,1525,14999,101,57,2470,57,2470,3,2,0,2,0,0,101.1237,389.974,0,
439,110,767,6171,42,14,663,14,663,3,1,0,1,0,0,25.05203,160.446,0,
440,3000,16233,151059,1565,919,59522,919,59532,1,1,0,1,0,0,1705.4761199999998,3927.5339999999997,0,
441,172,1291,9882,135,29,1319,29,1319,3,2,1,1,0,0,51.686389999999996,256.932,0,
442,169,1235,10381,77,25,1470,25,1470,6,5,1,4,0,0,45.8257,269.906,0,
443,173,942,8005,43,12,703,12,703,4,2,0,2,0,0,21.98643,208.13,0,
444,322,1841,19140,120,76,3572,76,3572,3,1,0,1,0,0,135.89332,497.64,0,
445,75,491,3775,20,3,166,3,166,3,1,0,1,0,0,5.45946,98.14999999999999,0,
446,94,565,5425,18,3,110,3,110,1,1,0,1,0,0,5.246099999999999,141.04999999999998,0,
447,84,575,5633,28,9,392,9,392,2,2,1,1,0,0,15.974519999999998,146.458,0,
448,157,1010,9593,59,30,1493,30,1493,3,1,0,1,0,0,53.95833,249.41799999999998,0,
449,270,1733,15233,130,57,3343,57,3343,7,1,0,1,0,0,104.44982999999999,396.058,0,
450,86,634,5651,49,7,299,6,231,1,1,1,0,0,0,11.09335,146.926,0,
451,243,1606,14798,113,44,2843,44,2843,6,1,1,0,0,0,81.62783,384.748,0,
452,106,759,6810,45,19,723,19,723,3,1,0,1,0,0,33.32563,177.06,0,
453,206,1259,12932,79,31,2389,31,2389,7,1,0,1,0,0,58.981089999999995,336.23199999999997,0,
454,102,660,5230,34,5,330,5,330,5,1,0,1,0,0,9.3023,135.98,0,
455,3000,13316,158776,1103,1030,49675,1030,49675,0,0,0,0,0,0,1846.5317499999999,4128.1759999999995,0,
456,217,1148,10453,52,12,732,12,732,5,2,0,2,0,0,22.096919999999997,271.77799999999996,0,
457,245,1443,13498,79,36,1909,36,1909,4,3,0,3,0,0,65.19729,350.948,0,
458,3000,13985,149796,1261,866,54359,866,54359,3,2,0,2,0,0,1600.5017899999998,3894.696,0,
459,128,1021,7142,50,16,656,16,656,2,1,0,1,0,0,28.24336,185.69199999999998,0,
460,169,1204,9889,140,27,1193,25,1152,4,3,1,2,0,0,45.6205,257.114,0,
461,337,2251,20602,138,56,3590,56,3590,6,4,0,4,0,0,103.7819,535.6519999999999,0,
462,408,2816,24517,292,104,5721,102,5625,7,5,2,3,0,0,186.62052999999997,637.442,0,
463,141,888,7776,31,6,310,6,310,4,1,0,1,0,0,10.8351,202.176,0,
464,3000,14640,146070,1218,778,46662,778,46662,1,0,0,0,0,0,1429.58422,3797.8199999999997,0,
465,3000,13886,138964,1439,1079,59946,1079,59946,0,0,0,0,0,0,1964.50526,3613.064,0,
466,3000,13575,145731,1039,764,43101,761,42878,8,3,1,2,0,0,1389.5143199999998,3789.006,0,
467,88,838,5388,94,7,290,7,290,2,2,1,1,0,0,12.3679,140.088,0,
468,109,606,5209,21,3,119,3,119,1,0,0,0,0,0,5.28039,135.434,0,
469,368,2272,21422,172,81,7206,81,7206,7,2,0,2,0,0,157.78386,556.972,0,
470,202,1311,12353,79,26,1464,25,1415,2,2,1,1,0,0,46.15296999999999,321.178,0,
471,167,2303,9164,1124,13,730,13,763,3,2,1,1,0,0,23.785089999999997,238.26399999999998,0,limit
472,283,1957,15544,156,70,4098,70,4098,5,1,0,1,0,0,128.24338,404.144,0,
473,186,1249,11822,83,41,1537,41,1537,4,2,0,2,0,0,71.82497,307.372,0,
474,65,524,4626,18,4,160,4,160,1,1,0,1,0,0,7.045599999999999,120.276,0,
475,352,2198,21011,121,72,3922,72,3922,3,1,0,1,0,0,130.79082,546.286,0,
476,162,1072,8228,104,15,1019,15,1019,4,1,0,1,0,0,28.01739,213.928,0,
477,90,630,4989,26,5,258,5,258,3,1,0,1,0,0,9.02798,129.714,0,
478,214,1127,10421,70,36,1835,36,1835,2,1,0,1,0,0,64.91534999999999,270.94599999999997,0,
479,94,680,6254,30,8,299,8,299,3,3,1,2,0,0,14.01119,162.60399999999998,0,
480,3000,13625,160480,1131,1028,40790,1028,40790,4,0,0,0,0,0,1809.4618999999998,4172.48,0,
481,133,1012,8327,51,8,655,8,655,5,2,0,2,0,0,15.36755,216.50199999999998,0,
482,3000,14260,155235,1083,962,47405,962,47405,0,0,0,0,0,0,1728.47105,4036.1099999999997,0,
483,363,2488,23316,162,94,4157,94,4157,5,2,1,1,0,0,167.08416999999997,606.216,0,
484,232,1565,13675,98,32,1828,32,1828,7,3,1,2,0,0,58.452679999999994,355.55,0,
485,143,959,8851,61,22,1242,22,1242,3,2,0,2,0,0,40.13002,230.12599999999998,0,
486,425,2492,25499,125,85,3419,85,3419,4,2,1,1,0,0,149.79139,662.9739999999999,0,
487,224,1453,14267,90,40,1975,40,1975,7,2,0,2,0,0,71.88475,370.942,0,
488,96,597,5248,26,5,200,5,200,2,0,0,0,0,0,8.806999999999999,136.448,0,
489,182,1021,11005,42,14,898,14,898,5,3,1,2,0,0,25.94738,286.13,0,
490,204,973,9574,35,9,582,9,582,6,4,0,4,0,0,16.69842,248.92399999999998,0,
491,114,808,7042,81,12,675,12,675,4,4,1,3,0,0,21.879749999999998,183.09199999999998,0,
492,138,893,7678,77,21,1152,20,1113,3,1,1,0,0,0,36.945550000000004,199.628,0,
493,84,586,5237,18,4,188,4,188,3,1,0,1,0,0,7.152279999999999,136.162,0,
494,106,619,6160,12,4,136,4,136,0,0,0,0,0,0,6.95416,160.16,0,
495,3000,13555,159488,1071,1033,42689,1033,42689,0,0,0,0,0,0,1824.74209,4146.688,0,
496,3000,12997,143293,1115,752,45361,752,45361,3,2,0,2,0,0,1382.7934099999998,3725.618,0,
497,162,1133,8882,63,17,902,16,836,4,2,1,1,0,0,29.48604,230.932,0,
498,245,1601,15458,135,33,2354,30,1978,7,3,2,1,0,0,57.686859999999996,401.90799999999996,0,
499,207,1101,9755,56,25,907,22,807,4,3,1,2,0,0,40.02767,253.63,0,
500,98,645,5346,28,8,356,8,356,3,0,0,0,0,0,14.228359999999999,138.99599999999998,0,
501,131,876,8419,48,19,716,17,669,3,2,1,1,0,0,30.915349999999997,218.89399999999998,0,
502,193,1322,12292,103,27,1930,25,1819,7,4,2,2,0,0,48.24436999999999,319.592,0,
503,277,1737,16721,105,49,2578,49,2578,6,5,0,5,0,0,88.66318,434.746,0,
504,113,772,7010,46,18,857,18,857,4,2,0,2,0,0,32.227169999999994,182.26,0,
505,110,967,6278,74,5,405,5,405,5,3,2,1,0,0,9.588049999999999,163.22799999999998,0,
506,93,805,6223,53,10,389,10,389,3,3,1,2,0,0,17.57209,161.798,0,
507,266,1664,14374,116,46,2928,46,2928,8,4,1,3,0,0,85.16968,373.724,0,
508,119,868,8355,50,19,853,19,853,5,0,0,0,0,0,33.82093,217.23,0,
509,165,1214,9429,139,21,1620,20,1552,6,2,1,1,0,0,38.65236,245.154,0,
510,180,1046,10400,65,23,1125,20,987,4,2,1,1,0,0,37.54031,270.4,0,
511,121,781,7257,47,14,792,14,792,4,2,1,1,0,0,25.543519999999997,188.682,0,
512,99,735,6770,32,14,700,14,700,3,1,0,1,0,0,25.192999999999998,176.01999999999998,0,
513,123,1045,8159,97,22,1227,21,1058,5,2,1,1,0,0,38.4984,212.134,0,
514,123,914,8511,81,11,478,11,478,4,3,1,2,0,0,19.52018,221.286,0,
515,147,1168,9637,81,19,1303,19,1303,5,4,1,3,0,0,35.53543,250.56199999999998,0,
516,130,773,7046,35,6,309,6,309,3,0,0,0,0,0,10.83129,183.196,0,
517,136,769,6824,43,10,366,9,323,2,2,1,1,0,0,16.24137,177.42399999999998,0,
518,173,890,8887,40,13,825,12,713,5,2,1,1,0,0,22.63569,231.06199999999998,0,
519,86,605,5028,30,8,387,8,387,4,2,0,2,0,0,14.34647,130.72799999999998,0,
520,187,1162,12293,60,25,1194,23,1114,5,5,1,4,0,0,42.30374,319.618,0,
521,143,841,7389,40,12,669,12,669,3,0,0,0,0,0,21.85689,192.114,0,
522,60,483,4365,14,3,150,3,150,2,1,0,1,0,0,5.398499999999999,113.49,0,
523,70,531,5202,20,4,103,4,103,2,2,1,1,0,0,6.828429999999999,135.25199999999998,0,
524,182,1095,10446,56,25,1370,25,1370,5,2,0,2,0,0,45.4447,271.596,0,
525,124,652,7085,28,7,138,7,138,1,1,0,1,0,0,11.78878,184.20999999999998,0,
526,198,907,9391,36,12,618,12,618,3,2,0,2,0,0,21.66258,244.166,0,
527,218,1097,10398,43,14,856,12,643,5,2,1,1,0,0,22.96717,270.348,0,
528,123,912,7956,99,18,963,14,866,5,4,2,2,0,0,27.855919999999998,206.856,0,
529,110,815,6748,91,18,755,18,755,4,2,0,2,0,0,31.838549999999998,175.44799999999998,0,
530,114,740,6870,41,7,272,7,193,2,1,1,0,0,0,12.09155,178.62,0,
531,210,1315,10996,170,29,1865,26,1715,6,4,1,3,0,0,49.98215,285.896,0,
532,160,996,9197,54,29,1175,29,1175,4,0,0,0,0,0,51.13775,239.12199999999999,0,
533,321,1566,15858,114,29,2016,29,1949,8,3,1,2,0,0,54.165749999999996,412.308,0,
534,173,898,8132,44,13,731,13,731,4,2,0,2,0,0,23.702109999999998,211.432,0,
535,142,954,7923,90,15,676,17,736,3,2,0,2,0,0,29.128359999999997,205.998,0,
536,164,789,7175,31,3,120,3,120,3,2,1,1,0,0,5.284199999999999,186.54999999999998,0,
537,106,883,7405,56,11,577,11,577,3,1,0,1,0,0,19.897370000000002,192.53,0,
538,113,702,7242,27,4,249,4,249,4,2,0,2,0,0,7.38469,188.292,0,
539,130,847,8130,30,8,482,8,482,4,0,0,0,0,0,14.708419999999998,211.38,0,
540,117,816,7001,45,11,830,11,830,4,2,0,2,0,0,20.8613,182.02599999999998,0,
541,108,723,7390,30,8,399,8,399,2,1,0,1,0,0,14.39219,192.14,0,
542,163,837,8252,33,12,461,12,461,4,1,0,1,0,0,21.06441,214.552,0,
543,117,769,8215,42,11,519,10,419,3,3,2,1,0,0,18.28339,213.59,0,
544,170,1126,9979,101,26,1892,26,1892,5,4,1,3,0,0,49.042519999999996,259.454,0,
545,157,1034,9414,53,26,1230,26,1230,5,2,0,2,0,0,46.5203,244.76399999999998,0,
546,70,495,5245,15,4,144,4,144,2,1,0,1,0,0,6.98464,136.37,0,
547,244,1413,13713,91,37,2477,37,2477,6,2,0,2,0,0,68.97036999999999,356.538,0,
548,165,1062,9058,85,24,1321,22,1224,7,2,2,0,0,0,41.1339,235.50799999999998,0,
549,126,825,7172,59,6,519,6,519,5,2,1,1,0,0,11.63139,186.47199999999998,0,
550,245,1591,14398,130,31,2645,28,2196,11,5,2,3,0,0,55.385580000000004,374.34799999999996,0,
551,206,1195,10853,67,24,1364,24,1364,7,2,0,2,0,0,43.812839999999994,282.178,0,
552,112,724,7000,36,13,443,13,443,4,2,0,2,0,0,22.604829999999996,182,0,
553,216,1430,14559,109,44,2006,43,1931,7,5,2,3,0,0,77.11161,378.534,0,
554,150,962,9624,51,19,1127,19,1127,5,2,0,2,0,0,34.864869999999996,250.224,0,
555,108,674,5744,29,9,483,9,483,4,1,0,1,0,0,16.321229999999996,149.344,0,
556,76,556,4893,25,7,292,7,292,4,2,0,2,0,0,12.37552,127.21799999999999,0,
557,135,979,8092,98,22,1451,20,1209,8,3,1,2,0,0,38.029849999999996,210.392,0,
558,112,767,7312,33,10,399,10,399,4,3,1,2,0,0,17.61019,190.112,0,
559,96,817,6710,143,11,531,12,603,4,4,2,2,1,0,21.041469999999997,174.45999999999998,0,
560,113,654,6015,24,8,267,8,267,2,0,0,0,0,0,13.88927,156.39,0,
561,130,884,8302,75,25,832,23,792,4,4,1,3,0,0,41.02972,215.852,0,
562,120,762,7182,39,15,768,15,768,3,1,0,1,0,0,27.061079999999997,186.732,0,
563,204,1115,10830,65,18,1226,18,1226,6,2,0,2,0,0,33.63306,281.58,0,
564,126,859,7422,62,26,1279,26,1279,4,2,0,2,0,0,46.70699,192.97199999999998,0,
565,136,944,8471,47,21,1063,21,1063,3,1,0,1,0,0,37.83903,220.24599999999998,0,
566,88,551,5032,23,6,292,6,292,3,1,0,1,0,0,10.76652,130.832,0,
567,218,1185,11507,87,21,1223,19,1152,6,6,4,2,0,0,36.0019,299.18199999999996,0,
568,133,895,7540,50,15,907,15,907,4,1,0,1,0,0,27.59067,196.04,0,
569,107,703,6944,39,6,465,6,465,5,4,2,2,0,0,11.425650000000001,180.54399999999998,0,
570,161,1209,9860,145,25,1763,24,1698,7,3,1,2,0,0,45.64108,256.36,0,
571,167,1077,12067,50,38,1142,38,1142,2,1,0,1,0,0,65.49302,313.74199999999996,0,
572,292,1358,12526,69,28,1634,26,1429,5,2,1,1,0,0,48.47839,325.676,0,
573,146,920,8847,45,20,1035,20,1035,3,0,0,0,0,0,36.12335,230.022,0,
574,137,832,8569,32,18,643,18,643,0,0,0,0,0,0,31.411829999999995,222.79399999999998,0,
575,85,576,5243,24,5,204,5,204,3,2,1,1,0,0,8.822239999999999,136.31799999999998,0,
576,127,809,7691,38,11,823,11,823,6,3,0,3,0,0,20.83463,199.96599999999998,0,
577,112,692,6840,31,12,539,12,539,3,1,0,1,0,0,21.36159,177.84,0,
578,149,889,8488,48,14,747,14,747,6,4,2,2,0,0,25.372069999999997,220.688,0,
579,117,759,7094,26,9,416,9,416,2,2,0,2,0,0,16.065959999999997,184.444,0,
580,178,1122,11987,62,40,1393,40,1393,6,5,1,4,0,0,69.66732999999999,311.662,0,
581,81,555,5385,18,4,162,4,162,2,1,0,1,0,0,7.05322,140.01,0,
582,193,1225,10817,86,31,1891,29,1713,6,3,1,2,0,0,54.35557,281.24199999999996,0,
583,190,1155,11209,64,32,1225,29,1091,5,2,1,1,0,0,52.41282999999999,291.43399999999997,0,
584,162,900,8585,37,14,540,14,540,3,2,0,2,0,0,24.583399999999997,223.20999999999998,0,
585,248,1604,15874,90,29,2044,26,1901,9,7,4,3,0,0,50.68254999999999,412.724,0,
586,119,748,6480,37,12,802,12,802,4,0,0,0,0,0,22.363619999999997,168.48,0,
587,157,997,10641,73,21,1050,21,1050,6,4,2,2,0,0,37.7895,276.666,0,
588,146,875,7847,35,10,594,10,594,4,0,0,0,0,0,18.35314,204.022,0,
589,122,963,8551,104,17,817,19,996,5,4,0,4,0,0,33.19654,222.326,0,
590,85,645,5588,52,6,245,5,220,3,3,2,1,0,0,9.391699999999998,145.28799999999998,0,
591,131,739,6708,35,9,520,9,520,4,1,0,1,0,0,16.4622,174.408,0,
592,145,1043,8446,73,36,1926,36,1926,4,2,0,2,0,0,65.26205999999999,219.596,0,
593,231,1654,13890,156,43,2199,43,2199,3,2,0,2,0,0,77.56519,361.14,0,
594,120,756,6957,38,16,566,16,566,3,2,1,1,0,0,27.900459999999995,180.882,0,
595,165,2021,7301,1016,4,178,4,178,2,2,1,1,0,0,7.114179999999999,189.826,2,limit
596,96,714,5946,33,5,286,4,208,2,1,1,0,0,0,7.799519999999999,154.596,0,
597,99,727,6627,31,9,408,9,408,2,1,0,1,0,0,16.035479999999996,172.302,0,
598,226,1422,13684,90,22,1876,21,1850,13,8,2,6,0,0,41.347179999999994,355.784,0,
599,187,1113,10905,61,25,1578,25,1578,5,1,0,1,0,0,46.237179999999995,283.53,0,
600,138,789,8006,30,11,535,9,468,3,1,1,0,0,0,17.30114,208.15599999999998,0,
601,202,1098,10555,56,17,862,16,822,7,3,1,2,0,0,29.402019999999997,274.43,0,
602,129,809,8406,38,9,426,8,375,2,1,1,0,0,0,14.839929999999999,218.55599999999998,0,
603,147,748,7474,44,4,315,4,315,5,2,1,1,0,0,7.63615,194.32399999999998,0,
604,104,718,6846,29,7,412,7,412,5,1,0,1,0,0,12.83272,177.99599999999998,0,
605,115,762,7096,47,12,919,12,919,5,3,1,2,0,0,22.809389999999997,184.49599999999998,0,
606,167,1107,10950,79,36,1242,35,1142,3,1,1,0,0,0,61.26301999999999,284.7,0,
607,230,1387,13719,65,20,1513,18,1417,7,3,1,2,0,0,35.43205,356.69399999999996,0,
608,92,645,6058,35,12,543,12,543,4,2,1,1,0,0,21.376829999999998,157.50799999999998,0,
609,129,724,6454,65,8,562,5,342,4,3,1,2,0,0,11.04462,167.804,0,
610,136,913,9216,51,25,936,25,936,4,2,0,2,0,0,43.79116,239.61599999999999,0,
611,61,497,3925,22,3,221,3,221,5,1,0,1,0,0,5.669009999999999,102.05,0,
612,115,671,6659,33,11,367,11,367,1,0,0,0,0,0,19.097269999999998,173.134,0,
613,229,1205,11253,66,14,965,14,965,7,4,1,3,0,0,26.202649999999995,292.578,0,
614,167,1040,9229,56,15,1164,15,1164,6,4,0,4,0,0,28.569839999999996,239.95399999999998,0,
615,179,1187,9742,76,41,2056,41,2056,3,0,0,0,0,0,73.80236,253.292,0,
616,207,1051,10975,43,23,929,23,929,2,0,0,0,0,0,40.54649,285.34999999999997,0,
617,242,1452,14131,75,25,1931,23,1849,5,1,1,0,0,0,45.106449999999995,367.406,0,
618,92,612,5755,24,6,345,5,225,3,2,1,1,0,0,9.522849999999998,149.63,0,
619,100,675,6607,29,12,477,10,423,5,2,1,1,0,0,18.72335,171.78199999999998,0,
620,133,880,8560,42,17,910,17,910,4,2,0,2,0,0,30.820099999999996,222.56,0,
621,90,637,6171,31,9,265,9,265,4,4,2,2,0,0,15.490649999999997,160.446,0,
622,102,650,6375,24,8,299,8,299,5,4,1,3,0,0,14.01119,165.75,0,
623,97,531,4954,16,4,169,4,169,2,0,0,0,0,0,7.07989,128.804,0,
624,112,782,7899,39,18,700,18,700,3,2,0,2,0,0,31.628999999999998,205.374,0,
625,214,1104,10950,66,30,1485,30,1485,4,3,0,3,0,0,53.92785,284.7,0,
626,143,947,8470,44,19,1174,19,1174,5,2,0,2,0,0,35.04394,220.22,0,
627,215,1419,11131,148,34,2621,34,2621,4,3,0,3,0,0,64.69201,289.406,0,
628,99,679,6157,31,6,317,6,317,4,2,1,1,0,0,10.86177,160.082,0,
629,137,1059,8484,155,16,716,18,687,6,2,1,1,1,0,30.655689999999993,220.584,0,
630,247,1485,14209,88,33,1967,33,1967,8,4,1,3,0,0,60.591269999999994,369.43399999999997,0,
631,201,1320,12563,118,34,2530,30,2110,8,6,3,3,0,0,58.7207,326.638,0,
632,115,803,6725,52,13,829,13,829,5,3,1,2,0,0,24.07549,174.85,0,
633,116,704,7355,27,11,315,11,315,1,1,0,1,0,0,18.89915,191.23,0,
634,102,636,5270,44,7,350,6,254,3,1,1,0,0,0,11.21402,137.01999999999998,0,
635,70,520,4512,22,4,254,4,254,2,0,0,0,0,0,7.40374,117.312,0,
636,125,714,7349,31,14,466,14,466,1,1,0,1,0,0,24.30146,191.07399999999998,0,
637,94,633,6368,25,11,375,11,375,2,1,0,1,0,0,19.12775,165.56799999999998,0,
638,171,844,8556,38,13,527,13,527,4,1,0,1,0,0,22.924869999999995,222.456,0,
639,104,734,6460,46,9,334,8,285,2,2,1,1,0,0,14.49467,167.95999999999998,0,
640,90,713,5628,79,9,440,9,440,4,2,0,2,0,0,16.1574,146.328,0,
641,225,1192,10790,66,29,1622,29,1622,3,1,0,1,0,0,52.840819999999994,280.53999999999996,0,
642,129,849,7817,38,12,676,12,676,4,2,1,1,0,0,21.88356,203.242,0,
643,153,1013,9674,79,35,1481,35,1481,4,1,0,1,0,0,61.957609999999995,251.524,0,
644,197,1162,10257,112,20,1112,20,1112,4,4,1,3,0,0,36.41672,266.68199999999996,0,
645,131,855,8051,56,19,978,19,978,3,1,0,1,0,0,34.29718,209.326,0,
646,151,898,8802,54,21,1174,21,1174,7,3,0,3,0,0,38.261939999999996,228.85199999999998,0,
647,91,605,5442,27,6,316,6,316,3,2,1,1,0,0,10.857959999999999,141.492,0,
648,150,775,7972,33,15,542,15,542,3,1,0,1,0,0,26.200020000000002,207.272,0,
649,160,879,8506,45,16,674,16,674,4,2,1,1,0,0,28.311939999999996,221.15599999999998,0,
650,178,1116,11825,48,17,969,17,969,5,4,1,3,0,0,31.044889999999995,307.45,0,
651,103,680,6728,23,6,304,6,304,4,2,1,1,0,0,10.812239999999997,174.928,0,
652,126,883,8905,37,28,959,28,959,2,1,0,1,0,0,48.70579,231.53,0,
653,118,677,6996,21,5,191,5,191,2,1,0,1,0,0,8.77271,181.896,0,
654,192,1292,12287,86,43,1743,43,1743,4,2,0,2,0,0,75.82783,319.462,0,
655,93,645,5891,31,8,374,7,308,4,2,1,1,0,0,12.99336,153.166,0,
656,180,1107,10701,56,38,1229,38,1229,3,1,0,1,0,0,65.82449,278.226,0,
657,196,1037,9845,56,21,1071,21,1071,5,3,1,2,0,0,37.86951,255.97,0,
658,149,974,9968,54,29,1287,29,1287,5,3,0,3,0,0,51.56447,259.168,0,
659,152,1001,10223,54,17,1033,15,880,6,3,2,1,0,0,28.62634,265.798,0,
660,218,1212,11518,81,44,2701,44,2701,4,2,0,2,0,0,81.08681,299.46799999999996,0,
661,183,2468,10937,1080,33,1952,32,1790,5,1,1,0,0,0,58.97806,284.36199999999997,1,limit
662,103,725,5588,38,6,392,6,392,4,1,0,1,0,0,11.14752,145.28799999999998,0,
663,132,806,7389,32,7,421,7,421,4,1,0,1,0,0,12.867009999999999,192.114,0,
664,81,586,5233,26,6,389,6,389,4,2,0,2,0,0,11.13609,136.058,0,
665,135,875,9226,48,26,1077,26,1077,4,3,1,2,0,0,45.937369999999994,239.87599999999998,0,
666,163,1016,9451,50,20,1202,20,1202,5,1,0,1,0,0,36.75962,245.726,0,
667,80,527,5056,17,3,137,3,137,2,1,0,1,0,0,5.34897,131.456,0,
668,107,729,6401,35,11,534,11,534,3,1,0,1,0,0,19.733539999999998,166.426,0,
669,115,717,7085,54,10,614,10,614,3,1,1,0,0,0,18.429339999999996,184.20999999999998,0,
670,207,1334,13624,76,31,1755,29,1650,7,5,1,4,0,0,54.029399999999995,354.224,0,
671,99,728,6126,51,11,537,11,537,5,3,1,2,0,0,19.744970000000002,159.27599999999998,0,
672,172,1222,11573,107,35,1527,32,1352,7,5,1,4,0,0,58.28262,300.89799999999997,0,
673,116,662,6005,31,8,463,8,463,2,1,0,1,0,0,14.636029999999998,156.13,0,
674,175,835,8311,30,10,318,10,318,2,2,0,2,0,0,17.301579999999998,216.08599999999998,0,
675,94,614,6112,20,5,189,5,189,2,1,0,1,0,0,8.76509,158.912,0,
676,315,1377,14428,59,33,1221,33,1221,3,1,0,1,0,0,57.74901,375.128,0,
677,111,708,6676,39,14,529,14,529,3,1,0,1,0,0,24.541489999999996,173.576,0,
678,140,856,8635,43,23,798,23,798,3,2,0,2,0,0,40.04738,224.51,0,
679,161,982,10846,50,34,1188,33,1106,3,3,1,2,0,0,57.88662,281.996,0,
680,79,523,5921,14,3,93,3,93,2,2,1,1,0,0,5.181329999999999,153.946,0,
681,79,564,4598,25,7,304,7,304,4,1,0,1,0,0,12.42124,119.54799999999999,0,
682,78,521,5249,17,5,227,5,227,3,1,0,1,0,0,8.909870000000002,136.474,0,
683,95,617,6080,25,8,316,8,316,3,2,1,1,0,0,14.075959999999998,158.07999999999998,0,
684,93,720,6041,67,10,435,9,364,3,2,1,1,0,0,16.430619999999998,157.066,0,
685,133,923,8223,53,23,1008,23,1008,2,1,0,1,0,0,40.84748,213.798,0,
686,201,1158,11099,61,18,1470,18,1470,9,3,1,2,0,0,34.5627,288.574,0,
687,158,971,8835,61,10,684,8,545,6,3,2,1,0,0,16.07047,229.70999999999998,0,
688,176,1045,10296,49,16,969,12,824,7,2,2,0,0,0,24.53454,267.69599999999997,0,
689,207,1282,13792,76,50,1807,50,1807,3,2,0,2,0,0,87.33466999999999,358.592,0,
690,133,772,8022,27,6,373,6,373,3,1,0,1,0,0,11.07513,208.572,0,
691,200,1020,9828,55,20,958,18,888,5,2,1,1,0,0,33.38587999999999,255.528,0,
692,155,960,9023,42,19,875,19,875,2,1,0,1,0,0,33.90475,234.59799999999998,0,
693,199,1207,11782,56,31,1330,31,1330,4,2,0,2,0,0,54.946299999999994,306.332,0,
694,159,1028,9463,60,24,1529,24,1529,7,2,0,2,0,0,44.44149,246.03799999999998,0,
695,89,609,5428,37,12,605,12,605,4,2,0,2,0,0,21.613049999999998,141.128,0,
696,198,1328,10662,141,29,1911,29,1911,5,4,0,4,0,0,53.94191,277.212,0,
697,164,1155,9392,108,33,1547,33,1547,4,2,1,1,0,0,58.99107,244.19199999999998,0,
698,213,1239,10894,67,22,1736,20,1661,9,2,1,1,0,0,39.55490999999999,283.24399999999997,0,
699,216,1107,9763,63,14,901,9,670,5,3,2,1,0,0,19.701279999999997,253.838,0,
700,124,764,7395,31,11,417,11,417,4,4,1,3,0,0,19.287770000000002,192.26999999999998,0,
701,125,830,8095,46,19,890,19,890,4,3,0,3,0,0,33.9619,210.47,0,
702,97,620,6633,23,10,260,10,260,2,1,0,1,0,0,17.0806,172.458,0,
703,110,715,6120,36,14,710,14,710,2,1,0,1,0,0,25.231099999999998,159.12,0,
704,143,889,8425,41,15,894,15,894,4,3,0,3,0,0,27.541140000000002,219.04999999999998,0,
705,188,1073,10561,51,17,962,17,962,8,3,0,3,0,0,31.018219999999996,274.586,0,
706,89,614,6036,24,3,176,3,176,3,2,1,1,0,0,5.49756,156.93599999999998,0,
707,223,1349,12266,81,28,1757,26,1654,5,3,1,2,0,0,49.21527999999999,318.916,0,
708,193,979,9490,40,18,781,18,781,5,2,0,2,0,0,31.937609999999996,246.73999999999998,0,
709,103,667,6683,25,6,299,6,299,3,2,0,2,0,0,10.79319,173.75799999999998,0,
710,104,615,4902,19,4,323,4,323,4,0,0,0,0,0,7.66663,127.452,0,
711,115,783,8153,36,17,655,17,655,3,1,0,1,0,0,29.848549999999996,211.97799999999998,0,
712,107,589,6396,19,4,220,4,220,3,1,0,1,0,0,7.274199999999999,166.296,0,
713,119,838,8013,77,11,919,11,919,7,3,1,2,0,0,21.20039,208.338,0,
714,189,1142,10228,86,20,1545,16,1238,4,2,2,0,0,0,32.73904,265.928,0,
715,110,824,6790,94,14,630,14,630,4,3,1,2,0,0,24.926299999999998,176.54,0,
716,97,639,6109,25,5,182,5,182,2,2,1,1,0,0,8.73842,158.834,0,
717,116,680,6165,28,11,380,11,380,2,0,0,0,0,0,19.146800000000002,160.29,0,
718,85,613,5737,32,10,476,10,476,3,1,0,1,0,0,17.90356,149.162,0,
719,105,605,5163,27,7,382,7,382,4,1,0,1,0,0,12.718419999999998,134.238,0,
720,174,993,9761,40,19,948,19,948,1,0,0,0,0,0,34.18288,253.786,0,
721,115,775,7247,41,17,906,17,906,4,1,0,1,0,0,30.804859999999994,188.422,0,
722,126,604,5358,25,7,370,7,340,4,1,0,1,0,0,12.593799999999998,139.308,0,
723,114,687,6831,27,12,465,12,465,3,3,1,2,0,0,21.079649999999997,177.606,0,
724,125,818,7601,31,12,570,12,570,4,3,0,3,0,0,21.479699999999998,197.626,0,
725,111,689,6107,28,9,367,9,367,3,1,0,1,0,0,15.87927,158.78199999999998,0,
726,89,576,5881,20,7,313,7,313,2,0,0,0,0,0,12.45553,152.906,0,
727,126,786,7128,46,16,695,16,695,4,0,0,0,0,0,28.391949999999998,185.328,0,
728,121,688,7188,24,6,319,6,319,2,1,0,1,0,0,10.86939,186.888,0,
729,149,844,7495,103,15,857,14,806,4,3,1,2,0,0,26.136039999999994,194.87,0,
730,93,654,5965,25,4,210,4,210,3,2,1,1,0,0,7.2360999999999995,155.09,0,
731,207,1105,9813,58,23,1323,23,1323,3,1,0,1,0,0,42.04763,255.13799999999998,0,
732,126,829,8247,50,23,1012,23,1012,3,2,1,1,0,0,40.86272,214.422,0,
733,70,513,5372,18,5,168,5,168,2,1,0,1,0,0,8.68508,139.672,0,
734,178,1099,10528,116,24,1360,23,1276,4,2,0,2,0,0,42.44668,273.728,0,
735,112,786,7476,37,14,582,14,582,2,1,0,1,0,0,24.743419999999997,194.376,0,
736,119,740,6473,45,5,282,5,282,4,3,2,1,0,0,9.119419999999998,168.298,0,
737,102,677,6687,49,6,309,6,309,3,3,2,1,0,0,10.83129,173.862,0,
738,105,748,6382,52,11,549,10,472,3,1,1,0,0,0,18.45818,165.932,0,
739,148,925,9393,46,31,1114,27,908,3,2,1,1,0,0,49.06156,244.218,0,
740,108,724,6644,29,9,670,6,420,3,1,1,0,0,0,12.986199999999998,172.744,0,
741,90,633,6004,59,4,181,4,181,4,2,1,1,0,0,7.125609999999999,156.10399999999998,0,
742,73,518,4560,23,5,221,5,221,3,2,0,2,0,0,8.887009999999998,118.55999999999999,0,
743,94,578,5813,15,4,122,4,122,2,1,0,1,0,0,6.9008199999999995,151.138,0,
744,146,988,7971,125,20,1334,17,1179,5,3,1,2,0,0,33.46489,207.24599999999998,0,
745,219,1048,10067,42,13,680,13,680,4,3,1,2,0,0,23.507799999999996,261.74199999999996,0,
746,77,572,5447,21,5,203,5,203,4,2,1,1,0,0,8.81843,141.62199999999999,0,
747,101,712,6644,72,12,537,12,537,4,3,1,2,0,0,21.35397,172.744,0,
748,175,885,8004,68,11,636,11,636,5,4,2,2,0,0,20.12216,208.10399999999998,0,
749,84,619,5564,29,8,274,8,274,3,2,1,1,0,0,13.915939999999999,144.664,0,
750,102,681,6648,39,13,538,13,538,3,1,0,1,0,0,22.96678,172.84799999999998,0,
751,3000,14035,149193,1261,863,51615,863,51615,1,0,0,0,0,0,1585.22015,3879.018,0,
752,238,1739,14852,114,48,2407,48,2407,8,3,0,3,0,0,86.40267,386.152,0,
753,155,1006,8620,63,27,1363,27,1363,3,0,0,0,0,0,48.63603,224.11999999999998,0,
754,172,1114,10431,62,28,1455,28,1455,4,2,0,2,0,0,50.595549999999996,271.20599999999996,0,
755,147,878,8402,46,25,886,25,886,4,2,0,2,0,0,43.60065999999999,218.452,0,
756,298,1874,15484,168,92,9335,92,9335,6,5,0,5,0,0,183.59435,402.584,0,
757,183,1360,11610,109,26,1451,24,1319,7,5,1,4,0,0,44.75514999999999,301.86,0,
758,309,1888,20741,102,87,2808,87,2808,3,2,1,1,0,0,150.68148,539.266,0,
759,226,1467,13177,102,42,2381,42,2381,8,4,0,4,0,0,76.64960999999998,342.602,0,
760,117,768,6906,35,10,415,10,415,3,2,0,2,0,0,17.671149999999997,179.55599999999998,0,
761,3000,14821,144881,1490,1088,56257,1088,56257,3,1,0,1,0,0,1964.9311699999996,3766.906,0,
762,75,724,5065,36,6,332,5,237,4,2,1,1,0,0,9.539069999999999,131.69,0,
763,65,464,3839,18,2,142,2,142,3,0,0,0,0,0,3.75902,99.814,0,
764,297,1655,16517,98,57,2712,57,2712,6,3,0,3,0,0,102.04571999999999,429.442,0,
765,3000,13398,142480,1078,743,42148,743,42148,4,2,0,2,0,0,1356.07088,3704.48,0,
766,156,1051,8964,80,17,1032,17,1032,6,3,0,3,0,0,31.284919999999996,233.064,0,
767,279,1853,14894,204,44,2954,44,2954,7,3,0,3,0,0,82.05074,387.24399999999997,0,
768,329,1959,19017,111,67,3014,67,3014,4,0,0,0,0,0,119.28634,494.44199999999995,0,
769,175,1198,10607,76,21,1549,20,1498,6,3,1,2,0,0,38.426559999999995,275.782,0,
770,254,1389,14218,80,41,1907,38,1770,6,2,1,1,0,0,69.48436000000001,369.668,0,
771,191,1047,8782,58,16,1042,14,903,5,4,1,3,0,0,27.088449999999998,228.332,0,
772,139,907,8831,50,16,942,16,942,5,2,0,2,0,0,29.333019999999998,229.606,0,
773,136,936,8609,49,17,881,17,881,4,2,0,2,0,0,30.709609999999994,223.834,0,
774,418,2832,27036,195,114,5183,113,5125,8,4,2,2,0,0,201.89068999999998,702.9359999999999,0,
775,465,2882,27527,166,84,5027,84,5027,4,0,0,0,0,0,154.30886999999998,715.702,0,
776,364,2055,20000,128,55,3361,53,3297,6,3,1,2,0,0,98.87208999999999,520,0,
777,3000,13772,143168,1061,739,44605,739,44605,5,4,0,4,0,0,1358.99605,3722.368,0,
778,108,883,6235,48,7,473,7,473,2,1,0,1,0,0,13.06513,162.10999999999999,0,
779,377,2313,21407,151,55,3641,55,3641,11,3,1,2,0,0,102.36720999999999,556.582,0,
780,177,1367,10524,123,23,1654,23,1654,6,2,0,2,0,0,43.30874,273.62399999999997,0,
781,113,775,6196,39,5,564,5,564,6,2,2,0,0,0,10.193839999999998,161.096,0,
782,283,1589,14698,104,21,1950,19,1808,12,5,2,3,0,0,38.58504,382.14799999999997,0,
783,370,2130,20313,131,72,4205,72,4205,5,2,0,2,0,0,131.86905,528.1379999999999,0,
784,126,855,8585,41,16,800,16,668,4,2,1,1,0,0,28.44484,223.20999999999998,0,
785,334,2106,21280,123,72,3441,70,3401,7,3,2,1,0,0,126.59301,553.28,0,
786,3000,14614,148463,1449,1094,64173,1094,64173,0,0,0,0,0,0,2004.7451299999998,3860.038,0,
787,205,1476,13123,104,33,1690,33,1690,7,3,0,3,0,0,59.5359,341.198,0,
788,97,651,6270,31,8,348,8,348,2,1,0,1,0,0,14.19788,163.01999999999998,0,
789,234,1379,12677,86,25,1845,22,1678,7,5,2,3,0,0,43.42524,329.602,0,
790,106,789,7415,37,12,476,12,476,3,2,0,2,0,0,21.12156,192.79,0,
791,79,551,5246,17,2,141,2,141,2,1,0,1,0,0,3.75521,136.396,0,
792,140,904,8973,51,31,1240,31,1240,3,2,0,2,0,0,54.60339999999999,233.298,0,
793,175,1079,11332,40,15,782,15,782,3,1,0,1,0,0,27.11442,294.632,0,
794,372,2196,22740,146,82,3910,82,3910,6,2,0,2,0,0,146.83509999999998,591.24,0,
795,179,1224,10582,70,31,1597,31,1597,5,1,0,1,0,0,55.96357,275.132,0,
796,188,1085,10781,46,22,993,22,993,4,1,0,1,0,0,39.181329999999996,280.306,0,
797,113,824,7566,51,20,909,20,909,4,1,1,0,0,0,35.64329,196.71599999999998,0,
798,219,1447,12788,99,46,2506,46,2506,7,3,0,3,0,0,83.56186,332.488,0,
799,183,990,9442,35,14,674,14,674,3,1,0,1,0,0,25.09394,245.492,0,
800,308,1898,17483,116,58,3406,58,3406,4,1,0,1,0,0,106.29885999999999,454.558,0,
801,413,2792,24695,177,93,4931,93,4892,7,3,0,3,0,0,168.32154,642.0699999999999,0,
802,196,1248,10263,129,26,1378,27,1587,3,2,0,2,0,0,48.76384999999999,266.83799999999997,0,
803,165,1017,8560,67,8,629,8,629,7,3,1,2,0,0,15.26849,222.56,0,
804,113,757,6962,36,5,414,5,414,4,2,0,2,0,0,9.62234,181.012,0,
805,119,782,7525,39,9,483,6,367,3,2,2,0,0,0,12.62615,195.64999999999998,0,
806,179,1096,10854,72,26,1753,24,1686,10,6,1,5,0,0,46.076719999999995,282.204,0,
807,125,892,7912,63,27,1210,27,1210,4,3,0,3,0,0,48.05309999999999,205.712,0,
808,157,1104,9318,107,30,1757,26,1521,4,3,1,2,0,0,49.82348999999999,242.268,0,
809,3000,14882,139940,1552,1067,60148,1065,60083,5,3,2,1,0,0,1943.5359299999998,3638.44,0,
810,433,2513,22709,160,57,3987,55,3846,14,6,2,4,0,0,104.27264,590.434,0,
811,3000,12913,141899,875,497,33740,497,33740,3,2,0,2,0,0,928.2223999999999,3689.374,0,
812,356,2482,22570,164,89,4164,89,4164,5,2,0,2,0,0,159.06584,586.8199999999999,0,
813,186,1111,10091,66,31,1629,31,1629,3,1,0,1,0,0,56.08548999999999,262.366,0,
814,104,792,6668,43,14,662,14,662,4,1,0,1,0,0,25.048219999999997,173.368,0,
815,95,695,6363,40,16,733,16,733,3,3,0,3,0,0,28.53673,165.438,0,
816,186,1260,11658,75,34,1623,32,1561,5,3,2,1,0,0,58.46656999999999,303.108,0,
817,238,1462,13215,78,34,1931,34,1931,7,4,1,3,0,0,62.063109999999995,343.59,0,
818,314,1892,17572,132,40,2425,40,2425,10,5,1,4,0,0,73.59925,456.87199999999996,0,
819,140,927,8535,50,9,680,8,648,8,3,1,2,0,0,15.85764,221.91,0,
820,220,1415,13563,73,46,1890,46,1890,4,1,0,1,0,0,81.21489999999999,352.638,0,
821,450,2756,23624,206,83,6768,81,6695,14,6,2,4,0,0,156.88108999999997,614.2239999999999,0,
822,166,1150,10223,81,30,2444,26,1705,6,3,1,2,0,0,51.118069999999996,265.798,0,
823,83,587,5234,25,6,239,6,239,2,0,0,0,0,0,10.564589999999999,136.084,0,
824,212,1309,12248,68,38,1627,38,1627,2,0,0,0,0,0,67.34087,318.448,0,
825,3000,14514,139095,1577,1038,60628,1038,60628,3,3,0,3,0,0,1901.13468,3616.47,0,
826,3000,13347,144225,1106,740,43599,740,43599,2,2,0,2,0,0,1356.77219,3749.85,0,
827,232,1408,12116,71,27,1939,27,1939,5,1,0,1,0,0,50.83059,315.01599999999996,0,
828,237,1641,13781,196,51,2650,51,2650,9,6,0,6,0,0,92.15549999999999,358.306,0,
829,63,495,3693,23,2,139,2,139,3,0,0,0,0,0,3.7475899999999998,96.018,0,
830,146,874,8476,43,14,554,14,554,3,1,0,1,0,0,24.636739999999996,220.37599999999998,0,
831,3000,17014,140442,4154,1081,567989,1081,567989,7,2,0,2,0,0,3903.3670899999997,3651.4919999999997,0,
832,135,1019,7528,62,8,734,8,734,5,2,0,2,0,0,15.668539999999998,195.72799999999998,0,
833,227,1423,13191,84,35,1666,35,1666,7,3,1,2,0,0,62.662459999999996,342.966,0,
834,278,1904,17165,162,80,3525,80,3525,4,2,1,1,0,0,142.15025,446.28999999999996,0,
835,3000,14445,146021,1395,761,45790,761,45790,6,2,0,2,0,0,1398.9089,3796.546,0,
836,237,1362,11716,64,19,899,19,899,4,3,1,2,0,0,33.99619,304.616,0,
837,151,1047,8891,93,16,905,16,905,4,2,1,1,0,0,29.19205,231.166,0,
838,171,1086,9476,58,10,759,9,656,5,3,2,1,0,0,17.5809,246.37599999999998,0,
839,86,809,5997,65,13,874,7,256,3,2,2,0,0,0,15.841599999999998,155.922,0,
840,437,2550,27185,137,116,4784,116,4784,4,0,0,0,0,0,204.87103999999997,706.81,0,
841,3000,13821,144780,1165,761,45501,761,45501,0,0,0,0,0,0,1397.8078099999998,3764.2799999999997,0,
842,411,2674,24289,201,62,4117,58,3955,9,3,2,1,0,0,110.49771,631.514,0,
843,171,1090,9802,59,16,964,15,891,4,2,2,0,0,0,28.09485,254.85199999999998,0,
844,85,652,6284,25,7,217,7,217,3,2,1,1,0,0,12.08977,163.384,0,
845,450,2858,25710,177,87,5222,87,5222,10,4,0,4,0,0,159.87882,668.4599999999999,0,
846,145,1005,9024,83,21,1019,18,864,4,3,2,1,0,0,33.87374,234.624,0,
847,357,2205,20942,145,54,3350,54,3350,9,6,1,5,0,0,99.6495,544.492,0,
848,165,997,9626,57,30,1386,30,1386,2,1,0,1,0,0,53.55065999999999,250.27599999999998,0,
849,431,2922,25308,190,91,5203,91,5203,7,5,0,5,0,0,166.24242999999998,658.0079999999999,0,
850,399,2559,22985,163,76,4855,75,4741,6,3,1,2,0,0,139.35172999999998,597.61,0,
851,124,771,6951,34,10,373,10,373,2,0,0,0,0,0,17.511129999999998,180.726,0,
852,129,932,7824,49,21,940,21,940,4,1,0,1,0,0,37.3704,203.42399999999998,0,
853,102,682,5419,34,10,422,10,422,4,2,0,2,0,0,17.69782,140.894,0,
854,120,721,7006,18,3,220,3,220,1,0,0,0,0,0,5.6652,182.15599999999998,0,
855,143,890,7995,42,8,596,8,596,6,2,1,1,0,0,15.142759999999999,207.87,0,
856,357,2443,22528,242,85,4137,83,4043,5,3,1,2,0,0,150.01975000000002,585.728,0,
857,3000,14429,158744,1457,1020,57868,1020,57868,1,0,0,0,0,0,1861.6570799999997,4127.344,0,
858,110,889,7345,53,16,644,16,644,3,2,0,2,0,0,28.197639999999996,190.97,0,
859,161,1162,10119,81,29,1317,27,1263,4,2,1,1,0,0,49.27674999999999,263.094,0,
860,239,1517,13177,90,28,2118,26,2004,9,4,1,3,0,0,50.56175999999999,342.602,0,
861,214,1448,13778,100,36,1782,36,1782,7,3,1,2,0,0,64.71342,358.228,0,
862,127,908,7024,53,19,1049,19,1049,5,1,0,1,0,0,34.56769,182.624,0,
863,212,1427,13142,80,29,2066,29,2066,7,3,0,3,0,0,54.53245999999999,341.692,0,
864,179,1149,11430,62,22,1162,22,1162,6,2,0,2,0,0,39.82522,297.18,0,
865,144,861,8781,36,13,596,13,596,4,1,0,1,0,0,23.187759999999997,228.30599999999998,0,
866,144,944,8471,49,21,982,19,901,6,3,1,2,0,0,35.05739,220.24599999999998,0,
867,3000,12782,142827,893,575,34772,575,34772,2,0,0,0,0,0,1057.6563199999998,3713.502,0,
868,137,1103,7813,53,19,798,19,798,3,2,0,2,0,0,33.61138,203.13799999999998,0,
869,111,857,6885,59,16,793,16,793,5,3,2,1,0,0,28.76533,179.01,0,
870,330,2077,19344,119,53,3451,50,3313,7,3,1,2,0,0,94.67236999999999,502.94399999999996,0,
871,208,1425,12575,113,28,2226,27,2138,6,1,1,0,0,0,52.17162,326.95,0,
872,339,2167,20351,151,78,3801,78,3801,6,4,0,4,0,0,139.98381,529.126,0,
873,407,2476,23018,210,117,6480,117,6480,4,1,0,1,0,0,212.9418,598.468,0,
874,219,1437,13388,77,39,2040,39,2040,4,4,0,4,0,0,70.5234,348.08799999999997,0,
875,146,943,9074,60,22,1191,22,1191,6,3,0,3,0,0,39.93571000000001,235.92399999999998,0,
876,209,1343,11516,83,37,2137,30,1676,5,2,1,1,0,0,58.55254,299.416,0,
877,446,2780,24768,195,98,5935,98,5935,10,4,0,4,0,0,180.29434999999998,643.968,0,
878,175,1188,10880,58,22,1143,22,1143,4,3,1,2,0,0,39.75283,282.88,0,
879,308,1938,17682,112,32,3051,32,3051,11,5,0,5,0,0,63.112309999999994,459.73199999999997,0,
880,414,2171,19755,112,44,2486,40,2369,8,3,2,1,0,0,75.43995,513.63,0,
881,152,989,9861,51,30,1102,30,1102,4,2,1,1,0,0,52.468619999999994,256.38599999999997,0,
882,271,1568,15955,95,35,2252,32,2040,8,5,3,2,0,0,60.947559999999996,414.83,0,
883,352,1807,18272,91,52,2066,52,2066,5,2,0,2,0,0,91.53945999999999,475.072,0,
884,112,730,6571,36,11,358,9,302,3,2,1,1,0,0,16.6557,170.846,0,
885,97,680,6590,28,6,333,6,333,4,2,1,1,0,0,10.92273,171.34,0,
886,123,790,7702,55,6,421,6,421,4,3,2,1,0,0,11.258009999999999,200.25199999999998,0,
887,84,681,5798,58,3,216,3,216,4,3,2,1,0,0,5.64996,150.748,0,
888,194,1339,11448,88,26,1598,26,1598,8,2,0,2,0,0,47.92238,297.64799999999997,0,
889,99,603,4822,25,3,202,3,202,3,1,0,1,0,0,5.59662,125.372,0,
890,140,816,7424,35,11,451,11,451,4,4,1,3,0,0,19.41731,193.024,0,
891,108,756,6685,37,18,715,18,715,5,1,0,1,0,0,31.686149999999994,173.81,0,
892,202,1211,11852,89,22,1392,21,1328,7,5,2,3,0,0,39.4032,308.152,0,
893,172,1050,9696,74,12,952,11,877,5,4,3,1,0,0,21.60787,252.09599999999998,0,
894,102,698,6220,29,8,331,8,331,3,0,0,0,0,0,14.13311,161.72,0,
895,134,808,7750,30,6,442,6,442,5,1,0,1,0,0,11.338019999999998,201.5,0,
896,424,2616,24334,190,77,4347,74,4123,12,8,3,5,0,0,136.47594999999998,632.684,0,
897,244,1670,13970,152,36,2633,34,2426,9,4,2,2,0,0,65.15132,363.21999999999997,0,
898,198,1311,10969,81,40,2065,40,2065,4,1,0,1,0,0,72.22764999999998,285.19399999999996,0,
899,146,907,8346,41,12,738,11,628,5,3,1,2,0,0,20.70048,216.99599999999998,0,
900,3000,15523,146194,1619,765,45942,764,45831,4,2,1,1,0,0,1404.50209,3801.044,0,
901,271,1888,16485,121,53,2611,53,2568,6,3,0,3,0,0,95.11182,428.60999999999996,0,
902,503,2888,26963,159,64,4514,64,4514,10,4,0,4,0,0,120.17433999999999,701.038,0,
903,80,606,4690,16,3,127,3,127,3,0,0,0,0,0,5.3108699999999995,121.94,0,
904,289,1798,16256,111,59,2659,59,2659,5,3,0,3,0,0,105.06178999999999,422.656,0,
905,162,1181,10881,74,22,1459,21,1395,6,2,1,1,0,0,39.658469999999994,282.906,0,
906,117,874,7027,43,14,768,14,768,2,0,0,0,0,0,25.45208,182.702,0,
907,3000,15280,140149,1829,1058,58383,1058,58383,6,5,0,5,0,0,1924.76123,3643.874,0,
908,188,1490,11751,108,30,1878,27,1643,5,3,1,2,0,0,51.41713,305.526,0,
909,3000,14006,154411,1325,950,49050,950,49050,3,1,0,1,0,0,1715.4305000000002,4014.6859999999997,0,
910,226,1478,12254,124,29,1662,29,1595,6,3,0,3,0,0,52.817009999999996,318.604,0,
911,126,852,7887,43,15,761,15,761,2,2,0,2,0,0,27.034409999999998,205.06199999999998,0,
912,228,1340,12806,72,35,1755,35,1755,9,3,0,3,0,0,63.00155,332.95599999999996,0,
913,298,1867,17032,147,51,4331,49,4236,9,4,2,2,0,0,96.05026000000001,442.832,0,
914,3000,12245,144228,883,515,35474,515,35474,3,0,0,0,0,0,963.79094,3749.928,0,
915,122,814,6611,46,10,506,8,425,5,2,1,1,0,0,15.544830000000001,171.886,0,
916,176,1314,10295,177,17,1359,16,1286,4,2,1,1,0,0,31.208799999999997,267.67,0,
917,312,1993,18066,116,56,3305,56,3305,6,3,1,2,0,0,102.69604999999999,469.71599999999995,0,
918,195,1104,10126,77,16,854,14,796,4,3,2,1,0,0,26.5852,263.276,0,
919,332,2084,19925,121,71,3267,71,3267,5,4,0,4,0,0,126.68626999999998,518.05,0,
920,283,1832,17619,102,57,2842,57,2842,3,1,0,1,0,0,102.54101999999999,458.094,0,
921,139,863,7421,48,15,839,15,839,4,2,0,2,0,0,27.33159,192.946,0,
922,3000,13479,145155,1189,732,40873,732,40873,2,1,0,1,0,0,1333.5141299999998,3774.0299999999997,0,
923,183,1357,10100,127,41,2633,40,2196,5,5,1,4,0,0,73.72142,262.59999999999997,0,
924,177,1251,11180,107,32,1846,28,1443,4,2,1,1,0,0,52.94137,290.68,0,
925,480,2803,30789,180,137,5249,135,4961,6,3,1,2,0,0,237.41424999999995,800.514,0,
926,200,1260,10649,60,20,1285,20,1285,6,2,0,2,0,0,37.075849999999996,276.87399999999997,0,
927,207,1441,14586,111,45,2134,44,2088,5,3,1,2,0,0,79.28456,379.236,0,
928,3000,13802,158290,1145,1023,57101,1023,57101,0,0,0,0,0,0,1863.5618099999997,4115.54,0,
929,133,987,7382,45,14,706,14,706,5,3,0,3,0,0,25.21586,191.932,0,
930,249,1861,15024,183,56,2811,56,2811,5,4,0,4,0,0,100.81390999999999,390.62399999999997,0,
931,292,1872,16959,117,48,2824,48,2824,5,2,0,2,0,0,87.99144,440.93399999999997,0,
932,3000,13622,143012,1115,692,39692,692,39692,4,1,0,1,0,0,1264.6545199999998,3718.312,0,
933,191,1323,11473,119,33,1770,33,1770,4,1,0,1,0,0,59.84069999999999,298.298,0,
934,87,686,5508,67,5,261,4,218,3,3,2,1,0,0,7.79632,143.208,0,
935,212,1386,12872,103,16,1387,15,1338,9,3,2,1,0,0,29.7696,334.67199999999997,0,
936,96,711,6363,47,16,713,16,713,4,2,0,2,0,0,28.46053,165.438,0,
937,253,1619,14707,143,55,2349,55,2349,4,2,0,2,0,0,97.44469,382.382,0,
938,194,1290,10548,99,24,1774,23,1609,8,4,1,3,0,0,43.81099,274.248,0,
939,260,1733,15359,116,57,3145,55,3037,7,3,1,2,0,0,101.15140999999998,399.334,0,
940,162,1103,9385,67,28,1517,28,1517,4,2,0,2,0,0,50.83177,244.01,0,
941,210,1220,10889,64,17,1188,17,1188,5,2,1,1,0,0,31.879279999999994,283.114,0,
942,125,819,8048,38,18,716,18,716,2,1,0,1,0,0,31.689959999999996,209.248,0,
943,133,922,8194,57,19,1204,19,1204,4,3,1,2,0,0,35.15824,213.04399999999998,0,
944,123,2046,6667,1134,6,430,6,430,3,2,1,1,0,0,11.2923,173.34199999999998,2,limit
945,88,657,5969,31,4,153,4,153,3,1,0,1,0,0,7.018929999999999,155.194,0,
946,3000,13555,161279,1037,1063,45664,1063,45664,0,0,0,0,0,0,1884.3468399999997,4193.254,0,
947,312,2097,18051,131,53,3156,53,3156,7,1,0,1,0,0,97.30136,469.32599999999996,0,
948,289,1904,17298,109,60,3388,60,3231,6,2,0,2,0,0,109.03536999999999,449.748,0,
949,3000,13894,149825,1137,881,48584,881,48584,0,0,0,0,0,0,1602.63404,3895.45,0,
950,102,828,6370,38,8,423,8,423,4,1,1,0,0,0,14.483629999999998,165.62,0,
951,123,832,6995,35,11,415,11,415,3,1,0,1,0,0,19.28015,181.87,0,
952,122,823,7576,80,11,490,11,490,5,2,1,1,0,0,19.5659,196.976,0,
953,446,2732,26506,179,87,4752,87,4752,7,3,0,3,0,0,158.08811999999998,689.156,0,
954,86,622,5808,19,3,145,3,145,2,1,0,1,0,0,5.379449999999999,151.00799999999998,0,
955,179,1125,9617,89,20,1218,20,1218,6,3,1,2,0,0,36.82057999999999,250.042,0,
956,214,1330,11268,100,34,1661,31,1326,4,2,2,0,0,0,56.76335999999999,292.96799999999996,0,
957,228,1367,12406,92,36,1599,36,1599,6,6,1,5,0,0,64.01619,322.556,0,
958,159,938,8690,55,16,922,15,798,5,5,2,3,0,0,27.8007,225.94,0,
959,288,1713,16641,95,53,2215,53,2215,8,1,0,1,0,0,93.71615,432.666,0,
960,315,1896,17678,118,48,2961,46,2809,8,3,2,1,0,0,85.85365,459.628,0,
961,105,761,6151,38,17,665,17,665,4,1,0,1,0,0,29.886649999999996,159.926,0,
962,118,836,7855,54,14,1048,14,1048,6,4,0,4,0,0,26.518879999999996,204.23,0,
963,223,1174,11291,69,14,876,12,727,7,4,2,2,0,0,23.211689999999997,293.566,0,
964,3000,13211,147053,1276,831,48266,831,48266,1,1,0,1,0,0,1520.9724599999997,3823.3779999999997,0,
965,104,794,6793,37,10,454,10,454,4,1,0,1,0,0,17.819740000000003,176.618,0,
966,94,790,6382,40,11,435,11,435,2,1,0,1,0,0,19.35635,165.932,0,
967,216,1575,12533,163,31,2023,37,2255,7,3,1,2,0,0,64.97679,325.858,0,
968,125,911,8452,42,24,791,22,723,3,2,1,1,0,0,39.19087,219.75199999999998,0,
969,154,865,8957,41,10,653,10,653,4,2,1,1,0,0,18.577930000000002,232.88199999999998,0,
970,231,1534,14253,121,36,2642,33,2474,9,6,3,3,0,0,64.15818,370.578,0,
971,280,1863,18518,107,72,2861,72,2861,6,3,0,3,0,0,126.74840999999998,481.46799999999996,0,
972,3000,14903,157973,1246,1042,42150,1042,42150,1,1,0,1,0,0,1837.1694999999997,4107.298,0,
973,352,2538,21890,177,66,3751,64,3622,7,4,1,3,0,0,117.88603999999998,569.14,0,
974,242,1510,14126,95,36,2342,36,2342,7,1,0,1,0,0,66.84701999999999,367.276,0,
975,240,1363,14510,74,34,1671,34,1671,8,4,0,4,0,0,61.072509999999994,377.26,0,
976,153,1088,8501,124,17,1322,17,1322,6,4,0,4,0,0,32.38982,221.02599999999998,0,
977,376,2422,22967,168,84,4618,79,4328,8,4,3,1,0,0,146.33788,597.1419999999999,0,
978,177,1168,10308,63,18,1109,16,994,4,3,2,1,0,0,30.624839999999995,268.008,0,
979,176,1203,10007,76,23,1535,23,1535,10,4,1,3,0,0,42.855349999999994,260.182,0,
980,303,1882,16566,157,73,5091,70,4677,9,4,1,3,0,0,132.37489,430.716,0,
981,197,1244,11012,73,32,1655,32,1655,7,4,0,4,0,0,57.793549999999996,286.312,0,
982,3000,14224,159508,1088,1053,44506,1053,44506,0,0,0,0,0,0,1863.84486,4147.208,0,
983,240,1593,13535,126,60,3473,60,3473,3,2,0,2,0,0,109.77212999999999,351.90999999999997,0,
984,113,771,7056,41,16,574,16,574,3,1,0,1,0,0,27.93094,183.456,0,
985,120,943,7281,125,17,1251,16,1136,5,4,1,3,0,0,30.68686,189.30599999999998,0,
986,151,1115,10396,60,22,1195,22,1195,4,2,0,2,0,0,39.95095,270.296,0,
987,3000,14090,164567,1010,1024,39936,1024,39936,2,0,0,0,0,0,1799.77216,4278.742,0,
988,3000,14478,153678,1189,947,57891,947,57891,1,0,0,0,0,0,1744.28771,3995.6279999999997,0,
989,160,1301,10237,109,18,1057,16,971,5,4,2,2,0,0,30.502989999999997,266.162,0,
990,125,760,7087,31,7,335,7,335,3,2,1,1,0,0,12.539349999999999,184.262,0,
991,3000,14784,145245,1646,1074,55758,1071,55637,5,2,2,0,0,0,1936.7957499999998,3776.37,0,
992,360,2416,21570,167,85,4212,82,4111,6,2,1,1,0,0,149.15708999999998,560.8199999999999,0,
993,147,993,8799,61,24,1235,24,1235,2,1,0,1,0,0,43.321349999999995,228.774,0,
994,3000,14449,151754,1273,1025,57214,1025,57214,1,1,0,1,0,0,1867.21034,3945.604,0,
995,102,782,6985,73,8,437,8,314,3,3,2,1,0,0,14.213479999999999,181.60999999999999,0,
996,129,896,7456,87,15,645,14,608,4,2,1,1,0,0,25.365139999999997,193.856,0,
997,3000,12081,141553,876,569,36937,569,36937,3,2,0,2,0,0,1056.2509699999998,3680.3779999999997,0,
998,118,967,7056,54,15,938,15,938,2,0,0,0,0,0,27.70878,183.456,0,
999,266,1613,15888,95,24,1934,24,1934,8,5,1,4,0,0,45.98453999999999,413.08799999999997,0,
1000,294,1904,18225,134,56,3383,52,3140,8,5,2,3,0,0,97.83413999999999,473.84999999999997,0,
1001,109,759,6973,38,18,713,18,713,2,1,0,1,0,0,31.67853,181.298,0,
1002,136,887,8765,37,16,724,16,724,2,1,0,1,0,0,28.502439999999996,227.89,0,
1003,84,587,6510,24,8,275,6,195,3,2,1,1,0,0,11.449349999999999,169.26,0,
1004,137,987,9030,51,28,1279,28,1279,2,2,0,2,0,0,49.924989999999994,234.78,0,
1005,101,745,6585,42,14,622,14,622,3,1,0,1,0,0,24.89582,171.20999999999998,0,
1006,157,971,10467,49,26,1080,26,1080,2,1,0,1,0,0,45.9488,272.142,0,
1007,99,754,6462,112,13,536,13,536,2,2,0,2,0,0,22.959159999999997,168.012,0,
1008,186,1199,11655,90,19,1295,17,1218,6,3,2,1,0,0,33.04243999999999,303.03,0,
1009,276,1577,15684,82,37,1639,35,1547,7,4,1,3,0,0,63.27563,407.784,0,
1010,85,639,4945,33,7,462,7,462,2,1,0,1,0,0,13.023219999999998,128.57,0,
1011,229,1359,12793,66,27,1490,23,1227,3,2,2,0,0,0,43.90821,332.618,0,
1012,80,537,4731,27,5,247,5,247,2,1,0,1,0,0,8.986069999999998,123.006,0,
1013,97,694,6724,34,14,353,14,353,1,1,0,1,0,0,23.870929999999998,174.82399999999998,0,
1014,101,708,7177,35,11,422,11,422,4,4,2,2,0,0,19.306820000000002,186.602,0,
1015,68,511,4464,19,2,164,2,164,2,0,0,0,0,0,3.8428399999999994,116.064,0,
1016,92,666,5761,50,8,522,6,316,2,1,1,0,0,0,12.05904,149.786,0,
1017,100,678,5555,31,8,502,8,502,3,0,0,0,0,0,14.784619999999999,144.43,0,
1018,154,928,9126,57,23,1121,22,1069,4,2,1,1,0,0,40.01125,237.27599999999998,0,
1019,163,1042,9662,52,10,920,10,920,5,3,1,2,0,0,19.5952,251.212,0,
1020,134,845,7453,38,12,585,12,585,3,1,0,1,0,0,21.536849999999998,193.778,0,
1021,180,1095,10519,60,25,1273,22,1150,5,3,2,1,0,0,41.361639999999994,273.49399999999997,0,
1022,193,1151,10999,52,14,1051,14,1051,5,2,0,2,0,0,26.53031,285.974,0,
1023,181,1210,11032,76,29,1632,29,1632,5,2,0,2,0,0,52.87892,286.832,0,
1024,97,655,6688,34,10,339,10,339,3,2,1,1,0,0,17.381590000000003,173.888,0,
1025,97,678,5429,34,7,399,7,399,2,1,0,1,0,0,12.783189999999998,141.154,0,
1026,154,1064,9435,101,24,1261,22,1130,3,2,2,0,0,0,40.81588,245.31,0,
1027,139,930,8044,54,27,1269,27,1269,3,1,0,1,0,0,48.27789,209.14399999999998,0,
1028,123,750,7520,33,12,370,12,370,2,2,1,1,0,0,20.717699999999997,195.51999999999998,0,
1029,218,1392,13114,104,33,2060,28,1682,5,2,2,0,0,0,54.30145999999999,340.964,0,
1030,139,931,8535,51,18,884,18,884,3,2,0,2,0,0,32.33004,221.91,0,
1031,159,1121,10174,71,35,1771,35,1771,2,1,0,1,0,0,63.06251,264.524,0,
1032,161,1051,10212,60,28,1202,28,1202,2,0,0,0,0,0,49.63162,265.512,0,
1033,156,861,8164,42,14,603,13,565,5,3,1,2,0,0,23.593489999999996,212.26399999999998,0,
1034,133,784,7309,48,5,275,5,275,3,2,1,1,0,0,9.092749999999999,190.034,0,
1035,118,817,7287,44,15,894,15,894,3,1,0,1,0,0,27.541140000000002,189.462,0,
1036,152,1021,9775,52,30,1039,30,1039,2,1,0,1,0,0,52.228590000000004,254.14999999999998,0,
1037,303,1827,18705,120,59,3500,58,3391,10,5,1,4,0,0,106.84932999999998,486.33,0,
1038,105,680,6091,32,10,479,10,479,3,1,0,1,0,0,17.91499,158.36599999999999,0,
1039,151,965,9600,60,23,1043,19,783,4,3,1,2,0,0,35.777029999999996,249.6,0,
1040,170,993,9927,55,29,1141,27,1101,4,3,1,2,0,0,48.64301,258.102,0,
1041,328,1883,17573,115,39,2596,37,2499,9,5,1,4,0,0,70.12665,456.89799999999997,0,
1042,113,770,7095,29,8,463,8,463,2,0,0,0,0,0,14.636029999999998,184.47,0,
1043,198,1322,11968,76,28,1702,26,1671,4,1,0,1,0,1,49.19509,311.168,0,
1044,112,760,7910,33,13,696,13,696,4,3,1,2,0,0,23.568759999999997,205.66,0,
1045,65,476,4202,17,2,159,2,159,2,0,0,0,0,0,3.82379,109.252,0,
1046,104,691,6329,36,9,422,9,422,4,1,0,1,0,0,16.08882,164.554,0,
1047,184,1207,11370,68,33,1746,33,1746,2,2,0,2,0,0,59.74926,295.62,0,
1048,119,787,7649,32,10,472,10,472,2,2,0,2,0,0,17.88832,198.874,0,
1049,284,1372,13614,66,37,1958,37,1958,4,3,0,3,0,0,66.99297999999999,353.964,0,
1050,183,1080,11667,52,34,1309,34,1309,1,0,0,0,0,0,59.69328999999999,303.342,0,
1051,110,704,7119,33,10,588,10,588,4,2,0,2,0,0,18.33028,185.094,0,
1052,130,843,7600,37,13,648,13,648,2,1,0,1,0,0,23.385879999999997,197.6,0,
1053,290,1733,15529,128,39,3545,38,3359,12,4,2,2,0,0,74.63827,403.75399999999996,0,
1054,204,1259,11687,79,19,1280,18,1235,7,4,1,3,0,0,34.19945,303.86199999999997,0,
1055,127,834,8561,32,16,577,16,577,0,0,0,0,0,0,27.94237,222.58599999999998,0,
1056,294,1705,16137,87,29,2301,29,2301,9,6,1,5,0,0,55.42781,419.56199999999995,0,
1057,293,1526,15519,114,26,2254,26,2254,8,5,2,3,0,0,50.42174,403.49399999999997,0,
1058,281,1755,16405,136,49,3644,49,3580,10,4,1,3,0,0,92.55632,426.53,0,
1059,157,931,9011,52,15,813,13,711,4,2,2,0,0,0,24.704269999999998,234.286,0,
1060,94,694,6097,31,8,270,8,270,2,2,1,1,0,0,13.9007,158.522,0,
1061,161,1006,9786,60,25,1397,24,1346,5,2,1,1,0,0,44.28344,254.43599999999998,0,
1062,195,988,9846,59,12,669,12,539,4,2,1,1,0,0,21.51499,255.99599999999998,0,
1063,224,1374,13499,70,34,1754,34,1754,2,1,0,1,0,0,61.38873999999999,350.974,0,
1064,97,688,5876,46,6,250,6,250,3,2,1,1,0,0,10.606499999999999,152.77599999999998,0,
1065,108,759,6858,37,13,611,13,611,4,2,0,2,0,0,23.244909999999997,178.308,0,
1066,108,649,6166,25,6,296,4,243,3,1,1,0,0,0,8.38237,160.316,0,
1067,128,807,7715,34,19,535,19,535,2,0,0,0,0,0,32.60935,200.59,0,
1068,96,645,6304,24,8,288,8,288,1,1,0,1,0,0,13.96928,163.904,0,
1069,223,1458,13508,89,49,2218,49,2218,4,1,0,1,0,0,87.29157999999998,351.20799999999997,0,
1070,275,1590,15254,114,37,4513,37,4513,10,3,0,3,0,0,76.72753,396.604,0,
1071,174,1154,11287,65,34,1445,34,1445,4,1,0,1,0,0,60.21144999999999,293.462,0,
1072,142,833,7319,44,20,975,20,899,2,1,0,1,0,0,35.69487,190.29399999999998,0,
1073,170,1090,10417,43,16,1077,16,1077,4,1,0,1,0,0,29.847369999999998,270.842,0,
1074,141,900,8519,46,16,750,16,750,3,1,0,1,0,0,28.601499999999998,221.494,0,
1075,204,1130,11170,58,25,1193,23,1106,1,1,1,0,0,0,42.28152,290.41999999999996,0,
1076,116,829,7919,36,11,838,11,838,4,2,0,2,0,0,20.89178,205.89399999999998,0,
1077,196,1291,13083,68,34,1434,34,1434,6,1,0,1,0,0,60.16953999999999,340.15799999999996,0,
1078,157,1025,10086,44,24,1261,24,1261,2,1,0,1,0,0,43.42040999999999,262.236,0,
1079,129,852,8496,33,14,700,14,700,4,1,0,1,0,0,25.192999999999998,220.896,0,
1080,212,1285,12445,52,30,1095,30,1095,3,1,0,1,0,0,52.44195,323.57,0,
1081,117,797,6845,66,10,385,10,385,3,2,1,1,0,0,17.55685,177.97,0,
1082,95,674,6609,27,9,466,9,466,1,0,0,0,0,0,16.256459999999997,171.834,0,
1083,149,971,9339,61,34,1779,34,1779,2,1,0,1,0,0,61.48398999999999,242.814,0,
1084,197,1293,12098,85,42,2195,42,2195,3,2,0,2,0,0,75.94095,314.548,0,
1085,135,825,8521,40,13,802,13,802,3,1,0,1,0,0,23.972619999999996,221.546,0,
1086,128,790,7526,34,12,507,12,507,2,1,0,1,0,0,21.239669999999997,195.676,0,
1087,240,1433,14085,58,24,1658,24,1658,4,3,0,3,0,0,44.93298,366.21,0,
1088,238,1552,14314,91,48,2206,48,2206,5,2,0,2,0,0,85.63685999999998,372.164,0,
1089,99,730,6830,30,15,384,15,384,2,1,0,1,0,0,25.59804,177.57999999999998,0,
1090,185,1094,10376,54,23,1137,23,1137,3,0,0,0,0,0,41.338969999999996,269.776,0,
1091,90,585,5093,14,4,133,4,133,2,0,0,0,0,0,6.942729999999999,132.418,0,
1092,147,876,7927,30,5,493,5,493,4,1,0,1,0,0,9.92333,206.102,0,
1093,102,690,5718,54,6,397,5,338,3,1,1,0,0,0,9.8814,148.668,0,
1094,191,936,9586,34,14,614,14,614,2,0,0,0,0,0,24.865339999999996,249.236,0,
1095,118,812,7519,61,18,722,15,503,2,2,2,0,0,0,27.746850000000002,195.494,0,
1096,147,873,8466,50,23,894,23,894,1,1,0,1,0,0,40.41314,220.11599999999999,0,
1097,174,1139,10635,52,29,1316,29,1316,2,1,0,1,0,0,51.67496,276.51,0,
1098,85,590,5815,27,9,417,7,297,3,2,1,1,0,0,13.494169999999999,151.19,0,
1099,158,971,10175,47,25,1002,25,1002,2,2,0,2,0,0,44.04262,264.55,0,
1100,274,1609,15552,85,32,1940,32,1940,10,5,1,4,0,0,58.87939999999999,404.352,0,
1101,274,1685,16447,93,29,2492,22,2106,12,7,3,4,0,0,47.23034,427.62199999999996,0,
1102,103,653,5934,20,5,146,5,146,2,1,0,1,0,0,8.601259999999998,154.284,0,
1103,95,675,6498,24,10,334,10,334,2,1,0,1,0,0,17.362539999999996,168.94799999999998,0,
1104,125,842,8630,37,16,860,16,860,6,6,2,4,0,0,29.020599999999998,224.38,0,
1105,123,769,6737,30,9,464,9,464,3,0,0,0,0,0,16.248839999999998,175.162,0,
1106,108,770,7138,72,13,562,13,562,4,3,1,2,0,0,23.05822,185.588,0,
1107,83,551,4993,24,7,413,7,311,2,2,0,2,0,0,12.56827,129.81799999999998,0,
1108,105,677,5990,30,7,477,7,477,3,0,0,0,0,0,13.080369999999998,155.73999999999998,0,
1109,130,902,8805,51,23,863,21,823,4,4,1,3,0,0,37.929829999999995,228.92999999999998,0,
1110,83,585,4996,22,6,269,6,269,2,0,0,0,0,0,10.678889999999999,129.896,0,
1111,97,643,6180,26,7,287,7,287,2,1,0,1,0,0,12.356469999999998,160.68,0,
1112,198,1227,10742,63,16,1574,16,1574,6,1,0,1,0,0,31.74094,279.292,0,
1113,127,797,7630,37,12,605,12,605,3,1,0,1,0,0,21.613049999999998,198.38,0,
1114,198,1270,13157,58,35,1276,35,1276,4,2,0,2,0,0,61.176559999999995,342.082,0,
1115,254,1565,14434,99,36,2201,34,2111,6,4,2,2,0,0,63.813109999999995,375.284,0,
1116,84,551,5499,15,2,93,2,93,2,1,0,1,0,0,3.5723299999999996,142.974,0,
1117,69,510,4802,14,2,93,2,93,2,1,0,1,0,0,3.5723299999999996,124.85199999999999,0,
1118,144,993,9549,43,20,904,18,859,2,1,1,0,0,0,33.245889999999996,248.274,0,
1119,143,970,9133,51,22,1037,22,1037,4,1,0,1,0,0,39.34897,237.458,0,
1120,181,1124,11146,59,24,1108,23,1045,3,2,1,1,0,0,41.54179,289.796,0,
1121,157,938,9068,33,8,611,8,611,3,0,0,0,0,0,15.19991,235.768,0,
1122,139,885,8712,48,22,905,22,905,3,3,0,3,0,0,38.84605,226.512,0,
1123,146,966,9378,50,18,1053,18,1053,5,3,1,2,0,0,32.973929999999996,243.828,0,
1124,104,725,6737,68,14,438,14,438,3,2,1,1,0,0,24.194779999999998,175.162,0,
1125,133,921,8427,54,24,1203,24,1203,2,0,0,0,0,0,43.19943,219.102,0,
1126,204,1153,12530,68,24,1591,24,1591,3,3,0,3,0,0,44.67771,325.78,0,
1127,109,752,6635,37,13,598,13,598,1,0,0,0,0,0,23.195379999999997,172.51,0,
1128,204,1213,12440,57,21,1121,21,1121,3,3,1,2,0,0,38.06001,323.44,0,
1129,116,781,7606,33,12,370,12,370,1,1,0,1,0,0,20.717699999999997,197.756,0,
1130,61,497,4502,18,4,191,4,191,3,1,0,1,0,0,7.163709999999999,117.05199999999999,0,
1131,118,643,6574,20,5,221,5,221,1,1,0,1,0,0,8.887009999999998,170.92399999999998,0,
1132,165,806,8417,42,5,232,5,232,2,2,1,1,0,0,8.92892,218.84199999999998,0,
1133,99,602,5487,45,8,361,6,243,2,1,1,0,0,0,11.677069999999999,142.662,0,
1134,122,956,7406,130,24,1155,24,1155,3,2,0,2,0,0,43.016549999999995,192.55599999999998,0,
1135,99,712,6072,38,7,367,7,367,4,1,0,1,0,0,12.66127,157.87199999999999,0,
1136,130,832,7363,42,13,713,13,713,5,1,0,1,0,0,23.633529999999997,191.438,0,
1137,83,610,5984,26,8,351,8,351,3,3,1,2,0,0,14.209309999999999,155.584,0,
1138,108,669,6651,35,10,373,8,321,2,1,1,0,0,0,15.11437,172.926,0,
1139,126,812,7987,44,17,790,17,790,4,1,0,1,0,0,30.362899999999996,207.66199999999998,0,
1140,122,698,6792,29,9,295,9,295,2,1,0,1,0,0,15.604949999999997,176.59199999999998,0,
1141,125,877,7670,42,14,947,14,947,4,1,0,1,0,0,26.134069999999998,199.42,0,
1142,209,1255,12210,71,30,1650,30,1591,5,2,0,2,0,0,54.40133,317.46,0,
1143,136,895,8288,38,17,674,17,674,2,1,0,1,0,0,29.920939999999998,215.488,0,
1144,142,792,7971,34,11,577,11,577,3,2,0,2,0,0,19.897370000000002,207.24599999999998,0,
1145,124,757,7587,27,8,371,8,371,3,2,0,2,0,0,14.28551,197.262,0,
1146,203,1083,10718,40,19,903,19,903,1,1,0,1,0,0,34.01143,278.668,0,
1147,108,764,6726,82,15,433,15,433,1,1,0,1,0,0,25.78473,174.876,0,
1148,147,986,10035,54,29,1002,29,1002,3,2,0,2,0,0,50.47862,260.90999999999997,0,
1149,107,688,5974,33,8,620,8,620,2,1,0,1,0,0,15.2342,155.32399999999998,0,
1150,101,671,6546,32,17,637,17,637,2,1,0,1,0,0,29.779969999999995,170.196,0,
1151,169,1098,10156,84,19,1170,17,979,5,5,3,2,0,0,32.266369999999995,264.056,0,
1152,122,797,8173,32,15,812,15,812,4,3,0,3,0,0,27.228719999999996,212.498,0,
1153,121,868,8176,80,15,650,13,573,4,4,3,1,0,0,24.148989999999998,212.576,0,
1154,185,1075,9868,48,8,877,8,877,6,1,0,1,0,0,16.213369999999998,256.568,0,
1155,143,922,9616,41,25,907,25,907,2,2,1,1,0,0,43.68067,250.016,0,
1156,150,988,9250,46,24,942,24,942,2,1,0,1,0,0,42.20502,240.5,0,
1157,229,1275,12116,76,21,1779,20,1751,7,3,1,2,0,0,39.36335,315.01599999999996,0,
1158,203,1346,14121,76,47,1492,45,1441,3,3,2,1,0,0,78.91338999999999,367.14599999999996,0,
1159,114,725,6296,38,15,547,15,547,4,1,0,1,0,0,26.21907,163.696,0,
1160,82,567,5571,23,6,380,6,380,3,1,0,1,0,0,11.101799999999999,144.846,0,
1161,82,577,5398,24,6,259,6,259,3,1,0,1,0,0,10.640789999999999,140.34799999999998,0,
1162,107,680,6145,39,10,485,9,447,5,1,1,0,0,0,16.70791,159.76999999999998,0,
1163,174,1185,11066,76,39,1739,39,1739,3,2,0,2,0,0,69.37659,287.716,0,
1164,66,499,4220,19,4,176,4,176,3,0,0,0,0,0,7.10656,109.72,0,
1165,260,1304,14002,78,27,1652,23,1516,5,4,2,2,0,0,44.85944,364.05199999999996,0,
1166,158,1073,9497,51,31,1505,31,1505,2,0,0,0,0,0,55.61305,246.922,0,
1167,131,915,8524,42,18,987,18,987,3,2,0,2,0,0,32.722469999999994,221.624,0,
1168,159,1017,9875,41,19,867,19,867,4,2,0,2,0,0,33.874269999999996,256.75,0,
1169,144,895,8770,44,24,885,24,885,2,1,0,1,0,0,41.987849999999995,228.01999999999998,0,
1170,80,530,4990,15,4,129,4,129,1,0,0,0,0,0,6.92749,129.73999999999998,0,
1171,163,713,7525,16,5,136,5,136,1,1,0,1,0,0,8.56316,195.64999999999998,0,
1172,71,538,4566,21,4,239,4,239,3,0,0,0,0,0,7.346589999999999,118.716,0,
1173,145,948,8913,49,25,1239,23,993,3,1,1,0,0,0,42.03861,231.738,0,
1174,115,907,7585,110,20,978,17,749,2,2,1,1,0,0,31.913909999999998,197.20999999999998,0,
1175,108,668,6718,32,9,340,8,285,3,2,1,1,0,0,14.501749999999998,174.66799999999998,0,
1176,171,971,9403,55,32,1532,30,1464,2,1,1,0,0,0,54.88607999999999,244.47799999999998,0,
1177,301,1564,15559,72,31,1445,31,1445,4,3,1,2,0,0,55.384449999999994,404.534,0,
1178,114,744,7420,35,11,470,11,470,2,1,0,1,0,0,19.4897,192.92,0,
1179,135,955,8978,50,21,1114,21,1114,4,3,1,2,0,0,38.033339999999995,233.428,0,
1180,87,621,5892,20,7,219,7,219,1,0,0,0,0,0,12.097389999999999,153.19199999999998,0,
1181,149,1073,8690,93,18,1308,16,1236,6,2,1,1,0,0,31.496119999999998,225.94,0,
1182,111,712,6865,28,11,331,11,331,1,0,0,0,0,0,18.960109999999997,178.48999999999998,0,
1183,202,1119,11498,51,18,851,16,808,2,2,1,1,0,0,29.831219999999995,298.948,0,
1184,115,712,6978,35,15,545,15,545,2,1,0,1,0,0,26.21145,181.428,0,
1185,107,731,7159,36,13,682,13,682,2,2,0,2,0,0,23.515419999999995,186.134,0,
1186,122,797,7360,39,9,615,9,615,4,1,0,1,0,0,16.82415,191.35999999999999,0,
1187,205,1034,8781,48,19,797,19,797,1,0,0,0,0,0,33.60757,228.30599999999998,0,
1188,154,930,9788,61,12,696,10,640,4,3,2,1,0,0,19.552479999999996,254.488,0,
1189,195,1338,12050,92,41,2472,38,2290,4,3,1,2,0,0,71.51866,313.3,0,
1190,238,1277,12812,74,31,2216,31,2216,6,2,0,2,0,0,58.32195999999999,333.11199999999997,0,
1191,81,600,5406,20,8,221,8,221,1,0,0,0,0,0,13.714009999999998,140.55599999999998,0,
1192,202,1136,10822,53,25,1248,25,1248,2,1,0,1,0,0,44.979879999999994,281.372,0,
1193,152,930,9466,33,12,470,12,470,3,2,0,2,0,0,21.098699999999997,246.11599999999999,0,
1194,135,787,7654,29,13,426,13,426,2,1,0,1,0,0,22.540059999999997,199.004,0,
1195,169,1138,10533,68,25,1332,25,1332,4,3,0,3,0,0,45.29991999999999,273.858,0,
1196,100,641,5950,20,3,194,3,194,2,0,0,0,0,0,5.56614,154.7,0,
1197,138,897,8275,46,23,821,23,821,3,3,1,2,0,0,40.13501,215.14999999999998,0,
1198,140,788,8065,26,7,365,7,365,2,1,0,1,0,0,12.653649999999999,209.69,0,
1199,95,664,5837,57,4,180,4,180,3,2,1,1,0,0,7.1217999999999995,151.762,0,
1200,159,979,9418,67,11,592,11,592,5,4,1,3,0,0,19.95452,244.868,0,
1201,154,1012,9323,53,22,1095,22,1095,3,2,0,2,0,0,39.56995,242.398,0,
1202,129,834,7956,38,14,732,14,732,4,3,0,3,0,0,25.31492,206.856,0,
1203,93,654,6132,23,9,380,9,380,3,0,0,0,0,0,15.928799999999997,159.432,0,
1204,245,1454,14138,97,33,2466,27,2155,8,5,4,1,0,0,54.894529999999996,367.58799999999997,0,
1205,164,1028,9953,51,12,864,12,864,5,2,0,2,0,0,22.59984,258.77799999999996,0,
1206,77,593,5510,40,3,200,3,200,3,2,1,1,0,0,5.5889999999999995,143.26,0,
1207,103,600,6024,17,3,138,3,138,3,1,0,1,0,0,5.352779999999999,156.624,0,
1208,136,876,8438,42,18,828,18,828,3,0,0,0,0,0,32.116679999999995,219.38799999999998,0,
1209,84,652,5598,56,7,298,6,214,3,2,1,1,0,0,11.04746,145.548,0,
1210,118,852,8113,79,17,1186,13,553,3,2,2,0,0,0,25.686869999999995,210.938,0,
1211,233,1326,13845,74,33,1773,33,1773,6,2,0,2,0,0,59.852129999999995,359.96999999999997,0,
1212,121,828,7260,44,21,885,21,885,2,1,0,1,0,0,37.160849999999996,188.76,0,
1213,84,613,5898,42,5,262,5,262,3,2,1,1,0,0,9.04322,153.34799999999998,0,
1214,262,1439,14596,74,22,1550,22,1550,7,4,1,3,0,0,41.30350000000001,379.496,0,
1215,75,561,5182,17,4,136,4,136,2,2,1,1,0,0,6.95416,134.732,0,
1216,88,526,5166,16,4,158,4,158,2,1,0,1,0,0,7.037979999999999,134.316,0,
1217,152,907,8885,67,20,879,18,718,2,1,1,0,0,0,32.84556,231.01,0,
1218,118,747,6478,27,10,430,10,430,2,0,0,0,0,0,17.7283,168.428,0,
1219,77,524,5305,16,2,109,2,109,3,1,0,1,0,0,3.6332899999999997,137.93,0,
1220,142,1029,9663,54,27,987,27,987,3,1,0,1,0,0,47.203469999999996,251.238,0,
1221,159,1080,9915,55,13,1194,13,1194,8,3,1,2,0,0,25.466139999999996,257.78999999999996,0,
1222,248,1547,14651,87,29,2240,29,2240,8,2,0,2,0,0,55.19539999999999,380.926,0,
1223,153,861,8917,28,12,382,12,382,3,2,1,1,0,0,20.76342,231.84199999999998,0,
1224,152,700,6826,15,2,94,2,94,1,0,0,0,0,0,3.5761399999999997,177.476,0,
1225,101,663,6192,29,7,367,7,367,3,2,0,2,0,0,12.66127,160.992,0,
1226,93,623,6440,21,5,397,5,397,4,3,1,2,0,0,9.557569999999998,167.44,0,
1227,90,656,6171,23,7,256,7,256,0,0,0,0,0,0,12.238359999999998,160.446,0,
1228,120,833,7749,50,15,859,14,813,4,3,1,2,0,0,26.15681,201.474,0,
1229,153,921,9722,44,13,834,13,834,6,3,0,3,0,0,24.09454,252.772,0,
1230,96,597,6202,13,3,110,3,110,0,0,0,0,0,0,5.246099999999999,161.25199999999998,0,
1231,79,553,5209,18,5,195,5,195,1,1,0,1,0,0,8.78795,135.434,0,
1232,102,678,6881,30,14,470,14,470,2,1,0,1,0,0,24.316699999999997,178.906,0,
1233,94,755,6560,88,11,622,11,622,3,3,0,3,0,0,20.068820000000002,170.56,0,
1234,267,1615,15154,157,48,3386,42,2893,6,5,3,2,0,0,82.05606999999998,394.00399999999996,0,
1235,172,775,7096,24,6,219,6,219,2,2,0,2,0,0,10.488389999999999,184.49599999999998,0,
1236,224,1455,13091,89,39,2208,38,2004,3,1,1,0,0,0,69.49696,340.366,0,
1237,146,1012,9669,62,28,1138,26,1085,4,4,2,2,0,0,46.988389999999995,251.39399999999998,0,
1238,173,1009,9844,55,25,1510,25,1510,3,2,0,2,0,0,45.9781,255.944,0,
1239,116,783,7002,46,9,486,8,420,2,1,1,0,0,0,15.029079999999999,182.052,0,
1240,156,885,8225,49,21,960,21,960,2,1,0,1,0,0,37.4466,213.85,0,
1241,174,1053,10125,49,24,999,24,999,3,2,1,1,0,0,42.42218999999999,263.25,0,
1242,68,461,4297,12,2,78,2,78,2,0,0,0,0,0,3.51518,111.722,0,
1243,108,726,6984,27,9,404,9,404,2,1,0,1,0,0,16.020239999999998,181.584,0,
1244,106,658,5971,24,7,311,7,311,2,0,0,0,0,0,12.44791,155.24599999999998,0,
1245,99,672,6517,25,10,390,10,390,3,2,0,2,0,0,17.5759,169.44199999999998,0,
1246,93,591,5717,20,7,239,7,239,2,1,0,1,0,0,12.173589999999999,148.642,0,
1247,367,2038,19194,128,47,3013,45,2894,12,6,1,5,0,0,84.52956,499.044,0,
1248,152,852,8981,34,11,729,11,729,3,0,0,0,0,0,20.47649,233.506,0,
1249,108,745,6260,34,11,419,11,419,1,0,0,0,0,0,19.29539,162.76,0,
1250,176,1020,9873,50,25,867,25,867,3,0,0,0,0,0,43.52826999999999,256.698,0,
1251,3000,14689,144996,1360,807,55115,807,55115,1,0,0,0,0,0,1508.45115,3769.8959999999997,0,
1252,269,2009,16086,132,40,2993,38,2874,6,2,1,1,0,0,73.19036,418.236,0,
1253,3000,14511,157761,1722,1093,139072,1093,139072,0,0,0,0,0,0,2288.50132,4101.786,0,
1254,343,2259,19945,154,54,2797,54,2797,11,4,1,3,0,0,97.54257,518.5699999999999,0,
1255,222,1449,13400,99,46,2985,46,2985,4,2,0,2,0,0,85.38685,348.4,0,
1256,422,2693,25863,171,121,5294,121,5294,2,0,0,0,0,0,214.85913999999997,672.438,0,
1257,3000,15462,153904,1339,975,59999,976,60784,1,1,0,1,0,0,1800.5657399999998,4001.504,0,
1258,205,1521,13008,121,35,1723,35,1723,5,2,0,2,0,0,62.87963,338.20799999999997,0,
1259,304,1906,18963,97,66,2336,66,2336,4,2,1,1,0,0,115.09416,493.03799999999995,0,
1260,3000,13741,151208,1038,797,46673,797,46673,3,2,0,2,0,0,1460.1971299999998,3931.408,0,
1261,184,1423,11706,99,29,1896,24,1609,7,5,3,2,0,0,47.479949999999995,304.356,0,
1262,382,2395,22230,170,92,5937,90,5644,5,3,2,1,0,0,167.61737999999997,577.98,0,
1263,159,1102,9916,56,16,903,16,903,5,2,0,2,0,0,29.18443,257.816,0,
1264,139,835,8107,42,12,613,12,613,5,1,0,1,0,0,21.64353,210.78199999999998,0,
1265,3000,14248,163951,999,1064,46468,1064,46468,1,1,0,1,0,0,1889.0190799999998,4262.726,0,
1266,321,2156,19202,146,63,3364,61,3263,5,2,2,0,0,0,111.65820999999998,499.25199999999995,0,
1267,84,632,5747,21,2,74,2,74,0,0,0,0,0,0,3.49994,149.422,0,
1268,179,1057,9618,56,19,1258,19,1258,6,0,0,0,0,0,35.36398,250.06799999999998,0,
1269,225,1428,13591,69,31,1819,31,1819,5,0,0,0,0,0,56.80938999999999,353.366,0,
1270,570,3524,31932,259,130,7929,130,7929,12,6,0,6,0,0,239.37948999999998,830.232,0,
1271,130,884,7588,42,14,836,14,836,2,0,0,0,0,0,25.711159999999996,197.28799999999998,0,
1272,346,2039,18826,163,60,4863,56,4125,11,6,3,3,0,0,108.60708999999999,489.476,0,
1273,196,1295,12378,93,29,2437,28,2400,7,2,1,1,0,0,54.71866,321.828,0,
1274,194,1163,11446,62,25,1553,22,1420,4,2,2,0,0,0,42.40214,297.596,0,
1275,244,1428,12609,92,42,2401,38,2005,5,3,1,2,0,0,71.16432999999999,327.834,0,
1276,80,628,5817,22,5,147,5,147,1,1,0,1,0,0,8.60507,151.242,0,
1277,213,1329,12403,81,27,1732,24,1652,6,4,2,2,0,0,46.44152,322.478,0,
1278,173,970,8831,36,9,488,9,488,3,0,0,0,0,0,16.340279999999996,229.606,0,
1279,3000,13552,144797,1083,765,43197,765,43197,3,1,0,1,0,0,1395.4655699999998,3764.7219999999998,0,
1280,409,2728,25354,184,78,4523,73,4353,10,6,2,4,0,0,136.63753,659.204,0,
1281,342,2377,21032,168,69,4163,68,4136,9,6,0,6,0,0,125.68101999999999,546.832,0,
1282,164,1140,11060,50,31,1054,31,1054,2,1,0,1,0,0,53.89473999999999,287.56,0,
1283,462,2686,27189,193,96,5578,94,5538,11,4,1,3,0,0,173.35098,706.914,0,
1284,236,1516,13753,86,33,1974,33,1974,5,0,0,0,0,0,60.61794,357.578,0,
1285,235,1509,12986,144,35,1955,35,1955,3,1,0,1,0,0,63.763549999999995,337.63599999999997,0,
1286,188,1327,12598,87,26,2059,23,1873,10,4,2,2,0,0,45.799609999999994,327.548,0,
1287,3000,13010,160302,1006,1064,43092,1064,43092,0,0,0,0,0,0,1876.15652,4167.852,0,
1288,197,1360,12420,94,28,1810,28,1810,5,2,1,1,0,0,51.9481,322.91999999999996,0,
1289,195,1296,12477,72,22,1241,20,1124,4,1,1,0,0,0,37.558499999999995,324.402,0,
1290,3000,14590,148008,1166,819,45990,819,45990,2,2,0,2,0,0,1492.9929,3848.2079999999996,0,
1291,203,1437,13191,78,33,1697,33,1697,4,3,0,3,0,0,59.562569999999994,342.966,0,
1292,108,759,6197,42,9,449,9,449,5,2,0,2,0,0,16.191689999999998,161.12199999999999,0,
1293,259,1605,14893,100,39,2164,38,2110,3,2,1,1,0,0,69.72382,387.21799999999996,0,
1294,320,2094,20484,119,58,3191,58,3191,7,4,0,4,0,0,105.47971,532.584,0,
1295,90,579,5889,16,5,115,5,115,0,0,0,0,0,0,8.48315,153.114,0,
1296,118,781,7374,38,14,617,14,617,2,1,0,1,0,0,24.87677,191.724,0,
1297,159,1050,9816,72,24,1333,24,1333,5,3,1,2,0,0,43.69472999999999,255.21599999999998,0,
1298,115,777,6981,37,10,527,10,527,4,1,0,1,0,0,18.097869999999997,181.506,0,
1299,128,823,7917,45,10,627,8,508,4,3,1,2,0,0,15.905899999999999,205.84199999999998,0,
1300,123,848,7369,50,14,830,11,741,7,4,2,2,0,0,22.064230000000002,191.594,0,
1301,370,2298,20944,143,54,3898,54,3898,7,5,1,4,0,0,101.73737999999999,544.544,0,
1302,145,941,9133,32,9,496,9,496,3,2,0,2,0,0,16.37076,237.458,0,
1303,154,1009,9507,67,18,1263,18,1158,7,5,1,4,0,0,33.497879999999995,247.182,0,
1304,72,563,5242,19,3,132,3,132,3,1,0,1,0,0,5.329919999999999,136.292,0,
1305,421,2669,27681,153,114,4327,113,4245,5,2,1,1,0,0,198.56620999999998,719.706,0,
1306,289,1870,18041,101,52,2715,52,2715,6,3,0,3,0,0,94.01214999999999,469.066,0,
1307,3000,13561,144693,1291,886,60058,884,59958,4,4,1,3,0,0,1651.8719800000001,3762.018,0,
1308,174,1191,9927,107,18,1262,17,1240,5,1,1,0,0,0,32.58236,258.102,0,
1309,204,1346,11176,81,32,1822,32,1822,4,2,0,2,0,0,58.42981999999999,290.57599999999996,0,
1310,213,1439,13632,83,38,1914,36,1806,3,3,1,2,0,0,65.8903,354.43199999999996,0,
1311,97,666,6163,51,6,251,5,210,1,1,1,0,0,0,9.37248,160.238,0,
1312,185,1253,11893,64,38,1582,38,1582,3,0,0,0,0,0,67.16942,309.21799999999996,0,
1313,3000,13589,145468,1062,686,39215,684,39134,7,5,3,2,0,0,1250.71012,3782.1679999999997,0,
1314,196,1371,10484,107,31,1664,18,1212,3,2,1,1,0,0,40.34007999999999,272.584,0,
1315,216,1382,12863,86,38,2010,38,2010,5,2,0,2,0,0,68.8001,334.438,0,
1316,227,1253,11099,69,27,1469,27,1433,2,2,0,2,0,0,48.94521,288.574,0,
1317,98,687,6701,32,9,369,9,369,2,1,0,1,0,0,15.88689,174.226,0,
1318,197,1314,12903,76,30,1490,30,1490,7,3,0,3,0,0,53.9469,335.478,0,
1319,3000,12498,146544,982,707,40778,707,40778,2,0,0,0,0,0,1292.92718,3810.144,0,
1320,191,1260,9352,80,22,1317,22,1356,4,3,0,3,0,0,40.51834,243.152,0,
1321,3000,14389,151999,1311,923,59255,923,59255,0,0,0,0,0,0,1710.8685500000001,3951.9739999999997,0,
1322,393,2712,24118,168,99,4701,99,4701,3,1,0,1,0,0,177.20181,627.068,0,
1323,3000,13337,159781,1060,1051,43624,1050,43583,3,2,1,1,0,0,1856.0286099999998,4154.306,0,
1324,232,1611,13798,152,34,2216,33,2194,8,3,1,2,0,0,61.961099999999995,358.748,0,
1325,464,2696,25390,221,108,8544,106,8481,6,3,1,2,0,0,203.89894999999996,660.14,0,
1326,130,1014,7816,81,19,956,18,915,4,3,1,2,0,0,32.97553,203.21599999999998,0,
1327,139,811,7808,38,9,362,7,309,4,3,1,2,0,0,13.46083,203.00799999999998,0,
1328,403,2562,27024,128,115,4314,115,4314,2,1,0,1,0,0,201.47134,702.624,0,
1329,178,1288,11867,72,37,1436,37,1436,4,3,1,2,0,0,65.00416,308.542,0,
1330,181,1039,9794,52,20,1029,20,1029,4,2,0,2,0,0,36.10048999999999,254.64399999999998,0,
1331,126,851,8138,44,19,687,19,687,2,1,0,1,0,0,33.188469999999995,211.588,0,
1332,233,1489,13462,88,33,2049,33,2049,8,2,0,2,0,0,60.90369,350.012,0,
1333,496,2848,29329,180,61,4271,58,4059,14,8,3,5,0,0,110.47394999999999,762.554,0,
1334,154,1133,9610,59,27,1384,27,1384,3,0,0,0,0,0,48.71603999999999,249.85999999999999,0,
1335,3000,14791,139845,2176,1028,179853,1028,179853,10,4,0,4,0,0,2339.29193,3635.97,0,
1336,161,1292,9903,133,17,975,17,975,7,2,0,2,0,0,31.067749999999997,257.478,0,
1337,232,1440,12971,82,27,2010,27,2010,7,1,0,1,0,0,51.101099999999995,337.246,0,
1338,350,2194,20751,140,59,3251,57,3193,8,3,1,2,0,0,104.90477,539.526,0,
1339,3000,14190,146513,1130,747,42948,747,42948,3,1,0,1,0,0,1365.55488,3809.3379999999997,0,
1340,3000,15023,141171,1565,1044,60014,1044,60014,8,4,1,3,0,0,1908.4493399999997,3670.446,0,
1341,328,2023,19481,113,71,3632,71,3632,3,0,0,0,0,0,128.07691999999997,506.506,0,
1342,416,2665,23467,151,78,4556,78,4556,6,2,0,2,0,0,142.86036,610.1419999999999,0,
1343,230,1550,14353,99,28,1923,26,1877,8,3,2,1,0,0,49.99764999999999,373.178,0,
1344,285,1726,15331,112,38,2790,38,2790,8,5,1,4,0,0,71.7719,398.606,0,
1345,105,651,5873,21,5,148,5,148,1,0,0,0,0,0,8.60888,152.69799999999998,0,
1346,3000,14844,139845,1569,1081,58350,1081,58350,2,2,0,2,0,0,1961.6425,3635.97,0,
1347,3000,13453,142268,1282,924,57189,924,57189,3,1,0,1,0,0,1704.60609,3698.968,0,
1348,390,2607,26608,133,127,3944,127,3944,3,1,0,1,0,0,219.36963999999998,691.808,0,
1349,369,2374,20776,155,74,4118,69,3820,4,4,1,3,0,0,128.32184,540.1759999999999,0,
1350,3000,15597,149849,1789,1083,57028,1083,57028,0,0,0,0,0,0,1959.82368,3896.0739999999996,0,
1351,78,778,5610,68,6,273,6,273,4,3,0,3,0,0,10.69413,145.85999999999999,0,
1352,171,1133,9759,66,12,812,9,631,5,3,2,1,0,0,18.53569,253.73399999999998,0,
1353,3000,15112,141228,1750,1013,60646,1013,60646,5,1,0,1,0,0,1860.9782599999999,3671.928,0,
1354,181,1407,11337,86,34,1717,34,1717,5,2,0,2,0,0,61.24776999999999,294.762,0,
1355,324,2209,20118,153,95,4436,95,4436,3,2,0,2,0,0,169.75615999999997,523.068,0,
1356,506,3001,27810,223,128,7195,127,7171,6,5,2,3,0,0,232.17183,723.06,0,
1357,120,889,7466,43,14,680,14,680,4,3,0,3,0,0,25.116799999999998,194.11599999999999,0,
1358,92,620,6140,27,4,283,4,283,2,1,0,1,0,0,7.51423,159.64,0,
1359,103,734,6753,36,15,515,15,515,3,2,0,2,0,0,26.09715,175.578,0,
1360,153,988,8761,56,14,1076,14,1076,8,4,0,4,0,0,26.625559999999997,227.786,0,
1361,281,1753,16666,108,32,2337,25,1980,12,7,3,4,0,0,51.54306,433.316,0,
1362,125,877,7613,44,18,680,18,680,4,2,0,2,0,0,31.552799999999994,197.938,0,
1363,150,1041,9952,48,26,1158,26,1158,2,1,0,1,0,0,46.245979999999996,258.752,0,
1364,206,1290,12547,80,27,1822,25,1694,8,4,1,3,0,0,47.78818,326.222,0,
1365,192,1240,11979,72,40,1941,40,1941,3,1,0,1,0,0,71.75521,311.454,0,
1366,120,809,7843,42,15,833,15,833,3,3,0,3,0,0,27.308729999999997,203.91799999999998,0,
1367,197,1387,11869,131,37,1963,34,1827,4,3,1,2,0,0,63.26435,308.594,0,
1368,3000,13371,142633,1374,954,65596,954,65596,4,2,0,2,0,0,1784.9067599999998,3708.4579999999996,0,
1369,81,619,5443,24,8,288,7,213,2,2,1,1,0,0,12.64203,141.518,0,
1370,293,2016,18139,152,75,3259,73,3123,3,2,1,1,0,0,130.47411,471.614,0,
1371,282,1865,16723,126,49,3258,49,3258,6,1,0,1,0,0,91.25398,434.798,0,
1372,86,657,5557,28,4,249,4,249,2,1,0,1,0,0,7.38469,144.482,0,
1373,480,3084,31943,187,146,5684,145,5572,6,2,1,1,0,0,255.14548,830.5179999999999,0,
1374,679,4006,36975,250,125,7801,113,7200,8,5,2,3,0,0,215.70618,961.3499999999999,0,
1375,3000,13026,138564,938,534,39040,534,39040,6,2,0,2,0,0,1007.9484,3602.6639999999998,0,
1376,3000,14616,151625,1344,885,56953,885,56953,2,0,0,0,0,0,1640.9559299999999,3942.25,0,
1377,349,2273,19432,175,86,4324,86,4324,2,2,0,2,0,0,154.84843999999998,505.23199999999997,0,
1378,79,614,5420,26,6,187,6,187,2,2,1,1,0,0,10.366469999999998,140.92,0,
1379,216,1366,11565,80,36,2768,36,2768,4,1,0,1,0,0,68.47008,300.69,0,
1380,311,1644,15174,77,33,2267,32,2217,7,1,1,0,0,0,60.47277,394.524,0,
1381,3000,13793,140406,1454,1072,58743,1072,58743,0,0,0,0,0,0,1948.6588299999996,3650.556,0,
1382,361,2328,21063,120,70,3649,70,3649,1,1,0,1,0,0,126.53268999999999,547.6379999999999,0,
1383,3000,14931,139265,1510,1069,61669,1069,61669,3,0,0,0,0,0,1954.9798899999998,3620.89,0,
1384,356,2228,21357,168,101,6248,101,6248,2,1,0,1,0,0,186.31388,555.2819999999999,0,
1385,177,1150,10400,102,21,2016,19,1884,8,2,1,1,0,0,38.8628,270.4,0,
1386,3000,13692,148650,1151,866,47867,866,47867,0,0,0,0,0,0,1575.7672699999998,3864.8999999999996,0,
1387,350,2430,23653,196,105,3823,103,3720,4,3,1,2,0,0,180.97974,614.978,0,
1388,3000,13461,153479,1345,1045,70709,1045,70709,0,0,0,0,0,0,1950.80629,3990.4539999999997,0,
1389,355,2248,19867,156,60,3513,58,3429,10,7,1,6,0,0,107.44360999999999,516.542,0,
1390,226,1307,10629,60,14,919,14,919,4,2,1,1,0,0,26.027389999999997,276.354,0,
1391,3000,13639,146225,1234,808,44262,808,44262,2,2,0,2,0,0,1468.71022,3801.85,0,
1392,279,2000,17007,132,65,3359,65,3359,4,2,0,2,0,0,117.38278999999999,442.18199999999996,0,
1393,263,1716,16031,113,42,2482,40,2407,7,3,1,2,0,0,74.57717,416.806,0,
1394,181,1097,10524,106,14,934,13,887,9,7,3,4,0,0,24.830929999999995,273.62399999999997,0,
1395,307,1792,17563,91,45,2306,45,2306,4,2,0,2,0,0,81.19086,456.638,0,
1396,249,1571,15437,77,49,1921,49,1921,6,2,0,2,0,0,86.16000999999999,401.36199999999997,0,
1397,286,1791,17006,113,65,3431,65,3431,2,2,0,2,0,0,117.65710999999999,442.156,0,
1398,545,3175,31808,196,72,5966,72,5966,23,7,1,6,0,0,138.57845999999998,827.0079999999999,0,
1399,136,880,7767,38,11,405,11,405,1,1,0,1,0,0,19.24205,201.94199999999998,0,
1400,347,2203,20998,138,46,3419,44,3283,15,11,3,8,0,0,84.42271,545.948,0,
1401,374,2395,22393,130,86,4252,86,4252,2,2,0,2,0,0,154.57412,582.218,0,
1402,175,1205,11262,69,20,1360,20,1360,5,2,1,1,0,0,37.361599999999996,292.812,0,
1403,126,872,7739,38,16,856,16,856,2,0,0,0,0,0,29.00536,201.214,0,
1404,215,1389,13652,76,37,2049,37,2049,4,2,1,1,0,0,67.33968999999999,354.952,0,
1405,192,1129,9954,56,19,1005,19,1005,3,1,0,1,0,0,34.40005,258.804,0,
1406,156,1008,8236,54,15,795,15,795,3,1,0,1,0,0,27.163949999999996,214.136,0,
1407,162,1019,8680,60,19,981,19,981,4,1,0,1,0,0,34.308609999999994,225.67999999999998,0,
1408,243,1534,14584,91,46,2472,44,2346,3,1,1,0,0,0,80.84093999999999,379.18399999999997,0,
1409,411,2453,25873,169,84,3684,84,3684,11,7,4,3,0,0,149.19203999999996,672.698,0,
1410,141,961,9061,40,19,678,19,678,1,1,0,1,0,0,33.15418,235.58599999999998,0,
1411,121,806,7519,48,8,559,8,559,4,2,1,1,0,0,15.00179,195.494,0,
1412,289,1789,17302,106,53,3015,53,3015,3,2,0,2,0,0,96.76415,449.852,0,
1413,105,769,6654,54,9,395,8,343,3,2,1,1,0,0,14.71919,173.004,0,
1414,135,718,7307,27,4,318,4,318,3,1,0,1,0,0,7.64758,189.982,0,
1415,134,891,8090,48,18,905,17,857,5,2,1,1,0,0,31.153809999999996,210.34,0,
1416,229,1489,14153,87,50,2260,50,2260,3,1,0,1,0,0,89.06059999999998,367.978,0,
1417,123,892,8567,37,17,752,17,752,5,3,0,3,0,0,30.218119999999995,222.742,0,
1418,170,1001,9630,41,22,778,22,778,0,0,0,0,0,0,38.36218,250.38,0,
1419,205,1359,12464,70,32,1744,32,1744,4,2,0,2,0,0,58.132639999999995,324.06399999999996,0,
1420,156,1046,9564,110,23,1245,23,1262,2,2,0,2,0,0,41.79516,248.664,0,
1421,288,1963,19698,110,79,2711,79,2711,3,2,0,2,0,0,137.43991,512.148,0,
1422,219,1348,13044,63,34,1712,34,1712,3,1,0,1,0,0,61.228719999999996,339.144,0,
1423,359,2276,21321,167,79,4240,78,4177,6,5,1,4,0,0,141.96971,554.346,0,
1424,409,2369,23661,127,74,3967,74,3967,8,3,0,3,0,0,134.18026999999998,615.1859999999999,0,
1425,114,788,7501,34,21,701,21,701,2,0,0,0,0,0,36.45981,195.02599999999998,0,
1426,231,1530,14406,102,40,2118,38,2066,6,3,1,2,0,0,70.03282,374.556,0,
1427,240,1263,12163,71,35,1738,33,1664,5,2,1,1,0,0,60.48216,316.238,0,
1428,346,2030,20198,127,65,3647,65,3647,2,0,0,0,0,0,118.48006999999998,525.148,0,
1429,168,1091,9722,59,23,1493,22,1459,5,2,1,1,0,0,41.47591,252.772,0,
1430,149,833,7875,42,16,712,14,633,3,2,1,1,0,0,25.98895,204.75,0,
1431,231,1562,13823,135,35,2055,34,1978,9,6,3,3,0,0,62.812039999999996,359.39799999999997,0,
1432,154,970,9042,30,7,405,7,405,2,1,0,1,0,0,12.806049999999999,235.09199999999998,0,
1433,3000,16437,151384,1265,662,37566,662,37566,5,4,0,4,0,0,1208.2844599999999,3935.984,0,
1434,193,1430,10905,134,28,1801,23,1424,8,3,2,1,0,0,45.2723,283.53,0,
1435,379,1946,18719,98,32,2341,31,2291,5,4,1,3,0,0,59.145709999999994,486.69399999999996,0,
1436,339,2346,22593,200,98,3484,98,3484,5,3,0,3,0,0,170.95603999999997,587.418,0,
1437,79,603,5508,27,3,130,3,130,3,2,1,1,0,0,5.322299999999999,143.208,0,
1438,477,2951,28776,180,115,5373,115,5373,5,2,0,2,0,0,205.50612999999998,748.1759999999999,0,
1439,3000,14901,143910,1612,1094,55575,1094,55575,1,0,0,0,0,0,1971.9867499999998,3741.66,0,
1440,107,854,6909,34,8,421,8,421,3,1,0,1,0,0,14.476009999999999,179.634,0,
1441,3000,17729,168345,1356,603,43285,599,43069,35,16,5,11,0,0,1130.0547699999997,4376.969999999999,0,
1442,141,1048,8828,71,14,587,13,535,4,1,1,0,0,0,23.495709999999995,229.528,0,
1443,352,2268,22204,114,70,3443,68,3343,9,6,1,5,0,0,123.22483,577.304,0,
1444,411,2509,25907,122,98,3743,97,3692,5,3,1,2,0,0,170.67869999999996,673.582,0,
1445,3000,13458,146203,1007,675,39059,675,39059,0,0,0,0,0,0,1234.88979,3801.278,0,
1446,371,2426,21688,151,78,3966,78,3966,6,0,0,0,0,0,140.61245999999997,563.8879999999999,0,
1447,275,1747,17384,94,62,2731,62,2731,2,0,0,0,0,0,110.16310999999999,451.984,0,
1448,235,1423,13005,95,27,1633,25,1570,5,4,2,2,0,0,47.239039999999996,338.13,0,
1449,230,1495,14686,103,42,2091,42,2091,7,3,0,3,0,0,75.54471,381.83599999999996,0,
1450,376,2119,20265,117,56,2837,56,2837,6,3,1,2,0,0,100.91296999999999,526.89,0,
1451,3000,12365,135857,863,479,40429,479,40429,4,3,0,3,0,0,924.74549,3532.2819999999997,0,
1452,327,2013,19558,136,57,3260,57,3260,5,3,1,2,0,0,104.1336,508.508,0,
1453,3000,14403,152816,1327,901,49001,901,49001,3,2,0,2,0,0,1636.40281,3973.216,0,
1454,153,1164,9534,101,21,991,19,917,4,2,2,0,0,0,35.11009,247.884,0,
1455,63,556,4559,16,1,111,1,111,1,0,0,0,0,0,2.03191,118.53399999999999,0,
1456,3000,13550,145799,975,663,38889,663,38889,1,1,0,1,0,0,1214.93409,3790.774,0,
1457,549,3207,34242,172,135,5436,135,5436,6,4,1,3,0,0,237.92615999999998,890.2919999999999,0,
1458,99,786,6333,40,12,456,12,456,3,2,0,2,0,0,21.045359999999995,164.658,0,
1459,170,1102,10219,52,21,1117,21,1117,5,1,0,1,0,0,38.04477,265.69399999999996,0,
1460,84,601,5614,25,5,228,5,228,2,1,0,1,0,0,8.91368,145.964,0,
1461,371,2351,22879,149,79,4053,79,4053,9,5,0,5,0,0,142.55293,594.8539999999999,0,
1462,286,1841,18083,129,71,3636,69,3507,5,4,2,2,0,0,125.49289,470.15799999999996,0,
1463,273,1784,17335,96,60,2160,60,2160,6,3,1,2,0,0,104.7696,450.71,0,
1464,419,2487,23728,164,80,5062,80,5062,9,4,1,3,0,0,148.00621999999998,616.928,0,
1465,400,2510,24785,147,84,3873,83,3741,6,4,1,3,0,0,148.43497,644.41,0,
1466,98,611,5367,23,3,209,3,209,3,0,0,0,0,0,5.62329,139.542,0,
1467,3000,14567,139407,1506,1101,59398,1101,59398,1,1,0,1,0,0,1997.81538,3624.582,0,
1468,140,1071,8765,114,18,1144,18,1144,3,1,0,1,0,0,33.32064,227.89,0,
1469,135,995,8741,50,19,1019,19,1019,3,2,0,2,0,0,34.45339,227.266,0,
1470,162,1044,10285,46,17,866,17,866,3,1,0,1,0,0,30.652459999999998,267.40999999999997,0,
1471,201,1105,9782,49,16,796,16,796,3,1,0,1,0,0,28.776759999999996,254.332,0,
1472,326,2066,19890,137,41,3308,38,3321,14,8,2,6,0,0,75.21667,517.14,0,
1473,134,896,8478,52,25,1092,25,1092,1,1,0,1,0,0,44.38552,220.428,0,
1474,224,1365,13314,80,24,1676,24,1676,6,5,1,4,0,0,45.00155999999999,346.164,0,
1475,237,1429,14144,68,15,1482,15,1482,8,4,2,2,0,0,29.781419999999997,367.74399999999997,0,
1476,3000,18630,193538,1453,991,50333,989,50265,5,3,1,2,0,0,1783.8488899999998,5031.987999999999,0,
1477,209,1533,12563,89,32,2710,32,2710,3,0,0,0,0,0,61.8131,326.638,0,
1478,288,1936,16114,175,41,2675,41,2675,9,4,1,3,0,0,76.16075000000001,418.964,0,
1479,201,1337,11832,75,29,1725,29,1725,6,3,0,3,0,0,53.23325,307.632,0,
1480,3000,14327,155423,1213,994,60010,994,60010,0,0,0,0,0,0,1827.9840999999997,4040.9979999999996,0,
1481,3000,14994,141046,1590,1055,60231,1055,60231,8,5,0,5,0,0,1926.9751099999999,3667.196,0,
1482,169,1226,9901,63,21,1270,21,1270,5,2,0,2,0,0,38.6277,257.426,0,
1483,528,3610,31097,317,92,5466,90,5109,14,9,3,6,0,0,165.65454999999997,808.5219999999999,0,
1484,520,3217,29883,204,92,5393,90,5132,11,5,1,4,0,0,165.6289,776.958,0,
1485,459,2980,27581,171,92,4857,92,4857,4,2,1,1,0,0,166.53316999999998,717.106,0,
1486,374,2421,21518,164,83,4715,83,4715,6,1,0,1,0,0,151.51115,559.468,0,
1487,362,2400,23879,140,76,3789,76,3789,7,5,2,3,0,0,136.72009,620.8539999999999,0,
1488,138,897,8639,40,13,594,13,594,4,1,0,1,0,0,23.180139999999998,224.61399999999998,0,
1489,3000,13991,151135,1184,903,48647,903,48647,3,2,0,2,0,0,1638.27207,3929.5099999999998,0,
1490,144,1041,8575,48,25,928,25,928,1,0,0,0,0,0,43.760679999999994,222.95,0,
1491,233,1537,14286,128,49,2845,47,2769,6,3,1,2,0,0,87.22057,371.436,0,
1492,111,708,6495,30,9,377,9,377,2,1,0,1,0,0,15.917369999999998,168.87,0,
1493,113,879,7698,66,15,603,15,603,3,1,0,1,0,0,26.432429999999997,200.148,0,
1494,132,920,7782,41,10,564,10,564,3,2,0,2,0,0,18.238839999999996,202.332,0,
1495,120,843,8170,61,14,878,12,735,5,3,2,1,0,0,23.23509,212.42,0,
1496,308,1911,18169,103,56,2958,56,2958,3,0,0,0,0,0,101.37397999999999,472.394,0,
1497,3000,13889,145301,1036,596,41200,596,41200,4,1,0,1,0,0,1115.936,3777.826,0,
1498,123,823,7196,40,12,532,12,532,4,0,0,0,0,0,21.334919999999997,187.096,0,
1499,143,1005,9075,55,13,799,13,799,6,1,0,1,0,0,23.96119,235.95,0,
1500,212,1173,11237,64,37,1614,37,1614,2,2,0,2,0,0,65.68234,292.162,0,
1501,163,2501,8878,1356,10,406,9,383,3,2,1,1,0,0,16.446369999999998,230.828,2,limit
1502,264,1796,16423,128,50,2404,50,2404,6,2,0,2,0,0,89.60923999999999,426.998,0,
1503,126,907,8922,46,14,714,12,650,5,2,1,1,0,0,22.818019999999997,231.97199999999998,0,
1504,288,1688,16490,93,48,2296,48,2296,6,2,0,2,0,0,85.97976,428.73999999999995,0,
1505,121,698,6949,24,4,162,4,162,3,2,1,1,0,0,7.05322,180.67399999999998,0,
1506,189,987,9742,42,25,933,25,933,4,1,0,1,0,0,43.779729999999994,253.292,0,
1507,214,1320,12399,66,16,1221,16,1221,6,3,0,3,0,0,30.396009999999997,322.37399999999997,0,
1508,243,1493,13967,82,29,1628,29,1628,6,2,0,2,0,0,52.863679999999995,363.142,0,
1509,206,1120,9837,61,18,1148,18,1148,5,2,0,2,0,0,33.335879999999996,255.762,0,
1510,154,1041,8891,70,32,1603,32,1603,4,2,0,2,0,0,57.59542999999999,231.166,0,
1511,114,668,7004,11,2,70,2,70,0,0,0,0,0,0,3.4846999999999997,182.10399999999998,0,
1512,107,722,6308,31,9,482,9,482,4,2,0,2,0,0,16.31742,164.00799999999998,0,
1513,117,774,7653,38,15,629,15,629,3,1,0,1,0,0,26.531489999999998,198.97799999999998,0,
1514,127,734,7748,25,6,285,6,285,5,3,1,2,0,0,10.739849999999999,201.44799999999998,0,
1515,135,900,8047,45,18,860,18,860,4,0,0,0,0,0,32.2386,209.22199999999998,0,
1516,118,791,7494,29,9,487,9,487,2,0,0,0,0,0,16.33647,194.844,0,
1517,102,614,6771,23,5,291,5,291,4,1,0,1,0,0,9.15371,176.046,0,
1518,147,902,8411,38,16,730,16,730,4,1,0,1,0,0,28.525299999999994,218.68599999999998,0,
1519,104,622,6618,19,6,249,6,221,3,3,2,1,0,0,10.52905,172.06799999999998,0,
1520,195,1185,12080,71,28,1772,28,1772,7,3,0,3,0,0,51.80331999999999,314.08,0,
1521,104,785,6981,36,12,500,12,500,5,3,0,3,0,0,21.212999999999997,181.506,0,
1522,288,1666,16177,140,37,2443,35,2311,11,7,2,5,0,0,66.23366999999999,420.602,0,
1523,94,681,6695,26,10,326,10,326,3,2,0,2,0,0,17.33206,174.07,0,
1524,155,987,9049,42,24,1019,24,1019,3,0,0,0,0,0,42.49838999999999,235.274,0,
1525,137,833,7627,40,12,706,12,706,5,2,0,2,0,0,21.99786,198.302,0,
1526,122,632,6390,17,3,147,3,147,3,1,0,1,0,0,5.38707,166.14,0,
1527,160,1055,9238,56,16,1361,16,1361,4,2,0,2,0,0,30.929409999999997,240.188,0,
1528,132,802,7845,30,11,472,11,472,2,0,0,0,0,0,19.497320000000002,203.97,0,
1529,126,868,8620,35,16,678,16,678,4,2,0,2,0,0,28.32718,224.11999999999998,0,
1530,224,1493,14245,74,36,1851,36,1851,6,2,0,2,0,0,64.97630999999998,370.37,0,
1531,160,1039,10302,54,25,1317,25,1317,2,0,0,0,0,0,45.24276999999999,267.852,0,
1532,127,818,8261,42,16,858,16,858,3,2,0,2,0,0,29.01298,214.786,0,
1533,189,1115,10868,68,27,1320,25,1215,4,3,1,2,0,0,45.93605,282.568,0,
1534,226,1458,13764,80,51,2211,51,2211,4,1,0,1,0,0,90.48291,357.864,0,
1535,141,948,9904,39,24,966,24,966,3,2,1,1,0,0,42.296459999999996,257.50399999999996,0,
1536,148,986,9590,43,26,1046,26,1046,3,2,1,1,0,0,45.81925999999999,249.33999999999997,0,
1537,255,1608,14339,131,28,2176,26,1594,8,4,1,3,0,0,49.551899999999996,372.81399999999996,0,
1538,308,1890,17880,147,47,2547,44,2290,8,4,3,1,0,0,81.26116,464.88,0,
1539,179,1131,11240,81,15,1120,14,1076,7,3,1,2,0,0,27.15648,292.24,0,
1540,136,961,8734,46,18,1020,18,1020,3,1,0,1,0,0,32.8482,227.084,0,
1541,180,1180,11553,63,37,1363,37,1363,4,3,0,3,0,0,64.72603,300.378,0,
1542,90,622,5676,33,9,488,9,459,2,1,0,1,0,0,16.26401,147.576,0,
1543,204,1123,12050,65,19,1543,17,1471,8,5,1,4,0,0,34.00047,313.3,0,
1544,225,1322,13143,77,34,1800,34,1800,5,3,0,3,0,0,61.56399999999999,341.71799999999996,0,
1545,128,813,8224,36,12,761,12,561,3,1,0,1,0,0,21.681409999999996,213.82399999999998,0,
1546,107,728,7346,27,10,379,10,379,4,2,0,2,0,0,17.53399,190.99599999999998,0,
1547,121,837,8394,37,17,673,17,673,3,2,0,2,0,0,29.917129999999997,218.244,0,
1548,147,989,8663,52,17,1176,17,1176,6,2,0,2,0,0,31.83356,225.238,0,
1549,158,1055,9549,47,18,1119,17,1088,4,2,1,1,0,0,32.01386,248.274,0,
1550,260,1702,15256,212,58,4081,58,4081,6,3,0,3,0,0,108.87060999999999,396.656,0,
1551,246,1493,14245,83,31,2691,31,2691,9,3,0,3,0,0,60.13171,370.37,0,
1552,129,895,7471,43,17,890,17,890,3,1,0,1,0,0,30.743899999999996,194.24599999999998,0,
1553,262,1365,14179,88,20,1320,20,1320,6,6,2,4,0,0,37.2092,368.654,0,
1554,84,611,5931,22,3,196,3,196,3,1,0,1,0,0,5.57376,154.206,0,
1555,107,725,7119,52,11,508,8,305,2,1,1,0,0,0,15.710589999999998,185.094,0,
1556,201,1197,11775,54,27,1265,27,1265,3,2,0,2,0,0,48.262649999999994,306.15,0,
1557,137,863,8587,61,10,583,10,583,5,4,3,1,0,0,18.311230000000002,223.262,0,
1558,151,892,7905,30,7,524,7,524,4,0,0,0,0,0,13.259439999999998,205.53,0,
1559,107,738,6888,42,4,296,4,296,4,2,1,1,0,0,7.563759999999999,179.088,0,
1560,440,2136,21367,110,41,3229,41,3229,8,4,0,4,0,0,78.27149,555.542,0,
1561,151,960,9659,47,22,833,22,833,0,0,0,0,0,0,38.571729999999995,251.134,0,
1562,157,881,9501,39,11,693,11,693,4,2,0,2,0,0,20.339329999999997,247.02599999999998,0,
1563,106,780,6637,48,16,723,13,594,4,1,1,0,0,0,24.769359999999995,172.56199999999998,0,
1564,235,1473,13272,99,40,3021,40,3021,6,1,0,1,0,0,75.87001,345.072,0,
1565,165,1087,9217,62,21,1177,21,1177,6,2,0,2,0,0,38.27336999999999,239.642,0,
1566,116,806,7825,67,9,354,9,354,3,2,1,1,0,0,15.829739999999997,203.45,0,
1567,206,1083,11107,55,26,895,26,895,3,2,1,1,0,0,45.24395,288.782,0,
1568,323,1741,18053,88,32,2478,32,2478,10,4,0,4,0,0,60.929179999999995,469.378,0,
1569,121,789,6521,40,13,601,13,601,3,2,0,2,0,0,23.206809999999997,169.546,0,
1570,181,1118,11844,49,32,1311,30,1240,3,2,1,1,0,0,54.03618,307.94399999999996,0,
1571,181,1183,10254,80,34,2502,34,2403,5,1,0,1,0,0,63.97824999999999,266.604,0,
1572,168,1168,10257,98,23,1433,20,1227,6,5,3,2,0,0,38.534949999999995,266.68199999999996,0,
1573,133,939,8469,67,18,1065,15,800,4,2,1,1,0,0,28.932699999999997,220.194,0,
1574,131,884,8508,54,21,801,20,766,3,2,1,1,0,0,35.61876,221.208,0,
1575,153,960,9228,42,13,794,13,794,5,2,0,2,0,0,23.942139999999995,239.928,0,
1576,128,880,8564,35,21,818,21,818,3,2,1,1,0,0,36.90557999999999,222.664,0,
1577,112,812,7343,40,16,800,16,800,3,1,0,1,0,0,28.791999999999998,190.91799999999998,0,
1578,123,730,7199,34,10,444,10,444,5,1,0,1,0,0,17.78164,187.17399999999998,0,
1579,124,830,7777,40,14,679,14,679,5,2,0,2,0,0,25.112989999999996,202.202,0,
1580,207,1275,12483,141,33,2070,32,2017,5,3,1,2,0,0,59.71431,324.558,0,
1581,248,1508,14333,82,33,2033,33,2033,6,4,0,4,0,0,60.842729999999996,372.65799999999996,0,
1582,153,1020,9098,49,16,1109,16,1109,6,2,0,2,0,0,29.969289999999997,236.548,0,
1583,128,785,7620,39,19,867,19,867,3,1,0,1,0,0,33.874269999999996,198.12,0,
1584,161,1008,9972,48,26,1117,26,1117,3,3,0,3,0,0,46.089769999999994,259.272,0,
1585,141,959,9395,43,15,972,15,972,5,3,0,3,0,0,27.838319999999996,244.26999999999998,0,
1586,215,1206,12025,70,24,1329,24,1329,4,2,0,2,0,0,43.679489999999994,312.65,0,
1587,238,1382,14247,71,26,1652,26,1652,7,1,0,1,0,0,48.128119999999996,370.42199999999997,0,
1588,108,737,6597,53,12,503,9,301,2,1,1,0,0,0,17.303169999999998,171.522,0,
1589,110,824,7284,44,11,721,11,721,5,3,0,3,0,0,20.446009999999998,189.384,0,
1590,143,922,8419,53,10,717,10,717,5,3,1,2,0,0,18.821769999999997,218.89399999999998,0,
1591,112,777,7291,32,14,616,14,616,3,1,0,1,0,0,24.87296,189.566,0,
1592,197,1289,12795,85,35,1900,35,1900,6,3,0,3,0,0,63.554,332.66999999999996,0,
1593,186,1102,11203,45,28,1007,28,1007,1,0,0,0,0,0,48.88866999999999,291.27799999999996,0,
1594,183,1112,11931,82,18,1127,18,1127,6,5,1,4,0,0,33.255869999999994,310.20599999999996,0,
1595,190,1054,10668,51,26,1181,26,1181,4,3,0,3,0,0,46.33360999999999,277.368,0,
1596,105,678,7393,28,9,485,7,326,3,2,1,1,0,0,13.650679999999998,192.218,0,
1597,85,576,6245,23,5,267,5,267,3,2,1,1,0,0,9.062269999999998,162.37,0,
1598,132,835,8624,35,9,666,9,666,5,2,0,2,0,0,17.018459999999997,224.224,0,
1599,161,1012,9711,51,25,1096,25,1096,5,2,0,2,0,0,44.40076,252.486,0,
1600,156,1047,10312,54,15,1123,14,1025,7,1,1,0,0,0,27.02589,268.11199999999997,0,
1601,132,699,7244,21,6,269,6,269,3,1,0,1,0,0,10.678889999999999,188.344,0,
1602,137,684,7559,18,4,211,4,211,3,1,0,1,0,0,7.239909999999999,196.534,0,
1603,174,964,8748,43,16,702,16,702,4,2,0,2,0,0,28.418619999999997,227.44799999999998,0,
1604,194,1251,12146,63,37,1489,37,1489,4,0,0,0,0,0,65.20609,315.796,0,
1605,149,977,8574,48,24,1261,24,1261,4,3,0,3,0,0,43.42040999999999,222.92399999999998,0,
1606,212,1968,12868,690,33,1445,31,1243,4,4,1,3,0,0,55.81118999999999,334.568,0,
1607,163,1014,9642,63,25,1587,25,1587,5,1,0,1,0,0,46.271469999999994,250.69199999999998,0,
1608,219,1241,12071,112,23,1905,19,1457,8,3,2,1,0,0,38.56681,313.846,0,
1609,94,719,6721,47,3,280,3,280,5,2,1,1,0,0,5.893799999999999,174.74599999999998,0,
1610,123,706,7351,28,8,392,7,334,3,1,1,0,0,0,13.08298,191.126,0,
1611,142,829,8452,34,13,531,13,531,2,2,1,1,0,0,22.940109999999997,219.75199999999998,0,
1612,119,815,7133,40,12,606,12,606,4,3,0,3,0,0,21.61686,185.458,0,
1613,290,1737,18080,120,47,3164,45,3120,12,6,2,4,0,0,85.30212,470.08,0,
1614,145,934,9500,56,11,577,11,577,3,3,2,1,0,0,19.897370000000002,247,0,
1615,153,941,9789,43,19,694,19,694,4,2,0,2,0,0,33.21514,254.51399999999998,0,
1616,111,756,7381,28,11,360,11,360,3,3,2,1,0,0,19.0706,191.90599999999998,0,
1617,279,1693,16521,118,42,2717,40,2632,10,5,1,4,0,0,75.44622,429.546,0,
1618,263,1600,15362,96,51,2635,51,2635,6,4,0,4,0,0,92.09834999999998,399.412,0,
1619,152,1028,10879,48,29,1103,29,1103,4,2,1,1,0,0,50.863429999999994,282.854,0,
1620,159,1120,10341,69,18,1338,18,1338,5,3,0,3,0,0,34.059779999999996,268.866,0,
1621,156,1092,9926,91,26,1067,24,977,5,3,1,2,0,0,43.40257,258.07599999999996,0,
1622,138,866,8433,48,10,822,10,822,6,2,1,1,0,0,19.22182,219.25799999999998,0,
1623,150,936,9464,45,22,984,22,984,3,2,0,2,0,0,39.14704,246.064,0,
1624,170,1217,9834,121,24,1540,21,1342,4,3,1,2,0,0,40.57266,255.684,0,
1625,152,1019,9883,49,26,1006,26,1006,3,1,0,1,0,0,45.66686,256.95799999999997,0,
1626,219,1235,11519,78,39,1967,39,1967,5,2,0,2,0,0,70.24526999999999,299.49399999999997,0,
1627,209,1178,11304,56,20,1185,21,1184,6,3,1,2,0,0,37.822219999999994,293.904,0,
1628,136,799,7513,33,7,489,7,489,5,2,1,1,0,0,13.12609,195.338,0,
1629,143,940,8794,47,21,1013,21,1013,3,2,1,1,0,0,37.648529999999994,228.64399999999998,0,
1630,121,794,7322,28,7,636,7,636,5,2,0,2,0,0,13.686159999999997,190.37199999999999,0,
1631,200,1056,10676,77,18,621,18,621,4,3,1,2,0,0,31.328009999999995,277.57599999999996,0,
1632,120,749,6954,30,6,304,6,304,3,1,0,1,0,0,10.812239999999997,180.804,0,
1633,136,962,8308,61,18,1141,17,1072,5,1,1,0,0,0,31.997739999999997,216.00799999999998,0,
1634,150,928,9463,40,14,889,14,889,4,2,0,2,0,0,25.913089999999997,246.03799999999998,0,
1635,159,958,9203,34,11,685,11,685,4,2,0,2,0,0,20.30885,239.278,0,
1636,142,989,9414,80,10,729,10,729,6,2,1,1,0,0,18.867489999999997,244.76399999999998,0,
1637,129,874,7494,50,30,1316,30,1316,4,2,0,2,0,0,53.28396,194.844,0,
1638,199,1104,10690,78,20,1080,20,1080,7,5,2,3,0,0,36.2948,277.94,0,
1639,284,1628,15019,98,51,2463,51,2463,3,1,0,1,0,0,91.44303,390.49399999999997,0,
1640,172,1084,9435,67,29,1482,29,1482,6,1,0,1,0,0,52.30742,245.31,0,
1641,123,757,6600,40,17,837,17,768,4,1,0,1,0,0,30.360499999999995,171.6,0,
1642,129,795,7935,43,12,737,12,737,4,1,0,1,0,0,22.115969999999997,206.31,0,
1643,147,948,9123,49,20,1048,20,1048,3,1,0,1,0,0,36.17288,237.19799999999998,0,
1644,214,1556,12957,128,35,1759,35,1759,3,3,1,2,0,0,63.01679,336.882,0,
1645,108,705,7433,36,13,468,11,331,3,2,1,1,0,0,20.07977,193.25799999999998,0,
1646,131,842,8220,35,15,612,15,612,4,2,0,2,0,0,26.46672,213.72,0,
1647,239,1297,12983,71,30,1524,29,1488,3,2,1,1,0,0,52.85175999999999,337.558,0,
1648,128,754,6927,33,8,379,8,379,3,2,0,2,0,0,14.315989999999998,180.102,0,
1649,161,980,8001,63,21,1046,21,1046,4,2,0,2,0,0,37.77426,208.02599999999998,0,
1650,145,886,8866,40,13,648,13,648,5,3,1,2,0,0,23.385879999999997,230.516,0,
1651,120,851,8473,38,9,696,9,669,5,3,2,1,0,0,17.061749999999996,220.298,0,
1652,183,1047,8648,78,15,1058,15,1058,5,3,1,2,0,0,28.16598,224.84799999999998,0,
1653,158,907,8557,43,21,931,21,931,3,0,0,0,0,0,37.33611,222.482,0,
1654,118,766,7604,44,16,879,16,879,5,4,0,4,0,0,29.092989999999997,197.70399999999998,0,
1655,94,603,5782,24,7,222,7,222,3,0,0,0,0,0,12.10882,150.332,0,
1656,189,1085,10521,39,12,740,12,740,5,4,1,3,0,0,22.127399999999998,273.546,0,
1657,189,1113,10408,48,19,1172,19,1172,4,0,0,0,0,0,35.036319999999996,270.608,0,
1658,119,666,6310,42,5,306,4,250,3,2,2,0,0,0,7.933579999999999,164.06,0,
1659,253,1517,15098,80,46,1807,45,1734,5,1,1,0,0,0,79.57667999999998,392.548,0,
1660,187,1154,11965,61,29,1489,29,1489,5,2,0,2,0,0,52.334089999999996,311.09,0,
1661,113,825,6835,41,16,754,16,754,6,2,0,2,0,0,28.616739999999997,177.70999999999998,0,
1662,90,664,6794,39,4,184,4,184,3,2,1,1,0,0,7.13704,176.644,0,
1663,190,1158,12394,58,41,1608,41,1608,4,3,0,3,0,0,72.09548,322.24399999999997,0,
1664,113,803,7281,38,11,575,11,575,4,2,0,2,0,0,19.88975,189.30599999999998,0,
1665,138,767,7254,26,6,355,6,355,6,3,0,3,0,0,11.006549999999999,188.60399999999998,0,
1666,112,717,7162,33,13,425,13,425,3,0,0,0,0,0,22.53625,186.212,0,
1667,154,875,7640,54,9,500,9,437,2,2,1,1,0,0,16.220309999999998,198.64,0,
1668,161,1189,10484,77,26,1288,25,1113,3,2,1,1,0,0,45.15103,272.584,0,
1669,128,825,8171,37,12,523,12,523,4,3,1,2,0,0,21.300629999999998,212.446,0,
1670,157,948,9410,41,10,563,8,511,3,2,1,1,0,0,15.83827,244.66,0,
1671,166,1120,10376,62,30,1460,30,1460,4,1,0,1,0,0,53.8326,269.776,0,
1672,97,635,6559,19,3,172,3,172,3,2,1,1,0,0,5.482319999999999,170.534,0,
1673,184,1104,11187,53,24,1092,24,1092,5,4,2,2,0,0,42.77652,290.86199999999997,0,
1674,184,1103,9822,52,13,1094,13,1094,7,2,0,2,0,0,25.08514,255.37199999999999,0,
1675,156,897,8885,34,13,533,13,533,3,2,1,1,0,0,22.947729999999996,231.01,0,
1676,90,665,5694,32,10,484,10,445,2,1,0,1,0,0,17.831469999999996,148.04399999999998,0,
1677,562,6684,29813,1642,4155,268573,46,3693,13,8,3,5,0,0,2368.8537300000003,775.1379999999999,2,limit
1678,170,1280,11063,93,21,1423,21,1423,8,5,3,2,0,0,39.210629999999995,287.638,0,
1679,183,1163,11557,59,28,1362,28,1362,4,4,0,4,0,0,50.24122,300.48199999999997,0,
1680,144,1020,9454,69,19,1026,18,940,3,1,1,0,0,0,33.12387999999999,245.804,0,
1681,177,1197,10992,105,29,1526,27,1311,4,4,1,3,0,0,49.649609999999996,285.792,0,
1682,461,1728,18510,69,35,1539,35,1539,2,0,0,0,0,0,62.17859,481.26,0,
1683,141,929,9016,52,24,1384,24,1384,5,2,0,2,0,0,43.889039999999994,234.416,0,
1684,140,1000,9241,70,22,1018,22,1018,3,2,1,1,0,0,39.27658,240.266,0,
1685,91,670,6301,33,10,493,10,493,3,2,0,2,0,0,17.968329999999998,163.826,0,
1686,190,1060,10624,50,26,1052,26,1052,3,1,0,1,0,0,45.842119999999994,276.224,0,
1687,162,1083,10467,54,14,1156,14,1156,7,3,1,2,0,0,26.930359999999997,272.142,0,
1688,109,641,6489,15,3,137,3,137,3,1,0,1,0,0,5.34897,168.714,0,
1689,194,1201,12476,92,24,1449,22,1405,8,5,2,3,0,0,41.76097,324.376,0,
1690,156,1069,10363,95,28,1138,26,1061,5,3,1,2,0,0,46.92527,269.438,0,
1691,449,2828,24219,226,54,4499,52,4428,15,7,2,5,0,0,101.58045999999999,629.694,0,
1692,145,983,8897,70,13,783,13,783,5,4,3,1,0,0,23.900229999999997,231.322,0,
1693,176,986,9198,52,15,808,14,759,4,4,3,1,0,0,25.954609999999995,239.148,0,
1694,211,1055,10523,38,13,585,13,585,2,1,0,1,0,0,23.145849999999996,273.598,0,
1695,181,1258,10950,117,28,1763,22,1589,6,5,3,2,0,0,44.53141,284.7,0,
1696,165,982,9291,57,20,997,20,997,3,2,1,1,0,0,35.97857,241.566,0,
1697,101,563,5842,15,2,127,2,127,2,0,0,0,0,0,3.70187,151.892,0,
1698,164,1061,9977,103,17,1042,16,994,3,3,1,2,0,0,30.066779999999998,259.402,0,
1699,143,944,9965,43,19,873,19,873,5,4,1,3,0,0,33.89713,259.09,0,
1700,271,1327,13323,59,27,1159,27,1159,4,2,0,2,0,0,47.85879,346.39799999999997,0,
1701,156,965,9157,52,23,919,23,919,3,0,0,0,0,0,40.50839,238.082,0,
1702,127,832,7989,41,14,692,14,692,6,2,1,1,0,0,25.16252,207.714,0,
1703,197,1124,10365,47,17,1149,17,1149,3,1,0,1,0,0,31.730689999999996,269.49,0,
1704,120,829,7877,35,12,459,12,459,3,2,1,1,0,0,21.05679,204.802,0,
1705,129,799,8158,38,18,773,18,773,5,3,0,3,0,0,31.907129999999995,212.108,0,
1706,150,2024,8966,1013,12,643,12,643,5,3,1,2,0,0,21.75783,233.11599999999999,2,limit
1707,110,803,6485,40,9,490,9,490,3,0,0,0,0,0,16.347899999999996,168.60999999999999,0,
1708,226,1486,14158,128,26,1810,22,1644,7,3,2,1,0,0,43.77352,368.108,0,
1709,170,1077,9533,67,21,1147,19,1093,6,3,1,2,0,0,35.75704999999999,247.85799999999998,0,
1710,178,1092,10166,62,31,1340,31,1340,4,2,0,2,0,0,54.984399999999994,264.316,0,
1711,147,897,8695,41,18,619,18,619,4,2,1,1,0,0,31.32039,226.07,0,
1712,142,871,8786,46,20,907,20,907,3,0,0,0,0,0,35.63567,228.43599999999998,0,
1713,179,1073,10251,53,15,994,13,926,5,2,1,1,0,0,25.483299999999996,266.526,0,
1714,355,2175,20835,185,46,3383,42,3178,13,9,3,6,0,0,81.84408,541.7099999999999,0,
1715,188,1322,11866,127,30,1322,29,1295,3,3,1,2,0,0,52.10581,308.51599999999996,0,
1716,113,726,6899,31,9,410,9,410,3,1,0,1,0,0,16.0431,179.374,0,
1717,79,549,6205,18,6,202,6,202,3,1,0,1,0,0,10.42362,161.32999999999998,0,
1718,109,659,6369,22,4,216,4,216,3,2,1,1,0,0,7.25896,165.594,0,
1719,124,759,7310,32,10,501,10,501,3,2,0,2,0,0,17.99881,190.06,0,
1720,123,737,8159,33,16,499,16,499,2,1,0,1,0,0,27.64519,212.134,0,
1721,134,886,8531,44,15,993,15,993,5,3,0,3,0,0,27.918329999999997,221.80599999999998,0,
1722,151,999,9412,65,14,976,11,726,4,3,1,2,0,0,22.197059999999997,244.712,0,
1723,132,858,8946,53,15,610,15,610,3,3,1,2,0,0,26.459099999999996,232.59599999999998,0,
1724,107,651,6868,24,7,277,7,277,3,1,0,1,0,0,12.318369999999998,178.56799999999998,0,
1725,129,764,7425,32,10,466,10,466,4,2,0,2,0,0,17.86546,193.04999999999998,0,
1726,225,1163,11636,61,25,1232,25,1232,4,3,1,2,0,0,44.91892,302.536,0,
1727,189,1141,10743,63,22,1350,22,1256,5,2,0,2,0,0,40.29428,279.318,0,
1728,151,954,8996,49,13,1016,13,1016,4,2,0,2,0,0,24.787959999999998,233.896,0,
1729,90,595,6277,23,4,228,4,228,3,2,1,1,0,0,7.304679999999999,163.202,0,
1730,241,1439,13355,77,22,1625,22,1625,7,1,0,1,0,0,41.58925,347.22999999999996,0,
1731,147,972,8939,62,23,1063,21,1010,3,2,1,1,0,0,38.65764,232.414,0,
1732,87,584,5074,28,5,252,5,252,4,1,0,1,0,0,9.00512,131.924,0,
1733,137,852,8826,42,14,680,12,612,6,5,3,2,0,0,22.677959999999995,229.476,0,
1734,112,770,6957,34,11,526,11,526,2,1,0,1,0,0,19.703059999999997,180.882,0,
1735,129,793,8022,41,21,686,21,686,3,2,0,2,0,0,36.40266,208.572,0,
1736,172,974,9661,56,27,1482,27,1482,4,3,0,3,0,0,49.089420000000004,251.18599999999998,0,
1737,159,1032,10771,52,35,1066,35,1066,3,1,0,1,0,0,60.376459999999994,280.046,0,
1738,201,1240,12665,65,30,1225,30,1225,6,3,0,3,0,0,52.93725,329.28999999999996,0,
1739,123,779,7362,36,15,643,15,643,2,1,0,1,0,0,26.58483,191.41199999999998,0,
1740,102,672,7388,26,11,352,11,352,2,2,0,2,0,0,19.040119999999998,192.088,0,
1741,171,1163,10976,82,31,1886,31,1886,5,2,0,2,0,0,57.064659999999996,285.376,0,
1742,167,821,9254,24,7,299,7,299,3,1,0,1,0,0,12.40219,240.60399999999998,0,
1743,142,889,9801,49,16,803,15,757,4,1,1,0,0,0,27.55245,254.826,0,
1744,175,1059,10757,73,29,1707,29,1707,6,3,0,3,0,0,53.164669999999994,279.68199999999996,0,
1745,83,589,5832,19,4,150,4,150,4,2,1,1,0,0,7.007499999999999,151.632,0,
1746,199,1243,12497,62,28,1457,28,1457,6,2,0,2,0,0,50.60317,324.92199999999997,0,
1747,105,668,6558,25,3,256,3,256,4,1,0,1,0,0,5.80236,170.50799999999998,0,
1748,125,650,6072,19,5,248,5,248,3,0,0,0,0,0,8.989880000000001,157.87199999999999,0,
1749,253,1644,16561,86,47,2434,45,2308,7,5,2,3,0,0,82.30516,430.58599999999996,0,
1750,255,1613,15605,104,50,2780,50,2780,2,2,0,2,0,0,91.0418,405.72999999999996,0,
1751,184,1320,10259,123,26,1289,26,1289,5,3,0,3,0,0,46.74509,266.734,0,
1752,243,1580,14693,87,43,2228,43,2228,3,1,0,1,0,0,77.67567999999999,382.018,0,
1753,351,2188,19408,192,74,5634,61,4112,7,5,2,3,0,0,121.83867999999998,504.608,0,
1754,3000,13444,147150,1049,595,40039,595,40039,6,5,1,4,0,0,1109.90359,3825.8999999999996,0,
1755,378,2506,25063,142,105,4185,105,4185,3,1,0,1,0,0,184.88985,651.6379999999999,0,
1756,248,1551,15284,90,46,1825,46,1825,6,5,1,4,0,0,80.96724999999999,397.38399999999996,0,
1757,395,2781,23194,330,118,7250,115,7063,8,3,1,2,0,0,213.60269,603.044,0,
1758,3000,13932,146359,1097,781,44623,781,44623,1,0,0,0,0,0,1426.64263,3805.334,0,
1759,189,1389,10698,136,27,1671,24,1234,5,1,1,0,0,0,45.2702,278.14799999999997,0,
1760,375,2390,24383,138,94,3483,94,3483,3,3,0,3,0,0,164.51622999999998,633.958,0,
1761,3000,14077,144156,1071,734,41456,734,41456,5,2,0,2,0,0,1338.95336,3748.056,0,
1762,204,1404,11582,88,16,1084,15,1054,7,4,2,2,0,0,28.66514,301.132,0,
1763,3000,13920,139172,1445,1076,57734,1076,57734,3,1,0,1,0,0,1951.25054,3618.4719999999998,0,
1764,421,2783,26767,193,102,4722,102,4722,10,7,1,6,0,0,182.10881999999998,695.942,0,
1765,592,3475,38850,181,172,6778,172,6778,6,3,0,3,0,0,302.57218,1010.0999999999999,0,
1766,186,1070,9603,54,20,912,20,912,6,1,0,1,0,0,35.65472,249.678,0,
1767,193,1063,10593,81,12,668,12,668,6,5,2,3,0,0,21.85308,275.418,0,
1768,243,1308,12836,71,18,1333,18,1333,8,2,1,1,0,0,34.040729999999996,333.736,0,
1769,3000,13802,148559,1239,874,59467,874,59467,0,0,0,0,0,0,1632.8352699999998,3862.5339999999997,0,
1770,3000,13538,156436,1165,980,57494,980,57494,1,0,0,0,0,0,1795.8721399999997,4067.336,0,
1771,3000,15492,146262,1734,822,86770,823,85865,3,2,0,2,0,0,1651.9415499999998,3802.812,0,
1772,575,3342,31995,238,69,4553,66,4493,17,9,3,6,0,0,124.82013,831.87,0,
1773,221,1268,11033,56,17,850,17,850,5,3,0,3,0,0,30.591499999999996,286.858,0,
1774,172,1190,11359,127,27,1461,27,1461,4,3,0,3,0,0,49.009409999999995,295.334,0,
1775,3000,14121,143284,1109,755,45034,755,45034,3,2,1,1,0,0,1386.3745399999998,3725.384,0,
1776,3000,13938,144021,1016,690,39822,690,39822,3,2,0,2,0,0,1261.93182,3744.546,0,
1777,223,1526,13224,83,29,1682,29,1682,5,3,1,2,0,0,53.069419999999994,343.824,0,
1778,223,1321,12237,124,27,1382,26,1219,2,2,1,1,0,0,47.14973,318.162,0,
1779,268,1610,14866,111,47,4195,47,4195,7,3,3,0,0,0,91.60594999999998,386.51599999999996,0,
1780,197,1375,12122,108,24,1759,19,1475,7,4,2,2,0,0,38.920869999999994,315.17199999999997,0,
1781,196,1056,9963,48,15,658,13,580,3,2,1,1,0,0,24.17684,259.038,0,
1782,264,1682,15263,98,46,2528,46,2528,5,3,1,2,0,0,83.64568,396.83799999999997,0,
1783,150,996,9562,56,20,1139,18,1092,6,3,2,1,0,0,34.135979999999996,248.612,0,
1784,422,2475,24236,200,103,7253,102,7241,12,6,1,5,0,0,192.19937,630.136,0,
1785,138,1012,8266,52,17,1065,17,1065,5,1,0,1,0,0,31.410649999999997,214.916,0,
1786,3000,14527,145009,2090,1094,182218,1094,182218,3,2,0,2,0,0,2454.49658,3770.234,0,
1787,135,958,8354,89,11,641,9,506,4,2,1,1,0,0,17.52616,217.20399999999998,0,
1788,137,973,7265,53,16,688,16,688,4,1,0,1,0,0,28.365279999999995,188.89,0,
1789,192,1300,11356,92,37,2333,37,2333,5,1,0,1,0,0,68.42173,295.256,0,
1790,416,2416,24650,147,75,3706,73,3650,4,3,2,1,0,0,132.38757999999999,640.9,0,
1791,106,737,6917,31,5,203,5,203,4,2,1,1,0,0,8.81843,179.84199999999998,0,
1792,177,1072,10234,59,24,1297,24,1297,6,3,0,3,0,0,43.55757,266.084,0,
1793,3000,14640,155512,1196,980,43079,980,43079,1,0,0,0,0,0,1740.9509899999996,4043.312,0,
1794,121,966,7407,122,20,1203,17,1081,4,4,1,3,0,0,33.052569999999996,192.582,0,
1795,189,1265,11336,58,25,1304,25,1304,3,1,0,1,0,0,45.19323999999999,294.736,0,
1796,497,3095,30591,166,131,5980,131,5980,4,0,0,0,0,0,233.56279999999995,795.366,0,
1797,176,1225,11195,66,22,1201,22,1201,6,1,1,0,0,0,39.97381,291.07,0,
1798,3000,17605,180687,1249,777,46321,773,46224,10,7,3,4,0,0,1421.9009,4697.862,0,
1799,124,854,7321,41,10,418,10,418,4,1,0,1,0,0,17.68258,190.346,0,
1800,389,2463,23259,235,85,8646,83,8165,14,4,3,1,0,0,166.18123,604.7339999999999,0,
1801,3000,13624,151299,1104,906,46399,906,46399,0,0,0,0,0,0,1634.5341899999999,3933.774,0,
1802,171,1069,8818,63,8,836,7,735,7,2,2,0,0,0,14.661529999999999,229.268,0,
1803,419,2511,27846,171,118,4749,118,4749,7,2,0,2,0,0,207.95568999999998,723.996,0,
1804,128,816,7500,55,9,685,8,631,5,2,1,1,0,0,15.818829999999998,195,0,
1805,312,1862,18610,122,70,4808,70,4808,3,1,0,1,0,0,130.94848,483.85999999999996,0,
1806,216,1262,12547,72,25,1357,25,1285,5,4,1,3,0,0,45.20581,326.222,0,
1807,156,949,8584,42,15,834,15,834,3,0,0,0,0,0,27.31254,223.184,0,
1808,122,861,8399,38,14,704,14,704,4,3,1,2,0,0,25.20824,218.374,0,
1809,243,1358,13185,56,31,1284,31,1284,6,2,0,2,0,0,54.77103999999999,342.81,0,
1810,239,1509,14426,70,45,1941,45,1941,5,1,0,1,0,0,79.80020999999999,375.07599999999996,0,
1811,325,2106,19617,177,47,3642,36,2786,10,3,3,0,0,0,74.81773999999999,510.042,0,
1812,229,1338,12715,54,21,1102,19,1049,5,3,1,2,0,0,35.588229999999996,330.59,0,
1813,174,1157,10610,80,29,1892,27,1749,7,4,2,2,0,0,51.233430000000006,275.86,0,
1814,342,1789,17223,85,57,2112,57,2077,5,2,0,2,0,0,99.66766999999999,447.798,0,
1815,130,894,8869,39,15,795,13,603,3,3,2,1,0,0,24.398989999999998,230.594,0,
1816,3000,15723,151934,1217,867,43429,867,43450,5,4,0,4,0,0,1560.52272,3950.2839999999997,0,
1817,3000,13207,153814,1110,951,56410,951,56410,1,1,0,1,0,0,1745.0810999999999,3999.1639999999998,0,
1818,195,1162,9121,57,15,995,15,995,5,3,0,3,0,0,27.92595,237.146,0,
1819,123,741,7212,32,6,441,6,441,3,1,0,1,0,0,11.334209999999999,187.512,0,
1820,3000,13826,151224,1036,809,43489,807,43449,3,2,1,1,0,0,1465.00889,3931.8239999999996,0,
1821,469,2731,27664,207,64,4611,62,4536,14,11,3,8,0,0,118.08666,719.264,0,
1822,3000,13174,158462,1036,1029,47794,1029,47794,0,0,0,0,0,0,1837.75614,4120.012,0,
1823,186,1354,12061,156,38,1633,38,1633,3,2,0,2,0,0,67.36373,313.586,0,
1824,530,2936,30040,158,60,4158,56,3960,14,8,2,6,0,0,107.34123999999998,781.04,0,
1825,3000,14193,144705,1201,784,48732,784,48732,0,0,0,0,0,0,1447.12492,3762.33,0,
1826,114,901,7666,46,8,372,8,372,3,2,0,2,0,0,14.289319999999998,199.316,0,
1827,258,1703,15410,156,48,2796,45,2670,9,4,2,2,0,0,84.16337999999999,400.65999999999997,0,
1828,3000,14397,145101,1455,1044,54898,1044,54898,1,1,0,1,0,0,1888.9573799999998,3772.6259999999997,0,
1829,160,1328,11436,105,23,1132,23,1132,6,3,0,3,0,0,41.319919999999996,297.336,0,
1830,3000,15524,142930,2703,1115,313638,1115,313638,2,2,0,2,0,0,2988.9957799999997,3716.18,0,
1831,130,1021,8399,74,9,420,9,420,4,3,1,2,0,0,16.0812,218.374,0,
1832,181,1082,10486,60,25,1660,22,1311,5,3,2,1,0,0,42.24173,272.63599999999997,0,
1833,224,1379,12974,73,25,1510,24,1450,6,2,1,1,0,0,44.69029999999999,337.324,0,
1834,3000,14826,141577,2216,1123,176309,1123,176309,3,1,0,1,0,0,2478.6442899999997,3681.002,0,
1835,309,2070,17588,137,47,2056,47,2056,6,3,1,2,0,0,83.45635999999999,457.28799999999995,0,
1836,231,1475,13450,74,26,1767,26,1767,8,5,0,5,0,0,48.566269999999996,349.7,0,
1837,3000,13666,145727,1341,816,44419,816,44419,2,2,0,2,0,0,1482.18039,3788.902,0,
1838,3000,13732,157654,1292,1018,57325,1018,57325,0,0,0,0,0,0,1856.37025,4099.004,0,
1839,122,954,7837,52,7,482,7,482,5,2,1,1,0,0,13.099419999999999,203.762,0,
1840,3000,14605,146798,1305,777,46477,777,46477,9,2,0,2,0,0,1427.27037,3816.748,0,
1841,421,2859,26117,195,104,5185,104,5185,5,0,0,0,0,0,187.09085,679.0419999999999,0,
1842,292,1797,16972,101,40,2152,39,2098,6,5,3,2,0,0,71.2871,441.272,0,
1843,99,877,6730,49,9,431,9,431,3,0,0,0,0,0,16.123109999999997,174.98,0,
1844,398,3014,23123,313,80,4935,79,4898,6,5,1,4,0,0,146.29504,601.198,0,
1845,140,984,8850,68,14,708,14,708,4,1,0,1,0,0,25.22348,230.1,0,
1846,142,922,7850,46,12,644,12,644,5,3,0,3,0,0,21.761639999999996,204.1,0,
1847,219,1168,11761,70,22,1266,21,1240,6,3,1,2,0,0,39.02308,305.786,0,
1848,236,1561,15677,89,60,2128,60,2128,4,3,0,3,0,0,104.64768,407.602,0,
1849,467,2695,28017,138,107,3324,107,3324,4,1,0,1,0,0,184.82743999999997,728.442,0,
1850,196,1147,11371,66,25,1767,23,1609,8,4,2,2,0,0,44.28173,295.64599999999996,0,
1851,404,2427,24011,173,74,4625,74,4625,12,7,2,5,0,0,136.68724999999998,624.286,0,
1852,3000,14368,152956,1585,1055,87323,1055,87323,0,0,0,0,0,0,2030.1956299999997,3976.8559999999998,0,
1853,122,871,7418,37,8,335,8,335,4,2,0,2,0,0,14.148349999999999,192.868,0,
1854,121,873,6908,39,14,657,14,657,3,1,0,1,0,0,25.02917,179.608,0,
1855,112,907,7969,64,20,809,19,729,5,3,2,1,0,0,33.921890000000005,207.194,0,
1856,625,3485,35293,216,95,6176,88,6043,14,10,5,5,0,0,168.12577,917.6179999999999,0,
1857,141,984,8391,52,14,694,14,694,4,0,0,0,0,0,25.17014,218.166,0,
1858,282,1655,15483,96,36,2329,36,2329,11,3,0,3,0,0,66.79749,402.558,0,
1859,326,2021,18174,115,63,3617,63,3617,4,1,0,1,0,0,115.14777,472.524,0,
1860,394,2696,23683,199,90,4371,90,4371,4,2,0,2,0,0,161.46351,615.7579999999999,0,
1861,140,1042,9791,60,15,969,13,930,5,3,1,2,0,0,25.46432,254.566,0,
1862,238,1617,14918,197,39,2800,40,2868,9,5,1,4,0,0,74.72784,387.868,0,
1863,3000,13971,141078,1781,952,140881,952,140881,6,2,0,2,0,0,2068.52461,3668.028,0,
1864,387,2605,23416,276,63,4409,60,4024,17,9,3,6,0,0,113.76274,608.8159999999999,0,
1865,146,995,8667,84,18,1008,17,857,6,2,1,1,0,0,31.27535,225.34199999999998,0,
1866,135,2347,7742,1111,9,489,8,414,4,1,1,0,0,0,15.01684,201.292,1,limit
1867,3000,14433,147458,1242,771,42697,768,42549,7,4,2,2,0,0,1399.43533,3833.908,0,
1868,474,3456,26517,377,130,8287,129,8208,8,3,0,3,0,0,239.40569999999997,689.442,0,
1869,551,3651,33864,356,155,7819,154,7769,6,4,3,1,0,0,277.92389,880.4639999999999,0,
1870,394,2531,22705,162,54,4307,51,4274,14,8,1,7,0,0,99.81888000000001,590.3299999999999,0,
1871,243,1450,14217,68,48,1684,48,1684,4,1,0,1,0,0,83.64804,369.642,0,
1872,129,794,7170,35,6,252,6,252,5,2,0,2,0,0,10.61412,186.42,0,
1873,173,928,8868,36,10,409,8,330,4,2,1,1,0,0,15.18052,230.56799999999998,0,
1874,251,1492,13988,86,32,2294,32,2294,4,0,0,0,0,0,60.228139999999996,363.688,0,
1875,3000,14307,153338,1176,898,56511,894,56411,6,3,2,1,0,0,1655.40591,3986.788,0,
1876,172,1057,9097,63,21,1081,21,1081,4,2,0,2,0,0,37.90760999999999,236.522,0,
1877,133,941,8011,39,8,421,8,421,5,2,0,2,0,0,14.476009999999999,208.286,0,
1878,553,3425,31878,246,106,6164,106,6164,13,9,3,6,0,0,194.03884,828.828,0,
1879,427,2490,26230,122,81,3474,81,3474,5,2,0,2,0,0,143.56493999999998,681.98,0,
1880,426,2507,22136,147,67,4363,65,4318,12,3,1,2,0,0,122.04767999999999,575.536,0,
1881,330,1618,16128,86,38,2130,38,2130,2,1,0,1,0,0,69.2573,419.328,0,
1882,146,987,9500,67,15,871,14,714,7,4,2,2,0,0,25.9106,247,0,
1883,156,968,8370,54,17,829,17,829,4,1,1,0,0,0,30.511489999999995,217.61999999999998,0,
1884,3000,14118,146819,1234,805,44113,805,44113,2,2,0,2,0,0,1463.3155299999999,3817.294,0,
1885,392,2038,18778,125,34,2588,31,2401,7,5,2,3,0,0,60.68447,488.22799999999995,0,
1886,384,2341,21630,126,46,2928,46,2928,11,8,0,8,0,0,85.16968,562.38,0,
1887,160,912,8346,33,11,459,11,459,3,1,0,1,0,0,19.44779,216.99599999999998,0,
1888,170,1226,10781,116,24,1164,24,1164,6,3,0,3,0,0,43.05084,280.306,0,
1889,344,1900,19024,108,59,3145,59,3145,3,1,0,1,0,0,106.91344999999998,494.62399999999997,0,
1890,526,3378,35443,200,161,6435,161,6435,5,4,1,3,0,0,283.56635,921.5179999999999,0,
1891,427,2714,26539,172,98,4353,96,4292,4,3,1,2,0,0,171.8465,690.014,0,
1892,3000,14358,154049,1166,927,58203,927,58203,3,3,0,3,0,0,1713.2964299999999,4005.274,0,
1893,3000,12865,139825,1097,501,39268,501,39268,4,3,0,3,0,0,955.72008,3635.45,0,
1894,158,1208,8975,102,31,1824,31,1824,3,0,0,0,0,0,56.82843999999999,233.35,0,
1895,382,2481,21759,202,76,4302,76,4264,5,2,1,1,0,0,138.57467999999997,565.7339999999999,0,
1896,441,2930,25322,207,104,6221,103,6232,7,3,0,3,0,0,189.93694,658.372,0,
1897,3000,13158,139807,960,578,39919,578,39919,4,2,0,2,0,0,1082.09339,3634.982,0,
1898,120,896,6758,38,7,361,7,361,3,1,0,1,0,0,12.638409999999999,175.708,0,
1899,313,1843,18710,117,48,3228,47,3168,10,5,2,3,0,0,88.24287999999999,486.46,0,
1900,3000,14953,141013,1585,1015,57249,1012,56901,6,3,2,1,0,0,1846.9484499999999,3666.3379999999997,0,
1901,92,730,6598,32,7,317,5,211,3,1,1,0,0,0,9.93199,171.548,0,
1902,283,1941,17576,224,53,2537,51,2414,7,4,1,3,0,0,92.35948,456.976,0,
1903,307,1922,17747,131,49,4050,49,4050,8,5,0,5,0,0,94.2715,461.42199999999997,0,
1904,248,1394,13052,87,27,1677,22,1364,9,6,4,2,0,0,43.35918,339.352,0,
1905,97,654,6847,28,4,179,4,179,3,2,1,1,0,0,7.117989999999999,178.022,0,
1906,246,1387,13003,65,23,1254,23,1254,7,3,0,3,0,0,41.78474,338.078,0,
1907,325,2022,20872,110,89,3119,89,3119,3,0,0,0,0,0,155.08438999999998,542.672,0,
1908,3000,13486,148392,1047,793,42740,793,42740,2,0,0,0,0,0,1438.7763999999997,3858.192,0,
1909,111,922,6790,90,10,520,10,520,3,1,0,1,0,0,18.071199999999997,176.54,0,
1910,211,1313,12361,60,28,1227,28,1227,3,2,0,2,0,0,49.72687,321.38599999999997,0,
1911,396,2318,23254,187,102,5695,99,5598,8,4,2,2,0,0,182.17083999999997,604.6039999999999,0,
1912,137,929,8493,41,16,794,16,794,3,1,0,1,0,0,28.76914,220.81799999999998,0,
1913,179,988,9379,48,21,1016,21,1016,3,1,0,1,0,0,37.65996,243.85399999999998,0,
1914,3000,14145,152675,1148,891,57375,887,57226,4,2,2,0,0,0,1647.3058800000001,3969.5499999999997,0,
1915,3000,14615,146490,1434,1043,52566,1043,52566,2,2,0,2,0,0,1878.46346,3808.74,0,
1916,152,1203,10427,117,13,1098,12,1007,8,6,2,4,0,0,23.731049999999996,271.102,0,
1917,341,2238,22110,124,83,3682,83,3682,6,3,0,3,0,0,147.57541999999998,574.86,0,
1918,3000,13343,155567,1140,990,60024,990,60024,2,1,0,1,0,0,1821.60144,4044.7419999999997,0,
1919,161,1228,10489,57,19,1144,19,1144,5,4,1,3,0,0,34.92964,272.714,0,
1920,160,1129,10516,58,24,1320,24,1320,4,2,0,2,0,0,43.645199999999996,273.416,0,
1921,535,3188,30976,198,61,4969,57,4742,15,7,2,5,0,0,111.96387999999999,805.376,0,
1922,615,3817,38408,294,159,7395,159,7395,4,1,0,1,0,0,284.00595,998.608,0,
1923,3000,14029,161623,1145,1032,43037,1032,43037,1,1,0,1,0,0,1824.45897,4202.197999999999,0,
1924,319,2070,19944,123,48,3079,46,3007,5,2,1,1,0,0,86.51363,518.544,0,
1925,284,1577,16526,93,36,1947,34,1854,8,2,1,1,0,0,62.83747999999999,429.676,0,
1926,311,1847,15505,152,51,6139,51,6048,9,3,0,3,0,0,105.20926,403.13,0,
1927,429,2646,25607,168,97,4853,97,4853,5,2,0,2,0,0,174.56292999999997,665.7819999999999,0,
1928,296,1949,19335,121,62,3016,62,3016,8,5,0,5,0,0,111.24896,502.71,0,
1929,362,2276,21968,130,75,4212,75,4212,5,2,0,2,0,0,136.72271999999998,571.168,0,
1930,291,1701,19057,101,59,2307,57,2263,5,3,1,2,0,0,101.34495,495.48199999999997,0,
1931,135,990,9366,47,25,944,25,944,3,1,0,1,0,0,43.821639999999995,243.516,0,
1932,412,2585,23580,265,97,4946,97,5097,5,5,1,4,0,0,175.31439,613.0799999999999,0,
1933,249,1176,12030,44,14,687,14,687,2,2,1,1,0,0,25.143469999999997,312.78,0,
1934,107,750,7685,30,8,337,8,337,3,3,2,1,0,0,14.155969999999998,199.81,0,
1935,3000,13247,142071,987,663,38893,663,38893,4,1,1,0,0,0,1214.94933,3693.846,0,
1936,268,1969,16677,182,40,2803,38,2566,12,9,3,6,0,0,72.15612,433.602,0,
1937,538,3084,31293,226,71,5668,70,5613,17,12,3,9,0,0,134.55943,813.6179999999999,0,
1938,164,1166,10193,65,17,1099,17,1099,7,4,0,4,0,0,31.54019,265.018,0,
1939,181,1140,11403,58,29,1437,29,1437,4,1,0,1,0,0,52.13597,296.478,0,
1940,193,1188,12066,58,27,1151,27,1151,4,3,0,3,0,0,47.82831,313.716,0,
1941,226,1428,13148,101,38,2963,38,2963,4,2,0,2,0,0,72.43102999999999,341.84799999999996,0,
1942,361,2252,22616,122,75,3286,75,3286,5,0,0,0,0,0,133.19465999999997,588.016,0,
1943,169,1091,10245,81,17,979,15,873,8,4,2,2,0,0,28.544209999999996,266.37,0,
1944,509,2937,28818,218,88,7722,86,7627,14,7,1,6,0,0,168.50297,749.2679999999999,0,
1945,228,1534,13963,85,40,2082,40,2082,4,1,0,1,0,0,72.29241999999999,363.038,0,
1946,229,1525,12076,206,46,3919,45,3713,7,4,0,4,0,0,87.27361,313.976,0,
1947,393,2393,25907,145,107,5108,107,5108,5,2,0,2,0,0,191.62447999999998,673.582,0,
1948,339,2208,21658,143,77,3522,76,3490,5,3,1,2,0,0,136.09766,563.108,0,
1949,153,885,7844,48,9,523,9,523,6,2,1,1,0,0,16.473629999999996,203.944,0,
1950,252,1634,16275,91,44,2257,44,2257,3,2,0,2,0,0,79.39517000000001,423.15,0,
1951,3000,14691,144508,1494,1085,54416,1085,54416,0,0,0,0,0,0,1953.08996,3757.2079999999996,0,
1952,279,1861,16978,103,35,2202,35,2202,5,3,0,3,0,0,64.70461999999999,441.428,0,
1953,120,728,7353,21,4,164,4,164,2,2,1,1,0,0,7.06084,191.178,0,
1954,3000,13532,139261,1170,496,38990,495,38899,8,4,1,3,0,0,945.2465699999999,3620.786,0,
1955,526,3691,31370,340,116,6480,114,6382,9,5,1,4,0,0,208.81506,815.62,0,
1956,140,1002,9076,80,17,685,17,685,3,2,1,1,0,0,29.962849999999996,235.976,0,
1957,151,1050,8453,107,11,882,11,882,7,5,2,3,0,0,21.05942,219.778,0,
1958,343,2087,19845,130,57,3357,57,3357,8,1,0,1,0,0,104.50316999999998,515.97,0,
1959,3000,14326,146796,1226,789,48751,789,48751,5,4,0,4,0,0,1455.24231,3816.696,0,
1960,643,4265,36202,381,90,7782,85,7299,19,10,4,6,0,0,167.53913,941.252,0,
1961,132,936,8211,54,21,1057,21,1057,4,2,0,2,0,0,37.81617,213.486,0,
1962,521,3226,32666,205,116,5773,115,5639,9,3,1,2,0,0,207.15670999999998,849.3159999999999,0,
1963,197,989,8640,55,16,731,15,708,5,3,1,2,0,0,27.33862,224.64,0,
1964,117,727,7345,35,13,404,13,404,3,2,0,2,0,0,22.456239999999998,190.97,0,
1965,157,895,8593,42,14,629,14,629,5,1,0,1,0,0,24.92249,223.41799999999998,0,
1966,385,2301,21258,150,89,4612,88,4543,5,1,1,0,0,0,159.46125,552.708,0,
1967,369,2286,21768,119,64,3656,64,3656,8,4,0,4,0,0,116.90535999999999,565.968,0,
1968,3000,14035,150526,1179,878,49404,878,49404,0,0,0,0,0,0,1600.93124,3913.676,0,
1969,3000,15223,144958,1538,1046,52658,1046,52658,4,2,1,1,0,0,1883.64098,3768.908,0,
1970,341,2228,21508,107,85,3039,85,3039,2,0,0,0,0,0,148.34359,559.208,0,
1971,173,1129,11159,69,35,1910,35,1910,3,2,0,2,0,0,63.592099999999995,290.134,0,
1972,3000,13192,143144,987,573,36790,573,36790,5,1,0,1,0,0,1062.1268999999998,3721.7439999999997,0,
1973,336,2176,21671,150,90,4054,90,4054,5,2,0,2,0,0,160.25574,563.446,0,
1974,202,1287,11939,63,23,1266,23,1266,6,2,0,2,0,0,41.830459999999995,310.414,0,
1975,3000,14249,140588,2102,974,172251,974,172251,5,1,0,1,0,0,2223.44231,3655.288,0,
1976,181,1408,11149,91,41,1921,41,1921,3,2,0,2,0,0,73.28801,289.87399999999997,0,
1977,291,1607,14923,166,56,3076,49,2754,3,1,1,0,0,0,93.0667,387.998,0,
1978,222,1465,12169,98,35,2409,34,2321,6,3,1,2,0,0,64.13185,316.394,0,
1979,178,1226,11498,114,24,1411,22,1324,7,5,3,2,0,0,41.503099999999996,298.948,0,
1980,488,2703,27573,170,76,4176,75,3986,9,5,1,4,0,0,136.56485999999998,716.8979999999999,0,
1981,361,2147,21405,122,71,3409,71,3409,4,2,0,2,0,0,127.22729,556.53,0,
1982,168,1164,10137,91,27,1480,26,1385,2,2,1,1,0,0,47.70195,263.562,0,
1983,263,1650,14428,123,42,2219,40,2117,8,5,2,3,0,0,73.50413,375.128,0,
1984,86,639,5873,25,7,179,7,179,3,2,1,1,0,0,11.944989999999999,152.69799999999998,0,
1985,180,1035,10105,67,26,1341,21,951,5,3,2,1,0,0,40.26751,262.72999999999996,0,
1986,3000,14509,141615,2052,1099,147949,1099,147949,5,4,0,4,0,0,2331.97669,3681.99,0,
1987,99,802,6129,66,8,377,8,377,4,1,0,1,0,0,14.308369999999998,159.35399999999998,0,
1988,177,1152,10199,59,19,1153,19,1153,5,3,0,3,0,0,34.96393,265.174,0,
1989,194,1302,11133,79,23,1377,23,1377,7,3,1,2,0,0,42.25337,289.45799999999997,0,
1990,278,1764,16805,99,48,2680,48,2680,9,4,0,4,0,0,87.44279999999999,436.93,0,
1991,161,996,9534,53,24,1199,24,1199,3,2,0,2,0,0,43.18419,247.884,0,
1992,102,680,6745,27,8,433,6,258,3,1,1,0,0,0,11.80148,175.37,0,
1993,146,886,8174,41,8,735,8,735,5,0,0,0,0,0,15.67235,212.524,0,
1994,184,1070,10440,60,17,1209,17,1209,5,2,0,2,0,0,31.959289999999996,271.44,0,
1995,3000,14388,153626,1256,963,58779,963,58779,0,0,0,0,0,0,1773.41499,3994.276,0,
1996,3000,14474,158271,1119,1035,49715,1035,49715,0,0,0,0,0,0,1854.72915,4115.045999999999,0,
1997,129,965,7973,78,6,251,6,251,4,3,2,1,0,0,10.61031,207.298,0,
1998,388,2904,24129,295,99,5416,98,5364,8,5,2,3,0,0,178.65919999999997,627.3539999999999,0,
1999,108,830,7578,39,7,414,7,414,4,3,1,2,0,0,12.84034,197.028,0,
2000,229,1539,14559,96,39,2203,36,2055,7,4,1,3,0,0,67.36519,378.534,0,
