run_id,steps,wall_us,ops,solver_us,pivots,solver_work,exact_pivots,exact_work,comparisons,flips_drawn,flips_refused,certified,certificate_failures,false_witnesses,cost_units,run_units,left_to_concrete,conceded
1,95,942,4456,82,7,179,7,179,0,0,0,0,0,0,11.944989999999999,115.856,0,
2,217,1579,11504,185,20,1560,20,1560,7,4,1,3,0,0,38.123599999999996,299.104,0,
3,88,735,5965,53,11,365,11,365,3,1,0,1,0,0,19.08965,155.09,0,
4,129,881,7396,50,10,628,10,628,3,2,0,2,0,0,18.48268,192.296,0,
5,179,1117,9580,69,20,1192,20,1192,5,2,0,2,0,0,36.72152,249.07999999999998,0,
6,144,968,8207,64,14,1310,14,1310,11,2,1,1,0,0,27.517099999999996,213.38199999999998,0,
7,175,1294,10223,147,31,1961,31,1992,10,6,0,6,0,0,57.43193999999999,265.798,0,
8,74,562,4206,24,4,122,4,122,1,0,0,0,0,0,6.9008199999999995,109.356,0,
9,115,1228,5879,225,23,1126,20,945,5,3,1,2,0,0,37.43102999999999,152.85399999999998,0,
10,108,788,6276,57,14,656,12,611,3,1,1,0,0,0,22.647009999999995,163.176,0,
11,108,786,5593,94,11,626,11,626,4,1,0,1,0,0,20.08406,145.418,0,
12,70,543,4229,23,6,224,6,224,1,0,0,0,0,0,10.507439999999999,109.954,0,
13,86,524,5403,11,2,67,2,67,0,0,0,0,0,0,3.47327,140.47799999999998,0,
14,71,528,4484,24,6,242,6,242,2,1,0,1,0,0,10.57602,116.58399999999999,0,
15,130,877,7613,45,14,916,14,916,4,2,0,2,0,0,26.015959999999996,197.938,0,
16,192,1197,10320,84,23,1746,23,1746,7,1,0,1,0,0,43.659259999999996,268.32,0,
17,155,1195,9017,156,33,2120,33,2120,12,5,1,4,0,0,61.1742,234.44199999999998,0,
18,95,810,5909,91,15,536,15,536,4,2,0,2,0,0,26.17716,153.634,0,
19,133,798,6899,86,13,555,13,604,3,2,0,2,0,0,23.16042,179.374,0,
20,215,1532,12300,187,40,2667,37,2609,18,9,3,6,0,0,70.97873,319.8,0,
21,145,931,7934,59,24,1152,24,1152,8,6,0,6,0,0,43.00512,206.284,0,
22,134,703,6862,19,7,254,7,254,0,0,0,0,0,0,12.230739999999999,178.41199999999998,0,
23,70,512,4503,11,1,47,1,47,0,0,0,0,0,0,1.7880699999999998,117.07799999999999,0,
24,65,488,4388,17,2,92,2,92,2,0,0,0,0,0,3.56852,114.088,0,
25,309,1758,15459,164,33,2096,35,2174,13,9,1,8,0,0,63.5479,401.93399999999997,0,
26,105,674,5549,27,8,248,8,248,0,0,0,0,0,0,13.81688,144.274,0,
27,115,665,5652,30,6,262,6,262,1,0,0,0,0,0,10.652219999999998,146.952,0,
28,196,1070,10376,48,13,680,13,680,3,0,0,0,0,0,23.507799999999996,269.776,0,
29,124,877,7343,65,14,1024,11,710,3,2,1,1,0,0,22.21162,190.91799999999998,0,
30,79,672,4725,67,11,556,9,422,3,2,1,1,0,0,17.20494,122.85,0,
31,100,589,4523,18,3,128,3,128,1,1,0,1,0,0,5.31468,117.598,0,
32,112,565,4963,14,4,105,4,105,0,0,0,0,0,0,6.836049999999999,129.03799999999998,0,
33,112,724,6125,34,9,416,9,416,3,1,0,1,0,0,16.065959999999997,159.25,0,
34,183,1155,10860,67,24,1356,22,1281,6,2,1,1,0,0,41.32511,282.36,0,
35,103,787,5864,66,20,755,14,510,4,2,1,1,0,0,27.6322,152.464,0,
36,92,596,5537,20,4,165,4,165,1,1,0,1,0,0,7.064649999999999,143.962,0,
37,79,507,4113,15,3,157,3,157,0,0,0,0,0,0,5.42517,106.93799999999999,0,
38,130,959,7257,115,18,1112,16,966,6,4,2,2,0,0,30.554739999999995,188.682,0,
39,85,578,5046,23,5,224,5,224,1,0,0,0,0,0,8.898439999999999,131.196,0,
40,81,577,4782,26,8,343,8,343,2,0,0,0,0,0,14.17883,124.332,0,
41,124,711,6456,38,15,668,15,668,3,0,0,0,0,0,26.68008,167.856,0,
42,73,456,4085,11,2,57,2,57,0,0,0,0,0,0,3.4351700000000003,106.21,0,
43,93,569,5246,44,6,459,4,251,1,1,1,0,0,0,8.595749999999999,136.396,0,
44,116,879,7336,87,15,1293,12,835,5,2,2,0,0,0,24.466789999999996,190.736,0,
45,88,669,4785,55,10,757,7,449,2,1,1,0,0,0,14.77413,124.41,0,
46,89,529,5036,14,3,159,3,159,0,0,0,0,0,0,5.432789999999999,130.936,0,
47,94,603,5212,29,10,395,10,395,2,0,0,0,0,0,17.59495,135.512,0,
48,94,684,6196,48,19,802,19,802,5,3,0,3,0,0,33.626619999999996,161.096,0,
49,154,964,9350,57,10,835,10,835,4,2,1,1,0,0,19.271349999999998,243.1,0,
50,149,1064,9518,104,23,1397,19,1108,5,3,2,1,0,0,37.049499999999995,247.468,0,
51,158,1160,8592,116,25,1451,25,1451,9,4,0,4,0,0,45.75331,223.392,0,
52,123,746,7294,37,8,516,8,516,3,0,0,0,0,0,14.837959999999999,189.644,0,
53,174,1042,10591,56,19,1167,19,1167,4,1,0,1,0,0,35.017269999999996,275.366,0,
54,99,697,6301,37,11,488,11,488,3,2,0,2,0,0,19.55828,163.826,0,
55,91,557,4405,20,8,224,8,224,1,0,0,0,0,0,13.725439999999997,114.53,0,
56,67,404,3616,9,2,26,2,26,0,0,0,0,0,0,3.3170599999999997,94.01599999999999,0,
57,153,965,9189,65,32,1551,32,1551,10,5,0,5,0,0,57.39731,238.914,0,
58,169,815,7396,39,11,738,11,738,4,2,0,2,0,0,20.51078,192.296,0,
59,140,979,8083,115,27,1199,27,1199,6,2,0,2,0,0,48.01119,210.158,0,
60,156,1242,9030,141,36,2027,34,1792,14,7,1,6,0,0,62.76882,234.78,0,
61,91,542,4495,19,2,120,2,120,1,0,0,0,0,0,3.6751999999999994,116.86999999999999,0,
62,131,860,7436,60,22,1265,22,1265,9,5,0,5,0,0,40.21764999999999,193.33599999999998,0,
63,66,488,4177,14,1,69,1,69,1,0,0,0,0,0,1.87189,108.60199999999999,0,
64,117,929,7366,125,20,1074,20,1106,8,4,1,3,0,0,36.3561,191.516,0,
65,98,712,6074,36,7,553,7,553,4,1,0,1,0,0,13.36993,157.924,0,
66,135,918,7176,83,14,1003,12,752,4,2,1,1,0,0,23.4273,186.576,0,
67,80,543,4798,17,6,162,6,162,1,0,0,0,0,0,10.27122,124.74799999999999,0,
68,143,1049,8405,129,25,1872,23,1485,7,3,1,2,0,0,44.07950999999999,218.53,0,
69,261,1760,15753,162,43,2755,43,2755,12,4,0,4,0,0,79.68355,409.578,0,
70,139,902,8431,50,14,1051,14,1051,5,2,0,2,0,0,26.53031,219.206,0,
71,133,815,8284,38,15,704,15,704,3,0,0,0,0,0,26.817239999999998,215.384,0,
72,98,700,5390,91,13,616,12,561,2,1,0,1,0,0,21.98931,140.14,0,
73,70,487,4517,16,2,49,2,49,0,0,0,0,0,0,3.4046899999999996,117.442,0,
74,121,917,6741,118,26,1201,28,1256,7,4,0,4,0,0,48.81446,175.266,0,
75,61,496,4392,18,2,118,2,118,1,0,0,0,0,0,3.66758,114.192,0,
76,149,1143,9708,136,34,1932,34,1932,12,7,0,7,0,0,62.06691999999999,252.408,0,
77,216,1542,12508,167,35,2092,34,2039,12,5,0,5,0,0,63.01613,325.20799999999997,0,
78,67,514,4003,25,7,211,7,211,1,1,0,1,0,0,12.06691,104.07799999999999,0,
79,89,582,4933,22,6,216,6,216,1,0,0,0,0,0,10.47696,128.25799999999998,0,
80,140,791,6950,39,9,485,9,485,2,1,0,1,0,0,16.32885,180.7,0,
81,125,913,7558,128,25,1508,24,1462,8,3,1,2,0,0,44.7195,196.50799999999998,0,
82,80,585,4921,55,9,370,8,228,1,1,1,0,0,0,14.387239999999998,127.946,0,
83,279,1647,15578,123,28,1976,26,1924,6,3,2,1,0,0,50.18379999999999,405.02799999999996,0,
84,77,552,4615,25,7,213,7,213,0,0,0,0,0,0,12.07453,119.99,0,
85,99,682,5338,54,12,599,11,537,3,1,1,0,0,0,20.29713,138.78799999999998,0,
86,97,666,6208,38,15,748,15,748,5,1,0,1,0,0,26.98488,161.408,0,
87,108,637,5988,25,8,264,8,264,1,0,0,0,0,0,13.877839999999997,155.688,0,
88,119,695,6967,38,10,525,9,464,2,2,1,1,0,0,16.79982,181.142,0,
89,148,1077,8870,110,33,1957,33,1957,13,6,1,5,0,0,60.553169999999994,230.61999999999998,0,
90,127,763,6565,59,8,378,8,378,3,2,1,1,0,0,14.31218,170.69,0,
91,163,1117,10044,147,29,2207,28,2084,10,7,1,6,0,0,53.61618,261.144,0,
92,61,486,4210,13,2,43,2,43,0,0,0,0,0,0,3.38183,109.46,0,
93,90,714,5409,92,10,555,12,610,4,2,0,2,0,0,20.609199999999998,140.634,0,
94,194,1182,9311,153,30,2077,28,1833,7,3,2,1,0,0,53.28165,242.08599999999998,0,
95,142,883,8151,42,14,791,14,791,3,0,0,0,0,0,25.539709999999996,211.926,0,
96,118,744,7455,33,11,649,11,649,4,1,0,1,0,0,20.171689999999998,193.82999999999998,0,
97,136,778,7118,32,10,604,10,604,3,0,0,0,0,0,18.39124,185.06799999999998,0,
98,89,564,4399,24,4,295,4,295,2,0,0,0,0,0,7.55995,114.374,0,
99,144,950,7362,102,19,934,21,984,7,3,0,3,0,0,36.52103999999999,191.41199999999998,0,
100,96,666,5400,28,8,469,6,412,1,1,1,0,0,0,12.24898,140.4,0,
101,116,740,7403,38,17,813,17,813,6,2,0,2,0,0,30.450529999999993,192.47799999999998,0,
102,136,1000,7995,146,27,1890,22,1292,9,4,2,2,0,0,43.42116,207.87,0,
103,95,637,6143,27,6,226,6,226,2,1,0,1,0,0,10.515059999999998,159.718,0,
104,80,598,4741,30,7,371,7,371,3,0,0,0,0,0,12.676509999999999,123.26599999999999,0,
105,121,816,6944,66,12,807,12,807,4,1,1,0,0,0,22.382669999999997,180.54399999999998,0,
106,86,605,5534,26,10,311,10,311,1,1,0,1,0,0,17.27491,143.884,0,
107,185,1154,9572,139,28,2372,27,2267,9,3,0,3,0,0,52.68317,248.87199999999999,0,
108,127,874,7586,69,24,1274,22,1217,6,5,1,4,0,0,41.06003,197.236,0,
109,130,778,6667,30,9,442,9,442,3,0,0,0,0,0,16.16502,173.34199999999998,0,
110,168,957,9561,49,12,1024,8,678,4,4,3,1,0,0,17.77946,248.58599999999998,0,
111,157,1052,9463,71,30,1532,30,1532,10,5,0,5,0,0,54.106919999999995,246.03799999999998,0,
112,142,939,7885,96,17,905,16,842,7,3,2,1,0,0,29.505359999999996,205.01,0,
113,106,888,5862,116,19,1451,14,1128,5,3,1,2,0,0,29.599819999999994,152.412,0,
114,65,462,3915,18,5,132,5,132,0,0,0,0,0,0,8.54792,101.78999999999999,0,
115,133,1092,8507,147,25,1850,25,1850,8,3,0,3,0,0,47.27349999999999,221.182,0,
116,113,573,5171,12,1,22,1,22,0,0,0,0,0,0,1.69282,134.446,0,
117,121,807,6847,68,17,1248,13,610,4,2,2,0,0,0,25.909939999999995,178.022,0,
118,94,613,4879,26,8,548,8,548,4,3,0,3,0,0,14.959879999999998,126.854,0,
119,107,709,5873,36,17,856,17,856,5,2,0,2,0,0,30.614359999999998,152.69799999999998,0,
120,145,1000,7821,126,20,1545,20,1330,7,5,1,4,0,0,37.501,203.346,0,
121,107,714,6201,37,12,580,12,580,4,0,0,0,0,0,21.517799999999998,161.226,0,
122,149,1031,9381,67,27,1440,27,1440,7,5,0,5,0,0,48.929399999999994,243.90599999999998,0,
123,113,745,6774,48,15,699,14,599,4,3,1,2,0,0,25.405189999999997,176.124,0,
124,81,594,5029,24,6,257,6,257,2,1,0,1,0,0,10.633169999999998,130.754,0,
125,189,1446,11234,161,44,2581,44,2581,17,9,0,9,0,0,80.62961,292.084,0,
126,204,1426,12282,158,49,2787,49,2787,19,7,1,6,0,0,89.45947,319.332,0,
127,122,810,7367,50,14,628,12,533,2,1,1,0,0,0,22.408829999999995,191.542,0,
128,181,1265,10300,128,25,1596,25,1644,11,4,1,3,0,0,46.431999999999995,267.8,0,
129,116,687,5348,69,6,272,6,272,3,1,0,1,0,0,10.69032,139.048,0,
130,133,929,7723,87,19,784,17,686,4,2,1,1,0,0,31.040299999999995,200.798,0,
131,136,959,8461,73,30,1636,30,1636,12,6,0,6,0,0,54.50316,219.986,0,
132,85,484,4266,14,5,112,5,112,1,1,0,1,0,0,8.47172,110.916,0,
133,112,780,7234,46,21,1038,21,1038,6,5,0,5,0,0,37.743779999999994,188.084,0,
134,87,599,5382,19,5,155,5,155,1,0,0,0,0,0,8.63555,139.932,0,
135,108,724,6013,89,7,516,8,557,4,3,1,2,0,0,14.46679,156.338,0,
136,198,1152,10153,76,28,1361,27,1325,9,5,1,4,0,0,49.01273,263.978,0,
137,84,525,4517,14,3,111,3,111,1,1,0,1,0,0,5.249909999999999,117.442,0,
138,98,693,6559,33,7,406,6,360,2,1,1,0,0,0,11.558879999999998,170.534,0,
139,126,800,7082,58,12,790,12,790,3,2,1,1,0,0,22.317899999999998,184.132,0,
140,299,1651,15848,139,31,2539,31,2340,9,3,1,2,0,0,59.029219999999995,412.048,0,
141,69,491,4256,15,2,75,2,75,1,0,0,0,0,0,3.5037499999999997,110.65599999999999,0,
142,76,574,4567,24,4,294,4,294,2,0,0,0,0,0,7.556139999999999,118.74199999999999,0,
143,87,585,4994,37,12,542,12,542,3,3,0,3,0,0,21.37302,129.844,0,
144,120,655,5931,21,6,253,6,253,2,0,0,0,0,0,10.61793,154.206,0,
145,102,836,6176,127,18,879,18,846,6,3,0,3,0,0,32.224199999999996,160.576,0,
146,138,835,6545,89,15,609,16,646,4,3,0,3,0,0,27.682599999999997,170.17,0,
147,108,725,6804,39,12,513,10,436,2,1,1,0,0,0,18.80002,176.904,0,
148,143,882,7813,78,21,1117,16,881,4,2,2,0,0,0,31.774089999999998,203.13799999999998,0,
149,121,814,6665,48,14,965,14,965,3,0,0,0,0,0,26.202649999999995,173.29,0,
150,137,752,6790,19,6,181,6,181,1,0,0,0,0,0,10.343609999999998,176.54,0,
151,90,565,5423,23,5,279,5,279,2,1,0,1,0,0,9.10799,140.998,0,
152,110,540,5260,9,2,40,2,40,0,0,0,0,0,0,3.3703999999999996,136.76,0,
153,171,898,8818,43,16,920,16,920,4,1,0,1,0,0,29.2492,229.268,0,
154,70,501,3699,19,4,196,4,196,1,1,0,1,0,0,7.18276,96.17399999999999,0,
155,164,953,8349,70,19,1021,16,915,5,2,1,1,0,0,30.792229999999996,217.07399999999998,0,
156,63,439,3625,15,2,109,2,109,0,0,0,0,0,0,3.6332899999999997,94.25,0,
157,86,720,5218,82,10,545,10,578,5,3,0,3,0,0,18.25324,135.668,0,
158,128,883,7678,51,11,878,11,878,4,0,0,0,0,0,21.044179999999997,199.628,0,
159,103,880,6251,69,18,941,18,941,6,4,0,4,0,0,32.54720999999999,162.52599999999998,0,
160,66,504,3763,21,3,121,3,121,0,0,0,0,0,0,5.28801,97.838,0,
161,142,911,7579,123,21,1022,16,904,6,3,1,2,0,0,31.722479999999997,197.054,0,
162,164,895,7811,51,8,512,8,512,3,2,1,1,0,0,14.82272,203.08599999999998,0,
163,54,458,4136,8,2,13,2,13,0,0,0,0,0,0,3.26753,107.536,0,
164,119,818,7271,48,18,925,18,925,6,2,0,2,0,0,32.48625,189.046,0,
165,181,1129,8740,85,18,1052,14,747,4,4,2,2,0,0,27.64797,227.23999999999998,0,
166,101,785,6016,91,19,853,22,924,6,3,0,3,0,0,37.39766,156.416,0,
167,240,1341,11178,132,30,1845,25,1623,10,6,3,3,0,0,49.06559,290.628,0,
168,222,1317,11385,153,25,1737,25,1737,9,5,1,4,0,0,46.842969999999994,296.01,0,
169,185,1068,9740,103,21,1513,18,1197,7,3,1,2,0,0,35.332449999999994,253.23999999999998,0,
170,241,1121,10338,47,16,854,16,854,6,2,0,2,0,0,28.99774,268.788,0,
171,77,454,4126,9,1,44,1,44,0,0,0,0,0,0,1.77664,107.276,0,
172,130,795,7754,46,12,929,12,929,6,3,0,3,0,0,22.84749,201.60399999999998,0,
173,145,820,6609,62,15,914,12,573,3,2,1,1,0,0,23.330509999999997,171.834,0,
174,86,620,5025,57,13,739,9,339,4,4,2,2,0,0,18.16059,130.65,0,
175,181,967,8999,37,12,576,12,576,4,1,0,1,0,0,21.50256,233.974,0,
176,107,783,6248,54,23,978,23,978,5,3,0,3,0,0,40.73318,162.44799999999998,0,
177,96,639,5900,31,8,433,8,433,3,2,1,1,0,0,14.521729999999998,153.4,0,
178,156,891,8378,36,11,693,11,693,4,1,0,1,0,0,20.339329999999997,217.828,0,
179,80,489,3929,17,3,151,3,151,1,0,0,0,0,0,5.402309999999999,102.154,0,
180,244,1252,12450,69,24,1776,24,1776,8,3,0,3,0,0,45.38256,323.7,0,
181,88,726,5092,102,10,466,10,466,4,4,1,3,0,0,17.86546,132.392,0,
182,90,663,6327,31,6,343,6,343,4,3,0,3,0,0,10.960829999999998,164.50199999999998,0,
183,144,797,7765,41,18,821,18,821,5,2,0,2,0,0,32.09001,201.89,0,
184,87,668,5265,57,9,549,7,337,2,1,1,0,0,0,13.75513,136.89,0,
185,64,455,3844,18,4,170,4,170,2,1,0,1,0,0,7.083699999999999,99.94399999999999,0,
186,208,1663,12269,206,43,2827,44,2454,14,9,2,7,0,0,80.10688,318.99399999999997,0,
187,157,1198,9339,165,40,2323,32,1777,10,6,2,4,0,0,62.734649999999995,242.814,0,
188,152,937,8364,47,16,818,16,818,2,0,0,0,0,0,28.86058,217.464,0,
189,63,424,3463,15,2,87,2,87,1,0,0,0,0,0,3.54947,90.038,0,
190,118,829,6561,99,18,897,18,897,7,4,0,4,0,0,32.379569999999994,170.58599999999998,0,
191,98,718,6023,71,10,448,9,363,2,2,1,1,0,0,16.44333,156.59799999999998,0,
192,97,799,6085,104,13,591,12,517,4,3,1,2,0,0,21.844089999999998,158.20999999999998,0,
193,90,617,4470,26,9,319,9,319,2,0,0,0,0,0,15.696389999999997,116.22,0,
194,137,1012,7634,133,30,1527,23,1279,9,5,1,4,0,0,45.52563,198.48399999999998,0,
195,156,962,9015,50,12,765,11,666,4,2,1,1,0,0,20.83228,234.39,0,
196,102,845,6073,114,20,1009,17,711,5,4,1,3,0,0,31.85055,157.898,0,
197,107,655,5974,22,5,163,5,163,1,1,0,1,0,0,8.66603,155.32399999999998,0,
198,67,506,4054,15,2,69,2,69,1,0,0,0,0,0,3.4808899999999996,105.404,0,
199,77,623,5137,79,9,459,9,459,3,2,0,2,0,0,16.229789999999998,133.56199999999998,0,
200,78,483,4072,14,4,125,4,125,0,0,0,0,0,0,6.912249999999999,105.872,0,
201,123,918,7950,57,18,818,18,818,7,1,0,1,0,0,32.078579999999995,206.7,0,
202,199,1465,10143,188,29,1933,28,1760,10,6,2,4,0,0,52.44073999999999,263.71799999999996,0,
203,107,700,6156,56,7,418,7,418,4,2,1,1,0,0,12.855579999999998,160.05599999999998,0,
204,145,912,7115,69,19,1089,19,1089,6,5,1,4,0,0,34.72009,184.98999999999998,0,
205,102,655,4951,66,6,186,7,215,1,1,0,1,0,0,11.56893,128.726,0,
206,166,1130,10639,67,19,1368,15,1209,6,5,4,1,0,0,30.84491,276.614,0,
207,128,937,7401,94,33,1848,29,1433,7,4,1,3,0,0,54.52643,192.426,0,
208,66,487,4535,15,2,45,2,45,0,0,0,0,0,0,3.3894499999999996,117.91,0,
209,62,453,3679,18,5,148,5,148,1,0,0,0,0,0,8.60888,95.654,0,
210,149,909,8248,39,15,709,15,709,2,1,0,1,0,0,26.83629,214.44799999999998,0,
211,214,1488,12253,105,46,2743,46,2743,15,8,0,8,0,0,84.46482999999999,318.578,0,
212,57,438,3670,17,4,126,4,126,1,1,0,1,0,0,6.91606,95.42,0,
213,116,794,6774,41,11,725,11,725,4,2,0,2,0,0,20.46125,176.124,0,
214,115,580,4618,20,2,100,2,100,1,0,0,0,0,0,3.5989999999999998,120.068,0,
215,116,665,5384,50,5,239,5,239,2,2,1,1,0,0,8.955589999999999,139.98399999999998,0,
216,66,447,3902,11,2,52,2,52,0,0,0,0,0,0,3.4161199999999994,101.452,0,
217,105,564,5175,17,4,101,4,101,0,0,0,0,0,0,6.82081,134.54999999999998,0,
218,168,885,8796,22,5,290,5,290,2,0,0,0,0,0,9.1499,228.696,0,
219,169,893,8276,53,18,845,18,845,6,4,1,3,0,0,32.18145,215.176,0,
220,198,1193,11141,65,21,1359,18,1272,5,5,2,3,0,0,35.34797999999999,289.666,0,
221,127,878,6905,101,13,878,11,602,4,2,1,1,0,0,21.2763,179.53,0,
222,63,454,3551,14,2,75,2,75,0,0,0,0,0,0,3.5037499999999997,92.326,0,
223,89,707,5338,80,9,429,9,457,3,2,0,2,0,0,16.18913,138.78799999999998,0,
224,96,658,5716,32,11,558,11,558,3,0,0,0,0,0,19.82498,148.61599999999999,0,
225,183,1172,10107,99,22,1649,18,1228,6,3,2,1,0,0,36.05346,262.782,0,
226,82,606,5084,23,6,233,6,233,2,0,0,0,0,0,10.54173,132.184,0,
227,158,1020,8693,63,22,1459,22,1459,6,3,0,3,0,0,40.95679,226.018,0,
228,87,599,5179,30,8,357,8,357,3,1,0,1,0,0,14.23217,134.654,0,
229,200,1109,11402,47,18,1138,18,1138,4,1,0,1,0,0,33.297779999999996,296.452,0,
230,131,800,7171,38,14,679,14,679,1,0,0,0,0,0,25.112989999999996,186.446,0,
231,129,695,5941,31,9,396,9,396,3,2,0,2,0,0,15.989759999999997,154.46599999999998,0,
232,92,558,4706,18,4,189,4,189,1,0,0,0,0,0,7.15609,122.356,0,
233,148,750,7462,25,7,391,7,391,2,0,0,0,0,0,12.75271,194.012,0,
234,89,506,4708,12,4,92,4,92,0,0,0,0,0,0,6.786519999999999,122.408,0,
235,204,1360,10934,156,45,2772,40,2107,11,8,2,6,0,0,75.56737,284.284,0,
236,145,981,8436,51,14,1058,14,1058,5,2,1,1,0,0,26.55698,219.33599999999998,0,
237,109,681,5975,51,6,339,6,339,3,2,1,1,0,0,10.94559,155.35,0,
238,170,1010,8992,57,21,1189,19,1002,3,1,1,0,0,0,35.56728,233.792,0,
239,106,729,5719,81,13,665,13,665,4,2,0,2,0,0,23.450649999999996,148.694,0,
240,117,703,6372,21,5,200,5,200,1,0,0,0,0,0,8.806999999999999,165.672,0,
241,190,1490,11135,201,50,3221,45,3018,18,8,2,6,0,0,86.53811999999999,289.51,0,
242,225,1203,10977,57,15,1039,13,969,5,3,2,1,0,0,25.64949,285.402,0,
243,182,1155,9731,112,29,1987,26,1288,8,6,2,4,0,0,49.00309999999999,253.006,0,
244,108,680,6208,25,6,277,6,277,1,0,0,0,0,0,10.70937,161.408,0,
245,76,612,4945,58,10,739,6,352,3,2,2,0,0,0,13.36778,128.57,0,
246,111,716,6176,28,10,409,10,409,1,0,0,0,0,0,17.64829,160.576,0,
247,97,736,5763,82,8,436,8,436,3,2,0,2,0,0,14.533159999999999,149.838,0,
248,138,958,8756,88,19,1005,17,804,5,5,2,3,0,0,31.611419999999995,227.65599999999998,0,
249,99,724,5705,37,13,527,13,527,4,2,0,2,0,0,22.924869999999995,148.32999999999998,0,
250,60,472,4161,11,2,79,2,79,0,0,0,0,0,0,3.5189899999999996,108.18599999999999,0,
251,139,765,7076,32,9,455,9,455,3,2,0,2,0,0,16.214549999999996,183.976,0,
252,3000,20354,150279,3687,1124,75854,1120,75728,515,253,54,199,0,0,2092.66836,3907.254,0,
253,3000,16503,158598,2526,1164,89168,1161,88950,557,290,71,219,0,0,2208.64274,4123.548,0,
254,3000,18694,151500,2463,1017,70828,1017,70828,495,255,50,205,0,0,1906.2076799999998,3939,0,
255,3000,16327,149288,2228,933,70770,940,72528,400,194,40,154,0,0,1783.3642399999999,3881.488,0,
256,128,1015,7165,134,16,964,11,747,6,3,2,1,0,0,23.19613,186.29,0,
257,149,1214,8664,156,23,1422,23,1422,12,4,0,4,0,0,42.42482,225.26399999999998,0,
258,213,1374,11531,123,31,1883,30,1671,10,6,2,4,0,0,55.36567,299.806,0,
259,189,1240,10664,132,25,1828,24,1576,10,3,1,2,0,0,45.396919999999994,277.264,0,
260,276,1708,16024,136,38,2375,36,2333,12,4,2,2,0,0,67.82029,416.62399999999997,0,
261,3000,16167,156036,2195,1120,76960,1120,76960,548,251,56,195,0,0,2095.2976,4056.9359999999997,0,
262,224,1842,13743,221,53,3248,53,3248,16,12,1,11,0,0,97.65188,357.318,0,
263,3000,17474,158592,2666,1203,91397,1191,88176,560,284,65,219,0,0,2261.81834,4123.392,0,
264,296,2352,18068,228,75,4657,75,4657,32,15,2,13,0,0,138.41816999999998,469.768,0,
265,183,877,7620,30,8,235,8,235,0,0,0,0,0,0,13.76735,198.12,0,
266,152,1179,9750,145,39,1820,35,1449,11,6,1,5,0,0,64.18947,253.5,0,
267,162,1043,9102,73,18,1216,18,1216,6,2,1,1,0,0,33.59495999999999,236.652,0,
268,3000,18329,150724,2298,1045,78343,1045,77782,504,267,64,203,0,0,1978.4163999999998,3918.8239999999996,0,
269,146,1290,9080,149,23,1246,23,1246,9,7,1,6,0,0,41.75426,236.07999999999998,0,
270,153,1292,9683,140,34,1992,35,2048,14,6,0,6,0,0,63.5728,251.75799999999998,0,
271,3000,16541,151520,2310,1057,76835,1055,76657,521,276,81,195,0,0,1990.7262099999998,3939.52,0,
272,302,2094,17250,238,54,3081,50,2915,19,9,2,7,0,0,93.66802999999999,448.5,0,
273,340,2372,21849,200,113,5967,113,5967,44,21,1,20,0,0,204.55126999999996,568.074,0,
274,117,928,6318,118,21,1342,21,1342,7,2,0,2,0,0,38.90201999999999,164.268,0,
275,70,649,4597,78,11,308,12,340,2,1,0,1,0,0,20.08664,119.52199999999999,0,
276,142,833,7262,35,9,534,9,534,3,0,0,0,0,0,16.515539999999998,188.81199999999998,0,
277,98,768,5940,82,13,846,12,807,6,3,1,2,0,0,22.90769,154.44,0,
278,154,1201,9609,180,43,2114,40,1996,13,8,1,7,0,0,73.541,249.83399999999997,0,
279,229,1413,11628,128,32,2795,28,2587,13,9,3,6,0,0,57.06990999999999,302.328,0,
280,160,1083,8610,90,36,2130,36,2130,12,5,0,5,0,0,66.0393,223.85999999999999,0,
281,3000,18726,152124,2404,1051,73693,1051,73693,516,262,62,200,0,0,1971.8293299999998,3955.2239999999997,0,
282,322,2749,19389,332,102,6504,93,5442,35,23,4,19,0,0,175.93517999999997,504.114,0,
283,79,640,4944,33,7,279,7,279,3,1,0,1,0,0,12.32599,128.54399999999998,0,
284,84,585,4435,23,4,246,4,246,2,0,0,0,0,0,7.373259999999999,115.30999999999999,0,
285,393,2676,23601,237,106,7295,104,6961,42,18,1,17,0,0,195.20953,613.626,0,
286,221,1615,13386,175,52,3505,54,3556,22,11,1,10,0,0,99.41618,348.036,0,
287,202,1533,11936,156,45,2899,46,2945,19,6,0,6,0,0,84.70116999999999,310.336,0,
288,3000,19259,154123,2601,1180,87489,1096,82723,537,260,45,215,0,0,2124.49851,4007.198,0,
289,3000,16585,156809,2198,1163,87064,1163,87064,560,264,44,220,0,0,2202.9808399999997,4077.0339999999997,0,
290,185,1378,10584,96,29,2105,29,2105,12,4,0,4,0,0,54.68104999999999,275.18399999999997,0,
291,94,596,4606,26,3,81,3,81,1,1,1,0,0,0,5.13561,119.756,0,
292,221,1459,14155,137,42,2449,38,2041,15,10,4,6,0,0,71.31564999999999,368.03,0,
293,544,3090,32275,178,56,4399,53,4276,17,6,4,2,0,0,103.1507,839.15,0,
294,164,1049,9099,62,23,1518,23,1518,11,2,0,2,0,0,42.79058,236.57399999999998,0,
295,3000,15523,155446,2114,1186,89542,1186,89542,536,275,46,229,0,0,2249.4290199999996,4041.596,0,
296,191,1598,11099,204,44,2655,41,2447,13,9,0,9,0,0,76.97451,288.574,0,
297,259,1883,15309,192,47,3310,42,2985,16,12,3,9,0,0,81.72934999999998,398.034,0,
298,134,924,7639,59,22,1193,22,1193,7,1,0,1,0,0,39.94333,198.614,0,
299,3000,16751,149406,2256,1146,84021,1137,76119,507,260,65,195,0,0,2133.08175,3884.556,0,
300,117,952,7062,46,12,621,7,398,2,2,2,0,0,0,15.43752,183.612,0,
301,159,1137,9862,84,32,1806,32,1806,12,7,0,7,0,0,58.36886,256.412,0,
302,3000,21911,181206,2720,1031,72899,1030,72917,412,213,14,199,0,0,1935.54153,4711.356,0,
303,3000,18487,152716,2355,1071,84016,1071,84016,525,261,48,213,0,0,2043.3399599999998,3970.616,0,
304,166,1320,9395,153,30,2342,30,2342,8,3,0,3,0,0,57.19302,244.26999999999998,0,
305,160,1119,8426,92,38,2504,38,2238,9,4,0,4,0,0,69.98266000000001,219.076,0,
306,98,691,5474,43,10,549,9,506,2,2,1,1,0,0,16.938599999999997,142.32399999999998,0,
307,84,526,4570,14,2,71,2,71,1,0,0,0,0,0,3.4885099999999998,118.82,0,
308,242,1743,14692,169,58,3857,54,3670,21,12,4,8,0,0,103.00536000000001,381.99199999999996,0,
309,3000,19961,151407,2516,1018,72575,1018,72367,500,247,63,184,0,0,1913.92571,3936.582,0,
310,109,919,6583,57,10,634,10,634,3,1,0,1,0,0,18.50554,171.158,0,
311,240,1862,14590,231,48,3544,45,3416,19,11,3,8,0,0,87.008,379.34,0,
312,193,1318,11039,75,24,1804,24,1804,8,3,2,1,0,0,45.489239999999995,287.014,0,
313,140,1010,8127,126,22,1433,22,1433,10,8,2,6,0,0,40.857730000000004,211.302,0,
314,191,1375,11155,153,37,2611,37,2611,14,2,0,2,0,0,69.48091,290.03,0,
315,320,2459,18771,239,68,4670,66,4605,29,12,2,10,0,0,124.77374999999999,488.046,0,
316,108,727,6322,32,9,430,8,403,3,2,1,1,0,0,14.918289999999999,164.37199999999999,0,
317,292,1770,15238,117,49,3147,47,3054,16,5,1,4,0,0,88.32647999999999,396.188,0,
318,3000,18981,151841,2524,1075,77632,1075,77632,531,261,60,201,0,0,2025.4529199999997,3947.866,0,
319,167,1217,9099,132,24,1644,22,1583,6,2,1,1,0,0,42.45921,236.57399999999998,0,
320,107,711,6716,30,6,326,6,326,2,0,0,0,0,0,10.896059999999999,174.61599999999999,0,
321,87,677,5567,37,15,524,15,524,3,2,0,2,0,0,26.131439999999998,144.742,0,
322,208,1381,12721,142,40,2522,40,2522,17,9,2,7,0,0,73.96882,330.746,0,
323,237,1703,14209,177,65,3939,62,3623,18,14,3,11,0,0,115.37151,369.43399999999997,0,
324,123,900,7167,116,19,860,19,860,6,2,0,2,0,0,33.8476,186.34199999999998,0,
325,95,558,4422,21,5,127,5,127,1,0,0,0,0,0,8.528869999999998,114.972,0,
326,307,1901,16497,166,36,2704,39,2812,19,10,2,8,0,0,71.90028,428.92199999999997,0,
327,3000,12706,138619,1012,477,33077,469,32690,25,10,8,2,0,0,883.4585599999999,3604.094,0,
328,131,987,7967,59,22,1141,22,1141,6,2,0,2,0,0,39.74521,207.142,0,
329,130,939,7629,48,18,1020,18,1020,8,6,0,6,0,0,32.8482,198.35399999999998,0,
330,285,2217,17372,282,88,5145,84,4819,33,21,3,18,0,0,155.81707,451.67199999999997,0,
331,92,599,4285,30,8,203,8,203,1,1,0,1,0,0,13.645429999999998,111.41,0,
332,112,759,6028,42,16,903,16,903,4,0,0,0,0,0,29.18443,156.72799999999998,0,
333,104,709,5702,27,6,307,6,307,1,0,0,0,0,0,10.82367,148.25199999999998,0,
334,3000,17710,153778,2288,1042,72757,1040,72715,503,262,58,204,0,0,1951.4117099999999,3998.2279999999996,0,
335,155,1254,9320,146,29,1923,31,1945,9,4,1,3,0,0,56.30548999999999,242.32,0,
336,84,627,4680,37,6,345,4,298,3,1,1,0,0,0,8.58484,121.67999999999999,0,
337,3000,18309,152318,2546,1093,83497,1090,82816,523,281,63,218,0,0,2071.5795399999997,3960.268,0,
338,3000,21608,171716,3508,995,69330,879,63491,350,183,23,160,0,0,1718.66573,4464.616,0,
339,120,959,7609,70,18,932,18,932,6,3,0,3,0,0,32.512919999999994,197.834,0,
340,91,615,5539,14,1,26,1,26,0,0,0,0,0,0,1.7080599999999997,144.01399999999998,0,
341,337,2260,19915,246,89,5886,86,5518,34,18,2,16,0,0,161.26882,517.79,0,
342,71,585,4349,30,5,199,5,199,1,0,0,0,0,0,8.803189999999999,113.074,0,
343,178,1366,10840,154,41,2457,41,2457,16,8,1,7,0,0,75.33017,281.84,0,
344,159,1031,9393,60,24,1336,24,1336,11,1,0,1,0,0,43.70616,244.218,0,
345,3000,17375,151346,2365,1084,84922,1085,84920,538,261,49,212,0,0,2068.8335599999996,3934.9959999999996,0,
346,3000,19625,151295,2541,1053,73672,1051,73470,502,262,58,204,0,0,1972.17606,3933.6699999999996,0,
347,92,870,5720,39,7,362,7,362,4,1,0,1,0,0,12.642219999999998,148.72,0,
348,118,893,6236,101,15,708,15,708,5,2,0,2,0,0,26.832479999999997,162.136,0,
349,336,2710,19985,292,93,6573,92,6469,36,19,2,17,0,0,173.27661,519.61,0,
350,158,1155,9318,87,21,1690,19,1602,6,5,2,3,0,0,37.73646,242.268,0,
351,317,2442,18503,334,89,6237,85,5787,30,19,1,18,0,0,161.26047,481.078,0,
352,3000,19860,150923,2444,1084,73998,1080,73488,509,259,66,193,0,0,2020.2270799999997,3923.9979999999996,0,
353,75,759,4215,60,7,378,5,198,1,1,1,0,0,0,9.96978,109.58999999999999,0,
354,210,1624,12555,193,42,2623,38,2484,16,7,2,5,0,0,72.68606,326.43,0,
355,186,1328,9858,138,32,1904,32,1904,12,9,1,8,0,0,58.742239999999995,256.308,0,
356,109,693,6449,26,7,275,7,275,2,0,0,0,0,0,12.310749999999999,167.67399999999998,0,
357,219,1383,12224,102,37,2762,37,2762,18,8,1,7,0,0,70.05622,317.824,0,
358,420,3111,25625,322,109,7502,105,6818,36,14,3,11,0,0,197.6447,666.25,0,
359,271,1779,15247,134,49,2989,47,2921,19,8,2,6,0,0,87.79025,396.42199999999997,0,
360,116,902,6743,126,20,1079,19,1053,6,3,0,3,0,0,35.09261,175.31799999999998,0,
361,168,1145,8991,115,25,1645,25,1645,11,4,1,3,0,0,46.49245,233.766,0,
362,255,1649,13974,179,48,2779,44,2608,12,5,2,3,0,0,82.85025999999999,363.32399999999996,0,
363,3000,18303,153102,2526,1084,75083,1084,75083,525,269,56,213,0,0,2030.2222299999999,3980.652,0,
364,63,560,3659,19,2,48,2,48,0,0,0,0,0,0,3.40088,95.134,0,
365,233,1931,13921,230,68,4255,68,4255,25,13,1,12,0,0,125.62355,361.94599999999997,0,
366,178,958,8759,50,12,682,11,643,3,1,1,0,0,0,20.673849999999998,227.73399999999998,0,
367,3000,16664,154363,2364,1139,89926,1139,89926,542,276,54,222,0,0,2175.26906,4013.4379999999996,0,
368,218,1718,13306,155,57,2770,56,2691,22,9,2,7,0,0,100.92893,345.95599999999996,0,
369,152,1095,9728,72,25,1333,25,1333,11,4,1,3,0,0,45.303729999999995,252.928,0,
370,119,750,7394,32,6,471,6,471,3,2,1,1,0,0,11.448509999999999,192.244,0,
371,418,2655,23606,220,80,5588,74,5379,20,10,5,5,0,0,142.68061,613.756,0,
372,3000,17166,153770,2679,1188,92207,1184,91783,543,287,56,231,0,0,2257.1655499999997,3998.02,0,
373,107,889,6124,60,17,817,15,730,3,3,1,2,0,0,27.97696,159.224,0,
374,162,1055,8797,78,26,1645,22,1386,7,3,2,1,0,0,42.900279999999995,228.72199999999998,0,
375,3000,16248,152081,2315,1084,74539,1082,74304,522,271,63,208,0,0,2025.2715399999997,3954.1059999999998,0,
376,291,2599,17809,271,87,5640,84,5068,34,15,1,14,0,0,156.57704,463.034,0,
377,598,4147,32864,507,112,9145,106,8654,42,19,6,13,0,0,206.97911999999997,854.4639999999999,0,
378,70,649,4055,28,3,141,3,141,0,0,0,0,0,0,5.364209999999999,105.42999999999999,0,
379,228,3201,11982,1256,19,1509,18,1276,5,2,1,1,0,0,34.57749999999999,311.532,3,limit
380,233,1733,13632,201,36,2389,31,2177,12,7,4,3,0,0,60.818529999999996,354.43199999999996,0,
381,110,859,6726,68,26,1340,26,1340,7,4,1,3,0,0,46.9394,174.876,0,
382,101,777,6224,69,13,680,13,680,6,2,1,1,0,0,23.507799999999996,161.82399999999998,0,
383,188,1325,11785,100,33,2111,33,2111,15,11,3,8,0,0,61.13991,306.40999999999997,0,
384,240,1652,14481,132,51,3133,51,3133,18,7,0,7,0,0,93.99573,376.506,0,
385,114,898,6147,131,18,1275,12,789,6,3,1,2,0,0,25.76157,159.822,0,
386,201,1534,11799,165,40,2597,38,2461,17,9,2,7,0,0,71.63689,306.774,0,
387,98,680,5583,22,3,193,3,193,1,0,0,0,0,0,5.562329999999999,145.158,0,
388,202,1484,11903,178,41,3406,40,3214,17,7,1,6,0,0,77.3109,309.478,0,
389,97,610,4761,26,6,230,6,230,2,1,0,1,0,0,10.5303,123.786,0,
390,92,619,5271,23,6,269,6,269,2,1,0,1,0,0,10.678889999999999,137.046,0,
391,3000,17828,151122,2329,1006,74754,1000,74279,470,243,60,183,0,0,1895.43749,3929.172,0,
392,181,1518,10752,168,32,1666,30,1620,11,6,2,4,0,0,55.45447999999999,279.55199999999996,0,
393,189,1596,11311,173,38,2738,38,2738,17,8,0,8,0,0,71.57378,294.086,0,
394,3000,18902,151691,2487,1033,70782,1031,70654,501,250,56,194,0,0,1929.17978,3943.966,0,
395,205,1633,11985,208,34,2038,34,1992,11,4,1,3,0,0,62.349799999999995,311.61,0,
396,3000,16071,151534,2222,1072,84987,1071,84960,515,243,56,187,0,0,2047.4474599999996,3939.884,0,
397,180,1419,9968,166,35,1896,36,1951,13,6,1,5,0,0,64.81340999999999,259.168,0,
398,3000,19506,152211,2513,1079,76608,1074,76272,516,267,56,211,0,0,2021.4538,3957.486,0,
399,195,1428,11758,145,23,1546,19,1397,7,5,2,3,0,0,37.985389999999995,305.70799999999997,0,
400,94,691,5503,37,8,497,8,497,2,0,0,0,0,0,14.765569999999999,143.078,0,
401,3000,16619,152682,2449,1091,85286,1087,85167,522,263,64,199,0,0,2075.52569,3969.732,0,
402,177,1259,8562,102,15,1290,11,846,5,3,1,2,0,0,23.36218,222.612,0,
403,3000,19116,151702,2606,1045,74909,1045,74909,516,252,60,192,0,0,1966.80829,3944.252,0,
404,265,2037,14765,249,62,4298,62,4298,25,6,1,5,0,0,116.13337999999999,383.89,0,
405,142,1066,8178,91,18,1285,15,1040,6,1,1,0,0,0,29.823499999999996,212.628,0,
406,314,2233,17929,212,66,4405,66,4405,29,17,1,16,0,0,122.97704999999999,466.154,0,
407,3000,19471,151668,2771,1068,78593,1074,76903,512,258,56,202,0,0,2020.18663,3943.368,0,
408,210,1656,13113,207,41,2420,41,2420,17,8,3,5,0,0,75.1892,340.938,0,
409,92,618,4479,31,5,167,5,167,1,0,0,0,0,0,8.681269999999998,116.454,0,
410,3000,16135,151549,2332,1070,82394,1065,83450,486,240,56,184,0,0,2032.6784199999997,3940.274,0,
411,3000,19670,151927,2557,1069,77934,1068,77816,503,261,54,207,0,0,2015.5091999999997,3950.102,0,
412,98,718,5126,33,6,156,6,156,1,0,0,0,0,0,10.248359999999998,133.27599999999998,0,
413,233,1658,13118,156,21,1633,25,1682,9,3,0,3,0,0,44.6596,341.068,0,
414,85,626,5938,30,5,256,5,256,3,0,0,0,0,0,9.02036,154.388,0,
415,3000,16463,155415,2195,1137,88290,1137,88290,543,275,62,213,0,0,2165.8178999999996,4040.79,0,
416,391,2374,21925,219,33,3022,31,2760,14,6,2,4,0,0,61.661759999999994,570.05,0,
417,89,650,4558,61,11,737,7,321,2,2,2,0,0,0,14.892889999999998,118.508,0,
418,111,822,7017,44,12,738,12,738,4,3,0,3,0,0,22.11978,182.44199999999998,0,
419,109,602,5138,23,4,154,4,154,2,1,0,1,0,0,7.02274,133.588,0,
420,179,1303,9786,176,47,2739,40,2047,13,5,1,4,0,0,76.32863,254.43599999999998,0,
421,105,780,6146,33,7,579,7,579,3,1,0,1,0,0,13.46899,159.796,0,
422,370,2036,18396,236,52,3385,51,3149,18,6,1,5,0,0,94.81416999999999,478.296,0,
423,141,993,7468,126,26,2039,24,1906,7,4,1,3,0,0,46.992799999999995,194.16799999999998,0,
424,304,2271,12802,1089,12,749,10,429,2,1,1,0,0,0,19.06009,332.852,5,limit
425,128,1069,7932,96,31,1365,31,1365,11,5,0,5,0,0,55.07965,206.232,0,
426,187,1225,10414,93,27,1684,27,1684,11,5,2,3,0,0,49.85904,270.764,0,
427,204,1421,12754,128,44,2600,44,2489,19,5,1,4,0,0,80.41007,331.604,0,
428,3000,17499,155073,2549,1118,77368,1116,77217,519,270,69,201,0,0,2090.9769499999998,4031.8979999999997,0,
429,3000,20523,153731,2771,1104,83197,1118,84473,537,248,52,196,0,0,2112.4924499999997,3997.006,0,
430,231,1716,12310,195,45,2898,41,2363,16,12,2,10,0,0,77.51933000000001,320.06,0,
431,3000,18007,151695,2337,1052,71040,1050,70934,500,244,50,194,0,0,1960.79162,3944.0699999999997,0,
432,285,1944,18586,156,89,4454,89,4454,33,15,0,15,0,0,160.17074,483.236,0,
433,124,1078,7447,124,20,1241,21,1294,8,5,0,5,0,0,38.17759999999999,193.62199999999999,0,
434,3000,16638,154615,2562,1128,87609,1127,87490,544,271,62,209,0,0,2147.29932,4019.99,0,
435,252,2072,14533,277,65,4146,62,4279,26,12,1,11,0,0,117.34105,377.858,0,
436,142,966,6971,128,22,1267,17,1087,6,3,1,2,0,0,34.10187,181.24599999999998,0,
437,225,1361,11191,130,32,2066,27,2091,8,5,4,1,0,0,53.77521,290.966,0,
438,262,1831,16041,202,73,4548,72,4335,29,18,1,17,0,0,133.09468999999999,417.066,0,
439,100,765,5480,90,12,596,12,596,2,1,0,1,0,0,21.57876,142.48,0,
440,3000,18699,151952,2591,1075,86271,1074,86036,535,243,56,187,0,0,2056.61946,3950.752,0,
441,164,1439,9943,141,37,2043,37,1936,15,6,1,5,0,0,67.03541999999999,258.518,0,
442,161,1117,8272,61,21,1185,21,1185,5,3,0,3,0,0,38.30385,215.072,0,
443,130,917,7597,110,15,766,15,766,6,2,0,2,0,0,27.053459999999998,197.522,0,
444,302,1825,17541,137,71,3971,71,3971,25,10,0,10,0,0,129.36851,456.066,0,
445,87,526,4367,23,4,116,4,116,1,1,0,1,0,0,6.87796,113.542,0,
446,235,1061,10003,51,12,635,11,580,4,3,1,2,0,0,20.4527,260.078,0,
447,130,713,6918,23,7,296,7,296,2,0,0,0,0,0,12.390759999999998,179.868,0,
448,107,723,6416,39,15,696,15,696,6,2,0,2,0,0,26.78676,166.816,0,
449,276,1975,16858,201,70,3967,68,3712,27,13,2,11,0,0,124.81361999999999,438.308,0,
450,88,660,5472,57,11,545,9,299,1,1,1,0,0,0,16.86847,142.272,0,
451,274,2089,16585,234,60,4260,59,4082,27,10,2,8,0,0,111.17245999999997,431.21,0,
452,131,828,6877,48,19,740,19,740,6,0,0,0,0,0,33.3904,178.802,0,
453,204,1370,12087,104,46,2839,46,2839,12,8,0,8,0,0,84.83059,314.262,0,
454,103,674,5238,38,5,278,5,278,3,2,1,1,0,0,9.10418,136.188,0,
455,3000,17335,157232,2391,1215,79929,1215,79929,557,283,61,222,0,0,2259.4644900000003,4088.0319999999997,0,
456,178,951,7862,40,8,403,8,403,4,1,0,1,0,0,14.407429999999998,204.41199999999998,0,
457,304,1976,17034,230,66,4208,59,3394,26,10,4,6,0,0,112.17566,442.88399999999996,0,
458,3000,17140,153282,2483,1105,77505,1100,77208,525,269,54,215,0,0,2066.8079399999997,3985.332,0,
459,116,1052,6070,111,11,705,11,747,5,4,1,3,0,0,20.49551,157.82,0,
460,153,1223,9477,132,32,1582,30,1528,10,4,1,3,0,0,55.11339999999999,246.402,0,
461,335,2378,19701,205,50,3991,43,3480,17,12,4,8,0,0,86.40178,512.226,0,
462,345,2898,20829,263,84,5556,74,5184,31,14,2,12,0,0,144.046,541.554,0,
463,202,1228,10270,58,17,1232,17,1232,7,3,0,3,0,0,32.04692,267.02,0,
464,3000,14880,155940,1560,590,61523,483,34068,35,17,7,10,1,0,990.5959799999999,4054.4399999999996,0,
465,3000,18320,153674,2687,1117,78662,1117,78541,536,251,46,205,0,0,2096.6369899999995,3995.524,0,
466,3000,17644,154296,2536,1120,85416,1116,85156,539,279,61,218,0,0,2122.3111599999997,4011.696,0,
467,133,1072,7625,96,10,648,11,608,4,3,1,2,0,0,19.583679999999998,198.25,0,
468,109,658,5305,15,1,35,1,35,0,0,0,0,0,0,1.7423499999999998,137.93,0,
469,404,2425,23107,249,82,6336,69,5657,25,12,5,7,0,0,139.60239,600.7819999999999,0,
470,157,1228,9064,124,29,1732,29,1732,12,5,0,5,0,0,53.259919999999994,235.664,0,
471,120,720,6340,28,6,262,6,262,2,1,0,1,0,0,10.652219999999998,164.84,0,
472,315,2313,19070,234,77,5147,77,5191,35,11,0,11,0,0,143.61879,495.82,0,
473,140,977,8148,65,26,1432,26,1432,8,5,0,5,0,0,47.289919999999995,211.84799999999998,0,
474,56,461,4234,11,1,26,1,26,0,0,0,0,0,0,1.7080599999999997,110.08399999999999,0,
475,386,2924,23748,354,114,7012,114,7012,46,28,2,26,0,0,210.14172,617.448,0,
476,162,1001,7976,50,11,671,11,634,5,1,0,1,0,0,20.1582,207.37599999999998,0,
477,276,1847,15078,203,50,3149,50,3149,23,8,1,7,0,0,92.44769,392.02799999999996,0,
478,186,1060,8591,115,25,1682,24,1623,6,3,0,3,0,0,45.34824999999999,223.36599999999999,0,
479,166,1308,9953,150,28,2146,28,2146,8,3,0,3,0,0,53.22825999999999,258.77799999999996,0,
480,3000,16820,156364,2172,1131,85951,1131,85951,551,258,45,213,0,0,2147.25231,4065.464,0,
481,88,724,5094,35,10,324,10,324,1,0,0,0,0,0,17.32444,132.444,0,
482,3000,16346,151972,1984,1062,87785,1062,87785,531,236,47,189,0,0,2043.21885,3951.272,0,
483,420,3290,25686,318,107,7137,107,7137,47,25,2,23,0,0,199.35496999999998,667.836,0,
484,191,1429,11668,160,30,1852,30,1855,9,2,0,2,0,0,55.33401,303.368,0,
485,294,1690,16238,103,33,2301,33,2301,10,7,1,6,0,0,61.86381,422.188,0,
486,447,2939,26764,263,103,5983,101,5834,42,20,5,15,0,0,185.87036,695.8639999999999,0,
487,231,1470,14424,93,22,1885,22,1885,10,2,0,2,0,0,42.57984999999999,375.024,0,
488,87,580,4762,26,7,221,7,221,0,0,0,0,0,0,12.105009999999998,123.812,0,
489,197,1177,12153,65,30,1509,30,1509,10,6,0,6,0,0,54.01929,315.978,0,
490,180,960,8566,71,16,845,15,745,6,1,1,0,0,0,27.57045,222.71599999999998,0,
491,140,1054,8036,135,23,1745,23,1745,5,3,0,3,0,0,43.65545,208.93599999999998,0,
492,74,514,3856,23,3,180,3,180,1,0,0,0,0,0,5.5127999999999995,100.256,0,
493,107,683,5969,26,5,256,5,256,3,1,0,1,0,0,9.02036,155.194,0,
494,184,951,8411,46,16,950,16,950,4,2,0,2,0,0,29.3635,218.68599999999998,0,
495,3000,10656,109054,1882,267,16075,267,16075,129,55,11,44,0,0,490.84875,2835.404,186,limit
496,3000,17670,151313,2154,999,70920,999,70920,479,231,60,171,0,0,1877.5962,3934.138,0,
497,134,1002,7893,41,8,352,7,286,1,1,1,0,0,0,12.909539999999998,205.218,0,
498,188,1297,10890,87,24,1286,24,1286,8,4,1,3,0,0,43.51566,283.14,0,
499,160,914,7955,45,12,543,10,492,4,2,1,1,0,0,18.982699999999998,206.82999999999998,0,
500,100,711,5421,74,10,478,8,368,4,2,2,0,0,0,15.361880000000001,140.946,0,
501,324,1731,16893,96,37,2341,37,2341,14,4,0,4,0,0,68.45221,439.21799999999996,0,
502,182,1098,9649,60,17,1174,13,1020,4,3,2,1,0,0,26.90092,250.874,0,
503,194,1308,11466,110,23,1777,23,1777,10,6,1,5,0,0,43.77737,298.116,0,
504,162,1039,8606,107,21,1181,21,1181,6,2,0,2,0,0,38.28860999999999,223.756,0,
505,108,700,5361,55,12,522,10,359,2,1,1,0,0,0,18.60813,139.386,0,
506,97,659,5193,38,15,598,15,598,3,1,0,1,0,0,26.41338,135.018,0,
507,124,705,6054,22,8,327,8,327,1,0,0,0,0,0,14.11787,157.404,0,
508,77,544,4840,18,5,168,5,168,0,0,0,0,0,0,8.68508,125.83999999999999,0,
509,155,1179,8802,139,28,1855,28,1972,12,3,1,2,0,0,52.42726,228.85199999999998,0,
510,112,844,6527,90,22,1538,17,846,5,2,2,0,0,0,33.787819999999996,169.702,0,
511,110,688,6497,23,6,221,6,221,2,1,0,1,0,0,10.496009999999998,168.922,0,
512,105,888,6616,129,27,1655,23,1239,7,5,1,4,0,0,44.13447,172.016,0,
513,184,1455,10883,179,36,2267,35,2182,10,5,1,4,0,0,65.20772,282.95799999999997,0,
514,248,1408,13568,73,21,1361,21,1361,5,4,2,2,0,0,38.97441,352.768,0,
515,126,804,6962,38,10,721,10,721,2,1,0,1,0,0,18.83701,181.012,0,
516,130,706,7052,23,6,248,6,248,1,0,0,0,0,0,10.59888,183.352,0,
517,132,813,5967,99,7,361,7,361,3,3,1,2,0,0,12.638409999999999,155.142,0,
518,230,1329,11229,135,28,2129,28,2129,7,4,0,4,0,0,53.16348999999999,291.954,0,
519,109,715,6404,30,10,407,10,407,4,0,0,0,0,0,17.640669999999997,166.504,0,
520,83,549,5423,17,5,158,5,158,0,0,0,0,0,0,8.64698,140.998,0,
521,130,864,7828,77,11,364,11,364,1,1,0,1,0,0,19.08584,203.528,0,
522,64,502,4191,17,4,111,4,111,0,0,0,0,0,0,6.858909999999999,108.966,0,
523,112,872,7063,93,14,721,14,721,4,3,0,3,0,0,25.273009999999996,183.638,0,
524,222,1343,12557,82,24,1382,21,1259,4,3,2,1,0,0,40.16792999999999,326.48199999999997,0,
525,146,810,7753,41,16,619,16,619,3,2,0,2,0,0,28.10239,201.578,0,
526,251,1387,12054,138,30,1986,30,1986,13,7,1,6,0,0,55.836659999999995,313.404,0,
527,241,1294,11194,70,24,1253,24,1253,8,2,0,2,0,0,43.38992999999999,291.044,0,
528,103,885,5964,130,15,1163,13,606,3,3,2,1,0,0,24.841119999999997,155.064,0,
529,269,1946,15609,228,58,3922,60,3854,19,14,3,11,0,0,110.34598,405.834,0,
530,143,739,5871,31,8,262,8,262,2,0,0,0,0,0,13.870219999999998,152.646,0,
531,194,1169,10253,108,21,1406,21,1406,9,4,2,2,0,0,39.14586,266.578,0,
532,89,643,5377,37,14,500,14,500,4,0,0,0,0,0,24.431,139.802,0,
533,95,678,4844,81,8,375,8,403,3,2,0,2,0,0,14.374389999999998,125.94399999999999,0,
534,172,866,7968,38,12,736,12,736,5,3,0,3,0,0,22.11216,207.16799999999998,0,
535,166,1167,9076,115,25,1548,28,1619,10,8,0,8,0,0,49.69960999999999,235.976,0,
536,165,1024,9502,102,24,1242,22,1108,8,6,2,4,0,0,40.7356,247.052,0,
537,118,820,7455,44,12,726,12,726,4,2,0,2,0,0,22.074059999999996,193.82999999999998,0,
538,82,514,4644,16,3,140,3,140,2,1,0,1,0,0,5.360399999999999,120.744,0,
539,125,756,6251,24,7,351,7,351,0,0,0,0,0,0,12.60031,162.52599999999998,0,
540,234,1539,13533,139,18,1692,19,1673,6,5,2,3,0,0,36.488550000000004,351.858,0,
541,217,1344,12004,113,44,2455,44,2455,14,7,1,6,0,0,80.14954999999999,312.104,0,
542,128,841,6958,45,15,696,15,696,6,3,0,3,0,0,26.78676,180.908,0,
543,98,639,5879,31,10,413,10,413,2,0,0,0,0,0,17.663529999999998,152.85399999999998,0,
544,111,683,6321,16,3,141,3,141,1,0,0,0,0,0,5.364209999999999,164.346,0,
545,173,1260,9613,135,34,2037,34,2037,12,4,0,4,0,0,62.46696999999999,249.938,0,
546,66,501,4420,15,4,78,4,78,0,0,0,0,0,0,6.733179999999999,114.92,0,
547,221,1576,12721,171,54,3001,55,3042,21,8,0,8,0,0,99.55763999999999,330.746,0,
548,201,1327,11602,146,29,2605,25,2045,8,2,1,1,0,0,50.59325,301.652,0,
549,114,708,5843,30,6,331,6,331,2,0,0,0,0,0,10.91511,151.918,0,
550,61,445,3770,10,2,52,2,52,0,0,0,0,0,0,3.4161199999999994,98.02,0,
551,246,1594,15103,143,40,2763,40,2763,12,5,1,4,0,0,74.88703,392.678,0,
552,84,569,4885,22,5,148,5,148,2,1,0,1,0,0,8.60888,127.00999999999999,0,
553,68,467,4467,11,1,41,1,41,1,0,0,0,0,0,1.76521,116.142,0,
554,120,773,7244,53,19,936,19,936,6,5,1,4,0,0,34.13716,188.344,0,
555,165,955,8061,83,20,977,16,766,3,1,1,0,0,0,30.82744,209.58599999999998,0,
556,71,512,4035,24,5,225,5,225,2,0,0,0,0,0,8.902249999999999,104.91,0,
557,89,651,5495,35,7,375,6,313,2,1,1,0,0,0,11.398689999999998,142.87,0,
558,236,1311,11499,66,21,1577,21,1577,6,3,0,3,0,0,39.797369999999994,298.974,0,
559,118,875,7468,81,24,1254,24,1254,10,5,1,4,0,0,43.39374,194.16799999999998,0,
560,161,898,7335,85,15,749,16,796,5,3,0,3,0,0,28.242299999999997,190.70999999999998,0,
561,113,843,6858,115,17,857,16,699,6,5,1,4,0,0,29.07263,178.308,0,
562,140,952,7669,100,22,1609,22,1563,9,6,0,6,0,0,41.40731,199.39399999999998,0,
563,189,930,8755,39,15,745,15,745,2,0,0,0,0,0,26.97345,227.63,0,
564,106,762,6270,85,16,722,16,722,2,2,0,2,0,0,28.494819999999997,163.01999999999998,0,
565,88,620,5323,30,6,267,6,267,3,1,0,1,0,0,10.67127,138.398,0,
566,95,664,5927,33,8,390,7,261,2,2,1,1,0,0,12.88863,154.102,0,
567,140,644,5930,18,3,156,3,156,1,1,0,1,0,0,5.42136,154.18,0,
568,126,975,7478,119,24,1262,18,860,8,3,1,2,0,0,35.58696,194.428,0,
569,108,666,5802,31,11,418,11,418,1,0,0,0,0,0,19.29158,150.852,0,
570,89,774,5397,106,14,928,9,534,4,3,1,2,0,0,19.375459999999997,140.322,0,
571,142,954,9276,58,30,1504,30,1504,11,2,0,2,0,0,54.00024,241.176,0,
572,80,521,4634,13,2,75,2,75,0,0,0,0,0,0,3.5037499999999997,120.484,0,
573,115,822,6815,83,17,847,19,897,6,3,0,3,0,0,32.97157,177.19,0,
574,117,751,6852,42,14,525,14,525,3,1,0,1,0,0,24.526249999999997,178.152,0,
575,93,629,5128,29,13,490,13,490,1,0,0,0,0,0,22.783899999999996,133.328,0,
576,170,1179,10537,116,30,1929,30,2233,11,7,0,7,0,0,56.41901,273.962,0,
577,103,717,5849,76,13,900,12,511,2,1,1,0,0,0,22.192929999999997,152.07399999999998,0,
578,148,921,8018,72,17,1042,17,1042,8,6,2,4,0,0,31.323019999999993,208.468,0,
579,139,915,8187,43,10,806,10,806,5,2,0,2,0,0,19.16086,212.862,0,
580,122,808,7173,57,28,1425,26,1347,9,6,1,5,0,0,48.01611,186.498,0,
581,71,476,4190,14,3,76,3,76,0,0,0,0,0,0,5.11656,108.94,0,
582,146,964,8578,89,20,1164,18,800,4,2,1,1,0,0,33.39752,223.028,0,
583,138,863,7113,79,17,913,11,624,5,3,2,1,0,0,23.29146,184.938,0,
584,121,694,6155,31,10,370,10,370,2,0,0,0,0,0,17.499699999999997,160.03,0,
585,158,1186,9322,122,27,1828,27,1872,11,4,0,4,0,0,50.5234,242.37199999999999,0,
586,89,638,4841,77,9,356,10,394,3,1,0,1,0,0,17.0673,125.866,0,
587,90,569,5224,24,4,237,4,237,2,1,0,1,0,0,7.33897,135.82399999999998,0,
588,120,743,6590,32,12,496,12,496,4,1,0,1,0,0,21.19776,171.34,0,
589,91,679,5486,70,9,790,6,480,3,2,1,1,0,0,13.285599999999999,142.636,0,
590,80,557,4638,20,5,152,5,152,1,1,0,1,0,0,8.62412,120.588,0,
591,113,691,6197,33,10,586,10,586,3,2,0,2,0,0,18.32266,161.12199999999999,0,
592,120,896,7656,68,13,860,13,860,5,2,1,1,0,0,24.193599999999996,199.05599999999998,0,
593,115,748,5740,39,12,655,10,561,4,1,1,0,0,0,19.296329999999998,149.23999999999998,0,
594,102,748,5818,92,16,688,17,662,5,2,0,2,0,0,29.4269,151.268,0,
595,172,1104,9570,72,12,1042,12,1042,6,4,2,2,0,0,23.278019999999998,248.82,0,
596,159,1183,8422,128,18,1321,16,1277,6,3,1,2,0,0,31.619289999999996,218.97199999999998,0,
597,108,780,6853,37,11,552,11,552,2,1,0,1,0,0,19.802120000000002,178.178,0,
598,120,851,7639,91,16,1187,14,970,6,4,2,2,0,0,27.435759999999995,198.614,0,
599,164,1164,10125,134,31,1791,33,1881,9,5,0,5,0,0,59.19941,263.25,0,
600,131,770,7577,38,11,524,11,524,4,2,0,2,0,0,19.695439999999998,197.00199999999998,0,
601,119,786,6549,50,12,655,11,625,5,2,1,1,0,0,20.594649999999998,170.274,0,
602,107,689,6682,27,5,199,5,199,1,0,0,0,0,0,8.803189999999999,173.732,0,
603,90,627,5258,25,10,416,10,416,2,2,0,2,0,0,17.67496,136.708,0,
604,117,636,5415,17,4,171,4,171,0,0,0,0,0,0,7.087509999999999,140.79,0,
605,131,844,7246,91,13,827,14,804,4,1,0,1,0,0,25.137379999999997,188.396,0,
606,127,913,8069,80,23,1152,22,1051,9,3,2,1,0,0,40.00049,209.79399999999998,0,
607,183,1138,10624,38,11,812,11,812,3,1,0,1,0,0,20.792720000000003,276.224,0,
608,81,650,4812,72,9,468,10,498,3,2,0,2,0,0,17.47298,125.112,0,
609,153,1009,9233,65,32,1671,30,1571,12,8,1,7,0,0,55.331509999999994,240.058,0,
610,178,1026,9496,52,17,998,17,998,6,4,0,4,0,0,31.155379999999997,246.896,0,
611,61,455,4013,10,1,48,1,48,1,0,0,0,0,0,1.7918799999999997,104.338,0,
612,95,555,5614,18,5,93,5,93,0,0,0,0,0,0,8.39933,145.964,0,
613,90,618,5446,35,12,425,12,425,4,0,0,0,0,0,20.92725,141.596,0,
614,103,616,5075,21,4,200,4,200,2,1,0,1,0,0,7.1979999999999995,131.95,0,
615,72,546,4003,24,8,285,8,285,1,1,0,1,0,0,13.957849999999999,104.07799999999999,0,
616,243,2217,11551,1069,12,755,10,478,3,1,1,0,0,0,19.196039999999996,300.32599999999996,4,limit
617,183,1410,10862,180,32,2357,30,2247,8,3,1,2,0,0,57.91887,282.412,0,
618,79,537,4237,18,3,121,3,121,0,0,0,0,0,0,5.28801,110.16199999999999,0,
619,76,520,4100,28,8,276,8,276,2,1,0,1,0,0,13.923559999999998,106.6,0,
620,85,585,5069,20,5,210,5,210,2,1,0,1,0,0,8.8451,131.79399999999998,0,
621,151,1177,8970,161,31,1899,27,1734,11,8,2,6,0,0,52.160239999999995,233.22,0,
622,122,709,6448,26,7,281,7,281,1,0,0,0,0,0,12.333609999999998,167.648,0,
623,100,551,4827,15,6,156,6,156,0,0,0,0,0,0,10.248359999999998,125.502,0,
624,63,443,3891,12,3,100,3,100,0,0,0,0,0,0,5.207999999999999,101.166,0,
625,79,496,4645,20,8,180,8,180,0,0,0,0,0,0,13.557799999999999,120.77,0,
626,166,999,8683,48,11,756,9,708,3,2,1,1,0,0,18.19312,225.75799999999998,0,
627,221,1460,11467,190,34,3707,27,1823,7,3,2,1,0,0,55.964749999999995,298.142,0,
628,109,795,6087,63,10,497,10,497,4,2,1,1,0,0,17.98357,158.262,0,
629,104,3033,5547,2383,11,479,8,271,1,1,1,0,0,0,15.58695,144.22199999999998,1,limit
630,331,2188,17607,180,45,3463,41,3219,11,4,2,2,0,0,80.43731,457.782,0,
631,140,1113,8745,124,29,1368,32,1444,8,4,0,4,0,0,55.462959999999995,227.36999999999998,0,
632,95,669,5291,34,9,351,9,351,2,0,0,0,0,0,15.818309999999999,137.566,0,
633,213,1320,11163,143,28,1747,25,1603,8,4,2,2,0,0,47.93935,290.238,0,
634,180,862,7410,39,11,386,9,340,2,2,1,1,0,0,16.78868,192.66,0,
635,89,598,5015,24,6,274,6,274,0,0,0,0,0,0,10.69794,130.39,0,
636,109,619,6092,11,3,92,3,92,0,0,0,0,0,0,5.1775199999999995,158.392,0,
637,167,1028,9884,53,15,1016,14,916,4,1,1,0,0,0,26.612959999999998,256.984,0,
638,168,730,7011,20,4,190,4,190,1,1,0,1,0,0,7.1598999999999995,182.286,0,
639,108,644,5506,19,8,212,8,212,1,1,0,1,0,0,13.67972,143.156,0,
640,96,781,5647,90,12,572,12,572,5,2,0,2,0,0,21.487319999999997,146.822,0,
641,109,884,6709,100,17,948,17,948,5,2,0,2,0,0,30.964879999999997,174.434,0,
642,104,793,5994,67,10,679,10,679,4,3,1,2,0,0,18.676989999999996,155.844,0,
643,112,764,6703,56,19,986,19,986,8,2,0,2,0,0,34.327659999999995,174.278,0,
644,138,815,7838,32,11,394,11,394,3,1,0,1,0,0,19.20014,203.78799999999998,0,
645,112,796,6887,45,19,942,19,942,5,4,0,4,0,0,34.160019999999996,179.06199999999998,0,
646,127,812,8212,44,13,779,13,779,6,3,0,3,0,0,23.88499,213.512,0,
647,151,1137,9131,127,22,1339,22,1344,7,5,1,4,0,0,40.51274,237.40599999999998,0,
648,130,684,6636,23,5,175,5,175,1,0,0,0,0,0,8.71175,172.536,0,
649,126,725,6037,79,10,380,10,408,2,2,0,2,0,0,17.611439999999998,156.962,0,
650,130,954,8510,57,19,1209,19,1209,7,5,0,5,0,0,35.17729,221.26,0,
651,171,1033,9518,52,20,1101,20,1101,4,2,0,2,0,0,36.37481,247.468,0,
652,92,746,5763,89,13,480,13,480,3,1,0,1,0,0,22.745799999999996,149.838,0,
653,125,810,6715,38,9,553,9,553,2,2,0,2,0,0,16.58793,174.59,0,
654,142,990,8061,98,21,1348,21,1348,7,5,1,4,0,0,38.924879999999995,209.58599999999998,0,
655,74,500,3929,17,3,92,3,92,1,0,0,0,0,0,5.1775199999999995,102.154,0,
656,253,1493,14078,117,25,1906,23,1779,10,4,2,2,0,0,44.892849999999996,366.02799999999996,0,
657,99,620,5311,24,6,171,6,171,0,0,0,0,0,0,10.30551,138.08599999999998,0,
658,161,1128,9175,125,34,2395,32,2007,11,7,1,6,0,0,60.550509999999996,238.54999999999998,0,
659,134,869,7209,49,17,879,17,879,4,0,0,0,0,0,30.701989999999995,187.434,0,
660,170,1022,8443,131,33,1955,32,1910,10,6,0,6,0,0,59.2972,219.518,0,
661,123,947,7319,122,28,1430,24,1153,8,3,1,2,0,0,45.25178999999999,190.29399999999998,0,
662,99,651,5099,27,4,291,4,291,2,0,0,0,0,0,7.544709999999999,132.57399999999998,0,
663,81,513,3946,20,5,147,5,147,1,1,0,1,0,0,8.60507,102.59599999999999,0,
664,142,894,7884,67,7,791,7,791,5,2,1,1,0,0,14.276709999999998,204.98399999999998,0,
665,137,832,7516,50,25,1216,25,1216,8,6,0,6,0,0,44.85795999999999,195.416,0,
666,223,1239,11347,70,23,1375,22,1383,4,3,1,2,0,0,41.13679,295.022,0,
667,78,538,4171,16,2,98,2,98,0,0,0,0,0,0,3.59138,108.446,0,
668,112,947,7259,111,20,1149,19,1085,8,5,1,4,0,0,35.25937,188.73399999999998,0,
669,109,710,5743,55,10,513,10,461,2,1,1,0,0,0,17.90777,149.31799999999998,0,
670,142,1042,7980,121,29,1900,25,1582,7,4,2,2,0,0,48.543659999999996,207.48,0,
671,78,584,4218,27,5,281,5,281,3,2,0,2,0,0,9.11561,109.66799999999999,0,
672,343,2097,19653,144,58,3533,56,3425,19,11,1,10,0,0,104.23868999999999,510.97799999999995,0,
673,116,676,6012,31,7,228,7,228,0,0,0,0,0,0,12.13168,156.31199999999998,0,
674,164,729,6631,19,5,189,5,189,0,0,0,0,0,0,8.76509,172.406,0,
675,94,601,5459,21,7,246,7,246,1,0,0,0,0,0,12.200259999999998,141.934,0,
676,115,552,4672,12,2,77,2,77,0,0,0,0,0,0,3.51137,121.472,0,
677,225,1083,9424,28,11,454,11,454,1,0,0,0,0,0,19.428739999999998,245.024,0,
678,189,1261,9947,151,29,1751,29,1650,11,6,1,5,0,0,53.06668,258.622,0,
679,102,657,5628,33,10,408,10,408,2,1,0,1,0,0,17.644479999999998,146.328,0,
680,63,439,4087,11,2,67,2,67,0,0,0,0,0,0,3.47327,106.262,0,
681,136,846,7809,40,16,703,16,703,3,0,0,0,0,0,28.42243,203.034,0,
682,62,417,3681,9,1,45,1,45,1,0,0,0,0,0,1.7804499999999999,95.70599999999999,0,
683,93,590,4911,28,8,361,8,361,2,0,0,0,0,0,14.247409999999999,127.68599999999999,0,
684,161,1227,10168,122,24,1459,24,1459,9,3,0,3,0,0,44.174789999999994,264.368,0,
685,102,805,6562,82,18,1085,14,544,4,2,1,1,0,0,27.153019999999998,170.612,0,
686,88,583,4268,30,7,246,7,246,1,0,0,0,0,0,12.200259999999998,110.96799999999999,0,
687,167,927,7689,37,10,549,10,549,4,1,0,1,0,0,18.18169,199.914,0,
688,131,757,7104,30,7,279,5,233,3,1,1,0,0,0,9.94501,184.70399999999998,0,
689,112,737,6682,37,12,682,12,682,5,2,0,2,0,0,21.906419999999997,173.732,0,
690,124,762,6707,33,10,631,10,631,4,0,0,0,0,0,18.49411,174.382,0,
691,207,1120,9956,102,26,1497,18,1105,8,4,3,1,0,0,37.46660999999999,258.856,0,
692,132,868,7293,43,18,1002,18,1002,7,2,0,2,0,0,32.779619999999994,189.618,0,
693,110,754,6552,59,18,624,16,574,4,3,1,2,0,0,28.947939999999996,170.352,0,
694,253,1436,13133,77,24,1943,24,1943,7,3,0,3,0,0,46.018829999999994,341.45799999999997,0,
695,119,837,6280,128,27,1711,21,1229,5,3,1,2,0,0,41.914249999999996,163.28,0,
696,181,1320,10136,148,30,1900,31,1959,11,3,0,3,0,0,56.794169999999994,263.536,0,
697,76,640,4176,66,7,530,5,281,2,2,1,1,0,0,10.367429999999999,108.576,0,
698,197,1164,10135,68,15,1377,14,1342,5,2,1,1,0,0,28.15932,263.51,0,
699,125,1005,7341,123,22,1444,18,1071,7,4,2,2,0,0,35.398649999999996,190.86599999999999,0,
700,160,997,8730,58,25,1411,25,1411,11,5,0,5,0,0,45.60090999999999,226.98,0,
701,94,631,5605,30,11,370,11,370,3,2,0,2,0,0,19.1087,145.73,0,
702,162,731,6789,19,3,124,3,124,1,1,0,1,0,0,5.29944,176.51399999999998,0,
703,93,701,5329,98,10,597,7,291,2,2,1,1,0,0,14.16979,138.554,0,
704,128,803,6999,36,12,546,12,546,2,2,0,2,0,0,21.38826,181.974,0,
705,99,687,5545,61,15,611,14,515,5,2,1,1,0,0,25.08043,144.17,0,
706,83,558,4339,16,3,121,3,121,0,0,0,0,0,0,5.28801,112.814,0,
707,168,1060,8428,103,17,1109,17,1109,6,3,0,3,0,0,31.578289999999996,219.128,0,
708,243,1293,13913,60,16,1340,16,1340,6,4,0,4,0,0,30.8494,361.738,0,
709,72,477,4003,14,2,58,2,58,1,1,0,1,0,0,3.43898,104.07799999999999,0,
710,105,624,4995,19,5,305,5,305,2,1,0,1,0,0,9.207049999999999,129.87,0,
711,179,1073,8570,64,13,1290,13,1290,8,3,1,2,0,0,25.831899999999997,222.82,0,
712,139,838,7375,42,14,872,14,872,5,3,0,3,0,0,25.848319999999998,191.75,0,
713,117,817,6291,80,24,1294,23,1219,7,2,1,1,0,0,42.218889999999995,163.566,0,
714,90,582,4958,16,2,102,2,102,1,0,0,0,0,0,3.60662,128.908,0,
715,101,712,6077,76,10,480,11,530,4,3,1,2,0,0,19.1803,158.00199999999998,0,
716,92,568,4872,17,3,135,3,135,0,0,0,0,0,0,5.34135,126.672,0,
717,109,760,6053,74,11,642,8,385,3,1,1,0,0,0,16.07911,157.378,0,
718,65,461,4262,16,3,129,3,129,1,0,0,0,0,0,5.31849,110.812,0,
719,131,808,7455,39,15,648,15,648,5,1,0,1,0,0,26.603879999999997,193.82999999999998,0,
720,166,940,8712,56,20,1099,18,990,2,1,1,0,0,0,33.82052,226.512,0,
721,94,668,5331,40,13,600,13,600,5,1,0,1,0,0,23.202999999999996,138.606,0,
722,121,724,6986,33,9,339,7,293,2,1,1,0,0,0,13.391609999999998,181.636,0,
723,121,746,6038,77,10,556,10,556,3,1,0,1,0,0,18.20836,156.988,0,
724,154,978,8812,57,23,1335,23,1335,10,4,0,4,0,0,42.093349999999994,229.112,0,
725,106,630,5477,28,8,381,8,381,2,1,0,1,0,0,14.323609999999999,142.402,0,
726,74,477,4094,15,4,188,4,188,1,0,0,0,0,0,7.152279999999999,106.44399999999999,0,
727,122,815,6958,91,17,863,16,660,5,3,2,1,0,0,28.97714,180.908,0,
728,145,1000,8330,124,24,1329,20,1196,7,3,1,2,0,0,38.8097,216.57999999999998,0,
729,157,813,7639,33,7,393,6,376,3,3,1,2,0,0,11.585619999999999,198.614,0,
730,141,783,6076,61,5,379,5,379,3,2,1,1,0,0,9.48899,157.976,0,
731,123,912,6643,133,22,1185,20,1056,6,4,1,3,0,0,37.313579999999995,172.718,0,
732,223,1412,12255,109,34,2029,33,1966,9,5,2,3,0,0,61.1408,318.63,0,
733,123,639,5244,22,6,222,6,222,2,1,0,1,0,0,10.499819999999998,136.344,0,
734,131,901,7967,108,15,927,15,916,6,5,1,4,0,0,27.637939999999997,207.142,0,
735,132,939,7392,135,27,1780,24,1279,7,5,1,4,0,0,45.51717,192.19199999999998,0,
736,110,663,5158,23,5,155,5,155,1,1,0,1,0,0,8.63555,134.108,0,
737,96,624,5900,29,4,240,4,240,2,2,1,1,0,0,7.350399999999999,153.4,0,
738,113,894,6759,111,19,976,19,976,7,5,1,4,0,0,34.289559999999994,175.73399999999998,0,
739,124,833,6249,103,14,672,14,672,5,3,1,2,0,0,25.086319999999997,162.474,0,
740,182,1156,10193,77,22,1677,19,1363,5,3,2,1,0,0,37.57155,265.018,0,
741,93,726,5416,70,12,682,10,565,5,2,1,1,0,0,19.338709999999995,140.816,0,
742,135,955,7840,62,22,1410,21,1334,7,4,1,3,0,0,39.44022,203.84,0,
743,82,523,4713,11,1,48,1,48,1,0,0,0,0,0,1.7918799999999997,122.538,0,
744,161,1193,9174,146,31,1765,31,1947,12,5,2,3,0,0,57.08230999999999,238.524,0,
745,188,818,7249,30,9,343,9,343,3,0,0,0,0,0,15.787829999999998,188.474,0,
746,124,991,7331,161,25,1341,24,1267,8,8,2,6,0,0,44.00959,190.606,0,
747,74,557,4267,59,7,288,8,290,2,2,1,1,0,0,13.49554,110.942,0,
748,142,807,7055,36,15,561,15,561,1,1,0,1,0,0,26.272409999999997,183.42999999999998,0,
749,69,454,3748,14,2,73,2,73,1,0,0,0,0,0,3.49613,97.448,0,
750,92,623,5342,36,12,571,10,470,2,1,1,0,0,0,18.95788,138.892,0,
751,3000,18622,153414,2277,1041,75895,1041,75895,500,240,49,191,0,0,1964.1289499999998,3988.7639999999997,0,
752,316,2271,19837,221,84,4414,82,4317,31,15,1,14,0,0,149.45823,515.762,0,
753,157,1235,9199,184,32,2061,35,2421,9,5,2,3,0,0,63.677209999999995,239.17399999999998,0,
754,167,1238,9282,167,34,2265,30,2337,9,4,1,3,0,0,59.00501,241.332,0,
755,96,634,4835,56,6,196,6,160,2,2,1,1,0,0,10.306079999999998,125.71,0,
756,372,2446,21899,262,96,6441,95,6393,36,15,1,14,0,0,177.74796999999998,569.374,0,
757,80,612,4223,24,4,158,4,158,1,0,0,0,0,0,7.037979999999999,109.798,0,
758,325,2124,20033,162,91,5308,91,5308,38,17,0,17,0,0,166.64247999999998,520.858,0,
759,279,1872,15421,171,70,4675,68,4476,24,14,1,13,0,0,127.65837999999998,400.94599999999997,0,
760,166,1195,8927,136,33,2029,33,2029,11,3,0,3,0,0,60.82749,232.10199999999998,0,
761,3000,18517,152882,2243,1068,72173,1066,72069,523,244,62,182,0,0,1990.85761,3974.932,0,
762,148,1182,8420,95,16,930,13,813,5,3,2,1,0,0,25.58959,218.92,0,
763,143,961,8146,63,18,1059,16,912,4,3,1,2,0,0,30.350179999999998,211.796,0,
764,286,1735,15799,155,52,3356,49,3064,21,10,2,8,0,0,92.29639999999999,410.774,0,
765,3000,18128,152155,2300,1066,72032,1049,71038,500,265,57,208,0,0,1967.8117,3956.0299999999997,0,
766,117,809,5302,34,5,260,5,260,2,1,0,1,0,0,9.035599999999999,137.852,0,
767,243,1374,11762,79,25,1377,21,1266,6,4,2,2,0,0,40.65944,305.812,0,
768,320,2347,18633,240,90,5275,89,5219,31,18,0,18,0,0,163.63046999999997,484.45799999999997,0,
769,127,938,6723,71,8,616,8,616,3,2,1,1,0,0,15.21896,174.798,0,
770,182,1331,12076,117,51,2476,51,2476,20,10,1,9,0,0,91.49256,313.976,0,
771,213,1131,9543,56,15,974,13,879,4,2,1,1,0,0,25.336089999999995,248.118,0,
772,81,547,4263,27,7,248,7,248,2,1,0,1,0,0,12.20788,110.838,0,
773,143,876,7404,39,16,912,16,912,6,3,0,3,0,0,29.218719999999998,192.504,0,
774,508,3365,30349,276,131,9073,129,9015,51,26,2,24,0,0,242.93459,789.074,0,
775,455,3588,27290,351,114,7760,110,7553,46,22,5,17,0,0,207.92719,709.54,0,
776,345,2556,19925,280,78,5283,74,5293,28,19,2,17,0,0,141.13653,518.05,0,
777,3000,13174,140110,1003,473,33724,468,33483,21,6,4,2,0,0,883.2616099999999,3642.8599999999997,0,
778,114,1015,6651,106,11,714,13,770,4,3,0,3,0,0,22.82662,172.926,0,
779,322,2162,19097,167,66,4663,66,4663,29,16,1,15,0,0,123.96002999999999,496.522,0,
780,170,1253,9367,154,24,2090,23,2334,9,4,1,3,0,0,46.09062,243.542,0,
781,178,1222,10079,73,23,1681,23,1681,9,3,0,3,0,0,43.411609999999996,262.054,0,
782,304,1780,16742,99,28,2459,23,2108,11,6,4,2,0,0,47.84766,435.292,0,
783,354,2478,19429,256,76,5602,74,5413,23,11,2,9,0,0,140.87054999999998,505.154,0,
784,58,464,3592,15,2,54,2,54,0,0,0,0,0,0,3.42374,93.392,0,
785,322,2244,19854,229,92,4942,89,4827,37,16,3,13,0,0,163.16457,516.204,0,
786,3000,18462,151952,2282,1059,75173,1059,74634,520,242,53,189,0,0,1988.92256,3950.752,0,
787,127,952,7136,54,9,435,9,435,3,2,1,1,0,0,16.13835,185.536,0,
788,112,777,6109,97,11,738,11,607,4,2,1,1,0,0,20.166249999999998,158.834,0,
789,121,722,5319,31,10,285,10,285,1,0,0,0,0,0,17.175849999999997,138.29399999999998,0,
790,91,634,5804,28,8,328,8,328,2,0,0,0,0,0,14.12168,150.904,0,
791,119,800,7383,37,10,564,10,564,3,1,0,1,0,0,18.238839999999996,191.958,0,
792,134,897,7455,90,26,1745,26,1567,9,5,1,4,0,0,48.01430999999999,193.82999999999998,0,
793,172,1078,10990,39,14,716,14,716,2,0,0,0,0,0,25.25396,285.74,0,
794,217,1419,13487,103,45,2682,45,2682,18,10,0,10,0,0,82.62342,350.662,0,
795,91,637,5073,54,12,383,10,249,2,2,1,1,0,0,18.154809999999998,131.898,0,
796,3000,18760,151857,2275,1088,88706,1088,88706,530,278,58,220,0,0,2088.56186,3948.2819999999997,0,
797,119,981,6770,72,12,627,12,627,4,2,1,1,0,0,21.69687,176.01999999999998,0,
798,219,1664,12820,216,55,3073,54,2977,17,7,0,7,0,0,98.82065,333.32,0,
799,193,1049,9510,58,9,533,9,533,3,2,1,1,0,0,16.511729999999996,247.26,0,
800,305,2132,17965,229,67,6093,55,4194,23,11,5,6,0,0,112.46296,467.09,0,
801,438,3048,26985,320,99,6863,95,6487,40,24,5,19,0,0,179.93015,701.61,0,
802,171,1121,9413,61,16,1025,16,1025,6,2,1,1,0,0,29.64925,244.738,0,
803,96,667,5541,27,5,259,5,259,2,0,0,0,0,0,9.031789999999999,144.066,0,
804,168,1287,9445,151,36,2264,28,1671,13,6,1,5,0,0,55.950250000000004,245.57,0,
805,125,796,6612,36,7,405,7,405,4,0,0,0,0,0,12.806049999999999,171.912,0,
806,110,709,6580,46,8,464,8,464,3,1,1,0,0,0,14.63984,171.07999999999998,0,
807,144,1043,8467,111,20,1366,22,1440,8,4,1,3,0,0,39.839079999999996,220.142,0,
808,130,827,7350,31,7,342,7,342,3,3,0,3,0,0,12.566019999999998,191.1,0,
809,3000,18598,151818,2151,1048,75242,1037,74708,510,259,52,207,0,0,1959.0695999999998,3947.268,0,
810,324,2047,18128,118,48,2956,48,2956,17,5,0,5,0,0,88.49436,471.328,0,
811,3000,18170,150865,2217,1078,88083,1080,88133,537,274,64,210,0,0,2072.48973,3922.49,0,
812,378,2713,23621,264,87,5659,80,5272,33,17,5,12,0,0,152.61598,614.146,0,
813,102,730,5596,75,6,231,7,264,1,1,0,1,0,0,11.750899999999998,145.49599999999998,0,
814,123,983,7132,100,20,1432,18,1288,8,5,2,3,0,0,34.99719999999999,185.432,0,
815,127,888,7950,52,13,877,13,877,7,1,0,1,0,0,24.258369999999996,206.7,0,
816,155,1203,8690,134,28,1515,26,1453,11,8,1,7,0,0,48.401089999999996,225.94,0,
817,248,1479,12602,85,30,2028,30,2028,9,2,0,2,0,0,55.99668,327.652,0,
818,203,1435,11701,178,25,2219,24,2042,10,7,2,5,0,0,47.08388,304.226,0,
819,126,846,6905,43,7,451,6,386,3,2,1,1,0,0,11.68036,179.53,0,
820,241,1805,15051,226,58,3114,58,3114,24,9,0,9,0,0,105.18633999999999,391.32599999999996,0,
821,418,2619,23999,247,80,5192,74,4869,29,14,3,11,0,0,140.87203,623.9739999999999,0,
822,129,745,5886,31,4,203,4,203,1,1,0,1,0,0,7.209429999999999,153.036,0,
823,71,572,4123,69,5,181,7,264,1,1,0,1,0,0,11.2129,107.198,0,
824,213,1454,12236,110,48,2759,48,2759,16,11,2,9,0,0,87.74378999999999,318.13599999999997,0,
825,3000,18433,151765,2464,1102,78398,1102,78369,525,263,70,193,0,0,2071.73811,3945.89,0,
826,3000,17637,151131,2130,1042,74671,1029,72900,482,260,65,195,0,0,1941.7267800000002,3929.406,0,
827,283,2143,16021,197,56,3701,59,3772,25,13,0,13,0,0,107.78153999999999,416.546,0,
828,310,2150,17996,187,66,4437,66,4437,28,17,1,16,0,0,123.09897,467.89599999999996,0,
829,179,1282,10442,124,36,2084,33,1961,13,7,2,5,0,0,62.150549999999996,271.49199999999996,0,
830,122,734,6621,23,6,203,6,203,1,0,0,0,0,0,10.427429999999998,172.146,0,
831,3000,18796,152445,2434,1185,95156,1105,88351,528,244,58,186,0,0,2160.91221,3963.5699999999997,0,
832,109,947,6376,71,11,464,11,464,2,1,1,0,0,0,19.46684,165.77599999999998,0,
833,287,1931,17185,167,72,3955,69,3804,27,12,4,8,0,0,127.12942,446.81,0,
834,328,2486,19771,329,90,5590,90,5590,36,12,2,10,0,0,166.10789999999997,514.0459999999999,0,
835,269,1833,14225,157,26,1975,26,1975,13,8,1,7,0,0,49.35875,369.84999999999997,0,
836,3000,18220,185542,1834,1038,72125,1038,72125,431,217,20,197,0,0,1944.93825,4824.092,0,
837,156,1073,8457,55,13,855,13,855,6,2,0,2,0,0,24.17455,219.88199999999998,0,
838,356,1663,15238,100,21,1687,18,1599,9,6,3,3,0,0,36.595029999999994,396.188,0,
839,204,1515,12498,185,55,2622,51,2444,17,10,1,9,0,0,93.49667999999998,324.948,0,
840,398,2639,23037,247,101,6531,103,6600,45,21,2,19,0,0,189.83357999999998,598.962,0,
841,3000,18657,152032,2247,1055,73683,1048,73005,501,246,44,202,0,0,1968.5340899999997,3952.832,0,
842,218,1691,12962,128,28,1994,23,1678,9,5,3,2,0,0,46.16806,337.012,0,
843,249,1656,12533,160,42,2748,40,2633,11,6,1,5,0,0,75.48543,325.858,0,
844,125,1018,6668,182,36,2415,31,1823,7,3,2,1,0,0,59.918189999999996,173.368,0,
845,383,3036,22343,375,104,6857,104,6857,44,25,2,23,0,0,193.46116999999998,580.918,0,
846,216,1621,12105,182,39,2685,38,2820,15,9,2,7,0,0,72.2059,314.72999999999996,0,
847,310,2309,17091,313,72,4634,71,4516,29,17,2,15,0,0,132.0632,444.366,0,
848,130,731,6739,25,6,242,6,242,1,0,0,0,0,0,10.57602,175.214,0,
849,357,2592,20694,272,66,4643,69,4867,25,10,1,9,0,0,127.86294999999998,538.044,0,
850,524,3651,31489,362,148,9521,146,9443,65,27,3,24,0,0,271.94187,818.7139999999999,0,
851,162,1199,8923,134,25,1314,22,1239,9,4,1,3,0,0,41.64409,231.998,0,
852,141,1010,7549,90,13,1090,13,1090,6,4,2,2,0,0,25.069899999999997,196.274,0,
853,96,693,4807,67,9,429,9,338,2,2,1,1,0,0,15.876159999999997,124.982,0,
854,191,1376,10662,127,29,1914,29,1948,14,6,0,6,0,0,54.042759999999994,277.212,0,
855,173,1283,10688,140,18,1484,18,1484,9,3,2,1,0,0,34.61604,277.888,0,
856,377,2657,22417,295,99,6617,99,6653,40,20,2,18,0,0,184.59644999999998,582.842,0,
857,3000,16881,156310,1981,1063,70450,1063,70450,503,261,49,212,0,0,1978.7814999999998,4064.06,0,
858,69,567,3967,25,6,166,6,166,1,1,0,1,0,0,10.286459999999998,103.142,0,
859,81,683,4456,37,9,389,9,389,1,0,0,0,0,0,15.963089999999998,115.856,0,
860,281,1620,14139,98,16,1600,16,1600,8,3,2,1,0,0,31.839999999999996,367.614,0,
861,165,1239,9450,152,26,1833,25,1867,9,5,3,2,0,0,47.77715,245.7,0,
862,125,967,6947,114,19,1214,23,1382,6,3,0,3,0,0,40.158179999999994,180.62199999999999,0,
863,74,559,3999,21,3,98,3,98,1,1,0,1,0,0,5.200379999999999,103.97399999999999,0,
864,155,1052,9305,104,22,1398,20,1212,7,5,2,3,0,0,37.975199999999994,241.92999999999998,0,
865,135,837,7064,38,15,661,15,661,3,0,0,0,0,0,26.65341,183.664,0,
866,238,1495,12397,129,36,2306,35,2208,13,5,1,4,0,0,65.32212,322.322,0,
867,3000,18700,151175,2394,1075,74272,1080,75397,514,252,51,201,0,0,2021.2600699999998,3930.5499999999997,0,
868,144,1195,7943,130,20,1808,20,1808,8,2,0,2,0,0,39.06848,206.518,0,
869,180,1159,9995,66,17,1195,17,1195,6,1,1,0,0,0,31.905949999999994,259.87,0,
870,267,2020,16565,209,67,4338,67,4338,26,11,0,11,0,0,124.33077999999999,430.69,0,
871,215,1606,13627,166,33,2698,38,2708,17,5,0,5,0,0,69.05268,354.30199999999996,0,
872,238,1728,14986,167,73,4082,71,3938,23,11,1,10,0,0,130.3707,389.63599999999997,0,
873,437,3019,25994,297,99,6547,98,6445,39,27,3,24,0,0,182.83681,675.8439999999999,0,
874,89,580,4847,17,3,80,3,80,1,1,0,1,0,0,5.131799999999999,126.02199999999999,0,
875,271,1877,16462,207,61,3527,56,3479,24,14,3,11,0,0,105.81062999999999,428.012,0,
876,222,1465,11835,130,30,2319,29,1958,7,2,1,1,0,0,55.02596,307.71,0,
877,508,3793,30203,362,128,8409,122,8241,50,23,3,20,0,0,230.76844999999997,785.278,0,
878,108,728,5530,34,3,213,3,213,2,0,0,0,0,0,5.638529999999999,143.78,0,
879,152,1251,9191,162,42,2514,42,2514,14,7,0,7,0,0,77.15633999999999,238.96599999999998,0,
880,141,750,6494,21,6,173,6,173,2,0,0,0,0,0,10.31313,168.844,0,
881,173,1086,10297,72,25,1505,25,1505,9,6,2,4,0,0,45.95904999999999,267.722,0,
882,268,1758,14779,175,47,3455,45,3318,23,12,2,10,0,0,86.16623999999999,384.25399999999996,0,
883,253,1729,15945,157,74,3711,74,3711,29,13,2,11,0,0,133.20490999999998,414.57,0,
884,195,1267,10599,87,35,2193,34,1854,12,4,1,3,0,0,62.648759999999996,275.574,0,
885,92,618,4984,37,9,377,7,325,1,1,1,0,0,0,13.520609999999998,129.584,0,
886,103,616,5579,23,7,290,7,290,1,1,0,1,0,0,12.3679,145.054,0,
887,76,563,4491,24,8,278,8,278,3,1,0,1,0,0,13.931179999999998,116.76599999999999,0,
888,113,2439,6453,1433,14,1109,9,492,3,2,2,0,0,0,19.478579999999994,167.778,1,limit
889,100,646,4663,24,3,137,3,137,0,0,0,0,0,0,5.34897,121.238,0,
890,241,1447,11502,118,24,1405,24,1405,8,5,1,4,0,0,43.969049999999996,299.05199999999996,0,
891,78,542,4690,18,4,125,4,125,1,1,0,1,0,0,6.912249999999999,121.94,0,
892,178,1279,10722,135,33,2205,33,2240,15,6,1,5,0,0,61.59009999999999,278.772,0,
893,143,851,6994,66,9,575,7,511,4,3,2,1,0,0,14.24343,181.844,0,
894,235,1766,13937,208,40,2945,31,2344,12,8,5,3,0,0,63.82982,362.36199999999997,0,
895,171,1357,9988,151,35,2296,36,2365,16,11,1,10,0,0,66.37423,259.688,0,
896,294,2519,17487,267,60,4519,59,4250,25,11,1,10,0,0,111.91991999999998,454.662,0,
897,413,2627,19916,353,90,6614,85,6119,31,17,2,15,0,0,163.05749,517.816,0,
898,178,1372,9683,200,31,2281,28,2102,12,5,1,4,0,0,54.708839999999995,251.75799999999998,0,
899,199,1220,10624,67,21,1608,21,1608,7,1,0,1,0,0,39.915479999999995,276.224,0,
900,3000,19179,151381,2378,1009,71915,1007,71822,486,237,56,181,0,0,1894.97256,3935.906,0,
901,217,1773,11705,249,41,3216,38,2995,16,5,2,3,0,0,74.25073,304.33,0,
902,392,2933,22982,284,99,5980,99,5952,39,17,1,16,0,0,182.00116,597.5319999999999,0,
903,80,586,4694,19,3,66,3,66,1,0,0,0,0,0,5.07846,122.044,0,
904,102,700,5911,25,4,237,4,237,2,1,0,1,0,0,7.33897,153.686,0,
905,237,1508,12873,103,44,2584,44,2584,14,10,1,9,0,0,80.64104,334.698,0,
906,177,1325,10223,162,34,2301,31,1879,9,6,2,4,0,0,58.97294999999999,265.798,0,
907,3000,17930,149876,2287,1107,76207,1110,76213,503,244,51,193,0,0,2074.91745,3896.776,0,
908,255,2073,16026,228,47,3659,46,3328,19,8,2,6,0,0,87.56326,416.676,0,
909,3000,16077,154670,1981,1075,83143,1075,83143,518,255,55,200,0,0,2046.4498299999998,4021.4199999999996,0,
910,164,1377,9946,135,32,2570,26,1613,9,5,2,3,0,0,51.982789999999994,258.596,0,
911,300,2203,17759,210,59,3958,59,3991,24,12,1,11,0,0,110.09777,461.734,0,
912,360,2024,18326,135,56,3115,54,3022,21,12,4,8,0,0,99.46756,476.476,0,
913,247,1746,14674,183,64,3948,66,4006,26,13,1,12,0,0,120.43042,381.524,0,
914,3000,17160,152200,2282,1057,82730,1059,82785,519,250,48,202,0,0,2018.3189499999999,3957.2,0,
915,75,634,3612,33,6,172,6,172,1,0,0,0,0,0,10.30932,93.91199999999999,0,
916,114,921,6518,112,20,1167,20,1167,7,3,0,3,0,0,36.62627,169.468,0,
917,330,2489,18770,295,91,5985,90,5714,35,14,0,14,0,0,167.37911999999997,488.02,0,
918,223,1208,10920,72,16,1281,16,1281,6,4,1,3,0,0,30.624609999999997,283.91999999999996,0,
919,353,2543,21357,262,98,6441,96,6209,31,16,2,14,0,0,179.35205,555.2819999999999,0,
920,254,1788,15871,171,44,3236,44,3004,16,7,1,6,0,0,82.515,412.64599999999996,0,
921,129,775,6323,45,14,607,14,607,3,0,0,0,0,0,24.838669999999997,164.398,0,
922,3000,17352,150680,1984,1014,68616,1014,68616,475,233,60,173,0,0,1892.9529599999998,3917.68,0,
923,247,1542,11929,101,21,1801,15,1163,6,2,1,1,0,0,32.19287,310.154,0,
924,132,995,7500,115,20,1206,20,1206,8,4,0,4,0,0,36.77486,195,0,
925,516,2812,27371,209,110,6474,110,6370,39,24,2,22,0,0,201.38241999999997,711.646,0,
926,145,946,7177,66,25,1350,25,1350,8,4,0,4,0,0,45.3685,186.602,0,
927,307,2138,18775,233,77,5390,72,4852,28,14,3,11,0,0,137.36396,488.15,0,
928,3000,34353,122419,2760,589,37393,589,37449,262,140,30,110,0,0,1090.3156099999999,3182.894,121,limit
929,260,2117,14636,266,42,3125,38,2685,16,6,2,4,0,0,73.80704999999999,380.536,0,
930,269,2031,16387,225,60,3590,58,3809,17,7,1,6,0,0,108.53387,426.06199999999995,0,
931,251,2092,15001,195,66,3621,66,3621,24,11,0,11,0,0,119.99001,390.026,0,
932,3000,15007,142113,1119,511,34123,506,33917,52,27,7,20,0,0,946.01585,3694.9379999999996,0,
933,3000,17786,151353,2046,1003,72970,1003,73008,484,241,65,176,0,0,1891.94264,3935.178,0,
934,101,960,5861,125,17,753,15,559,4,4,1,3,0,0,27.45171,152.386,0,
935,148,1073,8795,121,14,992,11,838,4,2,1,1,0,0,22.510499999999997,228.67,0,
936,80,642,5433,25,6,192,6,192,2,1,0,1,0,0,10.38552,141.25799999999998,0,
937,262,1762,14806,172,58,3462,58,3462,25,13,1,12,0,0,106.51221999999999,384.95599999999996,0,
938,124,819,5920,81,11,572,10,429,4,2,1,1,0,0,18.372230000000002,153.92,0,
939,258,1986,15307,242,79,5191,78,4721,27,14,1,13,0,0,144.52261000000001,397.98199999999997,0,
940,243,1403,12297,73,25,1677,23,1611,6,2,1,1,0,0,44.18079,319.722,0,
941,138,901,7452,48,10,707,10,707,4,1,0,1,0,0,18.783669999999997,193.75199999999998,0,
942,159,782,7057,54,5,242,5,242,3,3,1,2,0,0,8.967019999999998,183.482,0,
943,65,485,4283,14,3,61,3,61,1,1,0,1,0,0,5.05941,111.35799999999999,0,
944,108,721,5641,40,12,760,12,760,5,0,0,0,0,0,22.203599999999998,146.666,0,
945,86,550,4175,17,4,153,4,153,1,1,0,1,0,0,7.018929999999999,108.55,0,
946,3000,15709,150708,1959,1032,73241,1031,73218,457,237,51,186,0,0,1938.34572,3918.408,0,
947,262,2267,16397,258,59,3862,57,3780,24,12,3,9,0,0,107.16956,426.322,0,
948,276,2223,16443,204,64,3876,64,3876,23,16,2,14,0,0,117.74356,427.518,0,
949,3000,17140,152397,1992,1042,70148,1034,70308,492,249,55,194,0,0,1935.2226799999999,3962.3219999999997,0,
950,191,1526,11614,165,26,1951,27,2067,11,6,2,4,0,0,50.70239,301.964,0,
951,95,638,4711,22,4,105,4,105,0,0,0,0,0,0,6.836049999999999,122.48599999999999,0,
952,176,1275,10553,145,23,1713,22,1598,9,4,2,2,0,0,42.101079999999996,274.378,0,
953,391,2843,23903,267,90,5856,90,5856,40,15,1,14,0,0,167.12135999999998,621.478,0,
954,79,535,4459,18,2,95,2,95,0,0,0,0,0,0,3.5799499999999997,115.934,0,
955,328,1941,16404,196,46,6357,33,3623,15,4,3,1,0,0,76.35375,426.50399999999996,0,
956,253,1670,13166,188,37,2440,35,2341,12,6,1,5,0,0,66.30902999999999,342.316,0,
957,214,1491,11625,138,23,1729,20,1564,8,5,1,4,0,0,39.77054,302.25,0,
958,161,909,8307,45,8,395,8,395,3,3,2,1,0,0,14.376949999999999,215.982,0,
959,200,1264,11019,102,31,1637,31,1637,11,5,1,4,0,0,56.11597,286.49399999999997,0,
960,398,2558,21747,243,69,4338,67,4153,26,13,1,12,0,0,124.80223000000001,565.422,0,
961,115,849,6545,59,17,1024,17,1024,7,3,0,3,0,0,31.254439999999995,170.17,0,
962,116,773,7465,37,8,544,8,544,2,1,0,1,0,0,14.94464,194.09,0,
963,245,1282,11993,61,16,1000,15,950,8,3,1,2,0,0,28.292499999999997,311.818,0,
964,3000,16042,152377,2031,1084,82797,1086,82861,528,253,53,200,0,0,2062.0408899999998,3961.8019999999997,0,
965,131,1119,7727,110,20,1337,21,1390,9,7,1,6,0,0,38.54336,200.902,0,
966,155,1127,9201,79,30,1925,30,1925,8,4,0,4,0,0,55.60425,239.226,0,
967,235,1581,13254,175,32,2482,31,2049,13,8,4,4,0,0,58.67562999999999,344.604,0,
968,81,616,4501,28,5,171,5,171,1,0,0,0,0,0,8.69651,117.026,0,
969,283,1468,14314,135,26,1961,23,1822,7,4,2,2,0,0,45.549839999999996,372.164,0,
970,261,1926,16188,192,59,3595,60,3628,27,13,1,12,0,0,109.84474,420.888,0,
971,280,1972,17249,149,73,3902,73,3902,29,12,1,11,0,0,132.32362,448.474,0,
972,3000,16506,156594,2051,1203,84223,1203,84223,539,271,46,225,0,0,2256.51663,4071.444,0,
973,479,3387,29261,426,126,8401,120,7550,45,23,3,20,0,0,225.72368,760.786,0,
974,224,1558,13702,119,30,2425,25,2134,7,4,2,2,0,0,51.09392,356.252,0,
975,149,1002,8553,88,21,1261,21,1261,8,5,1,4,0,0,38.59340999999999,222.378,0,
976,135,958,8120,108,18,1088,18,1109,5,2,0,2,0,0,33.16251,211.11999999999998,0,
977,404,2906,24164,319,116,6966,115,6984,46,25,3,22,0,0,212.1018,628.264,0,
978,143,909,7383,39,7,450,5,335,1,1,1,0,0,0,10.415049999999999,191.958,0,
979,231,1657,13294,163,48,2756,46,2713,19,11,2,9,0,0,85.35926999999998,345.644,0,
980,356,2524,22826,256,78,5351,74,4604,24,12,2,10,0,0,139.4047,593.476,0,
981,80,613,4919,22,4,86,4,86,0,0,0,0,0,0,6.76366,127.89399999999999,0,
982,3000,16686,158766,2072,1198,81511,1194,81216,557,291,73,218,0,0,2232.84306,4127.916,0,
983,260,1920,14738,267,67,4439,67,4291,25,13,0,13,0,0,124.32634999999999,383.188,0,
984,109,762,6410,40,6,329,6,329,3,1,1,0,0,0,10.90749,166.66,0,
985,116,772,6379,33,6,468,6,468,4,1,0,1,0,0,11.43708,165.85399999999998,0,
986,129,959,7599,59,29,1322,29,1322,10,6,0,6,0,0,51.69782,197.57399999999998,0,
987,3000,16896,170617,1991,1174,81814,1171,81403,549,283,59,224,0,0,2196.20641,4436.0419999999995,0,
988,3000,19099,151768,2503,1044,71399,1038,70877,515,252,58,194,0,0,1943.6733299999999,3945.968,0,
989,119,931,6197,65,16,1071,16,1071,3,3,0,3,0,0,29.824509999999997,161.12199999999999,0,
990,114,728,5843,22,5,190,5,190,1,0,0,0,0,0,8.7689,151.918,0,
991,3000,19673,151292,2506,1060,78426,1125,82869,522,262,61,201,0,0,2089.47815,3933.5919999999996,0,
992,306,2328,18229,236,71,4749,64,4496,26,10,4,6,0,0,123.75729999999999,473.95399999999995,0,
993,92,722,5192,80,5,284,5,314,1,1,0,1,0,0,9.20594,134.992,0,
994,3000,17690,152119,2308,1076,77162,1072,76416,510,262,59,203,0,0,2018.7892399999998,3955.0939999999996,0,
995,103,715,4917,49,5,245,5,245,2,2,1,1,0,0,8.978449999999999,127.842,0,
996,115,997,6530,114,24,1678,21,871,4,3,2,1,0,0,39.49677,169.78,0,
997,3000,16905,149730,2081,1065,77129,1064,76384,523,272,55,217,0,0,2004.35714,3892.98,0,
998,101,968,6455,125,10,558,10,558,3,1,0,1,0,0,18.21598,167.82999999999998,0,
999,327,2395,19227,239,83,4862,83,4862,31,16,2,14,0,0,152.07121999999998,499.902,0,
1000,137,1010,8037,111,17,1249,17,1249,6,1,0,1,0,0,32.111689999999996,208.962,0,
1001,153,1109,8857,136,26,1400,24,1266,9,4,1,3,0,0,44.55558,230.28199999999998,0,
1002,78,591,5069,19,3,141,3,141,0,0,0,0,0,0,5.364209999999999,131.79399999999998,0,
1003,87,606,6004,25,10,345,8,265,2,1,1,0,0,0,14.934049999999997,156.10399999999998,0,
1004,91,636,5377,27,5,246,5,246,0,0,0,0,0,0,8.982259999999998,139.802,0,
1005,129,884,8140,41,13,786,11,685,4,2,1,1,0,0,21.386029999999998,211.64,0,
1006,125,778,7580,32,16,561,16,561,3,1,0,1,0,0,27.88141,197.07999999999998,0,
1007,87,580,5685,19,5,208,5,208,1,0,0,0,0,0,8.83748,147.81,0,
1008,256,1571,13905,179,34,2405,31,2290,10,6,1,5,0,0,60.17659999999999,361.53,0,
1009,179,1197,10378,105,28,1632,26,1472,11,7,1,6,0,0,48.58912,269.828,0,
1010,92,714,5595,58,10,727,6,343,2,2,2,0,0,0,13.329949999999998,145.47,0,
1011,155,1085,9492,72,24,1468,22,1243,7,4,2,2,0,0,41.35733,246.792,0,
1012,80,522,4734,15,4,123,4,123,0,0,0,0,0,0,6.904629999999999,123.08399999999999,0,
1013,90,704,5535,97,6,419,6,419,4,3,1,2,0,0,11.250389999999998,143.91,0,
1014,148,1222,8809,150,21,1575,19,1394,7,4,1,3,0,0,37.05372,229.034,0,
1015,68,530,4467,17,2,103,2,103,0,0,0,0,0,0,3.6104299999999996,116.142,0,
1016,92,620,5137,27,8,332,8,332,1,0,0,0,0,0,14.136919999999998,133.56199999999998,0,
1017,133,1032,7794,134,23,1567,21,1341,7,3,1,2,0,0,40.12288999999999,202.64399999999998,0,
1018,164,1150,9648,131,23,1346,22,1408,7,3,1,2,0,0,41.16832,250.84799999999998,0,
1019,189,1236,11521,72,19,1305,19,1305,8,3,1,2,0,0,35.54305,299.546,0,
1020,134,844,7468,41,14,634,11,505,2,1,1,0,0,0,21.21227,194.16799999999998,0,
1021,127,823,8013,46,14,618,12,540,3,1,1,0,0,0,22.41544,208.338,0,
1022,152,1089,9364,90,33,1814,30,1460,12,8,2,6,0,0,55.68731999999999,243.464,0,
1023,67,558,4275,40,4,246,4,246,2,2,1,1,0,0,7.373259999999999,111.14999999999999,0,
1024,114,796,6793,75,13,809,12,511,4,1,1,0,0,0,22.085549999999998,176.618,0,
1025,85,742,5320,86,9,385,10,423,3,1,0,1,0,0,17.17779,138.32,0,
1026,102,631,5537,20,9,282,9,282,0,0,0,0,0,0,15.555419999999998,143.962,0,
1027,90,738,5123,77,6,245,6,262,2,1,0,1,0,0,10.632159999999999,133.198,0,
1028,208,1437,11998,143,49,2503,47,2448,18,10,1,9,0,0,85.97277999999999,311.948,0,
1029,67,495,4243,17,5,149,5,149,0,0,0,0,0,0,8.61269,110.318,0,
1030,134,930,8038,49,13,811,13,811,5,2,0,2,0,0,24.006909999999998,208.988,0,
1031,124,782,7042,39,13,655,13,655,2,0,0,0,0,0,23.41255,183.09199999999998,0,
1032,157,723,7379,19,4,121,4,121,1,0,0,0,0,0,6.89701,191.85399999999998,0,
1033,208,1178,10836,70,21,1307,20,1269,8,3,1,2,0,0,37.53873,281.736,0,
1034,118,849,6529,108,17,764,16,721,3,2,0,2,0,0,29.020749999999996,169.754,0,
1035,140,1015,8681,110,32,1609,29,1449,8,5,1,4,0,0,53.807489999999994,225.706,0,
1036,164,997,8839,63,13,752,13,690,4,1,1,0,0,0,23.619059999999994,229.814,0,
1037,113,859,7126,97,18,1027,18,1027,6,4,0,4,0,0,32.87487,185.27599999999998,0,
1038,95,642,5580,32,8,343,6,255,3,2,1,1,0,0,11.687389999999999,145.07999999999998,0,
1039,63,495,4369,14,4,122,4,122,0,0,0,0,0,0,6.9008199999999995,113.594,0,
1040,190,1059,11142,57,14,1131,12,1081,6,3,1,2,0,0,24.44361,289.692,0,
1041,128,731,6518,36,10,374,10,374,3,0,0,0,0,0,17.51494,169.468,0,
1042,109,714,6596,24,8,387,8,387,1,0,0,0,0,0,14.34647,171.49599999999998,0,
1043,161,1153,9129,121,17,1203,20,1290,4,2,0,2,0,0,35.55523999999999,237.35399999999998,0,
1044,114,878,7189,105,10,590,10,590,5,5,1,4,0,0,18.3379,186.914,0,
1045,111,769,6403,84,13,583,15,710,4,2,0,2,0,0,25.732239999999997,166.47799999999998,0,
1046,147,1138,9301,124,15,984,16,1003,7,5,2,3,0,0,29.064009999999996,241.826,0,
1047,275,2028,16244,208,49,3634,41,3291,17,7,4,3,0,0,82.74445,422.344,0,
1048,84,552,4740,17,3,110,3,110,1,1,0,1,0,0,5.246099999999999,123.24,0,
1049,262,1381,14105,73,31,2065,30,2024,7,3,1,2,0,0,56.50882,366.72999999999996,0,
1050,162,1137,10065,124,27,1566,27,1566,10,5,0,5,0,0,49.40946,261.69,0,
1051,105,779,6743,110,13,903,13,903,6,3,1,2,0,0,24.357429999999997,175.31799999999998,0,
1052,166,1227,9931,141,27,1639,26,1525,10,7,2,5,0,0,48.257769999999994,258.20599999999996,0,
1053,106,768,6205,107,18,871,13,385,3,2,1,1,0,0,25.35233,161.32999999999998,0,
1054,213,1512,12713,142,34,2234,34,2234,14,6,0,6,0,0,63.21753999999999,330.538,0,
1055,190,1383,12276,155,44,2546,41,2311,15,8,2,6,0,0,76.48821,319.176,0,
1056,138,892,7986,38,10,721,10,721,4,2,0,2,0,0,18.83701,207.636,0,
1057,157,1121,9169,151,33,2312,28,1777,9,3,1,2,0,0,54.84866999999999,238.39399999999998,0,
1058,145,1060,9457,109,28,1533,29,1564,10,8,1,7,0,0,52.10426,245.88199999999998,0,
1059,159,1017,9458,82,21,1473,16,952,3,3,3,0,0,0,32.3809,245.908,0,
1060,213,1242,11786,63,17,1404,15,1361,4,2,1,1,0,0,30.329149999999995,306.436,0,
1061,107,638,6166,24,6,298,5,247,1,1,1,0,0,0,9.52525,160.316,0,
1062,129,638,5875,22,6,217,6,217,1,0,0,0,0,0,10.48077,152.75,0,
1063,158,1177,9482,117,20,1495,20,1495,8,4,0,4,0,0,37.875949999999996,246.53199999999998,0,
1064,64,479,4299,12,1,45,1,45,0,0,0,0,0,0,1.7804499999999999,111.774,0,
1065,134,1086,7986,129,21,1404,22,1846,8,6,1,5,0,0,41.430699999999995,207.636,0,
1066,91,575,5252,19,3,101,3,101,0,0,0,0,0,0,5.21181,136.552,0,
1067,125,809,7140,44,16,753,16,753,4,2,0,2,0,0,28.61293,185.64,0,
1068,105,718,6318,36,14,565,14,565,3,1,0,1,0,0,24.678649999999998,164.268,0,
1069,351,2495,21466,249,68,5006,69,5071,30,14,2,12,0,0,129.78581,558.116,0,
1070,226,1116,10491,62,21,1363,21,1363,4,2,0,2,0,0,38.98203,272.76599999999996,0,
1071,94,553,5051,20,4,102,4,102,0,0,0,0,0,0,6.8246199999999995,131.326,0,
1072,127,997,8186,127,16,1209,16,919,6,3,1,2,0,0,29.58759,212.83599999999998,0,
1073,180,1199,10857,72,22,1524,22,1524,8,4,0,4,0,0,41.20444,282.282,0,
1074,133,890,7660,68,16,739,16,739,4,2,1,1,0,0,28.55959,199.16,0,
1075,157,848,8338,36,12,468,10,382,1,1,1,0,0,0,18.6049,216.78799999999998,0,
1076,187,1527,11751,185,30,2624,31,2587,15,8,2,6,0,0,59.300129999999996,305.526,0,
1077,142,981,8827,52,15,925,15,925,7,1,0,1,0,0,27.65925,229.50199999999998,0,
1078,148,1011,8845,111,18,945,18,945,9,2,0,2,0,0,32.56244999999999,229.97,0,
1079,120,821,7554,40,15,722,15,722,4,2,0,2,0,0,26.88582,196.404,0,
1080,196,1238,11066,70,29,1499,29,1499,12,2,0,2,0,0,52.37218999999999,287.716,0,
1081,285,2043,15728,196,48,3625,46,3573,24,10,1,9,0,0,88.64649,408.928,0,
1082,87,636,5772,27,4,239,4,239,1,0,0,0,0,0,7.346589999999999,150.072,0,
1083,225,1484,13876,151,35,2492,35,2492,15,5,1,4,0,0,65.80952,360.776,0,
1084,153,1043,9422,72,26,1479,26,1479,7,4,0,4,0,0,47.46898999999999,244.97199999999998,0,
1085,117,864,7554,92,20,998,20,1036,6,4,0,4,0,0,36.082319999999996,196.404,0,
1086,220,1493,13030,137,26,2037,26,2037,12,5,0,5,0,0,49.59496999999999,338.78,0,
1087,160,1035,9384,57,21,1197,21,1197,7,1,0,1,0,0,38.34957,243.98399999999998,0,
1088,175,1171,9718,114,38,2072,36,1926,11,7,1,6,0,0,66.39233999999999,252.66799999999998,0,
1089,128,957,7849,90,22,1223,20,974,8,3,1,2,0,0,37.142759999999996,204.07399999999998,0,
1090,143,883,7649,62,8,630,7,559,4,4,3,1,0,0,13.955569999999998,198.874,0,
1091,137,1042,7838,128,24,1730,20,989,6,3,1,2,0,0,38.73847,203.78799999999998,0,
1092,227,1467,12832,102,40,2480,38,2393,13,8,2,6,0,0,71.31998999999999,333.632,0,
1093,103,724,5522,62,10,768,6,360,3,2,2,0,0,0,13.42304,143.572,0,
1094,168,850,7751,35,13,571,13,571,4,2,0,2,0,0,23.092509999999994,201.52599999999998,0,
1095,138,943,7828,71,17,1017,14,819,5,3,2,1,0,0,27.31703,203.528,0,
1096,194,1127,9767,114,19,1702,18,1466,8,4,2,2,0,0,35.304939999999995,253.94199999999998,0,
1097,169,1311,10018,136,33,1764,33,1764,13,7,1,6,0,0,59.81784,260.46799999999996,0,
1098,129,873,8266,35,10,518,10,518,2,1,0,1,0,0,18.063579999999998,214.916,0,
1099,88,572,5148,22,6,195,6,195,2,2,0,2,0,0,10.39695,133.84799999999998,0,
1100,153,1066,9849,80,17,1115,17,1115,7,3,1,2,0,0,31.601149999999993,256.074,0,
1101,131,887,9016,40,10,549,8,500,3,2,1,1,0,0,15.792819999999999,234.416,0,
1102,118,740,6580,29,8,331,8,331,3,1,0,1,0,0,14.13311,171.07999999999998,0,
1103,164,1013,10039,57,17,1416,17,1416,7,1,0,1,0,0,32.74796,261.014,0,
1104,87,643,6252,30,7,375,7,375,3,2,0,2,0,0,12.691749999999999,162.552,0,
1105,122,817,6708,73,11,678,11,471,2,1,1,0,0,0,19.73777,174.408,0,
1106,157,1167,9463,144,31,1589,29,1396,9,5,1,4,0,0,53.165499999999994,246.03799999999998,0,
1107,124,840,6940,67,17,1292,14,704,3,2,2,0,0,0,27.339079999999996,180.44,0,
1108,219,1403,12931,105,27,2041,24,1707,9,6,2,4,0,0,46.95079,336.20599999999996,0,
1109,113,802,7208,46,18,737,18,737,4,2,0,2,0,0,31.769969999999997,187.408,0,
1110,164,1202,10433,78,42,1774,42,1774,15,3,0,3,0,0,74.33694,271.258,0,
1111,83,530,5243,10,2,50,2,50,0,0,0,0,0,0,3.4084999999999996,136.31799999999998,0,
1112,142,828,7152,27,8,497,8,497,2,0,0,0,0,0,14.765569999999999,185.952,0,
1113,189,1344,11044,163,30,2292,25,1665,10,5,3,2,0,0,49.703509999999994,287.144,0,
1114,147,1137,9257,147,31,1991,26,1416,8,4,2,2,0,0,50.302459999999996,240.682,0,
1115,193,1220,10562,75,30,1657,28,1568,6,3,1,2,0,0,52.0891,274.61199999999997,0,
1116,158,1037,9095,69,27,1394,25,1329,7,4,1,3,0,0,46.32319,236.47,0,
1117,63,474,3994,8,1,22,1,22,0,0,0,0,0,0,1.69282,103.844,0,
1118,143,1020,9543,53,21,1145,19,1100,6,2,1,1,0,0,35.7731,248.118,0,
1119,124,875,7686,67,14,1030,14,936,6,2,1,1,0,0,26.20308,199.83599999999998,0,
1120,150,977,9216,47,8,595,7,533,5,2,1,1,0,0,13.845889999999999,239.61599999999999,0,
1121,189,1262,10719,127,21,1524,20,1468,6,2,1,1,0,0,38.31816,278.69399999999996,0,
1122,212,1504,12425,133,40,3195,41,2802,12,4,2,2,0,0,76.62935999999999,323.05,0,
1123,96,650,5969,28,6,371,6,371,3,2,1,1,0,0,11.06751,155.194,0,
1124,134,959,8502,92,34,1469,34,1431,11,5,1,4,0,0,60.202949999999994,221.052,0,
1125,116,925,6962,92,14,873,14,873,6,3,0,3,0,0,25.85213,181.012,0,
1126,106,689,6475,38,12,601,12,601,4,2,0,2,0,0,21.597809999999996,168.35,0,
1127,232,1592,14126,156,27,2242,24,2126,10,4,2,2,0,0,48.28994,367.276,0,
1128,202,1523,12720,176,44,2372,43,2117,15,11,1,10,0,0,78.03267,330.71999999999997,0,
1129,112,858,7120,85,18,846,16,654,6,4,2,2,0,0,29.420299999999997,185.12,0,
1130,68,542,4239,19,3,187,3,187,0,0,0,0,0,0,5.53947,110.214,0,
1131,123,691,6641,25,9,371,9,371,2,1,0,1,0,0,15.894509999999999,172.666,0,
1132,150,996,9185,58,24,1287,24,1287,10,2,0,2,0,0,43.51947,238.81,0,
1133,145,985,8862,61,24,1292,25,1340,6,2,0,2,0,0,44.79476,230.41199999999998,0,
1134,83,689,5236,78,8,281,8,281,3,2,0,2,0,0,13.942609999999998,136.136,0,
1135,85,601,4768,25,3,175,3,175,2,1,0,1,0,0,5.49375,123.96799999999999,0,
1136,239,1396,12986,92,25,1547,22,1432,6,4,2,2,0,0,42.42662,337.63599999999997,0,
1137,129,803,7083,35,4,319,4,319,2,2,1,1,0,0,7.651389999999999,184.158,0,
1138,276,1501,14194,79,27,1559,26,1517,7,4,1,3,0,0,48.14233,369.044,0,
1139,102,657,5790,29,7,433,7,433,3,1,0,1,0,0,12.91273,150.54,0,
1140,128,950,7771,124,22,1300,19,960,5,3,1,2,0,0,36.0668,202.046,0,
1141,136,962,8153,48,14,1084,14,1084,6,3,0,3,0,0,26.656039999999997,211.97799999999998,0,
1142,232,1566,13745,160,33,2763,29,2297,10,5,2,3,0,0,57.87845,357.37,0,
1143,203,1333,10886,137,20,1517,20,1517,11,7,3,4,0,0,37.95977,283.036,0,
1144,88,659,5431,33,7,348,7,348,3,1,0,1,0,0,12.58888,141.206,0,
1145,190,1222,11075,95,25,2276,20,1484,8,4,3,1,0,0,41.163599999999995,287.95,0,
1146,164,880,8241,28,7,414,7,414,3,1,0,1,0,0,12.84034,214.266,0,
1147,147,883,8256,34,12,556,12,467,3,2,0,2,0,0,21.19229,214.65599999999998,0,
1148,141,958,9284,51,21,982,21,982,7,2,0,2,0,0,37.53041999999999,241.384,0,
1149,157,1018,9141,90,18,1615,15,974,2,2,1,1,0,0,30.03932,237.666,0,
1150,79,552,5261,20,4,188,4,188,1,0,0,0,0,0,7.152279999999999,136.786,0,
1151,200,1342,12129,113,25,2020,21,1562,8,5,4,1,0,0,42.19666,315.354,0,
1152,83,548,4878,22,5,206,5,206,1,0,0,0,0,0,8.829859999999998,126.82799999999999,0,
1153,171,1063,9602,52,19,1080,19,1080,3,3,0,3,0,0,34.6858,249.652,0,
1154,121,977,7667,111,21,1180,18,1076,7,4,1,3,0,0,34.62128,199.34199999999998,0,
1155,97,655,5550,50,6,285,6,285,3,2,1,1,0,0,10.739849999999999,144.29999999999998,0,
1156,145,1098,8518,125,27,1425,27,1425,9,3,0,3,0,0,48.872249999999994,221.468,0,
1157,104,753,6079,43,12,750,12,750,4,1,0,1,0,0,22.165499999999998,158.054,0,
1158,213,1501,13497,115,59,2973,57,2922,19,10,1,9,0,0,103.86399999999999,350.92199999999997,0,
1159,116,781,6561,68,17,688,13,504,5,1,1,0,0,0,24.970359999999996,170.58599999999998,0,
1160,130,964,8418,103,29,1450,29,1490,9,5,0,5,0,0,52.2907,218.868,0,
1161,73,558,4274,27,8,292,8,292,2,1,0,1,0,0,13.98452,111.124,0,
1162,93,556,5243,18,4,109,4,109,0,0,0,0,0,0,6.85129,136.31799999999998,0,
1163,176,1398,10909,166,42,2696,35,2335,15,9,1,8,0,0,68.99033,283.634,0,
1164,156,2314,8044,1107,12,692,10,487,3,1,1,0,0,0,19.145369999999996,209.14399999999998,1,limit
1165,228,1439,12864,153,27,1648,22,1412,7,4,2,2,0,0,43.4512,334.464,0,
1166,122,897,7536,64,30,1447,30,1447,9,6,0,6,0,0,53.783069999999995,195.93599999999998,0,
1167,131,990,8137,86,18,1281,18,1281,8,5,2,3,0,0,33.84261,211.56199999999998,0,
1168,147,997,10059,42,17,795,17,795,5,3,0,3,0,0,30.381949999999996,261.534,0,
1169,101,671,5921,29,10,345,10,345,2,0,0,0,0,0,17.40445,153.946,0,
1170,78,523,4914,14,4,79,4,79,0,0,0,0,0,0,6.73699,127.764,0,
1171,251,1372,11443,137,30,1686,32,1809,4,3,0,3,0,0,57.27714999999999,297.518,0,
1172,70,511,4239,12,1,38,1,38,0,0,0,0,0,0,1.7537799999999997,110.214,0,
1173,116,911,7590,135,28,1365,25,1032,3,2,1,1,0,0,45.98685999999999,197.34,0,
1174,89,776,5644,102,13,657,9,381,3,3,1,2,0,0,18.17429,146.744,0,
1175,124,796,7215,69,20,939,18,757,5,1,1,0,0,0,33.01893,187.59,0,
1176,131,810,7528,62,19,1314,13,560,3,2,2,0,0,0,26.814319999999995,195.72799999999998,0,
1177,141,671,6505,18,7,161,7,161,0,0,0,0,0,0,11.876409999999998,169.13,0,
1178,131,739,7278,18,5,212,5,212,2,1,0,1,0,0,8.85272,189.22799999999998,0,
1179,167,1234,9740,132,36,1815,36,1815,9,3,0,3,0,0,64.83914999999999,253.23999999999998,0,
1180,186,1327,11108,121,18,1251,20,1345,5,2,0,2,0,0,36.23553,288.808,0,
1181,112,703,5658,28,4,258,4,258,1,0,0,0,0,0,7.4189799999999995,147.108,0,
1182,151,1012,8506,89,24,1336,21,925,5,2,1,1,0,0,39.235229999999994,221.15599999999998,0,
1183,213,1224,11500,57,16,1028,14,985,4,3,2,1,0,0,27.287589999999998,299,0,
1184,125,810,6895,72,14,1022,11,618,4,2,1,1,0,0,21.9673,179.26999999999998,0,
1185,86,768,5549,103,11,561,11,561,5,4,1,3,0,0,19.836409999999997,144.274,0,
1186,238,1432,12410,124,23,1523,22,1487,8,4,1,3,0,0,41.58495,322.65999999999997,0,
1187,217,1261,9719,146,27,2136,25,1332,5,5,1,4,0,0,47.20664,252.694,0,
1188,86,535,4491,18,3,151,3,151,0,0,0,0,0,0,5.402309999999999,116.76599999999999,0,
1189,127,870,7715,39,10,520,10,520,2,1,0,1,0,0,18.071199999999997,200.59,0,
1190,334,1853,18344,196,42,2809,39,2701,13,8,3,5,0,0,74.60624999999999,476.94399999999996,0,
1191,201,1413,11429,149,45,3640,37,2544,10,6,2,4,0,0,74.35092,297.154,0,
1192,116,665,6060,16,2,68,2,68,0,0,0,0,0,0,3.47708,157.56,0,
1193,132,886,7698,53,15,1093,12,882,5,3,1,2,0,0,24.3544,200.148,0,
1194,150,893,8836,46,19,782,19,782,4,0,0,0,0,0,33.550419999999995,229.736,0,
1195,69,514,4288,15,3,137,3,137,1,1,0,1,0,0,5.34897,111.488,0,
1196,105,674,5740,25,7,309,7,309,2,1,0,1,0,0,12.44029,149.23999999999998,0,
1197,114,852,6128,90,13,508,13,508,4,2,0,2,0,0,22.852479999999996,159.328,0,
1198,146,814,7674,33,9,390,9,390,2,0,0,0,0,0,15.966899999999999,199.524,0,
1199,97,634,5731,19,5,187,5,187,2,1,0,1,0,0,8.75747,149.006,0,
1200,132,739,6647,30,11,391,11,391,0,0,0,0,0,0,19.18871,172.822,0,
1201,138,856,7515,44,15,772,15,772,4,1,0,1,0,0,27.076320000000003,195.39,0,
1202,111,762,6979,79,11,426,11,446,3,3,0,3,0,0,19.37466,181.45399999999998,0,
1203,108,800,6501,81,18,926,16,703,3,1,1,0,0,0,29.64357,169.02599999999998,0,
1204,96,670,5847,29,8,443,8,443,3,1,0,1,0,0,14.559829999999998,152.022,0,
1205,186,1259,10852,101,41,2645,41,2645,12,7,0,7,0,0,76.04645000000001,282.152,0,
1206,88,642,6309,22,5,247,5,247,3,3,1,2,0,0,8.986069999999998,164.034,0,
1207,98,558,4850,19,5,197,5,197,2,1,0,1,0,0,8.79557,126.1,0,
1208,197,1523,12428,152,41,2497,38,2249,14,8,2,6,0,0,71.44032999999999,323.128,0,
1209,119,746,7053,19,4,187,4,187,0,0,0,0,0,0,7.14847,183.378,0,
1210,104,675,6586,26,10,355,10,355,1,0,0,0,0,0,17.442549999999997,171.236,0,
1211,91,570,5570,24,7,229,7,229,2,1,0,1,0,0,12.13549,144.82,0,
1212,95,706,5543,74,13,651,9,370,3,1,1,0,0,0,18.138279999999998,144.118,0,
1213,164,1132,10232,86,40,2193,38,2095,13,8,1,7,0,0,70.19758999999999,266.032,0,
1214,178,1074,8973,109,21,1682,18,1279,7,2,1,1,0,0,35.74753,233.298,0,
1215,121,784,7205,26,6,334,6,334,2,0,0,0,0,0,10.92654,187.32999999999998,0,
1216,136,774,7228,51,7,463,7,463,5,2,1,1,0,0,13.027029999999998,187.928,0,
1217,248,987,9393,60,12,605,11,325,1,1,1,0,0,0,19.74665,244.218,0,
1218,119,741,6484,26,11,366,11,366,0,0,0,0,0,0,19.093459999999997,168.584,0,
1219,74,472,4881,10,1,45,1,45,1,0,0,0,0,0,1.7804499999999999,126.90599999999999,0,
1220,130,1003,8766,103,27,1357,25,1248,11,5,2,3,0,0,46.0665,227.916,0,
1221,133,1035,8557,100,26,1519,26,1519,10,5,2,3,0,0,47.62139,222.482,0,
1222,89,661,5333,32,11,383,11,383,2,1,0,1,0,0,19.15823,138.658,0,
1223,122,752,7128,33,16,521,16,521,2,0,0,0,0,0,27.729009999999995,185.328,0,
1224,168,869,8391,36,11,480,10,419,1,1,1,0,0,0,18.23737,218.166,0,
1225,162,906,8349,46,19,845,19,845,5,2,0,2,0,0,33.79045,217.07399999999998,0,
1226,173,1230,9744,171,39,3151,36,2926,12,4,1,3,0,0,70.77456,253.344,0,
1227,142,1021,8800,60,23,1311,23,1311,8,4,0,4,0,0,42.001909999999995,228.79999999999998,0,
1228,117,872,6798,95,14,812,15,865,5,2,0,2,0,0,26.88911,176.748,0,
1229,79,516,4643,19,4,178,4,178,0,0,0,0,0,0,7.114179999999999,120.71799999999999,0,
1230,93,582,5238,22,7,223,7,223,1,0,0,0,0,0,12.112629999999998,136.188,0,
1231,155,1076,9662,112,21,1389,21,1389,6,1,0,1,0,0,39.081089999999996,251.212,0,
1232,70,462,4240,11,2,44,2,44,0,0,0,0,0,0,3.38564,110.24,0,
1233,75,529,4743,22,4,226,4,226,2,1,0,1,0,0,7.297059999999999,123.318,0,
1234,167,1098,9545,136,30,1890,27,1672,7,4,2,2,0,0,51.50756,248.17,0,
1235,169,733,6666,15,4,102,4,102,0,0,0,0,0,0,6.8246199999999995,173.316,0,
1236,107,760,6027,77,14,903,11,518,2,1,1,0,0,0,21.56388,156.702,0,
1237,116,744,6424,41,11,539,9,462,3,1,1,0,0,0,17.29008,167.024,0,
1238,139,960,8433,114,23,1303,25,1438,9,5,0,5,0,0,44.586479999999995,219.25799999999998,0,
1239,72,529,4208,19,5,171,5,171,0,0,0,0,0,0,8.69651,109.408,0,
1240,110,523,5170,11,4,66,4,66,0,0,0,0,0,0,6.68746,134.42,0,
1241,72,508,4627,18,3,130,3,130,1,1,0,1,0,0,5.322299999999999,120.30199999999999,0,
1242,68,429,4300,8,2,26,2,26,0,0,0,0,0,0,3.3170599999999997,111.8,0,
1243,119,577,5324,10,2,68,2,68,0,0,0,0,0,0,3.47708,138.424,0,
1244,112,698,6148,34,11,472,11,472,3,3,0,3,0,0,19.497320000000002,159.84799999999998,0,
1245,173,2172,8920,1254,11,547,10,457,3,3,1,2,0,0,18.41637,231.92,2,limit
1246,127,931,7365,104,17,1088,17,1088,6,1,0,1,0,0,31.498279999999994,191.48999999999998,0,
1247,143,987,8990,57,12,922,12,922,5,2,0,2,0,0,22.820819999999998,233.73999999999998,0,
1248,110,708,6672,69,8,292,8,292,2,1,0,1,0,0,13.98452,173.47199999999998,0,
1249,117,932,7604,121,17,874,13,783,3,2,1,1,0,0,25.923609999999996,197.70399999999998,0,
1250,87,568,5361,19,3,123,3,123,1,0,0,0,0,0,5.295629999999999,139.386,0,
1251,163,1006,9706,59,15,1022,15,1022,6,2,1,1,0,0,28.02882,252.356,0,
1252,346,2811,20914,303,91,5366,90,5272,31,14,2,12,0,0,165.48624,543.764,0,
1253,3000,16930,150693,2316,1184,77192,1176,76836,489,255,56,199,0,0,2189.18124,3918.018,0,
1254,165,1342,10619,85,26,1403,26,1403,10,6,2,4,0,0,47.17942999999999,276.094,0,
1255,134,870,7166,68,16,1055,12,782,5,2,1,1,0,0,24.52556,186.316,0,
1256,423,2884,24283,273,100,6896,99,6804,44,22,6,16,0,0,185.8018,631.358,0,
1257,3000,18236,151973,2544,1092,95233,1093,95121,526,241,49,192,0,0,2120.7011700000003,3951.298,0,
1258,257,1941,15732,229,49,3052,47,2942,13,9,1,8,0,0,87.91981999999999,409.032,0,
1259,208,1421,12709,102,35,2335,35,2335,14,6,1,5,0,0,65.21135,330.43399999999997,0,
1260,123,841,6515,54,24,1107,24,1107,9,2,0,2,0,0,42.83367,169.39,0,
1261,129,928,8251,47,13,866,13,866,6,0,0,0,0,0,24.216459999999998,214.52599999999998,0,
1262,383,2880,22977,286,100,6357,98,6294,38,17,2,15,0,0,182.69448,597.4019999999999,0,
1263,237,1659,15214,130,54,3088,52,2982,22,7,2,5,0,0,96.11249999999998,395.56399999999996,0,
1264,200,1392,11141,143,34,1929,34,1929,13,5,0,5,0,0,62.05548999999999,289.666,0,
1265,3000,16599,155870,2088,1157,87926,1157,87926,559,283,64,219,0,0,2196.6110599999997,4052.62,0,
1266,317,2534,19186,300,72,4898,72,4898,29,9,1,8,0,0,134.50938,498.83599999999996,0,
1267,87,616,4802,25,5,165,5,165,0,0,0,0,0,0,8.673649999999999,124.85199999999999,0,
1268,296,1967,16552,211,50,3771,48,3247,18,8,2,6,0,0,91.17939,430.352,0,
1269,118,866,7521,43,9,544,8,505,3,2,1,1,0,0,15.321069999999999,195.546,0,
1270,406,3096,23843,318,102,6529,100,6469,38,15,3,12,0,0,186.57568999999995,619.918,0,
1271,107,874,6587,112,16,845,13,586,3,2,1,1,0,0,24.892279999999996,171.262,0,
1272,441,2961,24368,277,108,6913,107,6878,44,12,0,12,0,0,198.88847999999996,633.568,0,
1273,272,1748,17451,127,54,3337,51,3178,12,6,3,3,0,0,95.79180000000001,453.726,0,
1274,165,1128,9648,123,24,1603,21,1407,9,5,3,2,0,0,40.81794999999999,250.84799999999998,0,
1275,246,1464,13008,76,21,1696,21,1696,5,1,0,1,0,0,40.25075999999999,338.20799999999997,0,
1276,148,1222,10209,129,24,1475,24,1475,10,5,0,5,0,0,44.235749999999996,265.43399999999997,0,
1277,125,945,7353,114,25,1318,24,1284,6,2,0,2,0,0,44.027159999999995,191.178,0,
1278,111,623,5274,17,2,83,2,83,2,0,0,0,0,0,3.5342299999999995,137.124,0,
1279,3000,18627,152300,2266,1049,76234,1043,76292,510,261,59,202,0,0,1971.66508,3959.7999999999997,0,
1280,487,3813,29423,388,142,8866,139,8755,62,26,2,24,0,0,258.57553,764.9979999999999,0,
1281,443,3373,25561,341,99,7577,99,7484,42,18,4,14,0,0,187.91477999999998,664.586,0,
1282,120,905,6954,86,19,830,18,737,8,3,1,2,0,0,32.358709999999995,180.804,0,
1283,345,2499,21160,248,91,5606,92,5650,40,18,1,17,0,0,169.02357999999998,550.16,0,
1284,202,1474,11222,154,37,2198,37,2198,12,7,1,6,0,0,67.90737999999999,291.772,0,
1285,199,1222,10768,84,19,1505,15,1218,6,4,2,2,0,0,31.03024,279.96799999999996,0,
1286,228,1860,13302,249,54,4163,50,3187,13,5,2,3,1,0,95.66014999999999,345.852,0,
1287,3000,15937,165842,2044,1205,85443,1202,85187,575,284,74,210,0,0,2260.3195499999997,4311.892,0,
1288,207,1522,12312,165,31,2274,26,2027,8,4,3,1,0,0,52.24332999999999,320.11199999999997,0,
1289,161,1077,10176,92,14,847,14,847,6,4,1,3,0,0,25.753069999999997,264.57599999999996,0,
1290,3000,18611,153492,2365,1098,78151,1095,77832,528,259,62,197,0,0,2060.2083399999997,3990.792,0,
1291,182,1477,11568,197,31,1757,30,1722,12,7,1,6,0,0,55.35112,300.768,0,
1292,97,776,5549,80,14,659,10,392,3,2,1,1,0,0,19.81458,144.274,0,
1293,84,546,4517,19,2,84,2,84,1,1,0,1,0,0,3.53804,117.442,0,
1294,407,3173,24330,301,98,7392,92,7086,39,21,4,17,0,0,178.26074,632.5799999999999,0,
1295,117,827,7405,72,17,687,16,558,3,1,1,0,0,0,28.501199999999997,192.53,0,
1296,288,1936,16004,172,52,4651,48,4480,16,9,2,7,0,0,96.41857999999999,416.104,0,
1297,167,1194,9374,143,21,1323,19,1030,7,3,1,2,0,0,35.79904,243.724,0,
1298,340,2149,19153,226,49,4926,46,4419,10,4,1,3,0,0,92.88565,497.97799999999995,0,
1299,169,1199,10561,92,26,1745,25,1611,12,6,2,4,0,0,47.000029999999995,274.586,0,
1300,131,933,7549,62,18,1189,16,1140,7,5,1,4,0,0,31.103219999999997,196.274,0,
1301,324,2310,18537,283,83,5314,83,5314,29,14,0,14,0,0,153.79334,481.962,0,
1302,87,619,5459,14,2,52,2,52,0,0,0,0,0,0,3.4161199999999994,141.934,0,
1303,112,702,6399,34,11,360,11,360,2,0,0,0,0,0,19.0706,166.374,0,
1304,284,1787,15728,175,36,2305,32,2024,8,6,2,4,0,0,61.447019999999995,408.928,0,
1305,391,2713,24698,219,127,6192,127,6192,47,28,2,26,0,0,227.93452000000002,642.148,0,
1306,211,1536,13028,116,43,2794,43,2794,16,10,2,8,0,0,79.83214,338.728,0,
1307,3000,19555,152446,2427,1199,88900,1125,80640,521,275,65,210,0,0,2162.5562,3963.596,0,
1308,112,936,6998,50,21,1004,21,1004,7,2,0,2,0,0,37.61424,181.94799999999998,0,
1309,162,1189,8452,149,31,1750,26,1271,8,6,1,5,0,0,49.63673,219.75199999999998,0,
1310,196,1347,10855,141,31,1776,30,1767,10,6,2,4,0,0,55.49189,282.22999999999996,0,
1311,128,937,8085,62,24,1386,22,1193,7,5,1,4,0,0,41.12907,210.20999999999998,0,
1312,199,1417,13081,111,51,2912,51,2912,18,12,2,10,0,0,93.15371999999999,340.106,0,
1313,3000,18746,151281,2113,992,68263,987,67799,454,226,51,175,0,0,1849.3397099999997,3933.306,0,
1314,339,2650,19931,235,62,4192,60,3979,27,11,1,10,0,0,112.90933,518.206,0,
1315,226,1571,12361,203,42,2775,41,2697,13,5,2,3,0,0,76.81560999999999,321.38599999999997,0,
1316,123,801,7346,64,14,676,12,383,2,1,1,0,0,0,22.07097,190.99599999999998,0,
1317,75,491,4518,13,2,55,2,55,0,0,0,0,0,0,3.4275499999999997,117.46799999999999,0,
1318,113,830,6923,42,13,766,13,766,6,2,0,2,0,0,23.835459999999994,179.998,0,
1319,3000,16864,150481,2183,1058,85444,1060,85526,518,273,62,211,0,0,2030.3392999999999,3912.506,0,
1320,207,1394,11028,111,17,1450,13,1145,4,2,1,1,0,0,27.555349999999997,286.728,0,
1321,3000,18904,154144,2414,1130,90715,1120,89575,548,278,68,210,0,0,2149.49595,4007.7439999999997,0,
1322,399,3079,24256,311,112,7788,104,7061,46,22,2,20,0,0,198.92826999999997,630.656,0,
1323,3000,16527,155036,2044,1122,76115,1122,76115,545,264,51,213,0,0,2095.2961499999997,4030.9359999999997,0,
1324,281,1959,14593,176,42,2578,40,2561,15,9,1,8,0,0,75.09546999999999,379.418,0,
1325,442,2961,26152,334,111,7384,106,6921,40,22,6,16,0,0,199.86435,679.952,0,
1326,151,1162,9003,99,21,1314,21,1314,11,7,3,4,0,0,38.795339999999996,234.078,0,
1327,218,1253,11171,93,22,1404,22,1404,7,4,1,3,0,0,40.747240000000005,290.44599999999997,0,
1328,324,2261,21399,166,91,5218,91,5218,40,18,0,18,0,0,166.29958,556.374,0,
1329,74,579,4648,23,3,152,3,152,1,1,0,1,0,0,5.406119999999999,120.848,0,
1330,170,987,9056,53,21,1143,21,1143,6,3,0,3,0,0,38.143829999999994,235.456,0,
1331,264,1478,13245,84,28,1820,28,1820,6,2,0,2,0,0,51.9862,344.37,0,
1332,138,1062,8831,122,24,1192,24,1192,8,4,1,3,0,0,43.15752,229.606,0,
1333,588,3632,32798,372,99,9026,91,8022,21,10,5,5,0,0,181.99954,852.7479999999999,0,
1334,313,1960,19022,106,30,2585,28,2398,9,4,1,3,0,0,55.367039999999996,494.572,0,
1335,3000,15894,151932,2106,1086,79098,1082,80396,490,239,49,190,0,0,2047.6311199999998,3950.232,0,
1336,197,1321,11402,84,24,1194,24,1194,7,2,0,2,0,0,43.165139999999994,296.452,0,
1337,169,1271,10012,155,32,1760,25,1313,9,5,2,3,0,0,49.107989999999994,260.312,0,
1338,300,2018,16999,240,48,3222,48,3195,18,7,1,6,0,0,89.43681,441.974,0,
1339,3000,18146,150389,1952,979,66267,965,64730,454,221,51,170,0,0,1807.8259599999997,3910.114,0,
1340,3000,18694,151917,2385,1095,72553,1081,72060,483,236,53,183,0,0,2021.16534,3949.8419999999996,0,
1341,393,2657,22466,261,89,5931,85,5597,38,17,4,13,0,0,160.39969,584.116,0,
1342,434,3115,25447,264,83,5997,80,5835,35,11,2,9,0,0,152.57950999999997,661.622,0,
1343,249,1831,15179,174,61,3943,61,3943,24,11,4,7,0,0,113.17183,394.654,0,
1344,305,1789,16154,155,28,2188,26,2140,7,4,1,3,0,0,51.002039999999994,420.00399999999996,0,
1345,228,1306,11054,117,28,1879,23,1283,8,3,2,1,0,0,44.99351,287.404,0,
1346,3000,17940,151924,2337,1101,91318,1101,91316,537,256,51,205,0,0,2119.42532,3950.024,0,
1347,3000,16228,152270,2175,1080,77584,1075,77184,508,261,68,193,0,0,2026.6130399999997,3959.02,0,
1348,406,2912,25562,260,123,7180,123,7180,50,25,2,23,0,0,225.26279999999997,664.612,0,
1349,352,2692,19914,275,91,5807,90,5775,31,16,2,14,0,0,167.32951,517.764,0,
1350,3000,17976,152386,2435,1053,72876,1124,77258,507,245,44,201,0,0,2063.6892199999998,3962.0359999999996,0,
1351,119,1000,7372,58,16,1020,16,1020,6,3,0,3,0,0,29.6302,191.672,0,
1352,183,1071,8682,121,10,670,8,425,6,5,2,3,0,0,15.73835,225.732,0,
1353,3000,18099,152243,2608,1119,80511,1117,80023,511,281,53,228,0,0,2103.67447,3958.3179999999998,0,
1354,144,1225,9018,81,24,1489,24,1489,8,5,0,5,0,0,44.289089999999995,234.468,0,
1355,504,3827,27879,374,77,5927,71,5450,31,19,8,11,1,0,138.44035999999997,724.8539999999999,0,
1356,438,3073,26379,296,91,6653,86,6516,42,17,3,14,0,0,165.75662,685.8539999999999,0,
1357,145,1076,8359,73,27,1525,27,1525,6,3,0,3,0,0,49.25325,217.334,0,
1358,222,1450,12892,181,43,2442,43,2442,16,8,1,7,0,0,78.49101999999999,335.192,0,
1359,123,998,7472,131,22,1240,23,1436,5,1,1,0,0,0,41.76788,194.272,0,
1360,79,610,4816,29,7,221,7,221,1,1,0,1,0,0,12.105009999999998,125.216,0,
1361,235,1536,14282,90,29,1941,27,1873,8,4,2,2,0,0,51.617369999999994,371.332,0,
1362,143,991,8562,56,23,1159,23,1159,9,2,0,2,0,0,41.42279,222.612,0,
1363,203,2434,10052,1181,18,1106,18,1106,6,4,2,2,0,0,33.17586,261.352,4,limit
1364,200,1429,11896,145,27,2024,24,1672,8,5,2,3,0,0,46.83868,309.296,0,
1365,143,1042,8585,73,27,1386,27,1386,9,4,0,4,0,0,48.723659999999995,223.20999999999998,0,
1366,70,514,4217,23,6,200,6,200,1,1,0,1,0,0,10.415999999999999,109.642,0,
1367,170,1071,9070,57,24,1255,24,1255,3,0,0,0,0,0,43.397549999999995,235.82,0,
1368,3000,16549,151778,2251,1094,86977,1094,86977,538,258,65,193,0,0,2091.62837,3946.2279999999996,0,
1369,165,1116,9844,45,13,686,11,618,3,2,1,1,0,0,21.09182,255.944,0,
1370,278,1973,16307,224,80,4439,76,4220,28,16,3,13,0,0,140.53662,423.98199999999997,0,
1371,383,2815,22606,345,103,7224,82,5785,33,15,3,12,0,0,165.73587,587.756,0,
1372,75,588,4652,25,4,152,4,152,2,1,0,1,0,0,7.015119999999999,120.952,0,
1373,490,3366,31722,307,167,9709,163,9405,63,32,3,29,0,0,300.37476999999996,824.7719999999999,0,
1374,385,2724,22431,255,86,5568,82,5261,30,18,3,15,0,0,154.26067,583.206,0,
1375,3000,30215,99000,21724,2122,193377,110,6379,49,24,6,18,0,0,1385.6996299999998,2574,226,limit
1376,3000,20178,154680,2428,1085,75522,1085,75522,521,247,54,193,0,0,2033.50382,4021.68,0,
1377,420,2784,22633,258,87,5828,84,5542,27,15,2,13,0,0,158.04549999999998,588.458,0,
1378,310,1961,17218,133,59,3958,59,3900,19,10,0,10,0,0,109.85844,447.668,0,
1379,271,1902,15117,235,49,4248,46,3772,13,8,2,6,0,0,90.384,393.042,0,
1380,196,1222,10425,129,17,1075,16,812,5,2,1,1,0,0,29.627059999999993,271.05,0,
1381,3000,17756,154209,2195,1098,85027,1047,74101,510,258,64,194,0,0,2004.26949,4009.4339999999997,0,
1382,366,2724,21695,290,91,5859,87,5939,37,19,1,18,0,0,164.43219,564.0699999999999,0,
1383,3000,19564,153413,2260,1095,82705,1093,81450,530,273,68,205,0,0,2071.4004,3988.738,0,
1384,368,2542,22017,251,93,6106,91,6087,40,14,1,13,0,0,170.59089,572.442,0,
1385,175,1134,10022,82,31,1697,31,1697,11,5,0,5,0,0,56.34456999999999,260.572,0,
1386,3000,16757,150273,1934,1017,71393,1004,70728,489,245,68,177,0,0,1891.9213799999998,3907.098,0,
1387,320,2387,19378,214,81,4958,81,4958,32,18,1,17,0,0,149.21898,503.828,0,
1388,3000,17444,151124,2652,1232,96732,1232,96732,527,271,68,203,0,0,2350.8369199999997,3929.2239999999997,0,
1389,410,2909,23199,362,77,5227,74,4974,32,22,5,17,0,0,139.75247999999996,603.174,0,
1390,244,1755,14591,138,55,3085,55,3085,19,12,1,11,0,0,100.24884999999999,379.366,0,
1391,3000,17493,150107,2045,1026,74647,1016,74454,491,247,62,185,0,0,1923.43148,3902.7819999999997,0,
1392,227,1968,14037,218,50,3025,50,3025,17,9,0,9,0,0,91.97524999999999,364.962,0,
1393,255,1761,14768,171,46,3142,41,2769,12,7,2,5,0,0,79.35403000000001,383.96799999999996,0,
1394,165,1144,10447,98,20,1546,16,1264,8,5,2,3,0,0,32.8086,271.622,0,
1395,320,2386,19362,269,78,4374,83,5311,29,15,3,12,0,0,150.28124999999997,503.412,0,
1396,98,745,5909,33,7,328,7,328,2,0,0,0,0,0,12.51268,153.634,0,
1397,365,2119,18499,158,60,4100,59,4037,25,10,1,9,0,0,110.86531,480.974,0,
1398,393,2894,24077,246,91,5615,89,5527,41,14,1,13,0,0,165.32071,626.002,0,
1399,111,813,6950,39,13,459,13,459,3,2,0,2,0,0,22.665789999999998,180.7,0,
1400,278,2218,17010,261,61,4513,61,4350,26,10,3,7,0,0,114.91483999999998,442.26,0,
1401,284,2282,17721,206,72,4456,72,4456,29,20,1,19,0,0,132.82536,460.746,0,
1402,206,1621,12090,179,46,2978,42,2600,17,11,2,9,0,0,79.84603999999999,314.34,0,
1403,137,1141,8656,113,25,1310,27,1360,9,4,0,4,0,0,47.6076,225.05599999999998,0,
1404,201,1500,12029,158,44,2346,44,2346,14,7,1,6,0,0,79.73425999999999,312.75399999999996,0,
1405,150,862,7613,72,10,460,10,460,3,2,1,1,0,0,17.8426,197.938,0,
1406,176,1305,9516,144,30,1895,28,1997,11,7,2,5,0,0,53.49821,247.416,0,
1407,162,1091,8698,111,21,980,18,882,4,1,1,0,0,0,33.87506,226.148,0,
1408,207,1561,12498,203,52,4337,49,3167,16,7,2,5,0,0,93.72487,324.948,0,
1409,380,2465,22983,197,93,5630,93,5630,43,19,2,17,0,0,171.0873,597.558,0,
1410,123,880,7450,40,15,583,15,583,3,1,0,1,0,0,26.35623,193.7,0,
1411,85,635,5639,56,8,388,6,234,2,2,2,0,0,0,11.68526,146.614,0,
1412,324,2119,18944,202,79,4870,78,4674,32,16,3,13,0,0,144.02022,492.544,0,
1413,198,1528,12758,167,28,2187,27,2122,11,7,2,5,0,0,52.08352,331.70799999999997,0,
1414,118,767,6774,37,10,527,10,527,3,2,0,2,0,0,18.097869999999997,176.124,0,
1415,138,936,7774,96,16,835,14,748,5,2,1,1,0,0,26.436539999999997,202.124,0,
1416,331,2550,21183,238,95,5339,95,5339,38,20,2,18,0,0,173.19659,550.7579999999999,0,
1417,61,523,4325,16,4,67,4,67,1,1,0,1,0,0,6.691269999999999,112.44999999999999,0,
1418,147,928,8428,75,21,914,18,726,5,4,2,2,0,0,33.3869,219.128,0,
1419,197,1531,12158,146,43,2615,44,2652,18,10,1,9,0,0,80.37746,316.108,0,
1420,213,1537,12356,152,49,2839,49,2839,18,11,0,11,0,0,89.65759,321.256,0,
1421,245,1734,15769,134,81,3806,81,3806,29,17,1,16,0,0,144.82986,409.99399999999997,0,
1422,108,875,6505,99,13,855,14,999,5,3,0,3,0,0,25.683269999999997,169.13,0,
1423,261,1788,15906,127,63,3797,63,3797,22,13,0,13,0,0,115.83357,413.556,0,
1424,391,2999,23369,312,105,5721,96,4961,40,22,6,16,1,0,178.57321,607.5939999999999,0,
1425,103,772,6615,48,19,708,19,708,5,2,0,2,0,0,33.26848,171.98999999999998,0,
1426,269,1971,16713,239,53,3335,50,3255,23,10,3,7,0,0,94.38295,434.53799999999995,0,
1427,210,1288,11021,121,35,1950,31,1759,9,6,2,4,0,0,58.72217,286.546,0,
1428,329,2459,20120,254,91,5253,91,5253,37,14,0,14,0,0,166.43293,523.12,0,
1429,414,2215,19668,222,38,3342,32,3029,14,8,4,4,0,0,66.27183,511.368,0,
1430,158,1014,8436,65,24,1333,24,1333,9,5,0,5,0,0,43.69472999999999,219.33599999999998,0,
1431,292,1932,17218,183,51,3414,48,3271,22,13,2,11,0,0,91.30024999999999,447.668,0,
1432,154,1059,8989,76,12,806,12,747,5,4,2,2,0,0,22.223689999999998,233.714,0,
1433,3000,18877,151827,2080,913,62309,912,62269,384,195,45,150,0,0,1705.1790899999999,3947.502,0,
1434,194,1448,10934,117,33,1749,32,1675,7,3,1,2,0,0,58.436069999999994,284.284,0,
1435,379,1975,16250,169,41,2905,43,2964,17,7,0,7,0,0,79.45222,422.5,0,
1436,357,2797,22125,286,97,6208,95,5845,39,22,2,20,0,0,176.51079000000001,575.25,0,
1437,108,798,6440,49,15,565,15,565,5,1,0,1,0,0,26.287649999999996,167.44,0,
1438,480,3152,28864,285,116,7385,116,7385,46,23,7,16,0,0,214.78085,750.4639999999999,0,
1439,3000,17954,152642,2274,1095,86539,1096,86324,541,273,59,214,0,0,2092.13314,3968.692,0,
1440,99,935,5866,127,10,549,11,590,4,3,0,3,0,0,19.419520000000002,152.516,0,
1441,3000,20691,177329,1849,803,59480,791,58665,352,168,23,145,0,0,1502.9423499999998,4610.554,0,
1442,186,1185,10013,57,10,842,10,842,5,3,1,2,0,0,19.298019999999998,260.33799999999997,0,
1443,357,2417,21841,205,95,5543,93,5455,39,20,3,17,0,0,171.48239,567.866,0,
1444,443,2971,27239,233,125,7766,125,7766,52,23,0,23,0,0,230.71346,708.2139999999999,0,
1445,3000,20159,154440,2365,1110,89608,1101,89434,549,252,55,197,0,0,2116.7688599999997,4015.4399999999996,0,
1446,380,3150,23318,282,100,6146,103,6326,38,19,1,18,0,0,188.17965999999998,606.2679999999999,0,
1447,303,1935,17956,176,78,4252,76,4131,30,19,3,16,0,0,139.12389000000002,466.856,0,
1448,261,1959,16017,209,59,3992,59,3176,16,8,2,6,0,0,107.99443999999998,416.442,0,
1449,249,1712,15093,193,40,2630,40,2664,15,5,1,4,0,0,74.46972,392.418,0,
1450,297,2006,18219,175,61,3594,59,3472,23,9,1,8,0,0,109.26127999999999,473.69399999999996,0,
1451,3000,18194,149701,2347,962,67628,956,66968,403,202,49,153,0,0,1797.00488,3892.2259999999997,0,
1452,342,2543,20661,265,85,5931,85,5931,40,19,3,16,0,0,159.36211,537.1859999999999,0,
1453,3000,17689,150937,3025,1206,84538,1194,86232,510,252,52,200,0,0,2253.439,3924.3619999999996,0,
1454,104,849,6439,47,5,251,4,217,2,1,1,0,0,0,7.78189,167.414,0,
1455,99,692,6000,26,6,275,6,275,0,0,0,0,0,0,10.701749999999999,156,0,
1456,3000,18454,151012,2364,1040,75742,1036,75462,504,252,69,183,0,0,1956.6806199999999,3926.312,0,
1457,420,2874,27106,264,140,7829,140,7829,56,27,0,27,0,0,255.08849,704.756,0,
1458,196,1478,12353,142,50,2868,44,2477,18,5,1,4,0,0,83.56875,321.178,0,
1459,183,1174,11074,57,16,1226,16,1226,6,2,1,1,0,0,30.41506,287.924,0,
1460,152,923,7743,48,14,863,14,863,6,2,0,2,0,0,25.81403,201.31799999999998,0,
1461,372,2825,22348,261,86,5792,86,5792,38,21,2,19,0,0,160.44151999999997,581.048,0,
1462,306,2247,18678,218,65,4490,63,4189,25,13,3,10,0,0,118.64027,485.628,0,
1463,285,1873,16675,157,54,3221,52,3176,22,14,3,11,0,0,96.77965999999999,433.54999999999995,0,
1464,116,754,6928,33,10,404,10,404,3,0,0,0,0,0,17.62924,180.128,0,
1465,471,3057,28454,230,114,7257,113,7125,47,23,3,20,0,0,209.59801,739.804,0,
1466,98,693,5317,28,3,144,3,144,1,0,0,0,0,0,5.37564,138.242,0,
1467,3000,18101,151280,2370,1070,81116,1064,80598,510,265,55,210,0,0,2022.5396199999998,3933.2799999999997,0,
1468,134,1036,8485,49,15,800,15,800,2,0,0,0,0,0,27.183,220.60999999999999,0,
1469,113,856,6924,52,17,990,17,990,6,3,0,3,0,0,31.124899999999997,180.024,0,
1470,182,1359,11025,142,27,1779,25,1748,11,3,1,2,0,0,47.879459999999995,286.65,0,
1471,279,1558,13279,106,29,1987,26,1841,10,6,2,4,0,0,50.45748999999999,345.25399999999996,0,
1472,147,1067,9336,81,16,959,16,959,5,2,1,1,0,0,29.397789999999997,242.736,0,
1473,119,636,5866,19,3,152,3,152,0,0,0,0,0,0,5.406119999999999,152.516,0,
1474,133,921,8170,69,15,1066,15,1066,7,4,1,3,0,0,28.19646,212.42,0,
1475,129,952,7975,64,26,1324,26,1324,10,4,0,4,0,0,46.87844,207.35,0,
1476,281,1837,17034,129,47,3150,42,2863,18,10,3,7,0,0,81.21969,442.88399999999996,0,
1477,185,1346,10930,134,30,2042,30,2079,9,7,1,6,0,0,56.14733,284.18,0,
1478,333,2402,19048,202,71,4360,71,4360,29,16,2,14,0,0,130.8506,495.248,0,
1479,197,1521,12089,169,41,2864,41,2864,13,4,0,4,0,0,76.88083999999999,314.31399999999996,0,
1480,3000,19707,153671,2509,1112,78039,1130,81305,522,268,60,208,0,0,2115.46617,3995.446,0,
1481,3000,18745,152335,2889,1083,93302,1074,82149,504,259,65,194,0,0,2058.52523,3960.71,0,
1482,146,1331,8879,127,25,1407,25,1407,10,3,1,2,0,0,45.58566999999999,230.85399999999998,0,
1483,359,2870,22429,260,77,5426,70,5292,35,11,2,9,0,0,136.30364,583.154,0,
1484,401,3228,24343,374,120,8217,114,7627,47,20,5,15,0,0,216.05507,632.918,0,
1485,424,3319,25300,348,119,8147,116,7717,47,30,7,23,0,0,217.99016999999998,657.8,0,
1486,395,2841,23299,270,86,6124,86,6124,32,10,0,10,0,0,161.70644,605.774,0,
1487,333,2511,20353,285,91,5373,91,5373,36,19,2,17,0,0,166.89012999999997,529.178,0,
1488,146,869,7042,47,10,586,10,586,5,2,0,2,0,0,18.32266,183.09199999999998,0,
1489,3000,16901,151198,2798,1092,96044,1092,96085,523,251,58,193,0,0,2123.06347,3931.1479999999997,0,
1490,299,1781,14051,155,23,1818,22,1821,8,4,2,2,0,0,42.81147,365.32599999999996,0,
1491,309,2245,18338,244,77,4401,75,4326,25,14,1,13,0,0,138.20355999999998,476.78799999999995,0,
1492,89,621,4740,33,7,231,7,231,1,1,0,1,0,0,12.14311,123.24,0,
1493,131,971,8515,72,30,1401,30,1401,11,5,1,4,0,0,53.60781,221.39,0,
1494,161,1235,9413,140,25,1449,25,1449,11,4,0,4,0,0,45.745689999999996,244.738,0,
1495,3000,19306,180674,2430,910,77077,908,76935,390,178,22,156,0,0,1755.21991,4697.523999999999,0,
1496,297,2386,17074,252,66,3736,62,3666,20,11,2,9,0,0,115.72405999999998,443.924,0,
1497,3000,18067,151507,2201,965,65246,956,64616,410,212,49,163,0,0,1789.44536,3939.182,0,
1498,197,1364,11090,118,36,2202,31,1707,9,5,3,2,0,0,59.36176999999999,288.34,0,
1499,136,1066,8853,116,18,1184,17,1150,5,3,1,2,0,0,32.25362,230.178,0,
1500,162,808,7355,32,9,319,9,319,2,1,0,1,0,0,15.696389999999997,191.23,0,
1501,112,751,6590,34,7,400,7,400,3,1,0,1,0,0,12.786999999999999,171.34,0,
1502,176,1031,10440,38,14,818,14,818,2,0,0,0,0,0,25.64258,271.44,0,
1503,177,1259,11249,85,33,1809,31,1745,11,8,2,6,0,0,57.56097,292.474,0,
1504,254,1503,14021,108,30,1845,28,1731,8,4,1,3,0,0,52.73963,364.546,0,
1505,117,635,5732,18,5,110,5,110,0,0,0,0,0,0,8.4641,149.03199999999998,0,
1506,152,980,8436,95,25,1194,24,1043,9,4,1,3,0,0,43.247009999999996,219.33599999999998,0,
1507,251,1646,12871,200,38,2869,37,3050,13,6,1,5,0,0,71.41892,334.64599999999996,0,
1508,135,944,7953,87,25,1291,24,1011,7,3,1,2,0,0,43.27730999999999,206.778,0,
1509,79,597,4696,24,5,252,5,252,2,0,0,0,0,0,9.00512,122.09599999999999,0,
1510,253,1511,14545,66,18,1530,18,1530,8,4,0,4,0,0,34.79129999999999,378.16999999999996,0,
1511,113,668,6872,12,2,70,2,70,0,0,0,0,0,0,3.4846999999999997,178.672,0,
1512,352,2085,19090,139,53,3433,53,3433,13,5,0,5,0,0,98.35673,496.34,0,
1513,159,1174,9479,150,38,2662,38,2662,11,2,0,2,0,0,71.28421999999999,246.45399999999998,0,
1514,165,976,8251,88,20,1372,15,878,5,5,3,2,0,0,30.458099999999998,214.52599999999998,0,
1515,185,1207,10103,95,20,1567,18,1503,6,4,2,2,0,0,35.72194999999999,262.678,0,
1516,110,827,6593,82,12,499,12,499,4,3,0,3,0,0,21.20919,171.41799999999998,0,
1517,99,636,5866,21,7,262,7,262,0,0,0,0,0,0,12.261219999999998,152.516,0,
1518,147,1047,8150,96,19,1178,19,1178,7,5,0,5,0,0,35.05918,211.89999999999998,0,
1519,95,530,5003,10,1,22,1,22,0,0,0,0,0,0,1.69282,130.078,0,
1520,234,1152,11693,43,12,812,12,812,4,1,0,1,0,0,22.401719999999997,304.018,0,
1521,270,1871,14735,222,43,3255,39,3106,15,7,3,4,0,0,76.67667999999999,383.10999999999996,0,
1522,205,1235,9632,113,18,1214,18,1214,5,2,0,2,0,0,33.58734,250.432,0,
1523,107,728,6668,24,5,190,5,190,1,1,0,1,0,0,8.7689,173.368,0,
1524,146,969,8351,52,19,1259,19,1259,9,3,0,3,0,0,35.36778999999999,217.12599999999998,0,
1525,144,1040,9276,122,23,1264,25,1320,7,5,1,4,0,0,44.23012,241.176,0,
1526,184,1058,9834,59,19,1217,19,1217,8,1,0,1,0,0,35.20777,255.684,0,
1527,109,923,6762,110,20,1153,15,719,4,3,1,2,0,0,29.78151,175.81199999999998,0,
1528,132,869,7859,76,14,785,13,508,2,1,1,0,0,0,23.65834,204.334,0,
1529,94,691,5833,36,9,442,9,442,5,1,0,1,0,0,16.16502,151.658,0,
1530,156,1053,9052,51,19,1174,19,1174,7,1,0,1,0,0,35.04394,235.35199999999998,0,
1531,167,1257,9559,140,25,1780,25,1780,11,6,1,5,0,0,47.0068,248.534,0,
1532,270,1895,16461,192,50,3094,51,3152,20,8,1,7,0,0,93.52068,427.986,0,
1533,135,975,7742,123,27,1064,23,836,5,4,1,3,0,0,42.3772,201.292,0,
1534,176,1198,10560,73,33,1383,32,1338,10,7,2,5,0,0,57.11788,274.56,0,
1535,276,1796,17273,112,50,3301,47,3213,17,8,2,6,0,0,89.40536999999998,449.09799999999996,0,
1536,171,1266,10765,111,41,2021,41,2021,16,11,3,8,0,0,73.66901,279.89,0,
1537,123,864,7667,37,7,273,7,273,1,0,0,0,0,0,12.30313,199.34199999999998,0,
1538,151,1041,9830,64,26,1146,26,1146,8,1,0,1,0,0,46.20026,255.57999999999998,0,
1539,92,615,5261,27,11,339,11,339,1,0,0,0,0,0,18.99059,136.786,0,
1540,183,1409,11149,168,45,2791,48,2949,12,8,2,6,0,0,86.84425,289.87399999999997,0,
1541,172,1175,10422,77,31,1932,27,1502,8,4,1,3,0,0,51.58902,270.972,0,
1542,127,951,7846,132,27,1255,23,1055,6,5,3,2,0,0,43.17855,203.99599999999998,0,
1543,174,1061,9629,94,28,1963,28,1933,7,4,1,3,0,0,52.45213,250.35399999999998,0,
1544,309,1667,17181,138,31,2354,30,2300,10,8,2,6,0,0,57.57572,446.70599999999996,0,
1545,162,1089,10012,84,27,1526,22,1103,7,2,1,1,0,0,42.494569999999996,260.312,0,
1546,87,550,4971,14,4,67,4,67,1,1,0,1,0,0,6.691269999999999,129.24599999999998,0,
1547,148,1206,9428,126,28,1588,28,1588,12,7,0,7,0,0,51.10227999999999,245.128,0,
1548,157,1088,9119,89,24,1064,24,1064,9,3,1,2,0,0,42.66983999999999,237.094,0,
1549,144,1118,8903,134,32,1882,26,1238,7,6,2,4,0,0,50.1847,231.47799999999998,0,
1550,141,856,7896,50,19,817,17,753,3,2,1,1,0,0,31.255449999999996,205.296,0,
1551,297,1744,16606,102,28,2158,31,2083,8,3,1,2,0,0,56.46673,431.756,0,
1552,130,1042,7637,110,22,1163,22,1163,7,3,0,3,0,0,39.829029999999996,198.56199999999998,0,
1553,146,902,8342,58,27,1204,27,1204,8,4,0,4,0,0,48.03024,216.892,0,
1554,134,1009,8238,109,18,1200,17,1151,5,2,1,1,0,0,32.27513,214.188,0,
1555,186,1321,10996,135,41,2232,40,2178,13,9,2,7,0,0,73.20089999999999,285.896,0,
1556,182,1127,10110,78,33,1877,31,1799,10,5,1,4,0,0,57.78322999999999,262.86,0,
1557,180,1015,9357,97,16,1113,13,998,5,4,3,1,0,0,26.292079999999995,243.28199999999998,0,
1558,103,787,6175,72,15,867,11,538,3,2,1,1,0,0,22.053,160.54999999999998,0,
1559,162,1170,8995,141,22,2070,19,1485,9,4,1,3,0,0,38.35615,233.86999999999998,0,
1560,155,819,8217,26,10,255,10,255,1,1,0,1,0,0,17.061549999999997,213.642,0,
1561,106,681,6398,65,5,206,7,277,1,1,0,1,0,0,11.276589999999999,166.34799999999998,0,
1562,99,624,6021,30,8,352,8,352,3,0,0,0,0,0,14.21312,156.546,0,
1563,160,1230,10084,124,33,1709,31,1639,10,3,1,2,0,0,57.16418999999999,262.18399999999997,0,
1564,233,1538,12174,185,43,2838,39,2700,10,5,1,4,0,0,75.11684,316.524,0,
1565,133,871,7531,38,8,460,8,460,1,1,0,1,0,0,14.6246,195.80599999999998,0,
1566,120,874,8344,75,12,594,11,422,4,3,1,2,0,0,19.988780000000002,216.944,0,
1567,135,638,5716,20,4,138,4,138,1,0,0,0,0,0,6.961779999999999,148.61599999999999,0,
1568,239,1553,13467,197,34,2825,31,2610,13,6,3,3,0,0,61.51379999999999,350.142,0,
1569,123,778,6447,28,6,311,4,180,1,1,1,0,0,0,8.23438,167.62199999999999,0,
1570,107,648,6474,27,5,196,5,196,2,0,0,0,0,0,8.79176,168.32399999999998,0,
1571,273,1700,15582,160,33,2369,31,2277,9,5,3,2,0,0,59.620929999999994,405.132,0,
1572,137,1070,8357,138,27,1525,27,1194,9,5,1,4,0,0,48.38272,217.28199999999998,0,
1573,108,841,6522,110,12,618,13,638,4,3,1,2,0,0,22.845179999999996,169.572,0,
1574,90,754,5417,76,14,701,10,333,2,1,1,0,0,0,19.708969999999997,140.84199999999998,0,
1575,192,1368,11361,134,28,1511,28,1511,10,4,0,4,0,0,50.80891,295.38599999999997,0,
1576,145,1052,8875,65,26,1689,26,1689,10,6,0,6,0,0,48.26908999999999,230.75,0,
1577,165,1004,9482,31,8,524,8,524,1,1,0,1,0,0,14.86844,246.53199999999998,0,
1578,148,851,8823,40,13,637,9,470,2,2,2,0,0,0,18.38476,229.398,0,
1579,192,1293,11862,80,38,2060,38,2060,14,6,0,6,0,0,68.9906,308.412,0,
1580,175,1054,10230,105,19,1389,13,933,6,4,3,1,0,0,27.88381,265.97999999999996,0,
1581,275,1746,15084,144,49,3090,49,3090,16,9,1,8,0,0,90.6139,392.18399999999997,0,
1582,188,1283,11738,76,32,1871,32,1871,13,5,0,5,0,0,58.61651,305.188,0,
1583,148,1111,9511,113,34,1439,34,1439,9,7,0,7,0,0,60.18858999999999,247.286,0,
1584,160,1005,8702,53,19,1184,19,1184,6,4,0,4,0,0,35.08204,226.25199999999998,0,
1585,234,1428,13983,54,13,1370,13,1370,9,3,0,3,0,0,26.136699999999998,363.558,0,
1586,214,1359,11845,127,20,1174,20,1174,9,6,1,5,0,0,36.65294,307.96999999999997,0,
1587,128,904,7164,87,15,511,15,520,3,3,0,3,0,0,26.10558,186.26399999999998,0,
1588,116,810,6982,95,14,571,12,360,2,2,1,1,0,0,21.88658,181.53199999999998,0,
1589,119,846,6935,50,12,804,12,804,4,1,0,1,0,0,22.371239999999997,180.31,0,
1590,128,744,6348,22,5,360,5,360,2,1,0,1,0,0,9.416599999999999,165.048,0,
1591,114,814,6216,88,15,575,15,575,4,2,0,2,0,0,26.32575,161.61599999999999,0,
1592,152,1163,9638,144,24,1892,30,2251,7,3,1,2,0,0,53.54868999999999,250.588,0,
1593,137,937,7905,85,22,1162,19,846,5,4,1,3,0,0,35.60414,205.53,0,
1594,103,681,6741,48,4,244,4,244,2,2,1,1,0,0,7.36564,175.266,0,
1595,134,918,8527,53,22,1087,22,1087,8,2,0,2,0,0,39.53947,221.702,0,
1596,138,940,8118,81,30,1428,28,1363,9,6,1,5,0,0,51.279729999999994,211.06799999999998,0,
1597,122,619,6007,15,3,132,3,132,1,1,0,1,0,0,5.329919999999999,156.182,0,
1598,113,785,6255,89,13,827,13,827,4,1,0,1,0,0,24.06787,162.63,0,
1599,178,1320,10801,130,35,2345,33,1991,12,5,1,4,0,0,62.05843,280.82599999999996,0,
1600,233,1244,11851,72,23,1575,22,1553,6,3,1,2,0,0,41.81989,308.126,0,
1601,90,561,5449,15,3,133,3,133,1,1,0,1,0,0,5.333729999999999,141.674,0,
1602,242,1287,12371,141,34,2546,32,2359,11,5,1,4,0,0,61.65444999999999,321.64599999999996,0,
1603,209,1369,11911,114,41,2523,38,2356,16,9,2,7,0,0,71.75242,309.686,0,
1604,100,787,6615,43,10,471,10,471,5,1,0,1,0,0,17.88451,171.98999999999998,0,
1605,112,830,6806,88,11,560,11,560,4,3,0,3,0,0,19.8326,176.956,0,
1606,214,1439,13210,111,24,1742,21,1587,8,5,3,2,0,0,41.45537,343.46,0,
1607,116,908,7544,113,19,1143,18,1029,7,5,1,4,0,0,33.49601,196.14399999999998,0,
1608,172,1132,10010,131,20,1553,15,1084,6,4,2,2,0,0,31.213459999999998,260.26,0,
1609,283,1936,17551,150,80,4175,80,4175,32,17,3,14,0,0,144.62675000000002,456.32599999999996,0,
1610,166,1157,9186,151,18,1411,16,1030,6,4,1,3,0,0,31.075879999999998,238.83599999999998,0,
1611,249,1495,15345,110,55,2880,55,2880,22,10,1,9,0,0,99.46779999999998,398.96999999999997,0,
1612,117,877,7026,93,13,713,13,713,5,1,0,1,0,0,23.633529999999997,182.676,0,
1613,182,1083,10666,53,20,1210,18,1142,4,2,1,1,0,0,34.351259999999996,277.316,0,
1614,158,966,9416,57,10,502,9,448,2,1,1,0,0,0,16.7306,244.816,0,
1615,130,794,7698,32,8,340,7,322,2,2,1,1,0,0,12.99006,200.148,0,
1616,174,1137,9897,111,11,1143,13,1228,5,3,1,2,0,0,24.53738,257.322,0,
1617,411,2680,23488,265,78,5417,76,5218,31,14,3,11,0,0,143.3574,610.688,0,
1618,269,1595,15084,87,42,2639,42,2639,5,3,0,3,0,0,77.63258999999998,392.18399999999997,0,
1619,64,475,4240,13,2,53,2,53,1,1,0,1,0,0,3.41993,110.24,0,
1620,131,1022,8425,135,22,1632,25,2128,8,3,0,3,0,0,46.310399999999994,219.04999999999998,0,
1621,132,845,6855,38,9,616,9,616,5,1,0,1,0,0,16.82796,178.23,0,
1622,164,1073,10067,107,17,1101,17,1101,7,3,0,3,0,0,31.547809999999995,261.74199999999996,0,
1623,201,1390,12258,131,42,2555,42,2555,16,9,0,9,0,0,77.31254999999999,318.70799999999997,0,
1624,137,931,7645,71,16,963,9,636,4,2,2,0,0,0,20.64302,198.76999999999998,0,
1625,176,1125,9914,74,33,1632,33,1632,12,5,0,5,0,0,59.31492,257.764,0,
1626,149,1090,9401,132,28,1905,24,1733,8,3,1,2,0,0,47.337689999999995,244.426,0,
1627,123,631,5783,15,2,58,2,58,1,1,0,1,0,0,3.43898,150.358,0,
1628,173,878,7945,29,12,460,10,415,2,2,1,1,0,0,18.682249999999996,206.57,0,
1629,151,1200,8968,132,28,1550,30,1609,10,6,1,5,0,0,53.37267,233.16799999999998,0,
1630,135,813,7296,34,10,551,10,551,3,0,0,0,0,0,18.18931,189.696,0,
1631,333,1703,15619,115,28,1611,26,1479,8,4,1,3,0,0,48.58274999999999,406.094,0,
1632,173,1222,9725,127,29,1738,29,1738,10,3,0,3,0,0,53.282779999999995,252.85,0,
1633,172,1389,10639,147,36,2197,33,2042,13,4,1,3,0,0,62.496919999999996,276.614,0,
1634,139,937,7928,67,27,1600,27,1600,8,7,1,6,0,0,49.538999999999994,206.128,0,
1635,145,848,7779,25,6,374,6,374,2,1,0,1,0,0,11.07894,202.254,0,
1636,105,670,5852,30,5,376,5,376,2,0,0,0,0,0,9.477559999999999,152.152,0,
1637,111,826,7263,86,15,712,15,721,6,3,0,3,0,0,26.871389999999998,188.838,0,
1638,157,815,7307,44,10,506,10,506,4,1,0,1,0,0,18.01786,189.982,0,
1639,360,2111,17824,212,55,3739,53,3372,19,7,1,6,0,0,99.51538,463.424,0,
1640,118,736,6144,34,9,383,9,383,2,0,0,0,0,0,15.940229999999998,159.744,0,
1641,110,669,6147,37,11,421,9,371,1,1,1,0,0,0,16.911509999999996,159.822,0,
1642,81,532,4637,19,3,136,3,136,0,0,0,0,0,0,5.34516,120.562,0,
1643,112,737,6657,31,9,456,9,456,3,0,0,0,0,0,16.218359999999997,173.082,0,
1644,116,869,6474,98,15,969,11,545,4,2,1,1,0,0,22.19177,168.32399999999998,0,
1645,266,2946,14630,1224,28,1655,25,1534,10,4,1,3,0,0,47.64931999999999,380.38,3,limit
1646,124,939,7455,88,19,1248,15,686,5,4,2,2,0,0,29.32782,193.82999999999998,0,
1647,256,1418,12299,102,37,2615,37,2615,8,3,0,3,0,0,69.49614999999999,319.774,0,
1648,148,1046,8633,75,24,1267,24,1267,9,8,1,7,0,0,43.44327,224.458,0,
1649,248,1461,12989,86,30,1856,27,1783,12,5,2,3,0,0,51.75937,337.714,0,
1650,114,653,5807,21,7,213,7,213,0,0,0,0,0,0,12.07453,150.982,0,
1651,78,583,4565,25,7,315,7,315,1,1,0,1,0,0,12.463149999999999,118.69,0,
1652,141,742,6306,21,5,193,5,193,2,1,0,1,0,0,8.78033,163.956,0,
1653,125,716,6880,29,13,401,13,401,2,0,0,0,0,0,22.444809999999997,178.88,0,
1654,141,952,7853,99,19,1200,19,1200,9,4,0,4,0,0,35.143,204.178,0,
1655,84,546,4454,21,6,136,6,136,0,0,0,0,0,0,10.17216,115.80399999999999,0,
1656,168,1014,9018,48,12,851,12,851,7,2,0,2,0,0,22.550309999999996,234.468,0,
1657,178,1121,9071,139,27,1938,24,1506,5,2,1,1,0,0,46.300619999999995,235.84599999999998,0,
1658,116,626,5428,23,6,208,6,208,0,0,0,0,0,0,10.446479999999998,141.128,0,
1659,185,1097,9740,77,18,1020,16,907,6,2,2,0,0,0,30.29101,253.23999999999998,0,
1660,103,668,5614,35,13,590,13,590,4,2,0,2,0,0,23.1649,145.964,0,
1661,161,1084,9618,71,29,1610,29,1610,9,3,0,3,0,0,52.7951,250.06799999999998,0,
1662,129,927,8048,65,15,1125,15,1125,8,4,1,3,0,0,28.421249999999997,209.248,0,
1663,95,600,5262,23,5,352,5,352,3,1,0,1,0,0,9.38612,136.81199999999998,0,
1664,157,969,7959,48,12,925,12,925,5,1,0,1,0,0,22.832249999999995,206.934,0,
1665,124,638,5894,12,2,78,2,78,1,0,0,0,0,0,3.51518,153.244,0,
1666,114,837,7351,110,21,751,18,612,5,2,1,1,0,0,32.89474,191.126,0,
1667,161,1151,8950,138,18,1432,21,1124,5,2,1,1,0,0,36.997879999999995,232.7,0,
1668,228,1811,13486,180,53,3598,48,3009,21,9,1,8,0,0,91.78630999999999,350.63599999999997,0,
1669,173,1300,10265,125,27,1643,27,1643,11,6,0,6,0,0,49.70282999999999,266.89,0,
1670,124,771,6839,33,9,338,7,283,1,1,1,0,0,0,13.36413,177.814,0,
1671,217,1391,12732,90,31,1881,29,1772,13,3,1,2,0,0,54.49893999999999,331.032,0,
1672,81,521,4569,14,3,88,3,88,1,1,0,1,0,0,5.16228,118.794,0,
1673,216,1443,12274,155,25,1915,24,1842,9,8,2,6,0,0,46.19915999999999,319.12399999999997,0,
1674,72,520,4221,20,6,108,6,108,1,1,0,1,0,0,10.065479999999999,109.746,0,
1675,184,1183,9856,138,21,1472,22,1544,5,3,2,1,0,0,40.71668,256.256,0,
1676,124,942,7522,102,20,980,20,1012,6,4,0,4,0,0,35.99796,195.572,0,
1677,190,1297,11208,107,28,1646,24,1455,9,5,2,3,0,0,46.300929999999994,291.40799999999996,0,
1678,166,1250,9854,138,29,2070,29,2070,9,2,0,2,0,0,54.5477,256.204,0,
1679,223,1247,11529,96,31,2889,30,2824,11,3,1,2,0,0,59.58514,299.75399999999996,0,
1680,85,651,4956,47,6,464,4,255,1,1,1,0,0,0,8.612169999999999,128.856,0,
1681,185,1344,11430,125,30,1563,30,1563,8,4,0,4,0,0,54.22503,297.18,0,
1682,343,1340,13335,68,15,813,15,813,5,5,1,4,0,0,27.232529999999997,346.71,0,
1683,89,618,5155,32,9,431,9,431,4,0,0,0,0,0,16.123109999999997,134.03,0,
1684,98,703,6032,45,4,201,4,201,2,2,1,1,0,0,7.201809999999999,156.832,0,
1685,172,1227,10538,118,32,1598,32,1598,10,4,0,4,0,0,57.57637999999999,273.988,0,
1686,133,927,8072,75,26,1136,24,1096,8,4,3,1,0,0,43.79696,209.87199999999999,0,
1687,164,1179,10554,94,19,1654,16,1217,7,4,3,1,0,0,32.33343,274.404,0,
1688,105,604,5827,13,2,66,2,66,1,0,0,0,0,0,3.4694599999999993,151.50199999999998,0,
1689,182,1143,11238,117,22,1505,20,1382,9,6,3,3,0,0,38.548559999999995,292.188,0,
1690,218,1545,12939,189,40,2723,36,2331,15,8,3,5,0,0,69.18366999999999,336.414,0,
1691,177,944,9478,44,13,538,11,497,2,2,1,1,0,0,20.598950000000002,246.428,0,
1692,99,568,4873,15,2,99,2,99,1,0,0,0,0,0,3.5951899999999997,126.698,0,
1693,147,994,8907,53,22,1198,22,1198,6,0,0,0,0,0,39.962379999999996,231.582,0,
1694,187,1022,9643,45,18,910,18,910,3,0,0,0,0,0,32.42909999999999,250.718,0,
1695,132,916,7559,96,15,677,13,586,5,2,1,1,0,0,24.21504,196.534,0,
1696,148,940,7612,86,15,1063,12,784,4,3,2,1,0,0,24.061259999999997,197.91199999999998,0,
1697,126,713,7230,34,8,331,6,279,2,1,1,0,0,0,11.736349999999998,187.98,0,
1698,118,870,7177,111,18,1162,15,717,4,4,1,3,0,0,28.82887,186.602,0,
1699,113,771,7652,54,14,597,14,597,6,3,1,2,0,0,24.800569999999997,198.952,0,
1700,237,1123,10461,58,23,966,23,966,5,3,0,3,0,0,40.687459999999994,271.986,0,
1701,159,1070,9675,120,20,1201,20,950,5,4,1,3,0,0,36.095679999999994,251.54999999999998,0,
1702,184,1297,10677,189,35,2299,31,1807,12,5,2,3,0,0,59.26022999999999,277.602,0,
1703,171,1127,9297,111,22,1206,22,1206,9,5,0,5,0,0,39.99286,241.72199999999998,0,
1704,134,936,7676,59,18,1066,18,1066,7,3,1,2,0,0,33.02345999999999,199.576,0,
1705,130,799,7901,39,15,595,15,595,3,1,0,1,0,0,26.40195,205.426,0,
1706,140,950,7838,95,12,741,12,741,4,2,0,2,0,0,22.13121,203.78799999999998,0,
1707,75,536,4364,15,2,47,2,47,0,0,0,0,0,0,3.3970700000000003,113.464,0,
1708,129,760,7183,32,9,378,9,378,2,1,0,1,0,0,15.921179999999998,186.75799999999998,0,
1709,158,829,7748,35,17,533,17,533,2,0,0,0,0,0,29.383729999999993,201.44799999999998,0,
1710,173,1199,10042,111,20,1317,20,1317,9,4,0,4,0,0,37.19777,261.092,0,
1711,135,818,7249,39,18,652,18,652,2,0,0,0,0,0,31.446119999999993,188.474,0,
1712,130,728,6991,28,10,442,10,442,2,0,0,0,0,0,17.774019999999997,181.766,0,
1713,168,1015,9542,63,12,689,10,621,3,1,1,0,0,0,19.494249999999997,248.09199999999998,0,
1714,147,1078,8526,130,27,1979,24,1957,6,4,2,2,0,0,47.535129999999995,221.676,0,
1715,160,1092,9576,113,26,1403,26,1403,10,4,0,4,0,0,47.17942999999999,248.976,0,
1716,143,835,8121,36,10,567,10,567,3,2,0,2,0,0,18.250269999999997,211.146,0,
1717,74,516,4527,21,6,162,6,162,0,0,0,0,0,0,10.27122,117.702,0,
1718,90,521,4763,8,1,46,1,46,0,0,0,0,0,0,1.78426,123.838,0,
1719,177,1191,10364,157,27,1774,27,1774,14,4,0,4,0,0,50.20193999999999,269.464,0,
1720,122,762,7298,37,14,539,14,539,3,1,0,1,0,0,24.57959,189.748,0,
1721,188,1348,11128,150,40,2324,40,2324,12,4,1,3,0,0,73.21444,289.328,0,
1722,126,772,6282,28,5,295,5,295,2,0,0,0,0,0,9.16895,163.332,0,
1723,113,778,7014,63,13,628,13,628,5,4,1,3,0,0,23.309679999999997,182.364,0,
1724,278,1791,16889,134,56,3311,55,3068,19,9,0,9,0,0,100.94981999999999,439.114,0,
1725,163,958,8324,65,13,966,10,668,4,2,1,1,0,0,20.42372,216.42399999999998,0,
1726,229,1333,11213,149,27,1941,30,1729,9,4,3,1,0,0,53.670649999999995,291.538,0,
1727,134,1008,7393,94,15,1061,16,1110,7,4,0,4,0,0,29.436279999999996,192.218,0,
1728,254,1536,13207,154,29,2049,29,2050,7,6,1,5,0,0,54.470319999999994,343.382,0,
1729,118,799,6148,86,13,577,12,525,2,1,0,1,0,0,21.848609999999997,159.84799999999998,0,
1730,93,608,5289,17,3,118,3,118,0,0,0,0,0,0,5.276579999999999,137.51399999999998,0,
1731,99,704,5789,62,13,742,12,561,3,2,1,1,0,0,22.13799,150.51399999999998,0,
1732,114,772,6678,63,15,768,13,554,4,1,1,0,0,0,24.238259999999997,173.628,0,
1733,126,778,7561,35,11,496,9,428,3,3,2,1,0,0,17.149919999999998,196.58599999999998,0,
1734,77,521,4471,13,2,94,2,94,0,0,0,0,0,0,3.5761399999999997,116.246,0,
1735,184,1080,9981,71,33,1567,33,1567,4,3,0,3,0,0,59.06727,259.506,0,
1736,141,892,7867,95,13,797,13,797,6,3,0,3,0,0,23.953569999999996,204.542,0,
1737,96,655,5689,31,9,436,9,436,4,1,0,1,0,0,16.142159999999997,147.914,0,
1738,78,548,4659,48,10,406,8,235,1,1,1,0,0,0,14.927129999999998,121.134,0,
1739,98,622,5784,20,7,236,7,236,1,1,0,1,0,0,12.16216,150.384,0,
1740,81,516,5382,11,2,74,2,74,0,0,0,0,0,0,3.49994,139.932,0,
1741,110,779,6320,55,23,995,23,995,6,2,0,2,0,0,40.79795,164.32,0,
1742,193,1010,9469,55,22,1083,22,1083,5,0,0,0,0,0,39.524229999999996,246.194,0,
1743,220,1109,11466,57,16,1165,13,1058,3,3,2,1,0,0,26.511239999999997,298.116,0,
1744,137,928,8000,107,21,1566,17,1147,6,4,3,1,0,0,34.133489999999995,208,0,
1745,131,971,7813,107,17,1028,14,727,5,4,1,3,0,0,27.088049999999996,203.13799999999998,0,
1746,242,1693,15685,161,64,3469,61,3183,23,12,1,11,0,0,112.05071,407.81,0,
1747,126,777,7121,24,5,345,5,345,2,1,0,1,0,0,9.359449999999999,185.146,0,
1748,125,708,6079,64,5,217,6,248,1,1,0,1,0,0,10.0833,158.054,0,
1749,167,1175,9998,97,27,1576,26,1437,8,6,2,4,0,0,47.95199,259.948,0,
1750,101,752,6189,52,6,349,6,349,3,3,1,2,0,0,10.98369,160.914,0,
1751,153,1130,8935,118,22,1232,20,1304,8,3,0,3,0,0,38.021280000000004,232.31,0,
1752,256,1791,14440,179,48,3246,48,3246,13,6,1,5,0,0,89.59925999999999,375.44,0,
1753,407,2975,24025,313,96,6451,91,6335,29,19,4,15,0,0,173.08722999999998,624.65,0,
1754,3000,19741,151487,3011,1086,77748,1081,76302,508,263,58,205,0,0,2034.1409,3938.662,0,
1755,423,3256,26781,318,124,7148,122,7096,47,25,2,23,0,0,224.35311999999996,696.3059999999999,0,
1756,306,1961,18633,125,50,2901,48,2865,19,7,1,6,0,0,89.14813,484.45799999999997,0,
1757,481,3693,29952,311,117,7695,119,7753,50,18,0,18,0,0,219.98349,778.752,0,
1758,3000,13980,136818,1102,505,34203,498,33828,13,5,3,2,0,0,933.9621799999999,3557.268,0,
1759,336,2667,19196,239,71,4553,71,4553,28,13,1,12,0,0,131.58593,499.096,0,
1760,376,2759,24252,228,114,5959,114,5959,40,22,2,20,0,0,206.12978999999999,630.552,0,
1761,3000,18814,149726,2039,959,63750,958,63699,402,199,36,163,0,0,1784.65437,3892.8759999999997,0,
1762,175,1428,10528,91,24,1147,22,1015,5,4,2,2,0,0,40.37891,273.728,0,
1763,3000,18781,151408,2554,1121,78001,1113,77774,510,244,44,200,0,0,2091.2358,3936.6079999999997,0,
1764,3000,18881,178265,1835,960,74798,960,74668,406,208,12,196,0,0,1829.27848,4634.889999999999,0,
1765,522,3664,33184,299,169,9534,169,9534,62,30,0,30,0,0,308.24553999999995,862.784,0,
1766,252,1578,13964,100,46,2435,46,2435,18,6,0,6,0,0,83.29135,363.06399999999996,0,
1767,196,1087,11448,46,11,863,11,863,4,3,0,3,0,0,20.98703,297.64799999999997,0,
1768,139,1006,8104,108,14,636,14,636,6,3,1,2,0,0,24.94916,210.70399999999998,0,
1769,3000,18172,151878,2254,1064,86794,1064,86794,534,262,56,206,0,0,2042.66114,3948.828,0,
1770,3000,17780,156833,2292,1131,76869,1131,76869,544,258,55,203,0,0,2112.64989,4077.658,0,
1771,3000,19116,149412,2451,1074,89894,1070,89600,532,283,77,206,0,0,2065.26892,3884.712,0,
1772,282,2404,16959,272,55,3361,55,3361,23,15,3,12,0,0,101.30041,440.93399999999997,0,
1773,227,1297,11703,68,17,848,17,848,3,2,0,2,0,0,30.583879999999997,304.27799999999996,0,
1774,259,1878,15782,200,47,3178,48,3311,17,9,0,9,0,0,89.21097,410.332,0,
1775,3000,6218,96915,1470,23,1307,21,1181,5,5,4,1,0,0,39.395289999999996,2519.79,206,limit
1776,3000,19582,152042,2738,1056,77644,1058,77708,516,256,47,209,0,0,1997.3559599999999,3953.0919999999996,0,
1777,245,1901,15051,143,41,2597,40,2524,14,6,2,4,0,0,74.54158,391.32599999999996,0,
1778,270,1886,14775,202,52,2860,50,2761,16,8,2,6,0,0,92.04423,384.15,0,
1779,200,1257,11016,120,24,1538,24,1577,10,5,2,3,0,0,44.57834999999999,286.416,0,
1780,283,2017,16945,194,36,3152,35,3113,17,4,1,3,0,0,68.70054999999999,440.57,0,
1781,184,1400,10689,191,39,2511,35,2154,12,5,2,3,0,0,66.859,277.914,0,
1782,229,1631,13264,190,48,2943,44,2641,13,7,2,5,0,0,83.13057,344.864,0,
1783,104,799,5837,89,12,602,12,602,3,1,0,1,0,0,21.601619999999997,151.762,0,
1784,492,3053,28717,287,108,7301,105,7014,45,20,2,18,0,0,197.444,746.6419999999999,0,
1785,122,917,7425,46,11,854,11,854,4,2,0,2,0,0,20.952740000000002,193.04999999999998,0,
1786,3000,16964,152062,2549,1048,80012,1046,78823,502,250,55,195,0,0,1985.6906499999998,3953.6119999999996,0,
1787,119,868,6586,52,15,727,15,727,5,3,0,3,0,0,26.90487,171.236,0,
1788,105,844,5932,139,15,672,14,617,2,1,0,1,0,0,25.420669999999998,154.232,0,
1789,105,758,6507,32,5,275,5,275,2,1,0,1,0,0,9.092749999999999,169.182,0,
1790,336,2478,21330,267,95,5262,92,4772,36,17,1,16,0,0,168.22451999999998,554.5799999999999,0,
1791,153,1048,8631,85,16,1105,16,1105,6,5,1,4,0,0,29.95405,224.40599999999998,0,
1792,155,973,7945,102,16,718,16,718,4,1,0,1,0,0,28.47958,206.57,0,
1793,3000,18805,153634,2579,1195,88271,1151,74010,535,273,63,210,1,0,2171.8410799999997,3994.484,0,
1794,125,1061,7449,108,15,698,15,698,6,4,0,4,0,0,26.79438,193.67399999999998,0,
1795,154,1237,9286,147,24,1286,23,1232,7,3,1,2,0,0,42.24364,241.43599999999998,0,
1796,513,3677,31260,324,150,9640,150,9640,63,35,3,32,0,0,278.0784,812.76,0,
1797,125,1098,7882,127,24,1356,24,1356,9,4,0,4,0,0,43.78236,204.932,0,
1798,436,2849,26103,224,110,7269,110,7269,47,28,2,26,0,0,204.68488999999997,678.678,0,
1799,263,1616,14525,124,29,2468,26,2135,9,2,1,1,0,0,51.798289999999994,377.65,0,
1800,475,3627,29162,354,123,7911,118,7684,49,22,4,18,0,0,221.80089999999998,758.212,0,
1801,3000,19104,154852,2283,1141,79899,1134,79703,535,269,53,216,0,0,2131.85871,4026.1519999999996,0,
1802,213,1448,11235,201,25,1920,20,1410,10,6,4,2,0,0,40.548899999999996,292.11,0,
1803,428,2836,27296,264,109,6683,105,6485,43,15,2,13,0,0,195.80249,709.6959999999999,0,
1804,198,1078,10964,49,13,796,13,796,4,3,1,2,0,0,23.949759999999998,285.06399999999996,0,
1805,380,2545,22298,298,100,7189,83,5889,35,17,3,14,0,0,165.66109,579.7479999999999,0,
1806,250,1476,13608,132,36,2307,35,2235,11,4,1,3,0,0,65.39430999999999,353.808,0,
1807,171,1106,9562,65,25,1425,25,1425,10,5,0,5,0,0,45.65424999999999,248.612,0,
1808,111,807,6704,71,14,766,14,766,6,3,1,2,0,0,25.444459999999996,174.304,0,
1809,158,1012,8755,49,20,938,18,905,7,2,1,1,0,0,33.40698999999999,227.63,0,
1810,219,1553,12349,146,39,2081,39,2081,15,6,0,6,0,0,70.67961,321.074,0,
1811,3000,18992,152006,2547,1077,90946,1073,90656,524,281,72,209,0,0,2074.1145599999995,3952.156,0,
1812,178,1263,9663,82,15,932,14,846,5,3,1,2,0,0,26.329739999999997,251.238,0,
1813,217,1416,12723,106,29,1949,28,1802,11,6,1,5,0,0,52.57008,330.798,0,
1814,237,1243,9830,115,23,1006,23,997,8,4,0,4,0,0,40.81619,255.57999999999998,0,
1815,156,980,7850,91,9,677,9,706,2,1,0,1,0,0,17.13664,204.1,0,
1816,3000,17542,152956,2041,1032,70277,1031,70204,504,257,66,191,0,0,1926.92138,3976.8559999999998,0,
1817,3000,18149,150608,2349,1078,80195,1029,72460,493,243,51,192,0,0,1964.3319,3915.808,0,
1818,112,1088,6802,166,17,836,17,836,6,3,0,3,0,0,30.538159999999994,176.852,0,
1819,128,785,7297,33,8,364,8,364,1,0,0,0,0,0,14.25884,189.72199999999998,0,
1820,3000,18215,155465,2093,1089,77028,1088,76698,523,271,69,202,0,0,2043.67978,4042.0899999999997,0,
1821,313,2297,18412,238,58,4431,56,4153,23,9,1,8,0,0,107.21296999999998,478.712,0,
1822,3000,17940,162265,2827,1225,82570,1223,81974,568,302,74,228,0,0,2281.7892199999997,4218.889999999999,0,
1823,235,1695,13437,161,41,2171,39,2115,14,8,2,6,0,0,71.83322999999999,349.36199999999997,0,
1824,445,3182,25076,315,98,7532,96,7464,41,17,1,16,0,0,183.94008,651.976,0,
1825,3000,18512,153772,2503,1105,79251,1112,79851,540,276,69,207,0,0,2089.37931,3998.0719999999997,0,
1826,175,1148,8890,43,11,548,11,548,3,1,0,1,0,0,19.78688,231.14,0,
1827,99,783,6057,33,11,306,11,306,1,1,0,1,0,0,18.86486,157.482,0,
1828,3000,18204,152948,2496,1028,71104,1028,70962,499,220,36,184,0,0,1924.5847799999997,3976.6479999999997,0,
1829,174,1391,10136,120,29,1477,29,1477,7,5,0,5,0,0,52.28836999999999,263.536,0,
1830,3000,15933,151225,2071,1064,84087,1126,87483,528,249,59,190,0,0,2111.33895,3931.85,0,
1831,197,1288,10853,65,12,808,12,808,5,4,1,3,0,0,22.38648,282.178,0,
1832,191,1181,10181,122,26,1466,26,1466,10,3,1,2,0,0,47.41946,264.70599999999996,0,
1833,221,1514,12361,149,33,2157,35,2190,9,4,1,3,0,0,63.66196,321.38599999999997,0,
1834,3000,16544,150167,2205,1136,79822,1136,79822,516,242,50,192,0,0,2131.94582,3904.3419999999996,0,
1835,179,1290,9874,139,21,1185,21,1185,8,6,2,4,0,0,38.30385,256.724,0,
1836,81,592,4452,23,3,198,3,198,1,0,0,0,0,0,5.581379999999999,115.752,0,
1837,3000,16111,146457,2012,861,58086,857,57801,347,185,48,137,0,0,1601.38711,3807.8819999999996,0,
1838,3000,16319,152235,2245,1143,90355,1142,90268,535,265,65,200,0,0,2181.98074,3958.1099999999997,0,
1839,108,801,6467,41,5,269,5,269,3,2,1,1,0,0,9.069890000000001,168.142,0,
1840,3000,13215,139262,1099,470,32707,464,32398,25,11,5,6,0,0,873.2509999999999,3620.812,0,
1841,420,3184,25973,329,101,6518,101,6518,42,18,2,16,0,0,187.34258,675.298,0,
1842,96,780,5780,71,10,493,8,320,3,2,1,1,0,0,15.253339999999998,150.28,0,
1843,82,560,5192,20,3,165,3,165,0,0,0,0,0,0,5.4556499999999994,134.992,0,
1844,421,3018,24517,286,116,7527,116,7527,45,25,0,25,0,0,215.32186999999996,637.442,0,
1845,103,700,6013,32,6,237,6,237,1,1,0,1,0,0,10.55697,156.338,0,
1846,180,1215,11165,68,28,1508,28,1508,10,4,0,4,0,0,50.79748,290.28999999999996,0,
1847,205,1204,11074,112,15,1034,15,1052,7,5,1,4,0,0,28.12188,287.924,0,
1848,286,2219,17470,236,72,4243,71,4143,27,17,3,14,0,0,130.62082999999998,454.21999999999997,0,
1849,459,3282,29871,296,161,9008,158,8728,59,30,3,27,0,0,289.24307999999996,776.646,0,
1850,141,931,8388,55,19,1116,19,1116,7,4,1,3,0,0,34.822959999999995,218.088,0,
1851,313,2134,18436,244,75,4563,74,4638,33,21,3,18,0,0,137.12727999999998,479.33599999999996,0,
1852,3000,16365,151555,2371,1067,76754,1064,76522,515,243,50,193,0,0,2005.23558,3940.43,0,
1853,193,1495,11140,145,24,1513,22,1453,8,3,1,2,0,0,41.96273,289.64,0,
1854,208,1489,11226,159,35,2481,32,2242,11,8,3,5,0,0,61.749039999999994,291.876,0,
1855,155,1027,8337,101,22,1482,18,1091,8,6,2,4,0,0,35.496089999999995,216.762,0,
1856,419,2980,25819,310,118,7457,114,7104,48,28,5,23,0,0,212.82477999999998,671.294,0,
1857,139,976,8358,54,16,849,16,849,7,1,0,1,0,0,28.97869,217.308,0,
1858,179,1103,9786,90,18,1371,14,924,6,2,2,0,0,0,28.489899999999995,254.43599999999998,0,
1859,245,1572,13856,119,46,2608,46,2608,19,9,1,8,0,0,83.95048,360.256,0,
1860,389,2909,23947,280,110,6520,108,6503,45,19,1,18,0,0,199.52649,622.622,0,
1861,146,1052,9227,55,15,1062,15,1062,5,2,1,1,0,0,28.18122,239.902,0,
1862,194,1421,12197,139,34,2193,32,2148,12,6,1,5,0,0,60.68297999999999,317.12199999999996,0,
1863,3000,16522,150451,2521,1109,86032,1070,80154,489,268,69,199,0,0,2052.6337799999997,3911.7259999999997,0,
1864,296,2342,18209,246,71,4237,74,4309,31,17,3,14,0,0,133.96133,473.43399999999997,0,
1865,96,680,5510,32,5,235,5,235,2,0,0,0,0,0,8.940349999999999,143.26,0,
1866,140,881,7912,44,10,500,8,434,4,2,1,1,0,0,15.561419999999998,205.712,0,
1867,303,1590,15877,64,22,1321,19,1214,6,3,2,1,0,0,36.7596,412.80199999999996,0,
1868,480,3568,28232,344,133,8789,133,8789,55,29,3,26,0,0,247.48309,734.0319999999999,0,
1869,467,3382,28527,314,122,8292,122,8323,54,30,4,26,0,0,227.97205,741.702,0,
1870,407,2849,23208,315,75,6703,59,5444,22,9,3,6,0,0,124.82225999999999,603.408,0,
1871,143,821,7096,35,7,373,7,373,3,0,0,0,0,0,12.68413,184.49599999999998,0,
1872,293,1492,13410,83,27,1298,27,1298,8,4,1,3,0,0,48.38837999999999,348.65999999999997,0,
1873,279,1821,15354,195,49,3453,45,2797,15,7,2,5,0,0,85.75165,399.204,0,
1874,178,1278,10139,145,20,1829,21,1896,8,4,0,4,0,0,40.454699999999995,263.614,0,
1875,145,993,8944,78,19,1447,13,690,5,5,3,2,0,0,27.313159999999993,232.54399999999998,0,
1876,365,2002,18236,167,67,5694,57,3848,20,9,2,7,0,0,113.34215999999999,474.13599999999997,0,
1877,121,851,7542,46,12,473,12,473,3,2,1,1,0,0,21.110129999999998,196.09199999999998,0,
1878,505,3742,30651,341,135,8796,135,8796,61,28,2,26,0,0,250.72775999999996,796.9259999999999,0,
1879,387,2477,22806,209,80,5116,80,5116,36,16,1,15,0,0,148.21196,592.956,0,
1880,321,2253,18230,240,59,4183,59,3798,20,11,4,7,0,0,109.85567999999998,473.97999999999996,0,
1881,295,1181,12876,24,3,213,3,213,2,0,0,0,0,0,5.638529999999999,334.776,0,
1882,157,1118,9833,80,26,1528,24,1466,8,5,1,4,0,0,45.23262,255.658,0,
1883,221,1538,12511,176,41,2581,34,2073,16,9,3,6,0,0,66.55657,325.286,0,
1884,3000,18615,153122,2397,1045,77243,1045,77243,496,271,68,203,0,0,1975.7008299999998,3981.172,0,
1885,197,1072,8337,82,9,570,9,570,4,3,2,1,0,0,16.652699999999996,216.762,0,
1886,256,1698,14078,156,53,3777,51,3512,19,11,2,9,0,0,96.71042,366.02799999999996,0,
1887,255,1434,13422,61,18,1056,16,1018,5,2,1,1,0,0,30.62542,348.972,0,
1888,150,1097,8661,119,16,1000,16,1000,7,3,0,3,0,0,29.554,225.18599999999998,0,
1889,3000,21935,179666,2110,954,64725,949,64192,393,226,21,205,0,0,1774.5364599999998,4671.316,0,
1890,582,4557,37467,424,196,11312,196,11312,77,43,4,39,0,0,358.46272,974.1419999999999,0,
1891,418,3346,25740,420,113,7296,114,7553,40,16,1,15,0,0,211.42066999999997,669.24,0,
1892,3000,17206,142421,1790,713,45095,649,42830,155,71,20,51,3,0,1240.752,3702.946,0,
1893,3000,17071,151115,2284,1023,73157,1023,73157,499,240,53,187,0,0,1924.7351699999997,3928.99,0,
1894,181,1461,10576,172,36,2425,38,2494,13,5,1,4,0,0,69.60472,274.976,0,
1895,3000,15637,140131,1496,625,41691,617,41127,142,70,23,47,0,0,1153.9443899999999,3643.406,0,
1896,424,3363,26073,332,122,7677,122,7677,49,20,1,19,0,0,225.54736999999997,677.898,0,
1897,3000,14689,138134,1203,573,37306,568,37016,87,32,9,23,0,0,1057.68016,3591.484,0,
1898,142,906,6665,31,5,243,5,243,2,0,0,0,0,0,8.97083,173.29,0,
1899,141,953,8134,90,13,1069,13,1069,7,5,1,4,0,0,24.989889999999995,211.48399999999998,0,
1900,3000,18378,154010,2577,1087,80218,1085,79314,522,240,59,181,0,0,2049.97606,4004.2599999999998,0,
1901,77,643,4166,29,5,121,5,121,0,0,0,0,0,0,8.50601,108.31599999999999,0,
1902,327,2512,19954,231,58,4243,58,4069,25,9,1,8,0,0,109.03021,518.804,0,
1903,354,2079,18437,202,46,3274,46,3174,14,8,1,7,0,0,86.22494,479.36199999999997,0,
1904,202,1162,9838,65,12,772,10,643,6,3,3,0,0,0,19.650049999999997,255.78799999999998,0,
1905,97,635,5207,24,7,255,7,255,1,0,0,0,0,0,12.234549999999999,135.382,0,
1906,248,1501,13049,110,31,1747,28,1481,9,5,1,4,0,0,52.44549,339.274,0,
1907,464,2729,25032,224,81,5054,79,4892,27,11,3,8,0,0,146.89867999999998,650.832,0,
1908,3000,17849,152308,2214,1058,80912,1057,80816,521,258,57,201,0,0,2009.2142399999998,3960.008,0,
1909,158,1343,9435,136,28,1631,28,1670,10,7,0,7,0,0,51.36868,245.31,0,
1910,149,928,7657,43,16,800,16,800,5,4,0,4,0,0,28.791999999999998,199.082,0,
1911,495,3815,29339,346,134,8892,128,8366,57,31,3,28,0,0,241.32113999999999,762.814,0,
1912,143,938,8969,38,5,249,5,249,3,2,0,2,0,0,8.99369,233.194,0,
1913,200,1310,11267,125,28,1668,28,1707,11,4,0,4,0,0,51.50964999999999,292.942,0,
1914,3000,20477,152626,2828,1054,70775,1049,70145,506,253,59,194,0,0,1958.23185,3968.276,0,
1915,3000,17447,149779,2162,961,75040,956,72128,441,207,49,158,0,0,1818.8428399999998,3894.254,0,
1916,153,1053,8173,64,8,379,8,379,2,2,1,1,0,0,14.315989999999998,212.498,0,
1917,348,2341,21015,189,85,5255,82,5115,27,20,3,17,0,0,153.02835,546.39,0,
1918,3000,17690,151552,2286,1017,70310,1014,70205,501,248,65,183,0,0,1900.5679499999999,3940.352,0,
1919,159,1399,10163,132,20,1686,18,1481,8,2,1,1,0,0,35.80450999999999,264.238,0,
1920,177,1358,10625,141,26,1877,26,1877,9,5,1,4,0,0,48.98536999999999,276.25,0,
1921,373,2463,21942,184,81,5528,79,5413,33,19,2,17,0,0,148.82823,570.492,0,
1922,524,3482,33156,317,140,8643,140,8643,63,30,3,27,0,0,258.18983,862.0559999999999,0,
1923,3000,16704,154366,2513,1129,88891,1128,88824,544,282,70,212,0,0,2153.9294999999997,4013.5159999999996,0,
1924,283,2132,17462,205,71,3912,71,3912,25,17,1,16,0,0,129.14371999999997,454.012,0,
1925,132,731,6585,30,5,174,5,174,1,0,0,0,0,0,8.707939999999999,171.20999999999998,0,
1926,145,1056,9201,110,27,1337,27,1337,10,3,0,3,0,0,48.53697,239.226,0,
1927,424,2865,25368,275,114,7438,114,7307,47,25,3,22,0,0,211.42024999999998,659.568,0,
1928,3000,19195,157166,2555,1191,85222,1136,77115,541,287,66,221,0,0,2157.5434099999998,4086.316,0,
1929,367,2970,22495,286,93,6151,95,6220,42,20,0,20,0,0,175.51378,584.87,0,
1930,307,1837,18213,126,57,3414,57,3414,21,14,0,14,0,0,104.72034,473.53799999999995,0,
1931,132,1113,8239,122,25,1384,27,1434,8,7,0,7,0,0,47.88954,214.214,0,
1932,430,2937,24125,279,74,5598,70,5458,31,22,6,16,0,0,135.50617999999997,627.25,0,
1933,121,812,7592,34,6,358,6,358,4,0,0,0,0,0,11.017979999999998,197.392,0,
1934,88,606,4962,23,6,178,6,178,1,0,0,0,0,0,10.33218,129.012,0,
1935,159,928,7891,83,17,1249,11,790,6,3,3,0,0,0,24.124519999999997,205.166,0,
1936,212,1557,13074,159,46,2404,44,2363,14,7,1,6,0,0,80.80541000000001,339.924,0,
1937,363,2561,22657,278,109,6464,109,6547,41,19,2,17,0,0,200.22713,589.082,0,
1938,160,1167,9426,90,30,1830,27,1596,10,9,2,7,0,0,51.23688,245.076,0,
1939,164,1037,10573,52,10,957,10,957,4,2,0,2,0,0,19.736169999999998,274.89799999999997,0,
1940,178,1099,10263,61,22,1243,22,1243,6,3,0,3,0,0,40.133829999999996,266.83799999999997,0,
1941,222,2897,9468,1517,16,1014,13,769,5,4,2,2,0,0,25.572989999999997,246.16799999999998,1,limit
1942,402,2801,23974,245,113,6566,113,6566,45,25,2,23,0,0,206.83346,623.324,0,
1943,109,691,5933,20,4,100,4,100,0,0,0,0,0,0,6.816999999999999,154.25799999999998,0,
1944,512,3354,29281,313,110,8264,108,8030,31,17,1,16,0,0,205.60041999999999,761.3059999999999,0,
1945,253,1816,14497,180,56,4232,53,4106,23,9,2,7,0,0,102.50654,376.92199999999997,0,
1946,207,1385,11872,138,32,1929,30,1838,11,6,1,5,0,0,56.338159999999995,308.67199999999997,0,
1947,341,2127,21830,140,59,4110,59,4110,29,11,2,9,0,0,110.59009999999998,567.5799999999999,0,
1948,335,2495,22383,264,104,5425,102,5406,39,19,4,15,0,0,185.69528,581.958,0,
1949,174,1119,8608,122,17,1314,17,1314,8,3,1,2,0,0,32.359339999999996,223.808,0,
1950,280,1925,16891,157,65,4108,65,4108,30,8,1,7,0,0,120.23647999999999,439.166,0,
1951,3000,19629,152038,3044,1084,72419,1077,71642,522,259,60,199,0,0,2010.1188800000002,3952.988,0,
1952,170,1419,11250,96,38,1910,38,1910,14,6,0,6,0,0,68.4191,292.5,0,
1953,121,820,7353,28,7,362,7,362,1,1,0,1,0,0,12.642219999999998,191.178,0,
1954,3000,55082,131364,5828,4792,1.391709e+06,676,47126,325,155,37,118,0,0,4825.406,3415.464,106,limit
1955,455,3361,25164,379,116,7049,124,7597,45,24,4,20,0,0,223.98192999999998,654.264,0,
1956,94,839,5632,82,6,293,6,205,2,2,1,1,0,0,10.538889999999999,146.432,0,
1957,169,1276,9395,159,23,1534,23,1534,11,5,2,3,0,0,42.85153999999999,244.26999999999998,0,
1958,319,2213,17929,242,52,3588,51,3558,20,9,2,7,0,0,96.12938,466.154,0,
1959,3000,16730,140407,2102,693,48586,683,48085,209,102,31,71,0,0,1287.5320299999998,3650.582,0,
1960,426,3076,25274,293,93,6509,90,6037,35,17,3,14,0,0,169.80492999999998,657.124,0,
1961,116,910,6956,90,16,894,15,697,5,5,2,3,0,0,27.50203,180.856,0,
1962,437,3042,27410,279,123,7708,123,7708,52,27,2,25,0,0,227.27447999999998,712.66,0,
1963,230,1294,10469,150,26,1679,22,1356,8,5,2,3,0,0,42.8615,272.19399999999996,0,
1964,88,566,4753,15,3,61,3,61,1,1,0,1,0,0,5.05941,123.57799999999999,0,
1965,171,1046,9039,99,25,1071,23,891,5,1,1,0,0,0,41.57211,235.01399999999998,0,
1966,323,2418,19431,216,73,4168,69,4067,25,18,4,14,0,0,128.55145,505.20599999999996,0,
1967,314,2346,19401,214,62,4118,62,4118,28,9,1,8,0,0,115.44757999999999,504.426,0,
1968,3000,18974,152321,2328,1054,77516,1049,76593,515,240,53,187,0,0,1983.1444699999997,3960.346,0,
1969,408,7540,22342,2079,62,4311,59,4097,28,12,6,6,0,0,112.23008999999999,580.8919999999999,2,limit
1970,286,2036,17585,160,72,3939,72,3939,29,15,2,13,0,0,130.85558999999998,457.21,0,
1971,105,911,6868,117,16,970,12,731,5,2,1,1,0,0,24.291130000000003,178.56799999999998,0,
1972,3000,18997,152237,2466,1052,82662,1052,82662,522,241,59,182,0,0,2007.6102199999998,3958.162,0,
1973,319,2498,19932,323,91,5215,88,5061,33,19,4,15,0,0,162.49313,518.232,0,
1974,219,1788,12957,221,57,4044,57,4044,21,7,1,6,0,0,107.12063999999998,336.882,0,
1975,3000,15951,151255,2027,1068,74584,1053,73221,518,259,75,184,0,0,1982.04235,3932.6299999999997,0,
1976,308,2413,19039,227,71,4518,72,4561,28,12,1,11,0,0,132.69566999999998,495.01399999999995,0,
1977,238,1499,12984,175,61,3615,61,3653,29,13,1,12,0,0,112.02208999999998,337.584,0,
1978,214,1552,12081,160,36,2463,35,2375,16,5,2,3,0,0,65.94659,314.106,0,
1979,150,2165,9530,836,22,1515,22,1515,8,4,2,2,0,0,41.17015,247.78,0,
1980,460,3183,26192,341,120,8670,113,7923,48,29,2,27,0,0,216.23809,680.992,0,
1981,318,2156,19696,150,79,4949,79,4949,33,15,0,15,0,0,145.96669,512.096,0,
1982,163,1133,9762,81,11,1046,11,859,4,1,1,0,0,0,21.19245,253.81199999999998,0,
1983,302,1588,14363,80,30,2464,30,2464,5,2,0,2,0,0,57.65784,373.438,0,
1984,83,602,5111,21,5,90,5,90,1,0,0,0,0,0,8.3879,132.886,0,
1985,118,896,7716,104,17,663,18,716,5,3,1,2,0,0,31.148419999999994,200.61599999999999,0,
1986,3000,16540,152225,2552,1097,82916,1093,82647,515,253,59,194,0,0,2075.75549,3957.85,0,
1987,128,895,7403,34,6,225,6,225,1,1,0,1,0,0,10.511249999999999,192.47799999999998,0,
1988,101,710,5309,37,8,436,8,436,3,1,0,1,0,0,14.533159999999999,138.034,0,
1989,166,1048,8349,53,14,950,14,950,4,2,0,2,0,0,26.1455,217.07399999999998,0,
1990,225,1714,14460,182,43,2617,42,2659,15,10,4,6,0,0,78.13823,375.96,0,
1991,223,1497,12885,122,33,1901,32,1872,9,5,1,4,0,0,59.133539999999996,335.01,0,
1992,82,610,4585,24,4,120,4,120,0,0,0,0,0,0,6.893199999999999,119.21,0,
1993,299,1840,15857,143,58,3648,59,3619,13,7,1,6,0,0,108.27461,412.282,0,
1994,3000,18457,150850,2824,1163,85675,1160,85201,501,271,56,215,0,0,2193.05213,3922.1,0,
1995,3000,17743,154877,2620,1148,81981,1133,81301,540,291,75,216,0,0,2140.7412099999997,4026.8019999999997,0,
1996,3000,57617,133150,5312,4814,1.329788e+06,715,45765,310,144,25,119,0,0,4803.36779,3461.8999999999996,98,limit
1997,108,852,5239,67,5,98,5,98,1,1,0,1,0,0,8.418379999999999,136.214,0,
1998,459,3642,27531,436,130,8385,127,8347,43,24,3,21,0,0,237.62690999999998,715.8059999999999,0,
1999,116,984,7326,123,14,768,14,768,7,5,1,4,0,0,25.45208,190.476,0,
2000,3000,19240,152543,2333,1056,84282,1050,83626,518,240,45,195,0,0,2011.7131399999998,3966.118,0,
