run_id,steps,wall_us,ops,solver_us,pivots,solver_work,exact_pivots,exact_work,comparisons,flips_drawn,flips_refused,certified,certificate_failures,false_witnesses,cost_units,run_units,conceded
1,156,1413,7847,163,33,1559,33,1559,2,0,0,0,0,0,0,156,
2,61,564,4784,32,5,91,5,91,1,1,0,0,0,0,0,61,
3,187,1339,12732,86,22,1211,24,1277,6,3,1,0,0,0,0,187,
4,128,899,7200,50,11,717,11,717,2,1,0,0,0,0,0,128,
5,197,1670,11825,153,37,1779,37,1779,3,1,0,0,0,0,0,197,
6,115,972,7473,72,15,693,15,693,4,1,0,0,0,0,0,115,
7,169,1193,11177,90,38,1664,38,1664,2,0,0,0,0,0,0,169,
8,76,705,4646,53,8,291,8,291,3,1,0,0,0,0,0,76,
9,96,675,5246,49,11,366,11,366,3,1,0,0,0,0,0,96,
10,135,946,8311,79,20,1085,22,1104,4,2,1,0,0,0,0,135,
11,178,1087,10675,59,20,990,20,990,2,1,0,0,0,0,0,178,
12,78,608,5412,26,7,272,7,272,2,2,1,0,0,0,0,78,
13,86,510,5396,13,2,67,2,67,0,0,0,0,0,0,0,86,
14,120,799,7500,43,19,741,19,741,3,2,0,0,0,0,0,120,
15,81,672,5164,60,10,432,10,423,3,2,1,0,0,0,0,81,
16,178,1213,11520,82,31,1401,31,1401,4,2,0,0,0,0,0,178,
17,132,927,8077,61,23,1174,23,1174,2,1,0,0,0,0,0,132,
18,74,594,4915,38,12,459,12,459,3,1,0,0,0,0,0,74,
19,202,1165,10667,92,33,1958,35,1996,2,1,1,0,0,0,0,202,
20,92,646,5771,40,14,553,14,553,3,1,0,0,0,0,0,92,
21,80,573,5127,32,6,324,7,388,5,2,1,0,0,0,0,80,
22,100,573,4978,26,9,303,9,303,2,1,0,0,0,0,0,100,
23,131,842,7787,35,10,652,10,652,2,2,0,0,0,0,0,131,
24,126,764,6673,27,7,299,7,299,1,0,0,0,0,0,0,126,
25,140,852,8374,36,15,701,15,701,3,1,0,0,0,0,0,140,
26,77,547,3934,30,8,357,8,396,2,1,0,0,0,0,0,77,
27,119,670,6196,31,9,505,9,505,3,2,0,0,0,0,0,119,
28,213,1331,12570,81,42,1904,42,1904,4,1,0,0,0,0,0,213,
29,84,646,5071,30,8,391,8,391,3,1,0,0,0,0,0,84,
30,86,690,5702,74,10,373,10,373,3,2,1,0,0,0,0,86,
31,114,714,5937,56,5,327,5,327,3,2,1,0,0,0,0,114,
32,150,845,7391,38,15,617,15,617,2,1,0,0,0,0,0,150,
33,111,712,5949,29,7,331,7,331,2,1,0,0,0,0,0,111,
34,91,647,5487,35,13,571,13,647,4,2,0,0,0,0,0,91,
35,98,660,5130,41,16,565,16,565,3,0,0,0,0,0,0,98,
36,95,583,5822,17,4,154,4,154,1,1,0,0,0,0,0,95,
37,83,558,5228,16,3,168,3,168,2,1,0,0,0,0,0,83,
38,93,617,5155,25,4,340,5,380,4,1,1,0,0,0,0,93,
39,116,713,6403,36,13,565,13,565,3,1,0,0,0,0,0,116,
40,126,894,8251,50,21,1099,21,1099,2,2,0,0,0,0,0,126,
41,106,651,6106,28,10,389,10,389,2,2,0,0,0,0,0,106,
42,79,526,4949,17,4,156,4,156,2,1,0,0,0,0,0,79,
43,121,681,6856,28,7,425,8,483,3,1,1,0,0,0,0,121,
44,217,1450,12945,113,43,2385,43,2385,3,2,0,0,0,0,0,217,
45,75,555,4352,23,6,193,6,193,1,1,0,0,0,0,0,75,
46,93,582,6083,17,8,191,8,191,1,0,0,0,0,0,0,93,
47,123,788,7372,45,16,629,16,629,3,3,1,0,0,0,0,123,
48,203,1228,11414,74,24,1916,24,1916,6,4,0,0,0,0,0,203,
49,105,682,6120,26,6,268,6,268,2,2,1,0,0,0,0,105,
50,224,1400,13159,89,27,1807,28,1870,7,2,1,0,0,0,0,224,
51,221,1392,11774,147,28,2239,28,2196,5,4,1,0,0,0,0,221,
52,181,1059,10531,62,21,1088,21,1088,3,2,0,0,0,0,0,181,
53,342,1987,19519,134,42,3931,44,3969,9,5,1,0,0,0,0,342,
54,136,987,8236,64,33,1388,33,1388,2,1,0,0,0,0,0,136,
55,111,742,6354,38,12,474,12,474,2,1,0,0,0,0,0,111,
56,187,1020,9331,54,19,1252,19,1252,6,0,0,0,0,0,0,187,
57,148,959,8552,47,26,952,26,952,2,0,0,0,0,0,0,148,
58,191,925,9552,31,10,704,10,704,7,2,0,0,0,0,0,191,
59,148,1004,9222,66,35,1272,35,1272,4,1,0,0,0,0,0,148,
60,164,1066,10243,77,12,919,12,919,8,3,1,0,0,0,0,164,
61,92,568,4806,28,5,226,5,226,3,1,0,0,0,0,0,92,
62,137,814,8153,34,11,658,11,658,4,2,0,0,0,0,0,137,
63,76,505,4254,14,2,150,2,150,2,0,0,0,0,0,0,76,
64,115,756,6961,34,10,547,10,547,2,1,0,0,0,0,0,115,
65,169,1094,9685,70,27,1684,27,1684,5,3,0,0,0,0,0,169,
66,156,1023,8984,52,24,1165,24,1165,3,0,0,0,0,0,0,156,
67,96,640,5668,26,7,358,7,358,4,1,0,0,0,0,0,96,
68,196,1299,12122,105,26,1750,26,1750,7,2,1,0,0,0,0,196,
69,95,673,5776,30,12,517,12,517,2,0,0,0,0,0,0,95,
70,169,1050,10884,74,19,1254,20,1354,6,3,1,0,0,0,0,169,
71,133,811,8264,36,15,672,15,672,2,0,0,0,0,0,0,133,
72,102,631,5928,27,12,449,12,449,1,1,0,0,0,0,0,102,
73,68,455,4291,15,2,81,2,81,1,0,0,0,0,0,0,68,
74,94,629,5087,39,19,571,19,571,2,1,0,0,0,0,0,94,
75,61,477,4387,15,2,150,2,150,2,0,0,0,0,0,0,61,
76,207,1349,11644,164,42,2381,42,2381,6,4,0,0,0,0,0,207,
77,242,1405,13735,68,23,1448,23,1448,4,2,0,0,0,0,0,242,
78,100,678,6835,30,8,343,8,367,2,1,1,0,0,0,0,100,
79,89,586,5422,23,6,279,6,305,2,2,1,0,0,0,0,89,
80,181,1028,10180,40,16,816,16,816,3,1,0,0,0,0,0,181,
81,114,769,7120,70,12,750,12,750,6,4,1,0,0,0,0,114,
82,169,1043,9183,63,29,1744,29,1744,3,0,0,0,0,0,0,169,
83,206,1228,11834,74,22,1395,23,1428,6,2,1,0,0,0,0,206,
84,137,873,8295,43,13,993,13,993,5,2,0,0,0,0,0,137,
85,98,655,5707,31,9,502,9,502,2,0,0,0,0,0,0,98,
86,100,674,7136,29,12,540,12,540,2,2,1,0,0,0,0,100,
87,107,669,6639,31,15,434,15,434,2,1,0,0,0,0,0,107,
88,86,595,5796,52,8,338,11,495,2,2,1,0,0,0,0,86,
89,110,737,6952,38,16,798,16,798,3,2,0,0,0,0,0,110,
90,114,662,6027,46,3,189,3,189,2,2,1,0,0,0,0,114,
91,221,1241,12762,80,36,2043,37,2049,7,3,1,0,0,0,0,221,
92,102,724,6726,30,13,541,13,541,1,0,0,0,0,0,0,102,
93,178,1110,9581,94,44,2253,44,2253,3,1,0,0,0,0,0,178,
94,135,834,7560,47,24,1128,24,1128,3,0,0,0,0,0,0,135,
95,164,1048,9555,57,25,1409,25,1409,4,0,0,0,0,0,0,164,
96,143,879,8948,50,17,1063,17,1063,6,2,0,0,0,0,0,143,
97,140,846,7750,61,12,661,13,695,3,2,1,0,0,0,0,140,
98,89,658,5720,34,15,506,15,506,2,1,0,0,0,0,0,89,
99,292,1736,14929,137,54,4165,54,4165,4,1,0,0,0,0,0,292,
100,150,972,8927,51,13,908,13,908,4,2,0,0,0,0,0,150,
101,113,721,7776,28,13,457,13,457,1,1,0,0,0,0,0,113,
102,142,992,7737,119,24,1312,24,1417,3,3,0,0,0,0,0,142,
103,149,887,8180,56,25,941,27,1187,3,1,1,0,0,0,0,149,
104,93,677,6470,30,9,449,9,449,4,2,1,0,0,0,0,93,
105,90,721,6174,84,12,566,16,926,4,2,1,0,0,0,0,90,
106,69,538,4828,44,4,167,4,167,3,3,1,0,0,0,0,69,
107,180,993,9521,68,28,1617,28,1617,3,1,0,0,0,0,0,180,
108,200,1075,10239,60,17,1045,18,1082,7,4,1,0,0,0,0,200,
109,105,726,6559,63,12,617,13,679,4,1,1,0,0,0,0,105,
110,106,591,5736,38,4,153,4,153,3,3,2,0,0,0,0,106,
111,196,1247,12246,70,44,1765,44,1765,3,1,0,0,0,0,0,196,
112,233,1403,14166,91,46,1743,47,1768,4,2,1,0,0,0,0,233,
113,161,997,8997,59,30,1666,32,1728,3,2,1,0,0,0,0,161,
114,84,573,5312,24,9,308,9,308,1,1,0,0,0,0,0,84,
115,183,1198,10575,102,25,1661,25,1661,6,5,2,0,0,0,0,183,
116,201,1132,10556,69,21,1222,24,1333,4,2,1,0,0,0,0,201,
117,196,1298,12166,73,39,1753,39,1814,3,2,0,0,0,0,0,196,
118,105,651,6133,36,12,475,12,475,5,4,0,0,0,0,0,105,
119,107,705,7103,27,14,629,14,629,2,1,0,0,0,0,0,107,
120,100,627,5700,55,4,150,4,150,3,2,1,0,0,0,0,100,
121,93,621,6017,26,7,323,7,323,5,1,0,0,0,0,0,93,
122,172,1137,10091,90,33,1769,33,1769,3,3,0,0,0,0,0,172,
123,186,1007,10332,48,25,1060,25,1060,3,3,0,0,0,0,0,186,
124,71,548,4574,33,7,337,7,337,3,3,1,0,0,0,0,71,
125,100,650,5995,31,11,426,11,426,2,0,0,0,0,0,0,100,
126,134,816,8137,37,17,895,17,895,4,2,0,0,0,0,0,134,
127,127,795,7813,36,12,625,12,625,3,0,0,0,0,0,0,127,
128,120,813,6024,101,18,1189,18,1189,3,1,0,0,0,0,0,120,
129,126,684,6370,27,10,386,10,386,3,1,0,0,0,0,0,126,
130,123,730,6527,37,13,489,13,489,2,0,0,0,0,0,0,123,
131,117,760,7749,41,21,941,21,941,4,3,0,0,0,0,0,117,
132,100,592,5580,32,9,333,11,438,3,3,1,0,0,0,0,100,
133,133,880,8178,39,24,953,24,953,2,1,0,0,0,0,0,133,
134,95,590,5607,21,6,167,6,167,3,2,1,0,0,0,0,95,
135,86,567,4865,59,6,392,8,620,4,1,1,0,0,0,0,86,
136,156,818,7729,32,9,380,9,380,4,1,0,0,0,0,0,156,
137,88,530,5204,15,4,148,4,148,3,1,0,0,0,0,0,88,
138,114,777,7196,32,9,629,9,629,3,0,0,0,0,0,0,114,
139,137,857,8330,41,18,968,18,968,2,1,0,0,0,0,0,137,
140,224,1262,12479,96,35,2263,36,2286,6,4,1,0,0,0,0,224,
141,204,1224,12582,55,26,1404,26,1404,5,2,0,0,0,0,0,204,
142,79,600,4968,29,5,314,5,314,2,1,0,0,0,0,0,79,
143,107,696,6935,32,17,581,17,581,2,1,0,0,0,0,0,107,
144,100,555,5455,23,7,212,7,212,2,0,0,0,0,0,0,100,
145,102,508,4768,12,2,99,2,99,2,0,0,0,0,0,0,102,
146,134,693,6907,29,12,366,12,366,2,1,0,0,0,0,0,134,
147,104,677,6678,37,9,333,11,395,2,1,1,0,0,0,0,104,
148,127,737,7424,36,11,726,11,726,2,1,0,0,0,0,0,127,
149,148,1017,9651,53,26,1357,26,1357,2,2,0,0,0,0,0,148,
150,93,633,6007,25,9,315,9,315,2,1,0,0,0,0,0,93,
151,96,614,6093,32,9,489,10,536,3,1,1,0,0,0,0,96,
152,160,750,6987,63,6,202,7,272,2,2,1,0,0,0,0,160,
153,181,1002,9608,57,26,1471,26,1471,3,3,0,0,0,0,0,181,
154,83,585,5015,30,8,474,8,452,3,2,1,0,0,0,0,83,
155,124,655,6182,25,10,300,10,300,2,1,0,0,0,0,0,124,
156,72,531,4680,55,2,185,3,254,2,1,1,0,0,0,0,72,
157,130,887,7615,80,10,721,20,1090,1,1,1,0,0,0,0,130,
158,174,1165,11051,72,34,1636,34,1636,4,2,0,0,0,0,0,174,
159,94,625,5879,26,9,263,9,263,3,2,0,0,0,0,0,94,
160,70,486,4307,16,3,179,3,179,2,0,0,0,0,0,0,70,
161,109,614,5808,60,5,196,6,243,2,2,1,0,0,0,0,109,
162,149,785,7078,40,13,639,13,639,2,1,0,0,0,0,0,149,
163,99,608,6113,25,7,255,7,255,3,0,0,0,0,0,0,99,
164,193,1065,10587,53,22,1270,22,1270,4,2,0,0,0,0,0,193,
165,105,622,5475,22,4,231,4,231,2,0,0,0,0,0,0,105,
166,228,1340,13026,92,42,3740,42,2845,5,2,1,0,0,0,0,228,
167,234,1366,13605,87,25,2083,25,2083,8,1,0,0,0,0,0,234,
168,121,795,7793,63,9,582,9,582,5,3,1,0,0,0,0,121,
169,171,925,9502,40,21,924,21,924,3,0,0,0,0,0,0,171,
170,215,886,9091,21,5,248,5,248,2,0,0,0,0,0,0,215,
171,158,766,7583,34,10,642,10,642,3,1,0,0,0,0,0,158,
172,79,526,5384,24,5,295,5,295,4,2,0,0,0,0,0,79,
173,108,640,6073,36,9,415,11,549,4,2,1,0,0,0,0,108,
174,106,697,6884,41,8,456,13,773,4,1,1,0,0,0,0,106,
175,86,617,5042,37,14,546,14,546,2,1,0,0,0,0,0,86,
176,99,651,6359,31,10,499,10,499,3,1,0,0,0,0,0,99,
177,74,510,4847,25,5,176,5,176,3,3,1,0,0,0,0,74,
178,215,1236,11257,69,27,1756,27,1756,4,2,0,0,0,0,0,215,
179,90,645,5349,37,7,258,7,258,3,1,0,0,0,0,0,90,
180,248,1347,13020,132,27,1816,27,1816,7,6,1,0,0,0,0,248,
181,168,1138,9667,81,37,1921,37,1921,3,1,0,0,0,0,0,168,
182,142,915,8355,59,33,1790,33,1790,2,1,0,0,0,0,0,142,
183,123,673,7025,25,9,282,9,282,1,1,0,0,0,0,0,123,
184,96,682,6153,31,11,440,11,440,2,1,0,0,0,0,0,96,
185,88,605,5724,33,12,481,12,481,3,2,0,0,0,0,0,88,
186,496,2788,27459,225,54,3944,57,4196,11,6,4,0,0,0,0,496,
187,81,624,5179,44,11,521,11,521,3,3,0,0,0,0,0,81,
188,165,986,9277,44,19,1004,19,1004,2,1,0,0,0,0,0,165,
189,70,506,4726,22,5,169,5,169,3,1,0,0,0,0,0,70,
190,116,713,6040,31,9,538,9,538,3,1,0,0,0,0,0,116,
191,96,689,6234,77,7,330,7,330,3,3,2,0,0,0,0,96,
192,85,603,5052,24,6,278,6,278,1,0,0,0,0,0,0,85,
193,105,706,6048,30,10,450,10,450,4,1,0,0,0,0,0,105,
194,78,504,4164,17,2,161,2,161,3,0,0,0,0,0,0,78,
195,95,549,5510,12,3,100,3,100,1,0,0,0,0,0,0,95,
196,93,640,5439,32,14,505,14,505,2,0,0,0,0,0,0,93,
197,100,638,5568,23,7,309,7,309,3,1,0,0,0,0,0,100,
198,71,509,4625,17,3,144,3,144,3,1,0,0,0,0,0,71,
199,74,524,5273,26,7,321,7,321,1,1,0,0,0,0,0,74,
200,102,629,6120,32,13,592,13,592,3,2,0,0,0,0,0,102,
201,106,630,5645,26,9,367,9,367,2,0,0,0,0,0,0,106,
202,128,813,7208,42,13,856,13,856,3,2,0,0,0,0,0,128,
203,173,990,10153,49,26,1157,26,1157,4,0,0,0,0,0,0,173,
204,162,881,8346,35,11,436,13,469,3,3,1,0,0,0,0,162,
205,206,1155,10383,48,15,1217,15,1217,5,1,0,0,0,0,0,206,
206,149,1215,9353,105,16,1017,18,1049,6,3,2,0,0,0,0,149,
207,91,832,4758,73,16,604,16,604,3,0,0,0,0,0,0,91,
208,97,708,5865,42,14,703,14,703,4,2,0,0,0,0,0,97,
209,72,587,4759,69,9,312,10,334,3,2,1,0,0,0,0,72,
210,115,795,7058,42,16,715,16,715,1,1,0,0,0,0,0,115,
211,111,792,6804,56,30,1113,30,1113,2,1,0,0,0,0,0,111,
212,121,820,8041,47,17,939,17,939,2,2,0,0,0,0,0,121,
213,163,1085,10236,61,23,1354,23,1354,5,3,0,0,0,0,0,163,
214,121,598,5855,17,3,138,3,138,3,2,1,0,0,0,0,121,
215,75,525,5060,19,6,181,6,181,2,2,1,0,0,0,0,75,
216,66,436,3899,13,2,107,2,107,2,0,0,0,0,0,0,66,
217,137,809,7811,51,8,327,10,393,3,3,2,0,0,0,0,137,
218,125,744,6655,39,15,581,15,581,2,0,0,0,0,0,0,125,
219,191,1150,8159,76,13,584,13,584,1,1,0,0,0,0,0,191,
220,181,1311,11019,90,31,1747,33,1778,5,4,2,0,0,0,0,181,
221,252,1511,13040,110,40,2614,42,2656,6,3,1,0,0,0,0,252,
222,67,498,3800,24,5,222,5,222,2,1,0,0,0,0,0,67,
223,139,1017,8214,104,23,958,23,958,2,1,0,0,0,0,0,139,
224,154,958,9211,54,10,1035,10,1035,8,4,2,0,0,0,0,154,
225,160,945,8439,41,10,758,10,758,6,0,0,0,0,0,0,160,
226,104,755,6909,33,8,537,8,537,6,2,0,0,0,0,0,104,
227,176,980,8730,42,17,922,17,922,1,1,0,0,0,0,0,176,
228,100,685,6561,31,8,434,8,434,5,1,0,0,0,0,0,100,
229,63,455,4788,15,4,108,4,108,2,1,0,0,0,0,0,63,
230,138,846,8451,45,17,756,17,756,3,1,0,0,0,0,0,138,
231,127,653,6377,20,6,228,6,228,2,1,0,0,0,0,0,127,
232,119,705,6937,25,6,414,6,414,3,1,0,0,0,0,0,119,
233,120,640,6813,19,6,204,6,204,2,2,1,0,0,0,0,120,
234,83,502,5176,16,5,179,5,179,2,2,1,0,0,0,0,83,
235,72,457,3687,16,5,179,5,179,2,0,0,0,0,0,0,72,
236,102,698,6873,30,12,592,12,592,1,1,0,0,0,0,0,102,
237,86,543,5072,36,3,144,3,144,2,2,1,0,0,0,0,86,
238,138,949,8469,84,14,875,14,863,4,3,2,0,0,0,0,138,
239,62,431,4198,13,3,90,3,90,2,1,0,0,0,0,0,62,
240,274,1502,14868,74,30,2049,30,2049,6,4,0,0,0,0,0,274,
241,127,909,7692,57,18,1255,18,1276,5,4,0,0,0,0,0,127,
242,139,825,7486,87,8,464,11,618,2,2,2,0,0,0,0,139,
243,157,978,9277,59,22,1290,22,1290,5,2,0,0,0,0,0,157,
244,199,1109,11261,49,7,723,7,723,6,4,1,0,0,0,0,199,
245,70,474,4276,13,2,76,2,76,1,0,0,0,0,0,0,70,
246,94,662,6306,23,5,294,5,294,3,1,0,0,0,0,0,94,
247,275,1752,16223,170,34,2136,35,2137,6,3,1,0,0,0,0,275,
248,249,1548,14790,118,35,2714,38,2913,9,7,3,0,0,0,0,249,
249,149,1008,9439,51,19,1120,19,1120,6,3,0,0,0,0,0,149,
250,60,475,4156,12,2,108,2,108,1,0,0,0,0,0,0,60,
251,213,1042,9987,48,16,969,16,969,5,2,0,0,0,0,0,213,
252,3000,16004,158376,1918,1051,59521,1051,59521,2,1,0,0,0,0,0,3000,
253,3000,13608,158541,1405,1017,50029,1017,50029,2,1,0,0,0,0,0,3000,
254,3000,14136,145301,1282,755,45295,755,45295,6,3,1,0,0,0,0,3000,
255,3000,14005,146242,1482,783,45603,783,45603,5,3,0,0,0,0,0,3000,
256,132,1148,9313,87,14,682,14,682,6,4,1,0,0,0,0,132,
257,89,769,5652,87,6,315,6,305,4,4,2,0,0,0,0,89,
258,249,1326,12244,51,16,1079,16,1079,5,1,0,0,0,0,0,249,
259,91,652,6144,32,14,435,14,435,2,1,0,0,0,0,0,91,
260,281,1756,16017,123,53,3350,55,3386,2,2,1,0,0,0,0,281,
261,3000,13769,156383,1312,980,53597,980,53597,0,0,0,0,0,0,0,3000,
262,240,1786,14932,143,36,2348,36,2348,10,7,0,0,0,0,0,240,
263,3000,13927,152616,1337,897,59036,897,59036,3,1,0,0,0,0,0,3000,
264,428,2713,24050,184,84,5246,84,5246,11,3,0,0,0,0,0,428,
265,376,2135,19592,149,34,2528,34,2518,9,5,1,0,0,0,0,376,
266,128,974,8283,88,19,746,19,738,3,2,1,0,0,0,0,128,
267,138,914,8825,50,28,1098,28,1098,2,2,0,0,0,0,0,138,
268,3000,13398,145295,1177,656,45773,656,45773,7,2,0,0,0,0,0,3000,
269,95,733,5964,45,9,648,9,684,4,3,0,0,0,0,0,95,
270,198,1546,12048,150,42,2099,42,2099,2,1,0,0,0,0,0,198,
271,3000,13774,156257,1039,983,51067,983,51067,0,0,0,0,0,0,0,3000,
272,247,1678,13991,113,39,2230,41,2279,6,4,1,0,0,0,0,247,
273,383,2389,24324,134,114,4127,114,4127,3,2,0,0,0,0,0,383,
274,129,912,8437,51,15,881,15,881,4,3,0,0,0,0,0,129,
275,117,829,7342,66,11,546,11,596,3,1,1,0,0,0,0,117,
276,150,873,8278,40,12,609,12,609,3,1,0,0,0,0,0,150,
277,125,849,8099,49,16,973,16,973,4,3,1,0,0,0,0,125,
278,91,627,5562,29,8,417,8,417,5,2,0,0,0,0,0,91,
279,147,935,8729,88,18,1134,18,1134,3,1,1,0,0,0,0,147,
280,101,686,5951,44,13,668,14,722,4,2,1,0,0,0,0,101,
281,3000,13895,150151,1433,915,58945,915,58945,0,0,0,0,0,0,0,3000,
282,458,2992,27395,262,80,5116,82,5246,14,5,2,0,0,0,0,458,
283,120,881,7939,45,20,789,20,789,2,1,0,0,0,0,0,120,
284,88,603,5293,28,6,331,6,331,3,1,0,0,0,0,0,88,
285,392,2439,23896,139,86,4315,86,4315,4,0,0,0,0,0,0,392,
286,256,1684,16228,159,62,2660,62,2660,5,3,0,0,0,0,0,256,
287,253,1652,14283,148,39,2946,40,3040,9,3,1,0,0,0,0,253,
288,3000,14826,147037,1621,1088,53636,1088,53636,1,0,0,0,0,0,0,3000,
289,3000,14122,162020,1067,1048,44834,1048,44834,1,1,0,0,0,0,0,3000,
290,157,1133,9535,113,29,1007,29,1007,3,3,0,0,0,0,0,157,
291,101,644,5755,33,6,170,6,163,3,2,1,0,0,0,0,101,
292,151,932,9243,49,15,889,17,937,5,2,1,0,0,0,0,151,
293,299,1817,17704,116,52,2730,54,2785,5,4,1,0,0,0,0,299,
294,123,824,7048,45,15,728,15,728,5,2,0,0,0,0,0,123,
295,3000,12727,156377,1035,1016,46753,1016,46753,1,0,0,0,0,0,0,3000,
296,213,1529,13478,91,43,1780,45,1831,2,2,1,0,0,0,0,213,
297,255,1625,15493,110,34,2104,36,2289,8,4,1,0,0,0,0,255,
298,85,580,5278,21,3,157,3,157,1,1,0,0,0,0,0,85,
299,3000,14041,141294,1727,951,129987,951,129987,8,4,0,0,0,0,0,3000,
300,247,1525,13040,111,18,1352,19,1382,6,3,2,0,0,0,0,247,
301,142,1013,9408,60,20,909,20,909,4,2,0,0,0,0,0,142,
302,85,668,5868,53,4,195,5,214,3,2,1,0,0,0,0,85,
303,289,1539,13878,84,24,1542,24,1542,8,7,1,0,0,0,0,289,
304,141,963,8853,75,10,758,11,857,5,3,1,0,0,0,0,141,
305,159,1040,9744,59,22,1102,22,1102,6,3,0,0,0,0,0,159,
306,153,1044,9560,64,18,1077,21,1171,4,3,2,0,0,0,0,153,
307,101,637,5856,29,8,263,8,263,2,1,0,0,0,0,0,101,
308,266,1721,16111,130,58,2726,60,2769,5,3,1,0,0,0,0,266,
309,3000,14066,154306,1284,970,59379,970,59379,1,0,0,0,0,0,0,3000,
310,115,907,7288,64,14,1025,14,1025,4,3,0,0,0,0,0,115,
311,274,1749,16434,109,31,2790,31,2782,7,2,2,0,0,0,0,274,
312,219,1475,12737,103,53,2759,53,2759,3,1,0,0,0,0,0,219,
313,83,570,5355,41,3,162,3,162,2,2,1,0,0,0,0,83,
314,167,1074,10244,65,24,1602,24,1602,4,1,0,0,0,0,0,167,
315,284,1811,16732,108,49,2917,49,2917,4,3,0,0,0,0,0,284,
316,251,1597,14508,111,47,2534,48,2574,9,3,1,0,0,0,0,251,
317,150,1035,9915,57,21,1321,22,1366,4,3,1,0,0,0,0,150,
318,3000,13846,145524,1234,661,44949,661,44949,4,2,0,0,0,0,0,3000,
319,124,1034,8361,77,9,676,9,665,4,2,1,0,0,0,0,124,
320,92,581,5320,19,2,95,2,95,1,0,0,0,0,0,0,92,
321,162,1105,11127,61,29,1101,29,1101,2,1,0,0,0,0,0,162,
322,355,1978,19405,154,84,7116,84,7116,5,2,0,0,0,0,0,355,
323,232,1509,13488,110,61,3082,63,3117,3,1,1,0,0,0,0,232,
324,258,1460,14522,112,37,1905,39,1939,6,5,2,0,0,0,0,258,
325,104,644,4898,38,9,435,9,435,3,1,0,0,0,0,0,104,
326,261,1483,14616,74,30,1651,32,1697,5,4,1,0,0,0,0,261,
327,3000,14300,149418,1454,879,53882,879,53882,0,0,0,0,0,0,0,3000,
328,69,629,4598,32,7,302,7,302,3,2,0,0,0,0,0,69,
329,140,1120,8675,55,24,978,24,978,5,3,0,0,0,0,0,140,
330,267,1676,16768,97,51,2367,52,2377,5,3,2,0,0,0,0,267,
331,196,1201,11504,67,24,1252,24,1252,5,3,0,0,0,0,0,196,
332,142,804,7709,31,11,552,11,552,3,1,0,0,0,0,0,142,
333,99,711,6373,27,7,354,7,354,2,1,0,0,0,0,0,99,
334,3000,14096,141482,1874,1076,60154,1078,60183,6,4,2,0,0,0,0,3000,
335,148,1143,8662,91,23,1250,25,1264,4,4,1,0,0,0,0,148,
336,81,657,5072,48,12,490,14,528,4,3,1,0,0,0,0,81,
337,3000,13401,147280,1416,802,46317,802,46317,2,0,0,0,0,0,0,3000,
338,213,1445,11929,85,40,1754,40,1754,3,2,0,0,0,0,0,213,
339,75,579,5396,25,5,240,5,240,2,1,0,0,0,0,0,75,
340,200,1218,11703,72,30,1953,30,1953,6,2,0,0,0,0,0,200,
341,390,2411,24575,162,115,5258,115,5258,3,2,0,0,0,0,0,390,
342,151,1010,9144,66,19,1180,19,1180,4,2,1,0,0,0,0,151,
343,161,1198,9883,170,51,2704,51,2704,3,3,0,0,0,0,0,161,
344,161,1011,9609,69,29,1230,29,1230,3,1,0,0,0,0,0,161,
345,3000,13040,147139,1127,771,44509,771,44509,2,1,0,0,0,0,0,3000,
346,3000,14478,157812,1429,978,57766,978,57766,2,0,0,0,0,0,0,3000,
347,100,1011,6694,181,11,461,11,461,5,3,1,0,0,0,0,100,
348,117,778,6775,35,11,450,11,450,2,2,1,0,0,0,0,117,
349,418,2568,24727,188,80,5239,83,5402,11,4,2,0,0,0,0,418,
350,132,892,7882,48,11,703,13,757,5,3,2,0,0,0,0,132,
351,268,1733,15495,108,45,2779,46,2850,4,2,1,0,0,0,0,268,
352,252,1404,12720,111,27,1423,27,1423,10,5,1,0,0,0,0,252,
353,85,668,5407,41,11,597,11,635,3,2,0,0,0,0,0,85,
354,309,1936,17100,127,39,2236,41,2254,4,2,1,0,0,0,0,309,
355,181,1281,9609,193,38,2766,39,2978,3,3,0,0,0,0,0,181,
356,159,1024,9539,92,22,1314,23,1390,5,3,2,0,0,0,0,159,
357,167,1048,10025,58,19,1322,19,1322,7,3,0,0,0,0,0,167,
358,452,2907,27389,202,89,5164,89,5164,7,2,0,0,0,0,0,452,
359,209,1351,12610,88,43,1978,43,1978,4,2,0,0,0,0,0,209,
360,146,937,8438,54,22,947,22,947,3,1,0,0,0,0,0,146,
361,121,827,6758,52,17,894,17,894,5,3,0,0,0,0,0,121,
362,339,2025,19259,151,52,3349,58,4050,12,6,2,0,0,0,0,339,
363,3000,15478,151728,1994,1081,65162,1081,65162,0,0,0,0,0,0,0,3000,
364,70,588,4202,29,6,199,6,199,2,1,0,0,0,0,0,70,
365,303,2096,18051,156,53,3471,54,3503,12,10,3,0,0,0,0,303,
366,108,612,5298,25,4,196,4,196,2,0,0,0,0,0,0,108,
367,3000,13915,154990,1227,972,60148,972,60148,0,0,0,0,0,0,0,3000,
368,162,1193,9600,65,20,885,20,877,5,3,1,0,0,0,0,162,
369,234,1249,11220,73,21,1635,21,1635,9,4,0,0,0,0,0,234,
370,131,833,7772,78,6,466,9,610,4,3,2,0,0,0,0,131,
371,415,2594,23670,214,75,5351,78,5473,12,8,4,0,0,0,0,415,
372,3000,13293,154661,1372,985,59895,985,59895,0,0,0,0,0,0,0,3000,
373,395,2091,18585,129,24,1807,25,1971,12,5,1,0,0,0,0,395,
374,75,515,4088,19,3,110,3,110,2,0,0,0,0,0,0,75,
375,3000,15694,142593,3019,1116,244629,1116,244629,2,1,0,0,0,0,0,3000,
376,230,1776,13270,263,46,2871,46,2871,4,3,0,0,0,0,0,230,
377,466,2805,25848,195,76,4374,78,4499,6,2,1,0,0,0,0,466,
378,86,717,5433,40,11,507,11,507,2,1,0,0,0,0,0,86,
379,253,1483,14308,84,39,1879,39,1879,4,3,0,0,0,0,0,253,
380,218,1391,12976,94,34,1658,38,1845,4,4,1,0,0,0,0,218,
381,92,699,6753,36,12,540,12,540,2,2,0,0,0,0,0,92,
382,101,724,6191,38,13,593,13,593,3,1,0,0,0,0,0,101,
383,185,1295,11632,101,34,1807,34,1807,5,5,2,0,0,0,0,185,
384,181,1132,10903,66,36,1333,36,1333,1,1,0,0,0,0,0,181,
385,247,1588,14429,119,32,2622,34,2657,10,6,1,0,0,0,0,247,
386,133,988,8421,64,26,1132,30,1392,3,2,1,0,0,0,0,133,
387,97,730,6484,38,8,501,9,653,4,3,1,0,0,0,0,97,
388,179,1183,11733,72,29,1660,29,1660,6,3,1,0,0,0,0,179,
389,95,587,5465,19,4,159,4,159,3,1,0,0,0,0,0,95,
390,215,1160,12077,40,13,892,13,892,4,1,0,0,0,0,0,215,
391,3000,13159,160761,1010,1049,44055,1049,44055,0,0,0,0,0,0,0,3000,
392,181,1288,11070,77,32,1517,34,1655,6,2,1,0,0,0,0,181,
393,181,1452,11522,152,38,1619,38,1619,2,2,0,0,0,0,0,181,
394,3000,14288,146464,1329,795,44812,795,44812,3,2,0,0,0,0,0,3000,
395,281,2105,16225,199,69,3106,70,3138,3,2,1,0,0,0,0,281,
396,3000,13402,141885,1511,990,68858,990,68858,2,1,0,0,0,0,0,3000,
397,135,980,7045,53,16,815,16,815,4,2,0,0,0,0,0,135,
398,3000,14021,150050,1153,889,48698,889,48698,0,0,0,0,0,0,0,3000,
399,131,935,7952,61,10,761,10,761,4,3,1,0,0,0,0,131,
400,124,895,7678,57,8,666,8,666,4,2,1,0,0,0,0,124,
401,3000,13032,146607,1092,827,44078,829,44097,3,1,1,0,0,0,0,3000,
402,182,1244,9244,104,14,857,14,857,5,4,1,0,0,0,0,182,
403,3000,13051,140742,935,578,40071,578,40071,4,3,0,0,0,0,0,3000,
404,329,2046,17914,145,75,4760,75,4760,7,3,0,0,0,0,0,329,
405,215,1460,13352,100,36,1963,38,2003,6,3,1,0,0,0,0,215,
406,337,2023,20043,126,74,3130,74,3102,4,3,1,0,0,0,0,337,
407,3000,13802,150954,1153,890,55414,890,55414,0,0,0,0,0,0,0,3000,
408,200,1343,11640,81,24,1812,25,1849,8,3,2,0,0,0,0,200,
409,68,527,4474,22,2,144,2,144,3,1,0,0,0,0,0,68,
410,3000,15693,141897,3241,1138,391723,1138,391723,0,0,0,0,0,0,0,3000,
411,3000,15084,146344,1578,794,46685,794,46685,2,1,0,0,0,0,0,3000,
412,273,1387,11790,120,21,992,21,992,6,3,1,0,0,0,0,273,
413,125,937,8443,50,19,896,19,896,2,1,0,0,0,0,0,125,
414,95,686,5862,40,12,555,12,555,4,0,0,0,0,0,0,95,
415,3000,13481,160785,966,1064,41858,1064,41858,0,0,0,0,0,0,0,3000,
416,162,1184,9503,116,33,1771,34,1851,3,1,1,0,0,0,0,162,
417,308,1854,17182,225,55,3929,55,3929,6,3,1,0,0,0,0,308,
418,88,689,5398,34,6,390,6,390,3,1,0,0,0,0,0,88,
419,226,869,8562,19,4,115,4,115,2,1,0,0,0,0,0,226,
420,133,1022,8042,84,23,1419,25,1523,4,3,2,0,0,0,0,133,
421,143,1069,9578,63,19,1150,19,1150,5,2,0,0,0,0,0,143,
422,167,1019,8587,66,27,1320,27,1447,6,2,0,0,0,0,0,167,
423,233,1344,12973,63,22,1666,23,1724,5,4,1,0,0,0,0,233,
424,108,750,6317,49,15,637,15,637,3,1,0,0,0,0,0,108,
425,199,1416,13002,86,57,2159,57,2159,3,2,0,0,0,0,0,199,
426,188,1211,10508,80,31,1759,35,2153,9,6,2,0,0,0,0,188,
427,252,1561,17067,85,75,2319,75,2319,3,2,1,0,0,0,0,252,
428,132,925,9112,35,26,859,26,859,2,1,0,0,0,0,0,132,
429,3000,16331,156136,1289,981,46191,981,46191,2,1,0,0,0,0,0,3000,
430,197,1255,10256,124,12,899,14,1068,3,2,1,0,0,0,0,197,
431,3000,13692,153491,1058,935,53142,935,53142,0,0,0,0,0,0,0,3000,
432,357,2223,23302,128,109,3980,109,3980,3,0,0,0,0,0,0,357,
433,129,982,8640,59,14,1123,16,1219,5,1,1,0,0,0,0,129,
434,3000,13469,153786,1041,935,54114,935,54114,1,1,0,0,0,0,0,3000,
435,280,1939,16010,192,69,3511,69,3511,5,2,1,0,0,0,0,280,
436,165,1075,9407,94,17,821,19,884,3,2,1,0,0,0,0,165,
437,213,1256,11433,76,24,1550,26,1613,6,4,1,0,0,0,0,213,
438,244,1482,14999,88,57,2470,57,2470,3,2,0,0,0,0,0,244,
439,110,742,6171,38,14,663,14,663,3,1,0,0,0,0,0,110,
440,3000,15517,151363,1360,916,58147,915,57787,1,1,0,0,0,0,0,3000,
441,172,1268,9882,116,29,1319,29,1307,3,2,1,0,0,0,0,172,
442,169,1203,10381,80,25,1470,25,1470,6,5,1,0,0,0,0,169,
443,173,930,8005,43,12,703,12,703,4,2,0,0,0,0,0,173,
444,322,1826,19140,119,76,3572,76,3572,3,1,0,0,0,0,0,322,
445,75,495,3775,20,3,166,3,166,3,1,0,0,0,0,0,75,
446,94,568,5425,17,3,110,3,110,1,1,0,0,0,0,0,94,
447,84,573,5633,34,9,392,9,392,2,2,1,0,0,0,0,84,
448,157,1004,9593,55,30,1493,30,1493,3,1,0,0,0,0,0,157,
449,270,1700,15233,117,57,3343,57,3343,7,1,0,0,0,0,0,270,
450,86,650,5651,57,6,231,7,299,1,1,1,0,0,0,0,86,
451,243,1595,14798,103,44,2843,44,2843,6,1,1,0,0,0,0,243,
452,106,759,6810,48,19,723,19,723,3,1,0,0,0,0,0,106,
453,206,1251,12932,77,31,2389,31,2389,7,1,0,0,0,0,0,206,
454,102,657,5230,32,5,330,5,330,5,1,0,0,0,0,0,102,
455,3000,13013,158776,1041,1030,49675,1030,49675,0,0,0,0,0,0,0,3000,
456,217,1165,10453,47,12,732,12,732,5,2,0,0,0,0,0,217,
457,245,1451,13498,76,36,1909,36,1909,4,3,0,0,0,0,0,245,
458,3000,13291,149796,1199,866,54359,866,54359,3,2,0,0,0,0,0,3000,
459,128,989,7142,42,16,656,16,656,2,1,0,0,0,0,0,128,
460,169,1185,9889,135,25,1152,27,1181,4,3,1,0,0,0,0,169,
461,337,2220,20602,141,56,3590,56,3590,6,4,0,0,0,0,0,337,
462,407,2714,24516,282,107,5715,108,5745,4,3,1,0,0,0,0,407,
463,141,880,7776,30,6,310,6,310,4,1,0,0,0,0,0,141,
464,3000,14248,146070,1156,778,46662,778,46662,1,0,0,0,0,0,0,3000,
465,3000,13761,138964,1451,1079,59946,1079,59946,0,0,0,0,0,0,0,3000,
466,3000,14321,151536,1196,884,51639,948,43401,9,4,1,0,0,0,0,3000,
467,88,872,5388,90,7,290,7,277,2,2,1,0,0,0,0,88,
468,109,614,5209,21,3,119,3,119,1,0,0,0,0,0,0,109,
469,368,2272,21422,170,81,7206,81,7206,7,2,0,0,0,0,0,368,
470,202,1280,12353,76,25,1415,25,1406,2,2,1,0,0,0,0,202,
471,167,1027,9304,90,12,580,12,580,3,2,1,0,0,0,0,167,
472,283,1888,15544,141,70,4098,70,4098,5,1,0,0,0,0,0,283,
473,186,1219,11822,65,41,1537,41,1537,4,2,0,0,0,0,0,186,
474,65,513,4626,20,4,160,4,160,1,1,0,0,0,0,0,65,
475,352,2189,21011,117,72,3922,72,3922,3,1,0,0,0,0,0,352,
476,162,1074,8228,106,15,1019,15,1019,4,1,0,0,0,0,0,162,
477,90,625,4989,27,5,258,5,258,3,1,0,0,0,0,0,90,
478,214,1127,10421,67,36,1835,36,1835,2,1,0,0,0,0,0,214,
479,94,683,6254,32,8,299,8,299,3,3,1,0,0,0,0,94,
480,3000,13719,160480,1093,1028,40790,1028,40790,4,0,0,0,0,0,0,3000,
481,133,992,8327,63,8,655,8,655,5,2,0,0,0,0,0,133,
482,3000,14246,155235,1075,962,47405,962,47405,0,0,0,0,0,0,0,3000,
483,363,2485,23316,164,94,4157,94,4157,5,2,1,0,0,0,0,363,
484,232,1519,13675,112,32,1828,32,1820,7,3,1,0,0,0,0,232,
485,143,958,8851,63,22,1242,22,1242,3,2,0,0,0,0,0,143,
486,425,2450,25499,126,85,3419,85,3411,4,2,1,0,0,0,0,425,
487,224,1446,14267,90,40,1975,40,1975,7,2,0,0,0,0,0,224,
488,96,599,5248,27,5,200,5,200,2,0,0,0,0,0,0,96,
489,182,1033,11005,46,14,898,14,898,5,3,1,0,0,0,0,182,
490,204,969,9574,37,9,582,9,582,6,4,0,0,0,0,0,204,
491,114,821,7042,90,12,675,12,675,4,4,1,0,0,0,0,114,
492,138,901,7678,76,20,1113,21,1152,3,1,1,0,0,0,0,138,
493,84,596,5237,22,4,188,4,188,3,1,0,0,0,0,0,84,
494,106,627,6160,14,4,136,4,136,0,0,0,0,0,0,0,106,
495,3000,13473,159488,1065,1033,42689,1033,42689,0,0,0,0,0,0,0,3000,
496,3000,12871,143293,1055,752,45361,752,45361,3,2,0,0,0,0,0,3000,
497,162,1129,8882,65,16,836,17,902,4,2,1,0,0,0,0,162,
498,243,1591,15195,135,28,1945,31,2302,7,3,2,0,0,0,0,243,
499,207,1106,9755,60,22,807,25,876,4,2,1,0,0,0,0,207,
500,98,658,5346,30,8,356,8,356,3,0,0,0,0,0,0,98,
501,131,883,8419,48,17,669,19,688,3,2,1,0,0,0,0,131,
502,193,1326,12292,113,25,1819,27,1906,7,4,2,0,0,0,0,193,
503,277,1717,16721,109,49,2578,49,2578,6,5,0,0,0,0,0,277,
504,113,761,7010,50,18,857,18,857,4,2,0,0,0,0,0,113,
505,110,690,6278,34,5,405,5,405,5,3,2,0,0,0,0,110,
506,93,664,6223,32,10,389,10,389,3,3,1,0,0,0,0,93,
507,266,1647,14374,121,46,2928,46,2928,8,4,1,0,0,0,0,266,
508,119,856,8355,42,19,853,19,853,5,0,0,0,0,0,0,119,
509,165,1217,9429,132,20,1552,21,1608,6,2,1,0,0,0,0,165,
510,180,1046,10400,58,20,987,23,1093,4,2,1,0,0,0,0,180,
511,121,770,7257,45,14,792,14,770,4,2,1,0,0,0,0,121,
512,99,739,6770,35,14,700,14,700,3,1,0,0,0,0,0,99,
513,140,1136,8894,100,28,1353,29,1536,5,2,1,0,0,0,0,140,
514,123,881,8511,78,11,478,11,478,4,3,1,0,0,0,0,123,
515,147,1011,9637,58,19,1303,19,1303,5,4,1,0,0,0,0,147,
516,130,704,7046,29,6,309,6,309,3,0,0,0,0,0,0,130,
517,136,751,6824,40,9,323,10,366,2,2,1,0,0,0,0,136,
518,173,877,8887,36,12,713,13,825,5,2,1,0,0,0,0,173,
519,86,590,5028,32,8,387,8,387,4,2,0,0,0,0,0,86,
520,187,1160,12293,65,23,1114,25,1162,5,5,1,0,0,0,0,187,
521,143,837,7389,40,12,669,12,669,3,0,0,0,0,0,0,143,
522,60,489,4365,17,3,150,3,150,2,1,0,0,0,0,0,60,
523,70,516,5202,14,4,103,4,103,2,2,1,0,0,0,0,70,
524,182,1107,10446,55,25,1370,25,1370,5,2,0,0,0,0,0,182,
525,124,649,7085,19,7,138,7,138,1,1,0,0,0,0,0,124,
526,198,909,9391,36,12,618,12,618,3,2,0,0,0,0,0,198,
527,218,1105,10398,40,12,643,14,856,5,2,1,0,0,0,0,218,
528,123,933,7956,115,14,866,18,909,5,4,2,0,0,0,0,123,
529,110,821,6748,96,18,755,18,755,4,2,0,0,0,0,0,110,
530,114,738,6870,48,7,193,7,272,2,1,1,0,0,0,0,114,
531,210,1326,10996,178,26,1715,29,1849,6,4,1,0,0,0,0,210,
532,160,996,9197,56,29,1175,29,1175,4,0,0,0,0,0,0,160,
533,321,1595,15858,122,29,1949,29,2016,8,3,1,0,0,0,0,321,
534,173,888,8132,39,13,731,13,731,4,2,0,0,0,0,0,173,
535,142,960,7923,92,17,736,15,676,3,2,0,0,0,0,0,142,
536,164,949,7175,41,3,120,3,120,3,2,1,0,0,0,0,164,
537,106,838,7405,48,11,577,11,577,3,1,0,0,0,0,0,106,
538,113,742,7242,32,4,249,4,249,4,2,0,0,0,0,0,113,
539,130,856,8130,34,8,482,8,482,4,0,0,0,0,0,0,130,
540,117,781,7001,41,11,830,11,830,4,2,0,0,0,0,0,117,
541,108,745,7390,31,8,399,8,399,2,1,0,0,0,0,0,108,
542,163,864,8252,34,12,461,12,461,4,1,0,0,0,0,0,163,
543,117,793,8215,43,10,419,11,519,3,3,2,0,0,0,0,117,
544,170,1246,9979,115,26,1892,26,1874,5,4,1,0,0,0,0,170,
545,157,1155,9414,84,26,1230,26,1230,5,2,0,0,0,0,0,157,
546,70,550,5245,23,4,144,4,144,2,1,0,0,0,0,0,70,
547,244,1426,13713,100,37,2477,37,2477,6,2,0,0,0,0,0,244,
548,165,1064,9058,100,22,1224,24,1321,7,2,2,0,0,0,0,165,
549,126,803,7172,63,6,519,6,519,5,2,1,0,0,0,0,126,
550,302,1870,16862,167,36,2645,47,3409,11,5,2,0,0,0,0,302,
551,206,1167,10853,60,24,1364,24,1364,7,2,0,0,0,0,0,206,
552,112,732,7000,36,13,443,13,443,4,2,0,0,0,0,0,112,
553,216,1417,14559,112,43,1931,44,2006,7,5,2,0,0,0,0,216,
554,150,969,9624,56,19,1127,19,1127,5,2,0,0,0,0,0,150,
555,108,677,5744,30,9,483,9,483,4,1,0,0,0,0,0,108,
556,76,556,4893,24,7,292,7,292,4,2,0,0,0,0,0,76,
557,135,982,8092,110,20,1209,22,1451,8,3,1,0,0,0,0,135,
558,112,755,7312,32,10,399,10,399,4,3,1,0,0,0,0,112,
559,95,766,6776,95,8,370,10,414,4,4,2,0,0,0,0,95,
560,113,673,6015,34,8,267,8,267,2,0,0,0,0,0,0,113,
561,130,959,8302,93,23,792,25,819,4,4,1,0,0,0,0,130,
562,120,817,7182,48,15,768,15,768,3,1,0,0,0,0,0,120,
563,204,1117,10830,68,18,1226,18,1226,6,2,0,0,0,0,0,204,
564,126,876,7422,64,26,1279,26,1279,4,2,0,0,0,0,0,126,
565,136,932,8471,44,21,1063,21,1063,3,1,0,0,0,0,0,136,
566,88,551,5032,25,6,292,6,292,3,1,0,0,0,0,0,88,
567,218,1182,11507,89,19,1152,21,1194,6,6,4,0,0,0,0,218,
568,133,892,7540,51,15,907,15,907,4,1,0,0,0,0,0,133,
569,107,712,6944,43,6,465,6,465,5,4,2,0,0,0,0,107,
570,161,1185,9860,144,24,1698,25,1763,7,3,1,0,0,0,0,161,
571,167,1070,12067,52,38,1142,38,1142,2,1,0,0,0,0,0,167,
572,234,977,9260,38,9,511,10,619,4,2,1,0,0,0,0,234,
573,146,916,8847,42,20,1035,20,1035,3,0,0,0,0,0,0,146,
574,137,828,8569,34,18,643,18,643,0,0,0,0,0,0,0,137,
575,85,558,5243,22,5,204,5,204,3,2,1,0,0,0,0,85,
576,127,813,7691,41,11,823,11,823,6,3,0,0,0,0,0,127,
577,112,698,6840,31,12,539,12,539,3,1,0,0,0,0,0,112,
578,149,892,8488,51,14,747,14,737,6,4,2,0,0,0,0,149,
579,117,758,7094,27,9,416,9,416,2,2,0,0,0,0,0,117,
580,178,1095,11987,64,40,1393,40,1393,6,5,1,0,0,0,0,178,
581,81,537,5385,21,4,162,4,162,2,1,0,0,0,0,0,81,
582,193,1219,10817,90,29,1713,31,1854,6,3,1,0,0,0,0,193,
583,190,1145,11209,64,29,1091,32,1225,5,2,1,0,0,0,0,190,
584,162,890,8585,35,14,540,14,540,3,2,0,0,0,0,0,162,
585,248,1611,15874,91,26,1901,29,1992,9,7,4,0,0,0,0,248,
586,119,742,6480,36,12,802,12,802,4,0,0,0,0,0,0,119,
587,157,991,10641,70,21,1050,21,1050,6,4,2,0,0,0,0,157,
588,146,867,7847,36,10,594,10,594,4,0,0,0,0,0,0,146,
589,122,956,8551,103,19,996,17,817,5,4,0,0,0,0,0,122,
590,85,639,5588,50,5,220,6,245,3,3,2,0,0,0,0,85,
591,131,735,6708,29,9,520,9,520,4,1,0,0,0,0,0,131,
592,145,1014,8446,77,36,1926,36,1926,4,2,0,0,0,0,0,145,
593,231,1657,13890,153,43,2199,43,2199,3,2,0,0,0,0,0,231,
594,120,765,6957,42,16,566,16,566,3,2,1,0,0,0,0,120,
595,189,1178,10599,95,12,884,14,924,7,4,2,0,0,0,0,189,
596,96,655,5946,23,4,208,5,286,2,1,1,0,0,0,0,96,
597,99,704,6627,25,9,408,9,408,2,1,0,0,0,0,0,99,
598,226,1391,13684,88,21,1850,22,1866,13,8,2,0,0,0,0,226,
599,187,1111,10905,59,25,1578,25,1578,5,1,0,0,0,0,0,187,
600,138,792,8006,38,9,468,11,522,3,1,1,0,0,0,0,138,
601,202,1095,10555,57,16,822,17,862,7,3,1,0,0,0,0,202,
602,129,803,8406,37,8,375,9,426,2,1,1,0,0,0,0,129,
603,147,750,7474,44,4,315,4,315,5,2,1,0,0,0,0,147,
604,104,723,6846,27,7,412,7,412,5,1,0,0,0,0,0,104,
605,115,787,7096,49,12,919,12,898,5,3,1,0,0,0,0,115,
606,167,1125,10950,78,35,1142,36,1229,3,1,1,0,0,0,0,167,
607,230,1384,13719,60,18,1417,20,1499,7,3,1,0,0,0,0,230,
608,92,638,6058,36,12,543,12,530,4,2,1,0,0,0,0,92,
609,131,740,6935,71,4,331,6,514,4,3,2,0,0,0,0,131,
610,136,897,9216,47,25,936,25,936,4,2,0,0,0,0,0,136,
611,61,485,3925,19,3,221,3,221,5,1,0,0,0,0,0,61,
612,115,672,6659,32,11,367,11,367,1,0,0,0,0,0,0,115,
613,229,1185,11253,71,14,965,14,965,7,4,1,0,0,0,0,229,
614,167,1034,9229,54,15,1164,15,1164,6,4,0,0,0,0,0,167,
615,179,1176,9742,75,41,2056,41,2056,3,0,0,0,0,0,0,179,
616,207,1051,10975,48,23,929,23,929,2,0,0,0,0,0,0,207,
617,242,1448,14131,81,23,1849,25,1916,5,1,1,0,0,0,0,242,
618,92,611,5755,26,5,225,6,345,3,2,1,0,0,0,0,92,
619,100,676,6607,36,10,423,12,445,5,2,1,0,0,0,0,100,
620,133,873,8560,41,17,910,17,910,4,2,0,0,0,0,0,133,
621,90,621,6171,34,9,265,9,265,4,4,2,0,0,0,0,90,
622,102,651,6375,23,8,299,8,299,5,4,1,0,0,0,0,102,
623,97,525,4954,17,4,169,4,169,2,0,0,0,0,0,0,97,
624,112,783,7899,37,18,700,18,700,3,2,0,0,0,0,0,112,
625,214,1103,10950,62,30,1485,30,1485,4,3,0,0,0,0,0,214,
626,143,950,8470,46,19,1174,19,1174,5,2,0,0,0,0,0,143,
627,215,1414,11131,144,34,2621,34,2621,4,3,0,0,0,0,0,215,
628,99,683,6157,31,6,317,6,317,4,2,1,0,0,0,0,99,
629,138,899,8568,48,15,636,17,684,6,2,1,0,0,0,0,138,
630,247,1456,14209,84,33,1967,33,1967,8,4,1,0,0,0,0,247,
631,268,1653,16274,148,37,2958,36,2907,12,6,3,0,0,0,0,268,
632,115,826,6725,56,13,829,13,829,5,3,1,0,0,0,0,115,
633,116,708,7355,26,11,315,11,315,1,1,0,0,0,0,0,116,
634,102,652,5270,50,6,254,7,350,3,1,1,0,0,0,0,102,
635,70,528,4512,21,4,254,4,254,2,0,0,0,0,0,0,70,
636,125,715,7349,30,14,466,14,466,1,1,0,0,0,0,0,125,
637,94,645,6368,26,11,375,11,375,2,1,0,0,0,0,0,94,
638,171,851,8556,36,13,527,13,527,4,1,0,0,0,0,0,171,
639,104,695,6460,51,8,285,9,334,2,2,1,0,0,0,0,104,
640,90,706,5628,79,9,440,9,440,4,2,0,0,0,0,0,90,
641,225,1176,10790,61,29,1622,29,1622,3,1,0,0,0,0,0,225,
642,129,833,7817,36,12,676,12,676,4,2,1,0,0,0,0,129,
643,153,1028,9674,75,35,1481,35,1481,4,1,0,0,0,0,0,153,
644,197,1164,10257,116,20,1112,20,1112,4,4,1,0,0,0,0,197,
645,131,842,8051,50,19,978,19,978,3,1,0,0,0,0,0,131,
646,151,901,8802,53,21,1174,21,1174,7,3,0,0,0,0,0,151,
647,91,604,5442,25,6,316,6,302,3,2,1,0,0,0,0,91,
648,150,783,7972,32,15,542,15,542,3,1,0,0,0,0,0,150,
649,160,876,8506,42,16,674,16,674,4,2,1,0,0,0,0,160,
650,178,1111,11825,48,17,969,17,969,5,4,1,0,0,0,0,178,
651,103,681,6728,23,6,304,6,304,4,2,1,0,0,0,0,103,
652,126,882,8905,37,28,959,28,959,2,1,0,0,0,0,0,126,
653,118,689,6996,21,5,191,5,191,2,1,0,0,0,0,0,118,
654,192,1255,12287,72,43,1743,43,1743,4,2,0,0,0,0,0,192,
655,93,634,5891,27,7,308,8,374,4,2,1,0,0,0,0,93,
656,180,1090,10701,49,38,1229,38,1229,3,1,0,0,0,0,0,180,
657,196,1034,9845,52,21,1071,21,1071,5,3,1,0,0,0,0,196,
658,149,980,9968,50,29,1287,29,1287,5,3,0,0,0,0,0,149,
659,152,1008,10223,55,15,880,17,1007,6,3,2,0,0,0,0,152,
660,218,1213,11518,79,44,2701,44,2701,4,2,0,0,0,0,0,218,
661,180,1236,10937,137,32,1870,33,2029,6,2,2,0,0,0,0,180,
662,103,693,5588,29,6,392,6,392,4,1,0,0,0,0,0,103,
663,132,784,7389,31,7,421,7,421,4,1,0,0,0,0,0,132,
664,81,580,5233,31,6,389,6,389,4,2,0,0,0,0,0,81,
665,135,867,9226,45,26,1077,26,1068,4,3,1,0,0,0,0,135,
666,163,1012,9451,50,20,1202,20,1202,5,1,0,0,0,0,0,163,
667,80,518,5056,16,3,137,3,137,2,1,0,0,0,0,0,80,
668,107,728,6401,31,11,534,11,534,3,1,0,0,0,0,0,107,
669,115,726,7085,57,10,614,10,594,3,1,1,0,0,0,0,115,
670,207,1333,13624,87,29,1650,31,1743,7,5,1,0,0,0,0,207,
671,99,753,6126,53,11,537,11,537,5,3,1,0,0,0,0,99,
672,172,1240,11573,124,32,1352,35,1496,7,5,1,0,0,0,0,172,
673,116,695,6005,33,8,463,8,463,2,1,0,0,0,0,0,116,
674,175,824,8311,28,10,318,10,318,2,2,0,0,0,0,0,175,
675,94,595,6112,18,5,189,5,189,2,1,0,0,0,0,0,94,
676,315,1373,14428,52,33,1221,33,1221,3,1,0,0,0,0,0,315,
677,111,704,6676,32,14,529,14,529,3,1,0,0,0,0,0,111,
678,140,846,8635,44,23,798,23,798,3,2,0,0,0,0,0,140,
679,152,941,10243,47,31,1065,33,1123,3,3,1,0,0,0,0,152,
680,79,528,5921,14,3,93,3,93,2,2,1,0,0,0,0,79,
681,79,551,4598,29,7,304,7,304,4,1,0,0,0,0,0,79,
682,78,521,5249,18,5,227,5,227,3,1,0,0,0,0,0,78,
683,95,621,6080,23,8,316,8,316,3,2,1,0,0,0,0,95,
684,93,708,6041,73,9,364,10,435,3,2,1,0,0,0,0,93,
685,133,921,8223,50,23,1008,23,1008,2,1,0,0,0,0,0,133,
686,201,1171,11099,60,18,1470,18,1470,9,3,1,0,0,0,0,201,
687,151,993,8735,93,10,668,13,916,7,4,3,0,0,0,0,151,
688,176,1058,10296,51,12,824,16,923,7,2,2,0,0,0,0,176,
689,207,1281,13792,75,50,1807,50,1807,3,2,0,0,0,0,0,207,
690,133,768,8022,27,6,373,6,373,3,1,0,0,0,0,0,133,
691,200,1021,9828,53,18,888,20,926,5,2,1,0,0,0,0,200,
692,155,963,9023,42,19,875,19,875,2,1,0,0,0,0,0,155,
693,199,1204,11782,57,31,1330,31,1330,4,2,0,0,0,0,0,199,
694,159,1037,9463,57,24,1529,24,1529,7,2,0,0,0,0,0,159,
695,89,640,5428,36,12,605,12,605,4,2,0,0,0,0,0,89,
696,198,1307,10662,138,29,1911,29,1911,5,4,0,0,0,0,0,198,
697,164,1171,9392,117,33,1547,33,1535,4,2,1,0,0,0,0,164,
698,213,1245,10894,66,20,1661,22,1707,9,2,1,0,0,0,0,213,
699,216,1108,9763,69,9,670,14,876,5,3,2,0,0,0,0,216,
700,124,755,7395,30,11,417,11,408,4,4,1,0,0,0,0,124,
701,125,827,8095,46,19,890,19,890,4,3,0,0,0,0,0,125,
702,97,628,6633,24,10,260,10,260,2,1,0,0,0,0,0,97,
703,110,713,6120,37,14,710,14,710,2,1,0,0,0,0,0,110,
704,143,895,8425,43,15,894,15,894,4,3,0,0,0,0,0,143,
705,188,1079,10561,49,17,962,17,962,8,3,0,0,0,0,0,188,
706,89,594,6036,18,3,176,3,176,3,2,1,0,0,0,0,89,
707,185,1051,9887,51,20,1112,20,1095,2,2,1,0,0,0,0,185,
708,193,976,9490,42,18,781,18,781,5,2,0,0,0,0,0,193,
709,103,666,6683,25,6,299,6,299,3,2,0,0,0,0,0,103,
710,104,612,4902,19,4,323,4,323,4,0,0,0,0,0,0,104,
711,115,785,8153,34,17,655,17,655,3,1,0,0,0,0,0,115,
712,107,588,6396,19,4,220,4,220,3,1,0,0,0,0,0,107,
713,119,830,8013,69,11,919,11,919,7,3,1,0,0,0,0,119,
714,189,1147,10228,91,16,1238,20,1509,4,2,2,0,0,0,0,189,
715,110,791,6790,84,14,630,14,630,4,3,1,0,0,0,0,110,
716,97,713,6109,23,5,182,5,182,2,2,1,0,0,0,0,97,
717,116,674,6165,29,11,380,11,380,2,0,0,0,0,0,0,116,
718,85,620,5737,31,10,476,10,476,3,1,0,0,0,0,0,85,
719,105,619,5163,29,7,382,7,382,4,1,0,0,0,0,0,105,
720,174,992,9761,43,19,948,19,948,1,0,0,0,0,0,0,174,
721,115,789,7247,47,17,906,17,906,4,1,0,0,0,0,0,115,
722,126,607,5358,23,7,340,7,370,4,1,0,0,0,0,0,126,
723,114,683,6831,29,12,465,12,465,3,3,1,0,0,0,0,114,
724,125,867,7601,36,12,570,12,570,4,3,0,0,0,0,0,125,
725,111,670,6107,29,9,367,9,367,3,1,0,0,0,0,0,111,
726,89,586,5881,23,7,313,7,313,2,0,0,0,0,0,0,89,
727,126,779,7128,42,16,695,16,695,4,0,0,0,0,0,0,126,
728,121,700,7188,21,6,319,6,319,2,1,0,0,0,0,0,121,
729,149,856,7495,109,14,806,15,857,4,3,1,0,0,0,0,149,
730,93,645,5965,26,4,210,4,210,3,2,1,0,0,0,0,93,
731,207,1096,9813,52,23,1323,23,1323,3,1,0,0,0,0,0,207,
732,126,830,8247,45,23,1012,23,1012,3,2,1,0,0,0,0,126,
733,70,527,5372,17,5,168,5,168,2,1,0,0,0,0,0,70,
734,178,1127,10528,125,23,1276,24,1360,4,2,0,0,0,0,0,178,
735,112,772,7476,36,14,582,14,582,2,1,0,0,0,0,0,112,
736,119,729,6473,45,5,282,5,282,4,3,2,0,0,0,0,119,
737,102,684,6687,48,6,309,6,309,3,3,2,0,0,0,0,102,
738,105,764,6382,55,10,472,11,533,3,1,1,0,0,0,0,105,
739,136,869,8472,47,19,718,23,1036,3,1,1,0,0,0,0,136,
740,108,721,6644,31,6,420,9,670,3,1,1,0,0,0,0,108,
741,90,632,6004,56,4,181,4,181,4,2,1,0,0,0,0,90,
742,73,531,4560,26,5,221,5,221,3,2,0,0,0,0,0,73,
743,94,577,5813,13,4,122,4,122,2,1,0,0,0,0,0,94,
744,146,977,7971,128,17,1179,20,1321,5,3,1,0,0,0,0,146,
745,219,1037,10067,37,13,680,13,680,4,3,1,0,0,0,0,219,
746,77,560,5447,24,5,203,5,203,4,2,1,0,0,0,0,77,
747,101,724,6644,71,12,537,12,527,4,3,1,0,0,0,0,101,
748,175,892,8004,61,11,636,11,636,5,4,2,0,0,0,0,175,
749,84,603,5564,26,8,274,8,274,3,2,1,0,0,0,0,84,
750,102,728,6648,35,13,538,13,538,3,1,0,0,0,0,0,102,
751,3000,14127,149193,1319,863,51615,863,51615,1,0,0,0,0,0,0,3000,
752,238,1789,14852,170,48,2407,48,2407,8,3,0,0,0,0,0,238,
753,155,1014,8620,67,27,1363,27,1363,3,0,0,0,0,0,0,155,
754,172,1124,10431,67,28,1455,28,1455,4,2,0,0,0,0,0,172,
755,147,884,8402,46,25,886,25,886,4,2,0,0,0,0,0,147,
756,298,1904,15484,184,92,9335,92,9335,6,5,0,0,0,0,0,298,
757,178,1371,11552,129,25,1363,26,1490,6,4,1,0,0,0,0,178,
758,309,1894,20741,103,87,2808,87,2808,3,2,1,0,0,0,0,309,
759,226,1447,13177,96,42,2381,42,2381,8,4,0,0,0,0,0,226,
760,117,761,6906,32,10,415,10,415,3,2,0,0,0,0,0,117,
761,3000,15066,144881,1589,1088,56257,1088,56257,3,1,0,0,0,0,0,3000,
762,75,723,5065,31,5,237,6,332,4,2,1,0,0,0,0,75,
763,65,466,3839,16,2,142,2,142,3,0,0,0,0,0,0,65,
764,297,1638,16517,101,57,2712,57,2712,6,3,0,0,0,0,0,297,
765,3000,12817,142480,980,743,42148,743,42148,4,2,0,0,0,0,0,3000,
766,156,1060,8964,119,17,1032,17,1032,6,3,0,0,0,0,0,156,
767,279,1845,14894,201,44,2954,44,2954,7,3,0,0,0,0,0,279,
768,329,1939,19017,106,67,3014,67,3014,4,0,0,0,0,0,0,329,
769,175,1240,10607,78,20,1498,21,1549,6,3,1,0,0,0,0,175,
770,254,1382,14218,75,38,1770,41,1892,6,2,1,0,0,0,0,254,
771,200,1103,9175,65,17,1201,19,1357,5,4,1,0,0,0,0,200,
772,139,904,8831,48,16,942,16,942,5,2,0,0,0,0,0,139,
773,136,924,8609,47,17,881,17,881,4,2,0,0,0,0,0,136,
774,418,2827,27036,189,113,5125,114,5160,8,4,2,0,0,0,0,418,
775,465,2869,27527,164,84,5027,84,5027,4,0,0,0,0,0,0,465,
776,364,2056,20000,134,53,3297,55,3332,6,3,1,0,0,0,0,364,
777,3000,13677,143168,1065,739,44605,739,44605,5,4,0,0,0,0,0,3000,
778,108,874,6235,35,7,473,7,473,2,1,0,0,0,0,0,108,
779,377,2296,21407,150,55,3641,55,3641,11,3,1,0,0,0,0,377,
780,177,1330,10524,126,23,1654,23,1654,6,2,0,0,0,0,0,177,
781,113,776,6196,41,5,564,5,564,6,2,2,0,0,0,0,113,
782,283,1573,14698,105,19,1808,21,1930,12,5,2,0,0,0,0,283,
783,370,2120,20313,132,72,4205,72,4205,5,2,0,0,0,0,0,370,
784,126,860,8477,42,16,712,17,841,4,2,1,0,0,0,0,126,
785,334,2111,21280,124,70,3401,72,3429,7,3,2,0,0,0,0,334,
786,3000,14431,148463,1432,1094,64173,1094,64173,0,0,0,0,0,0,0,3000,
787,205,1463,13123,82,33,1690,33,1690,7,3,0,0,0,0,0,205,
788,97,657,6270,31,8,348,8,348,2,1,0,0,0,0,0,97,
789,234,1367,12677,88,22,1678,25,1817,7,5,2,0,0,0,0,234,
790,106,773,7415,35,12,476,12,476,3,2,0,0,0,0,0,106,
791,79,555,5246,16,2,141,2,141,2,1,0,0,0,0,0,79,
792,140,895,8973,47,31,1240,31,1240,3,2,0,0,0,0,0,140,
793,175,1083,11332,44,15,782,15,782,3,1,0,0,0,0,0,175,
794,372,2207,22740,145,82,3910,82,3910,6,2,0,0,0,0,0,372,
795,179,1204,10582,68,31,1597,31,1597,5,1,0,0,0,0,0,179,
796,188,1087,10781,49,22,993,22,993,4,1,0,0,0,0,0,188,
797,113,815,7566,52,20,909,20,909,4,1,1,0,0,0,0,113,
798,219,1430,12788,101,46,2506,46,2506,7,3,0,0,0,0,0,219,
799,183,984,9442,31,14,674,14,674,3,1,0,0,0,0,0,183,
800,308,1886,17483,106,58,3406,58,3406,4,1,0,0,0,0,0,308,
801,413,2747,24695,155,93,4892,93,4931,7,3,0,0,0,0,0,413,
802,196,1258,10263,130,27,1587,26,1378,3,2,0,0,0,0,0,196,
803,165,1018,8560,72,8,629,8,629,7,3,1,0,0,0,0,165,
804,113,750,6962,36,5,414,5,414,4,2,0,0,0,0,0,113,
805,119,782,7525,39,6,367,9,444,3,2,2,0,0,0,0,119,
806,179,1081,10854,69,24,1686,26,1737,10,6,1,0,0,0,0,179,
807,125,885,7912,59,27,1210,27,1210,4,3,0,0,0,0,0,125,
808,157,1110,9318,112,26,1521,30,1757,4,3,1,0,0,0,0,157,
809,3000,14733,139940,1543,1065,60083,1067,60148,5,3,2,0,0,0,0,3000,
810,433,2479,22709,171,55,3846,57,3987,14,6,2,0,0,0,0,433,
811,3000,12785,141899,866,497,33740,497,33740,3,2,0,0,0,0,0,3000,
812,356,2420,22570,158,89,4164,89,4164,5,2,0,0,0,0,0,356,
813,186,1093,10091,58,31,1629,31,1629,3,1,0,0,0,0,0,186,
814,104,774,6668,37,14,662,14,662,4,1,0,0,0,0,0,104,
815,95,690,6363,38,16,733,16,733,3,3,0,0,0,0,0,95,
816,186,1256,11658,83,32,1561,34,1610,5,3,2,0,0,0,0,186,
817,238,1425,13215,88,34,1931,34,1931,7,4,1,0,0,0,0,238,
818,314,1879,17572,141,40,2425,40,2425,10,5,1,0,0,0,0,314,
819,140,926,8535,48,8,648,9,680,8,3,1,0,0,0,0,140,
820,220,1407,13563,74,46,1890,46,1890,4,1,0,0,0,0,0,220,
821,450,2725,23624,206,81,6695,83,6768,14,6,2,0,0,0,0,450,
822,163,1096,10267,66,27,1322,30,1482,5,2,1,0,0,0,0,163,
823,83,588,5234,25,6,239,6,239,2,0,0,0,0,0,0,83,
824,212,1335,12248,101,38,1627,38,1627,2,0,0,0,0,0,0,212,
825,3000,14456,139095,1608,1038,60628,1038,60628,3,3,0,0,0,0,0,3000,
826,3000,13120,144225,1071,740,43599,740,43599,2,2,0,0,0,0,0,3000,
827,232,1414,12116,68,27,1939,27,1939,5,1,0,0,0,0,0,232,
828,237,1626,13781,200,51,2650,51,2650,9,6,0,0,0,0,0,237,
829,63,497,3693,21,2,139,2,139,3,0,0,0,0,0,0,63,
830,146,877,8476,42,14,554,14,554,3,1,0,0,0,0,0,146,
831,3000,17701,140442,4611,1081,567989,1081,567989,7,2,0,0,0,0,0,3000,
832,135,1080,7528,130,8,734,8,734,5,2,0,0,0,0,0,135,
833,227,1450,13191,102,35,1666,35,1666,7,3,1,0,0,0,0,227,
834,278,1912,17165,174,80,3525,80,3525,4,2,1,0,0,0,0,278,
835,3000,14618,146021,1471,761,45790,761,45790,6,2,0,0,0,0,0,3000,
836,237,1382,11716,54,19,899,19,899,4,3,1,0,0,0,0,237,
837,151,1050,8891,101,16,905,16,905,4,2,1,0,0,0,0,151,
838,171,1083,9476,63,9,656,10,759,5,3,2,0,0,0,0,171,
839,91,720,6452,67,7,283,10,703,3,2,2,0,0,0,0,91,
840,437,2534,27185,135,116,4784,116,4784,4,0,0,0,0,0,0,437,
841,3000,13779,144780,1098,761,45501,761,45501,0,0,0,0,0,0,0,3000,
842,411,2637,24289,166,58,3955,62,4089,9,3,2,0,0,0,0,411,
843,171,1096,9802,70,15,891,16,952,4,2,2,0,0,0,0,171,
844,85,639,6284,27,7,217,7,217,3,2,1,0,0,0,0,85,
845,450,2841,25710,189,87,5222,87,5222,10,4,0,0,0,0,0,450,
846,145,1001,9024,95,18,864,21,987,4,3,2,0,0,0,0,145,
847,357,2188,20942,148,54,3350,54,3350,9,6,1,0,0,0,0,357,
848,165,988,9626,55,30,1386,30,1386,2,1,0,0,0,0,0,165,
849,431,2858,25308,175,91,5203,91,5203,7,5,0,0,0,0,0,431,
850,399,2516,22985,155,75,4741,76,4855,6,3,1,0,0,0,0,399,
851,124,760,6951,37,10,373,10,373,2,0,0,0,0,0,0,124,
852,129,914,7824,46,21,940,21,940,4,1,0,0,0,0,0,129,
853,102,662,5419,33,10,422,10,422,4,2,0,0,0,0,0,102,
854,120,707,7006,22,3,220,3,220,1,0,0,0,0,0,0,120,
855,143,880,7995,47,8,596,8,596,6,2,1,0,0,0,0,143,
856,357,2402,22528,232,83,4043,85,4122,5,3,1,0,0,0,0,357,
857,3000,14140,158744,1189,1020,57868,1020,57868,1,0,0,0,0,0,0,3000,
858,110,890,7345,86,16,644,16,644,3,2,0,0,0,0,0,110,
859,161,1142,10119,87,27,1263,29,1301,4,2,1,0,0,0,0,161,
860,239,1474,13177,88,26,2004,28,2104,9,4,1,0,0,0,0,239,
861,214,1460,13778,106,36,1782,36,1782,7,3,1,0,0,0,0,214,
862,127,893,7024,56,19,1049,19,1049,5,1,0,0,0,0,0,127,
863,212,1407,13142,80,29,2066,29,2066,7,3,0,0,0,0,0,212,
864,179,1121,11430,62,22,1162,22,1162,6,2,0,0,0,0,0,179,
865,144,854,8781,35,13,596,13,596,4,1,0,0,0,0,0,144,
866,144,935,8471,46,19,901,21,966,6,3,1,0,0,0,0,144,
867,3000,12548,142827,833,575,34772,575,34772,2,0,0,0,0,0,0,3000,
868,137,946,7813,51,19,798,19,798,3,2,0,0,0,0,0,137,
869,111,896,6885,57,16,793,16,793,5,3,2,0,0,0,0,111,
870,330,2046,19344,113,50,3313,53,3439,7,3,1,0,0,0,0,330,
871,208,1388,12575,115,27,2138,28,2226,6,1,1,0,0,0,0,208,
872,339,2085,20351,130,78,3801,78,3801,6,4,0,0,0,0,0,339,
873,407,2387,23018,202,117,6480,117,6480,4,1,0,0,0,0,0,407,
874,219,1436,13388,78,39,2040,39,2040,4,4,0,0,0,0,0,219,
875,146,929,9074,56,22,1191,22,1191,6,3,0,0,0,0,0,146,
876,209,1349,11926,81,32,1895,35,2073,7,2,1,0,0,0,0,209,
877,446,2723,24768,185,98,5935,98,5935,10,4,0,0,0,0,0,446,
878,175,1187,10880,63,22,1143,22,1134,4,3,1,0,0,0,0,175,
879,308,1903,17682,118,32,3051,32,3051,11,5,0,0,0,0,0,308,
880,414,2136,19755,118,40,2369,44,2450,8,3,2,0,0,0,0,414,
881,152,984,9861,48,30,1102,30,1102,4,2,1,0,0,0,0,152,
882,287,1877,16548,180,56,2537,58,2832,7,4,2,0,0,0,0,287,
883,352,1781,18272,90,52,2066,52,2066,5,2,0,0,0,0,0,352,
884,112,723,6571,39,9,302,11,340,3,2,1,0,0,0,0,112,
885,97,672,6590,29,6,333,6,333,4,2,1,0,0,0,0,97,
886,123,775,7702,51,6,421,6,421,4,3,2,0,0,0,0,123,
887,84,653,5798,59,3,216,3,216,4,3,2,0,0,0,0,84,
888,194,1219,11448,68,26,1598,26,1598,8,2,0,0,0,0,0,194,
889,99,577,4822,25,3,202,3,202,3,1,0,0,0,0,0,99,
890,140,811,7424,39,11,451,11,451,4,4,1,0,0,0,0,140,
891,108,769,6685,39,18,715,18,715,5,1,0,0,0,0,0,108,
892,202,1200,11852,96,21,1328,22,1392,7,5,2,0,0,0,0,202,
893,172,1042,9696,76,11,877,12,952,5,4,3,0,0,0,0,172,
894,102,693,6220,29,8,331,8,331,3,0,0,0,0,0,0,102,
895,134,795,7750,28,6,442,6,442,5,1,0,0,0,0,0,134,
896,424,2545,24334,175,74,4123,77,4335,12,8,3,0,0,0,0,424,
897,244,1589,13970,138,34,2426,36,2633,9,4,2,0,0,0,0,244,
898,198,1271,10969,75,40,2065,40,2065,4,1,0,0,0,0,0,198,
899,146,886,8346,38,11,628,12,738,5,3,1,0,0,0,0,146,
900,3000,14277,146628,1127,761,44361,762,44607,3,1,1,0,0,0,0,3000,
901,271,1838,16485,110,53,2568,53,2611,6,3,0,0,0,0,0,271,
902,503,2817,26963,156,64,4514,64,4514,10,4,0,0,0,0,0,503,
903,80,600,4690,17,3,127,3,127,3,0,0,0,0,0,0,80,
904,289,1759,16256,100,59,2659,59,2659,5,3,0,0,0,0,0,289,
905,162,1152,10881,72,21,1395,22,1459,6,2,1,0,0,0,0,162,
906,117,847,7027,44,14,768,14,768,2,0,0,0,0,0,0,117,
907,3000,14514,140149,1481,1058,58383,1058,58383,6,5,0,0,0,0,0,3000,
908,194,1384,12056,104,33,1984,37,2104,5,2,1,0,0,0,0,194,
909,3000,13391,154411,1118,950,49050,950,49050,3,1,0,0,0,0,0,3000,
910,226,1440,12254,76,29,1595,29,1662,6,3,0,0,0,0,0,226,
911,126,839,7887,40,15,761,15,761,2,2,0,0,0,0,0,126,
912,228,1323,12806,68,35,1755,35,1755,9,3,0,0,0,0,0,228,
913,298,1855,17032,150,49,4236,51,4262,9,4,2,0,0,0,0,298,
914,3000,11976,144228,862,515,35474,515,35474,3,0,0,0,0,0,0,3000,
915,122,800,6611,47,8,425,10,488,5,2,1,0,0,0,0,122,
916,176,1209,10295,68,16,1286,17,1359,4,2,1,0,0,0,0,176,
917,312,1974,18066,117,56,3305,56,3305,6,3,1,0,0,0,0,312,
918,195,1102,10126,75,14,796,16,838,4,3,2,0,0,0,0,195,
919,332,2048,19925,122,71,3267,71,3267,5,4,0,0,0,0,0,332,
920,283,1801,17619,100,57,2842,57,2842,3,1,0,0,0,0,0,283,
921,139,860,7421,47,15,839,15,839,4,2,0,0,0,0,0,139,
922,3000,13076,145155,1057,732,40873,732,40873,2,1,0,0,0,0,0,3000,
923,183,1329,10100,117,40,2196,41,2633,5,5,1,0,0,0,0,183,
924,177,1205,11180,113,28,1443,32,1796,4,2,1,0,0,0,0,177,
925,480,2753,30789,170,135,4961,137,5239,6,3,1,0,0,0,0,480,
926,200,1234,10649,59,20,1285,20,1285,6,2,0,0,0,0,0,200,
927,207,1387,14586,109,44,2088,45,2108,5,3,1,0,0,0,0,207,
928,3000,13544,158290,1055,1023,57101,1023,57101,0,0,0,0,0,0,0,3000,
929,133,966,7382,49,14,706,14,706,5,3,0,0,0,0,0,133,
930,249,1839,15024,179,56,2811,56,2811,5,4,0,0,0,0,0,249,
931,292,1849,16959,117,48,2824,48,2824,5,2,0,0,0,0,0,292,
932,3000,13360,143012,995,692,39692,692,39692,4,1,0,0,0,0,0,3000,
933,191,1314,11473,90,33,1770,33,1770,4,1,0,0,0,0,0,191,
934,87,694,5508,69,4,218,5,261,3,3,2,0,0,0,0,87,
935,212,1393,12872,113,15,1338,16,1387,9,3,2,0,0,0,0,212,
936,96,718,6363,43,16,713,16,713,4,2,0,0,0,0,0,96,
937,253,1584,14707,129,55,2349,55,2349,4,2,0,0,0,0,0,253,
938,194,1239,10548,99,23,1609,24,1774,8,4,1,0,0,0,0,194,
939,260,1690,15359,117,55,3037,57,3133,7,3,1,0,0,0,0,260,
940,162,1095,9385,74,28,1517,28,1517,4,2,0,0,0,0,0,162,
941,210,1208,10889,67,17,1188,17,1188,5,2,1,0,0,0,0,210,
942,125,802,8048,34,18,716,18,716,2,1,0,0,0,0,0,125,
943,133,908,8194,58,19,1204,19,1204,4,3,1,0,0,0,0,133,
944,115,847,7117,82,9,647,9,647,5,2,1,0,0,0,0,115,
945,88,598,5969,20,4,153,4,153,3,1,0,0,0,0,0,88,
946,3000,12967,161279,940,1063,45664,1063,45664,0,0,0,0,0,0,0,3000,
947,312,2034,18051,121,53,3156,53,3156,7,1,0,0,0,0,0,312,
948,289,1903,17298,114,60,3231,60,3388,6,2,0,0,0,0,0,289,
949,3000,13604,149825,1098,881,48584,881,48584,0,0,0,0,0,0,0,3000,
950,102,805,6370,39,8,423,8,423,4,1,1,0,0,0,0,102,
951,123,820,6995,36,11,415,11,415,3,1,0,0,0,0,0,123,
952,122,821,7576,83,11,490,11,478,5,2,1,0,0,0,0,122,
953,446,2700,26506,169,87,4752,87,4752,7,3,0,0,0,0,0,446,
954,86,625,5808,19,3,145,3,145,2,1,0,0,0,0,0,86,
955,179,1125,9617,89,20,1218,20,1218,6,3,1,0,0,0,0,179,
956,182,1151,9613,91,19,1051,24,1429,4,2,2,0,0,0,0,182,
957,228,1342,12406,90,36,1599,36,1569,6,6,1,0,0,0,0,228,
958,159,931,8690,58,15,798,16,922,5,5,2,0,0,0,0,159,
959,288,1701,16641,89,53,2215,53,2215,8,1,0,0,0,0,0,288,
960,315,1892,17678,123,46,2809,48,2900,8,3,2,0,0,0,0,315,
961,105,758,6151,38,17,665,17,665,4,1,0,0,0,0,0,105,
962,118,800,7855,52,14,1048,14,1048,6,4,0,0,0,0,0,118,
963,223,1164,11291,66,12,727,14,848,7,4,2,0,0,0,0,223,
964,3000,12913,147053,1185,831,48266,831,48266,1,1,0,0,0,0,0,3000,
965,104,780,6793,37,10,454,10,454,4,1,0,0,0,0,0,104,
966,94,941,6382,36,11,435,11,435,2,1,0,0,0,0,0,94,
967,238,1759,13482,181,44,2603,43,2633,10,4,1,0,0,0,0,238,
968,125,903,8452,41,22,723,24,791,3,2,1,0,0,0,0,125,
969,154,869,8957,43,10,653,10,653,4,2,1,0,0,0,0,154,
970,231,1536,14253,118,33,2474,36,2628,9,6,3,0,0,0,0,231,
971,280,1823,18518,108,72,2861,72,2861,6,3,0,0,0,0,0,280,
972,3000,14018,157973,1113,1042,42150,1042,42150,1,1,0,0,0,0,0,3000,
973,352,2294,21890,149,64,3622,66,3732,7,4,1,0,0,0,0,352,
974,242,1484,14126,94,36,2342,36,2342,7,1,0,0,0,0,0,242,
975,240,1355,14510,77,34,1671,34,1671,8,4,0,0,0,0,0,240,
976,153,1073,8501,131,17,1322,17,1322,6,4,0,0,0,0,0,153,
977,376,2395,22967,165,79,4328,84,4577,8,4,3,0,0,0,0,376,
978,177,1145,10308,63,16,994,18,1078,4,3,2,0,0,0,0,177,
979,176,1187,10007,74,23,1535,23,1523,10,4,1,0,0,0,0,176,
980,303,1851,16566,153,70,4677,73,5091,9,4,1,0,0,0,0,303,
981,197,1226,11012,74,32,1655,32,1655,7,4,0,0,0,0,0,197,
982,3000,13934,159508,1042,1053,44506,1053,44506,0,0,0,0,0,0,0,3000,
983,240,1652,13535,145,60,3473,60,3473,3,2,0,0,0,0,0,240,
984,113,779,7056,40,16,574,16,574,3,1,0,0,0,0,0,113,
985,120,947,7281,127,16,1136,17,1251,5,4,1,0,0,0,0,120,
986,151,1107,10396,63,22,1195,22,1195,4,2,0,0,0,0,0,151,
987,3000,13784,164567,984,1024,39936,1024,39936,2,0,0,0,0,0,0,3000,
988,3000,14045,153678,1138,947,57891,947,57891,1,0,0,0,0,0,0,3000,
989,160,1324,10237,138,16,971,18,1041,5,4,2,0,0,0,0,160,
990,125,754,7087,31,7,335,7,335,3,2,1,0,0,0,0,125,
991,3000,14937,145245,1749,1071,55637,1074,55746,5,2,2,0,0,0,0,3000,
992,360,2425,21570,168,82,4111,85,4199,6,2,1,0,0,0,0,360,
993,147,990,8799,59,24,1235,24,1235,2,1,0,0,0,0,0,147,
994,3000,14361,151754,1284,1025,57214,1025,57214,1,1,0,0,0,0,0,3000,
995,104,808,7007,41,9,365,7,424,3,3,2,0,0,0,0,104,
996,129,922,7456,107,14,608,15,645,4,2,1,0,0,0,0,129,
997,3000,11978,141553,876,569,36937,569,36937,3,2,0,0,0,0,0,3000,
998,118,963,7056,49,15,938,15,938,2,0,0,0,0,0,0,118,
999,266,1597,15888,96,24,1934,24,1934,8,5,1,0,0,0,0,266,
1000,294,1819,18225,122,52,3140,56,3335,8,5,2,0,0,0,0,294,
1001,109,751,6973,38,18,713,18,713,2,1,0,0,0,0,0,109,
1002,136,873,8765,36,16,724,16,724,2,1,0,0,0,0,0,136,
1003,84,580,6510,21,6,195,8,260,3,2,1,0,0,0,0,84,
1004,137,958,9030,56,28,1279,28,1279,2,2,0,0,0,0,0,137,
1005,101,729,6585,39,14,622,14,622,3,1,0,0,0,0,0,101,
1006,157,963,10467,44,26,1080,26,1080,2,1,0,0,0,0,0,157,
1007,99,746,6462,109,13,536,13,536,2,2,0,0,0,0,0,99,
1008,186,1188,11655,94,17,1218,19,1250,6,3,2,0,0,0,0,186,
1009,276,1568,15684,87,35,1547,37,1626,7,4,1,0,0,0,0,276,
1010,85,626,4945,33,7,462,7,462,2,1,0,0,0,0,0,85,
1011,229,1347,12793,69,23,1227,27,1445,3,2,2,0,0,0,0,229,
1012,80,531,4731,21,5,247,5,247,2,1,0,0,0,0,0,80,
1013,97,674,6724,31,14,353,14,353,1,1,0,0,0,0,0,97,
1014,101,706,7177,29,11,422,11,414,4,4,2,0,0,0,0,101,
1015,68,503,4464,18,2,164,2,164,2,0,0,0,0,0,0,68,
1016,92,655,5761,54,6,316,8,522,2,1,1,0,0,0,0,92,
1017,100,678,5555,29,8,502,8,502,3,0,0,0,0,0,0,100,
1018,154,921,9126,56,22,1069,23,1121,4,2,1,0,0,0,0,154,
1019,163,1046,9662,59,10,920,10,914,5,3,1,0,0,0,0,163,
1020,134,803,7453,35,12,585,12,585,3,1,0,0,0,0,0,134,
1021,180,1106,10519,66,22,1150,25,1229,5,3,2,0,0,0,0,180,
1022,193,1141,10999,50,14,1051,14,1051,5,2,0,0,0,0,0,193,
1023,181,1201,11032,75,29,1632,29,1632,5,2,0,0,0,0,0,181,
1024,97,649,6688,30,10,339,10,339,3,2,1,0,0,0,0,97,
1025,97,643,5429,28,7,399,7,399,2,1,0,0,0,0,0,97,
1026,154,1070,9435,124,22,1130,24,1205,3,2,2,0,0,0,0,154,
1027,139,915,8044,53,27,1269,27,1269,3,1,0,0,0,0,0,139,
1028,123,746,7520,29,12,370,12,370,2,2,1,0,0,0,0,123,
1029,116,818,7300,74,23,935,21,1009,2,1,1,0,0,0,0,116,
1030,139,915,8535,43,18,884,18,884,3,2,0,0,0,0,0,139,
1031,159,1086,10174,65,35,1771,35,1771,2,1,0,0,0,0,0,159,
1032,161,1025,10212,56,28,1202,28,1202,2,0,0,0,0,0,0,161,
1033,156,863,8164,43,13,565,14,585,5,3,1,0,0,0,0,156,
1034,133,765,7309,49,5,275,5,275,3,2,1,0,0,0,0,133,
1035,118,807,7287,43,15,894,15,894,3,1,0,0,0,0,0,118,
1036,152,1008,9775,46,30,1039,30,1039,2,1,0,0,0,0,0,152,
1037,303,1832,18705,128,58,3391,59,3500,10,5,1,0,0,0,0,303,
1038,105,676,6091,35,10,479,10,479,3,1,0,0,0,0,0,105,
1039,131,801,7952,45,10,509,14,732,3,2,1,0,0,0,0,131,
1040,170,967,9927,57,27,1101,29,1117,4,3,1,0,0,0,0,170,
1041,328,1865,17573,130,37,2499,39,2556,9,5,1,0,0,0,0,328,
1042,113,756,7095,28,8,463,8,463,2,0,0,0,0,0,0,113,
1043,198,1282,11968,69,28,1702,26,1671,4,1,0,0,0,1,0,198,
1044,112,755,7910,32,13,696,13,696,4,3,1,0,0,0,0,112,
1045,65,456,4202,15,2,159,2,159,2,0,0,0,0,0,0,65,
1046,104,678,6329,32,9,422,9,422,4,1,0,0,0,0,0,104,
1047,184,1199,11370,66,33,1746,33,1746,2,2,0,0,0,0,0,184,
1048,119,764,7649,30,10,472,10,472,2,2,0,0,0,0,0,119,
1049,284,1357,13614,68,37,1958,37,1958,4,3,0,0,0,0,0,284,
1050,183,1068,11667,49,34,1309,34,1309,1,0,0,0,0,0,0,183,
1051,110,699,7119,33,10,588,10,588,4,2,0,0,0,0,0,110,
1052,130,813,7600,34,13,648,13,648,2,1,0,0,0,0,0,130,
1053,290,1696,15529,128,38,3359,39,3535,12,4,2,0,0,0,0,290,
1054,204,1246,11687,89,18,1235,19,1280,7,4,1,0,0,0,0,204,
1055,127,821,8561,30,16,577,16,577,0,0,0,0,0,0,0,127,
1056,294,1687,16137,90,29,2301,29,2301,9,6,1,0,0,0,0,294,
1057,293,1525,15519,115,26,2254,26,2212,8,5,2,0,0,0,0,293,
1058,281,1657,16405,134,49,3580,49,3608,10,4,1,0,0,0,0,281,
1059,157,917,9011,50,13,711,15,792,4,2,2,0,0,0,0,157,
1060,94,654,6097,27,8,270,8,270,2,2,1,0,0,0,0,94,
1061,161,974,9786,59,24,1346,25,1397,5,2,1,0,0,0,0,161,
1062,175,937,9606,69,13,541,14,669,5,4,2,0,0,0,0,175,
1063,224,1353,13499,68,34,1754,34,1754,2,1,0,0,0,0,0,224,
1064,97,687,5876,54,6,250,6,250,3,2,1,0,0,0,0,97,
1065,108,760,6858,37,13,611,13,611,4,2,0,0,0,0,0,108,
1066,108,651,6166,25,4,243,6,280,3,1,1,0,0,0,0,108,
1067,128,806,7715,34,19,535,19,535,2,0,0,0,0,0,0,128,
1068,96,639,6304,25,8,288,8,288,1,1,0,0,0,0,0,96,
1069,223,1420,13508,83,49,2218,49,2218,4,1,0,0,0,0,0,223,
1070,275,1549,15254,109,37,4513,37,4513,10,3,0,0,0,0,0,275,
1071,174,1127,11287,61,34,1445,34,1445,4,1,0,0,0,0,0,174,
1072,142,837,7319,44,20,899,20,975,2,1,0,0,0,0,0,142,
1073,170,1347,10417,83,16,1077,16,1077,4,1,0,0,0,0,0,170,
1074,141,929,8519,51,16,750,16,750,3,1,0,0,0,0,0,141,
1075,204,1130,11170,62,23,1106,25,1158,1,1,1,0,0,0,0,204,
1076,116,832,7919,38,11,838,11,838,4,2,0,0,0,0,0,116,
1077,196,1276,13083,64,34,1434,34,1434,6,1,0,0,0,0,0,196,
1078,157,1008,10086,46,24,1261,24,1261,2,1,0,0,0,0,0,157,
1079,129,841,8496,36,14,700,14,700,4,1,0,0,0,0,0,129,
1080,212,1261,12445,52,30,1095,30,1095,3,1,0,0,0,0,0,212,
1081,117,788,6845,75,10,385,10,385,3,2,1,0,0,0,0,117,
1082,95,674,6609,27,9,466,9,466,1,0,0,0,0,0,0,95,
1083,149,1054,9339,77,34,1779,34,1779,2,1,0,0,0,0,0,149,
1084,197,1611,12098,141,42,2195,42,2195,3,2,0,0,0,0,0,197,
1085,135,830,8521,44,13,802,13,802,3,1,0,0,0,0,0,135,
1086,128,787,7526,34,12,507,12,507,2,1,0,0,0,0,0,128,
1087,240,1412,14085,61,24,1658,24,1658,4,3,0,0,0,0,0,240,
1088,238,1465,14314,80,48,2206,48,2206,5,2,0,0,0,0,0,238,
1089,99,706,6830,28,15,384,15,384,2,1,0,0,0,0,0,99,
1090,185,1083,10376,56,23,1137,23,1137,3,0,0,0,0,0,0,185,
1091,90,578,5093,15,4,133,4,133,2,0,0,0,0,0,0,90,
1092,147,862,7927,29,5,493,5,493,4,1,0,0,0,0,0,147,
1093,102,725,5718,64,5,338,6,397,3,1,1,0,0,0,0,102,
1094,191,946,9586,35,14,614,14,614,2,0,0,0,0,0,0,191,
1095,116,795,7423,61,13,471,13,534,2,2,2,0,0,0,0,116,
1096,147,868,8466,54,23,894,23,894,1,1,0,0,0,0,0,147,
1097,174,1177,10635,59,29,1316,29,1316,2,1,0,0,0,0,0,174,
1098,85,602,5815,29,7,297,9,417,3,2,1,0,0,0,0,85,
1099,158,944,10175,42,25,1002,25,1002,2,2,0,0,0,0,0,158,
1100,274,1580,15552,87,32,1940,32,1940,10,5,1,0,0,0,0,274,
1101,274,1658,16447,95,22,2106,29,2437,12,7,3,0,0,0,0,274,
1102,103,634,5934,17,5,146,5,146,2,1,0,0,0,0,0,103,
1103,95,649,6498,24,10,334,10,334,2,1,0,0,0,0,0,95,
1104,125,827,8630,41,16,860,16,860,6,6,2,0,0,0,0,125,
1105,123,941,6737,54,9,464,9,464,3,0,0,0,0,0,0,123,
1106,108,1012,7138,117,13,562,13,562,4,3,1,0,0,0,0,108,
1107,83,578,4993,29,7,311,7,413,2,2,0,0,0,0,0,83,
1108,105,678,5990,31,7,477,7,477,3,0,0,0,0,0,0,105,
1109,130,908,8805,52,21,823,23,851,4,4,1,0,0,0,0,130,
1110,83,593,4996,21,6,269,6,269,2,0,0,0,0,0,0,83,
1111,97,617,6180,23,7,287,7,287,2,1,0,0,0,0,0,97,
1112,198,1199,10742,59,16,1574,16,1574,6,1,0,0,0,0,0,198,
1113,127,774,7630,32,12,605,12,605,3,1,0,0,0,0,0,127,
1114,198,1269,13157,64,35,1276,35,1276,4,2,0,0,0,0,0,198,
1115,254,1503,14434,94,34,2111,36,2172,6,4,2,0,0,0,0,254,
1116,84,532,5499,16,2,93,2,93,2,1,0,0,0,0,0,84,
1117,69,508,4802,13,2,93,2,93,2,1,0,0,0,0,0,69,
1118,144,983,9549,43,18,859,20,890,2,1,1,0,0,0,0,144,
1119,143,942,9133,43,22,1037,22,1037,4,1,0,0,0,0,0,143,
1120,181,1089,11146,55,23,1045,24,1099,3,2,1,0,0,0,0,181,
1121,157,902,9068,30,8,611,8,611,3,0,0,0,0,0,0,157,
1122,139,882,8712,50,22,905,22,905,3,3,0,0,0,0,0,139,
1123,146,948,9378,51,18,1053,18,1053,5,3,1,0,0,0,0,146,
1124,104,723,6737,74,14,438,14,428,3,2,1,0,0,0,0,104,
1125,133,915,8427,55,24,1203,24,1203,2,0,0,0,0,0,0,133,
1126,204,1157,12530,65,24,1591,24,1591,3,3,0,0,0,0,0,204,
1127,109,737,6635,30,13,598,13,598,1,0,0,0,0,0,0,109,
1128,204,1190,12440,56,21,1121,21,1121,3,3,1,0,0,0,0,204,
1129,116,754,7606,24,12,370,12,370,1,1,0,0,0,0,0,116,
1130,61,487,4502,17,4,191,4,191,3,1,0,0,0,0,0,61,
1131,118,636,6574,19,5,221,5,221,1,1,0,0,0,0,0,118,
1132,165,792,8417,40,5,232,5,232,2,2,1,0,0,0,0,165,
1133,99,596,5487,46,6,243,8,361,2,1,1,0,0,0,0,99,
1134,122,940,7406,130,24,1155,24,1155,3,2,0,0,0,0,0,122,
1135,99,701,6072,32,7,367,7,367,4,1,0,0,0,0,0,99,
1136,130,817,7363,41,13,713,13,713,5,1,0,0,0,0,0,130,
1137,83,615,5984,26,8,351,8,345,3,3,1,0,0,0,0,83,
1138,108,667,6651,35,8,321,10,357,2,1,1,0,0,0,0,108,
1139,126,807,7987,38,17,790,17,790,4,1,0,0,0,0,0,126,
1140,122,693,6792,29,9,295,9,295,2,1,0,0,0,0,0,122,
1141,125,860,7670,43,14,947,14,947,4,1,0,0,0,0,0,125,
1142,209,1229,12210,68,30,1591,30,1650,5,2,0,0,0,0,0,209,
1143,136,874,8288,37,17,674,17,674,2,1,0,0,0,0,0,136,
1144,142,786,7971,32,11,577,11,577,3,2,0,0,0,0,0,142,
1145,124,746,7587,30,8,371,8,371,3,2,0,0,0,0,0,124,
1146,203,1071,10718,37,19,903,19,903,1,1,0,0,0,0,0,203,
1147,108,752,6726,82,15,433,15,433,1,1,0,0,0,0,0,108,
1148,147,972,10035,54,29,1002,29,1002,3,2,0,0,0,0,0,147,
1149,107,674,5974,32,8,620,8,620,2,1,0,0,0,0,0,107,
1150,101,661,6546,31,17,637,17,637,2,1,0,0,0,0,0,101,
1151,169,1075,10156,81,17,979,19,1134,5,5,3,0,0,0,0,169,
1152,122,772,8173,37,15,812,15,812,4,3,0,0,0,0,0,122,
1153,121,857,8176,86,13,573,15,621,4,4,3,0,0,0,0,121,
1154,185,1041,9868,40,8,877,8,877,6,1,0,0,0,0,0,185,
1155,143,894,9616,37,25,907,25,907,2,2,1,0,0,0,0,143,
1156,150,971,9250,44,24,942,24,942,2,1,0,0,0,0,0,150,
1157,229,1267,12116,73,20,1751,21,1779,7,3,1,0,0,0,0,229,
1158,203,1371,14121,76,45,1441,47,1468,3,3,2,0,0,0,0,203,
1159,114,724,6296,35,15,547,15,547,4,1,0,0,0,0,0,114,
1160,82,559,5571,24,6,380,6,380,3,1,0,0,0,0,0,82,
1161,82,568,5398,22,6,259,6,259,3,1,0,0,0,0,0,82,
1162,107,673,6145,43,9,447,10,470,5,1,1,0,0,0,0,107,
1163,174,1158,11066,72,39,1739,39,1739,3,2,0,0,0,0,0,174,
1164,66,491,4220,20,4,176,4,176,3,0,0,0,0,0,0,66,
1165,260,1303,14002,74,23,1516,27,1607,5,4,2,0,0,0,0,260,
1166,158,1054,9497,50,31,1505,31,1505,2,0,0,0,0,0,0,158,
1167,131,897,8524,43,18,987,18,987,3,2,0,0,0,0,0,131,
1168,159,983,9875,38,19,867,19,867,4,2,0,0,0,0,0,159,
1169,144,884,8770,38,24,885,24,885,2,1,0,0,0,0,0,144,
1170,80,520,4990,15,4,129,4,129,1,0,0,0,0,0,0,80,
1171,163,711,7525,16,5,136,5,136,1,1,0,0,0,0,0,163,
1172,71,531,4566,18,4,239,4,239,3,0,0,0,0,0,0,71,
1173,145,933,8913,51,23,993,25,1239,3,1,1,0,0,0,0,145,
1174,115,895,7585,110,17,749,20,949,2,2,1,0,0,0,0,115,
1175,108,668,6718,31,8,285,9,340,3,2,1,0,0,0,0,108,
1176,171,962,9403,55,30,1464,32,1502,2,1,1,0,0,0,0,171,
1177,301,1560,15559,83,31,1445,31,1445,4,3,1,0,0,0,0,301,
1178,114,720,7420,35,11,470,11,470,2,1,0,0,0,0,0,114,
1179,135,939,8978,51,21,1114,21,1114,4,3,1,0,0,0,0,135,
1180,87,616,5892,22,7,219,7,219,1,0,0,0,0,0,0,87,
1181,149,1058,8690,96,16,1236,18,1294,6,2,1,0,0,0,0,149,
1182,111,711,6865,29,11,331,11,331,1,0,0,0,0,0,0,111,
1183,202,1098,11498,49,16,808,18,839,2,2,1,0,0,0,0,202,
1184,115,701,6978,33,15,545,15,545,2,1,0,0,0,0,0,115,
1185,107,716,7159,36,13,682,13,682,2,2,0,0,0,0,0,107,
1186,122,781,7360,35,9,615,9,615,4,1,0,0,0,0,0,122,
1187,205,972,8781,41,19,797,19,797,1,0,0,0,0,0,0,205,
1188,154,916,9788,63,10,640,12,670,4,3,2,0,0,0,0,154,
1189,314,1883,18502,112,50,2902,52,3029,5,3,1,0,0,0,0,314,
1190,238,1258,12812,71,31,2216,31,2216,6,2,0,0,0,0,0,238,
1191,81,597,5406,20,8,221,8,221,1,0,0,0,0,0,0,81,
1192,202,1133,10822,49,25,1248,25,1248,2,1,0,0,0,0,0,202,
1193,152,894,9466,32,12,470,12,470,3,2,0,0,0,0,0,152,
1194,135,769,7654,26,13,426,13,426,2,1,0,0,0,0,0,135,
1195,169,1140,10533,63,25,1332,25,1332,4,3,0,0,0,0,0,169,
1196,100,644,5950,19,3,194,3,194,2,0,0,0,0,0,0,100,
1197,138,881,8275,44,23,821,23,810,3,3,1,0,0,0,0,138,
1198,140,782,8065,26,7,365,7,365,2,1,0,0,0,0,0,140,
1199,95,667,5837,64,4,180,4,180,3,2,1,0,0,0,0,95,
1200,159,1007,9418,76,11,592,11,592,5,4,1,0,0,0,0,159,
1201,154,1021,9323,61,22,1095,22,1095,3,2,0,0,0,0,0,154,
1202,129,844,7956,40,14,732,14,732,4,3,0,0,0,0,0,129,
1203,93,651,6132,29,9,380,9,380,3,0,0,0,0,0,0,93,
1204,245,1439,14138,91,27,2155,33,2357,8,5,4,0,0,0,0,245,
1205,164,1014,9953,42,12,864,12,864,5,2,0,0,0,0,0,164,
1206,77,591,5510,42,3,200,3,200,3,2,1,0,0,0,0,77,
1207,103,583,6024,17,3,138,3,138,3,1,0,0,0,0,0,103,
1208,136,945,8438,55,18,828,18,828,3,0,0,0,0,0,0,136,
1209,84,676,5598,70,6,214,7,298,3,2,1,0,0,0,0,84,
1210,118,858,8113,85,13,553,17,1122,3,2,2,0,0,0,0,118,
1211,233,1310,13845,76,33,1773,33,1773,6,2,0,0,0,0,0,233,
1212,121,824,7260,46,21,885,21,885,2,1,0,0,0,0,0,121,
1213,84,628,5898,47,5,262,5,262,3,2,1,0,0,0,0,84,
1214,262,1428,14596,77,22,1550,22,1533,7,4,1,0,0,0,0,262,
1215,75,558,5182,18,4,136,4,136,2,2,1,0,0,0,0,75,
1216,88,521,5166,15,4,158,4,158,2,1,0,0,0,0,0,88,
1217,154,900,8541,75,27,1058,21,1004,1,1,1,0,0,0,0,154,
1218,118,737,6478,28,10,430,10,430,2,0,0,0,0,0,0,118,
1219,77,508,5305,17,2,109,2,109,3,1,0,0,0,0,0,77,
1220,142,989,9663,53,27,987,27,987,3,1,0,0,0,0,0,142,
1221,159,1056,9915,56,13,1194,13,1194,8,3,1,0,0,0,0,159,
1222,248,1524,14651,92,29,2240,29,2240,8,2,0,0,0,0,0,248,
1223,153,855,8917,33,12,382,12,382,3,2,1,0,0,0,0,153,
1224,152,683,6826,13,2,94,2,94,1,0,0,0,0,0,0,152,
1225,101,642,6192,27,7,367,7,367,3,2,0,0,0,0,0,101,
1226,93,620,6440,23,5,397,5,397,4,3,1,0,0,0,0,93,
1227,90,637,6171,20,7,256,7,256,0,0,0,0,0,0,0,90,
1228,120,821,7749,49,14,813,15,859,4,3,1,0,0,0,0,120,
1229,153,909,9722,44,13,834,13,834,6,3,0,0,0,0,0,153,
1230,96,587,6202,13,3,110,3,110,0,0,0,0,0,0,0,96,
1231,79,551,5209,18,5,195,5,195,1,1,0,0,0,0,0,79,
1232,102,710,6881,34,14,470,14,470,2,1,0,0,0,0,0,102,
1233,94,748,6560,91,11,622,11,622,3,3,0,0,0,0,0,94,
1234,267,1599,15154,164,42,2893,48,3308,6,5,3,0,0,0,0,267,
1235,172,769,7096,23,6,219,6,219,2,2,0,0,0,0,0,172,
1236,144,975,8275,66,26,1231,27,1481,3,1,1,0,0,0,0,144,
1237,146,980,9669,59,26,1085,28,1109,4,4,2,0,0,0,0,146,
1238,173,1000,9844,56,25,1510,25,1510,3,2,0,0,0,0,0,173,
1239,116,743,7002,37,8,420,9,486,2,1,1,0,0,0,0,116,
1240,156,844,8225,38,21,960,21,960,2,1,0,0,0,0,0,156,
1241,174,1053,10125,50,24,999,24,999,3,2,1,0,0,0,0,174,
1242,68,457,4297,13,2,78,2,78,2,0,0,0,0,0,0,68,
1243,108,719,6984,28,9,404,9,404,2,1,0,0,0,0,0,108,
1244,106,654,5971,23,7,311,7,311,2,0,0,0,0,0,0,106,
1245,99,661,6517,26,10,390,10,390,3,2,0,0,0,0,0,99,
1246,93,569,5717,19,7,239,7,239,2,1,0,0,0,0,0,93,
1247,367,2019,19194,134,45,2894,47,2996,12,6,1,0,0,0,0,367,
1248,152,845,8981,33,11,729,11,729,3,0,0,0,0,0,0,152,
1249,108,735,6260,32,11,419,11,419,1,0,0,0,0,0,0,108,
1250,176,1008,9873,48,25,867,25,867,3,0,0,0,0,0,0,176,
1251,3000,14473,144996,1369,807,55115,807,55115,1,0,0,0,0,0,0,3000,
1252,269,1981,16086,204,38,2874,40,2954,6,2,1,0,0,0,0,269,
1253,3000,14253,157761,1674,1093,139072,1093,139072,0,0,0,0,0,0,0,3000,
1254,343,2217,19945,135,54,2797,54,2783,11,4,1,0,0,0,0,343,
1255,222,1410,13400,100,46,2985,46,2985,4,2,0,0,0,0,0,222,
1256,422,2666,25863,165,121,5294,121,5294,2,0,0,0,0,0,0,422,
1257,3000,15513,151550,1431,915,51836,1011,43487,1,1,0,0,0,0,0,3000,
1258,205,1552,13008,81,35,1723,35,1723,5,2,0,0,0,0,0,205,
1259,304,1885,18963,96,66,2336,66,2336,4,2,1,0,0,0,0,304,
1260,3000,13529,151208,1025,797,46673,797,46673,3,2,0,0,0,0,0,3000,
1261,183,1454,11786,112,26,1611,31,1948,7,5,3,0,0,0,0,183,
1262,382,2366,22230,169,90,5644,92,5873,5,3,2,0,0,0,0,382,
1263,159,1029,9916,57,16,903,16,903,5,2,0,0,0,0,0,159,
1264,139,829,8107,41,12,613,12,613,5,1,0,0,0,0,0,139,
1265,3000,14145,163951,994,1064,46468,1064,46468,1,1,0,0,0,0,0,3000,
1266,321,2234,19202,168,61,3263,63,3325,5,2,2,0,0,0,0,321,
1267,84,640,5747,19,2,74,2,74,0,0,0,0,0,0,0,84,
1268,179,1058,9618,56,19,1258,19,1258,6,0,0,0,0,0,0,179,
1269,225,1418,13591,68,31,1819,31,1819,5,0,0,0,0,0,0,225,
1270,570,3502,31932,261,130,7929,130,7929,12,6,0,0,0,0,0,570,
1271,130,868,7588,39,14,836,14,836,2,0,0,0,0,0,0,130,
1272,346,2000,18826,160,56,4125,60,4791,11,6,3,0,0,0,0,346,
1273,196,1270,12378,86,28,2400,29,2437,7,2,1,0,0,0,0,196,
1274,194,1135,11446,64,22,1420,25,1527,4,2,2,0,0,0,0,194,
1275,244,1390,12609,86,38,2005,42,2401,5,3,1,0,0,0,0,244,
1276,80,601,5817,21,5,147,5,147,1,1,0,0,0,0,0,80,
1277,213,1309,12403,92,24,1652,27,1732,6,4,2,0,0,0,0,213,
1278,173,941,8831,32,9,488,9,488,3,0,0,0,0,0,0,173,
1279,3000,14621,144797,1247,765,43197,765,43197,3,1,0,0,0,0,0,3000,
1280,409,3502,25354,351,73,4353,78,4496,10,6,2,0,0,0,0,409,
1281,342,2884,21032,244,69,4163,68,4136,9,6,0,0,0,0,0,342,
1282,164,1229,11060,57,31,1054,31,1054,2,1,0,0,0,0,0,164,
1283,462,2909,27189,232,94,5538,96,5564,11,4,1,0,0,0,0,462,
1284,236,1635,13753,94,33,1974,33,1974,5,0,0,0,0,0,0,236,
1285,235,1593,12986,163,35,1955,35,1955,3,1,0,0,0,0,0,235,
1286,188,1410,12598,100,23,1873,26,2033,10,4,2,0,0,0,0,188,
1287,3000,14936,160302,1562,1064,43092,1064,43092,0,0,0,0,0,0,0,3000,
1288,197,1469,12420,111,28,1810,28,1810,5,2,1,0,0,0,0,197,
1289,195,1247,12477,63,20,1124,22,1225,4,1,1,0,0,0,0,195,
1290,3000,15451,148008,1386,819,45990,819,45990,2,2,0,0,0,0,0,3000,
1291,203,1442,13191,82,33,1697,33,1697,4,3,0,0,0,0,0,203,
1292,108,757,6197,36,9,449,9,449,5,2,0,0,0,0,0,108,
1293,259,1591,14893,100,38,2110,39,2164,3,2,1,0,0,0,0,259,
1294,320,2075,20484,124,58,3191,58,3191,7,4,0,0,0,0,0,320,
1295,90,580,5889,15,5,115,5,115,0,0,0,0,0,0,0,90,
1296,118,777,7374,39,14,617,14,617,2,1,0,0,0,0,0,118,
1297,159,1044,9816,72,24,1333,24,1333,5,3,1,0,0,0,0,159,
1298,115,767,6981,36,10,527,10,527,4,1,0,0,0,0,0,115,
1299,128,813,7917,43,8,508,10,612,4,3,1,0,0,0,0,128,
1300,123,840,7369,51,11,741,14,821,7,4,2,0,0,0,0,123,
1301,370,2218,20944,134,54,3898,54,3898,7,5,1,0,0,0,0,370,
1302,145,922,9133,31,9,496,9,496,3,2,0,0,0,0,0,145,
1303,154,1000,9507,72,18,1158,18,1263,7,5,1,0,0,0,0,154,
1304,72,577,5242,23,3,132,3,132,3,1,0,0,0,0,0,72,
1305,421,2634,27681,150,113,4245,114,4327,5,2,1,0,0,0,0,421,
1306,289,1826,18041,104,52,2715,52,2715,6,3,0,0,0,0,0,289,
1307,3000,13494,144693,1301,884,59958,886,60023,4,4,1,0,0,0,0,3000,
1308,174,1168,9927,75,17,1240,18,1262,5,1,1,0,0,0,0,174,
1309,204,1319,11176,77,32,1822,32,1822,4,2,0,0,0,0,0,204,
1310,213,1421,13632,86,36,1806,38,1881,3,3,1,0,0,0,0,213,
1311,97,651,6163,49,5,210,6,251,1,1,1,0,0,0,0,97,
1312,185,1231,11893,63,38,1582,38,1582,3,0,0,0,0,0,0,185,
1313,3000,13382,145468,1081,684,39134,686,39172,7,5,3,0,0,0,0,3000,
1314,195,1358,10238,157,29,1567,31,1631,3,2,1,0,0,0,0,195,
1315,216,1353,12863,85,38,2010,38,2010,5,2,0,0,0,0,0,216,
1316,227,1229,11099,67,27,1433,27,1469,2,2,0,0,0,0,0,227,
1317,98,672,6701,31,9,369,9,369,2,1,0,0,0,0,0,98,
1318,197,1305,12903,70,30,1490,30,1490,7,3,0,0,0,0,0,197,
1319,3000,12270,146544,951,707,40778,707,40778,2,0,0,0,0,0,0,3000,
1320,191,1159,9352,61,22,1356,22,1317,4,3,0,0,0,0,0,191,
1321,3000,14191,151999,1210,923,59255,923,59255,0,0,0,0,0,0,0,3000,
1322,393,2679,24118,199,99,4701,99,4701,3,1,0,0,0,0,0,393,
1323,3000,13528,159781,1077,1050,43583,1051,43614,3,2,1,0,0,0,0,3000,
1324,232,1638,13798,117,33,2194,34,2216,8,3,1,0,0,0,0,232,
1325,464,2682,25390,238,106,8481,108,8524,6,3,1,0,0,0,0,464,
1326,130,995,7816,85,18,915,19,942,4,3,1,0,0,0,0,130,
1327,139,808,7808,29,7,309,9,345,4,3,1,0,0,0,0,139,
1328,403,2539,27024,131,115,4314,115,4314,2,1,0,0,0,0,0,403,
1329,178,1264,11867,69,37,1436,37,1436,4,3,1,0,0,0,0,178,
1330,181,1026,9794,51,20,1029,20,1029,4,2,0,0,0,0,0,181,
1331,126,846,8138,47,19,687,19,687,2,1,0,0,0,0,0,126,
1332,233,1468,13462,93,33,2049,33,2049,8,2,0,0,0,0,0,233,
1333,496,2848,29329,194,58,4059,61,4243,14,8,3,0,0,0,0,496,
1334,154,1085,9610,55,27,1384,27,1384,3,0,0,0,0,0,0,154,
1335,3000,14591,139845,2133,1028,179853,1028,179853,10,4,0,0,0,0,0,3000,
1336,161,1234,9903,69,17,975,17,975,7,2,0,0,0,0,0,161,
1337,232,1404,12971,76,27,2010,27,2010,7,1,0,0,0,0,0,232,
1338,350,2154,20751,151,57,3193,59,3239,8,3,1,0,0,0,0,350,
1339,3000,13948,146513,1116,747,42948,747,42948,3,1,0,0,0,0,0,3000,
1340,3000,14783,141171,1570,1044,60014,1044,60014,8,4,1,0,0,0,0,3000,
1341,328,2041,19481,122,71,3632,71,3632,3,0,0,0,0,0,0,328,
1342,416,2592,23467,149,78,4556,78,4556,6,2,0,0,0,0,0,416,
1343,230,1526,14353,92,26,1877,28,1911,8,3,2,0,0,0,0,230,
1344,285,1697,15331,111,38,2790,38,2768,8,5,1,0,0,0,0,285,
1345,105,646,5873,19,5,148,5,148,1,0,0,0,0,0,0,105,
1346,3000,14428,139845,1416,1081,58350,1081,58350,2,2,0,0,0,0,0,3000,
1347,3000,13204,142268,1289,924,57189,924,57189,3,1,0,0,0,0,0,3000,
1348,390,2570,26608,135,127,3944,127,3944,3,1,0,0,0,0,0,390,
1349,316,2052,17675,141,56,3646,61,3652,6,4,1,0,0,0,0,316,
1350,3000,14222,149849,1455,1083,57028,1083,57028,0,0,0,0,0,0,0,3000,
1351,78,700,5610,36,6,273,6,273,4,3,0,0,0,0,0,78,
1352,171,1098,9759,60,9,631,12,791,5,3,2,0,0,0,0,171,
1353,3000,14138,141228,1476,1013,60646,1013,60646,5,1,0,0,0,0,0,3000,
1354,181,1368,11337,85,34,1717,34,1717,5,2,0,0,0,0,0,181,
1355,324,2171,20118,143,95,4436,95,4436,3,2,0,0,0,0,0,324,
1356,506,2909,27810,214,127,7171,128,7201,6,5,2,0,0,0,0,506,
1357,120,864,7466,41,14,680,14,680,4,3,0,0,0,0,0,120,
1358,92,620,6140,24,4,283,4,283,2,1,0,0,0,0,0,92,
1359,103,727,6753,35,15,515,15,515,3,2,0,0,0,0,0,103,
1360,153,983,8761,54,14,1076,14,1076,8,4,0,0,0,0,0,153,
1361,281,1725,16666,100,25,1980,32,2307,12,7,3,0,0,0,0,281,
1362,125,858,7613,35,18,680,18,680,4,2,0,0,0,0,0,125,
1363,150,1037,9952,49,26,1158,26,1158,2,1,0,0,0,0,0,150,
1364,206,1283,12547,85,25,1694,27,1768,8,4,1,0,0,0,0,206,
1365,192,1236,11979,74,40,1941,40,1941,3,1,0,0,0,0,0,192,
1366,120,804,7843,40,15,833,15,833,3,3,0,0,0,0,0,120,
1367,197,1396,11869,143,35,1806,36,1970,4,3,1,0,0,0,0,197,
1368,3000,13325,142633,1362,954,65596,954,65596,4,2,0,0,0,0,0,3000,
1369,81,638,5443,30,7,213,8,288,2,2,1,0,0,0,0,81,
1370,293,2015,18139,136,73,3123,75,3210,3,2,1,0,0,0,0,293,
1371,282,1798,16723,113,49,3258,49,3258,6,1,0,0,0,0,0,282,
1372,86,655,5557,28,4,249,4,249,2,1,0,0,0,0,0,86,
1373,480,3036,31943,188,145,5572,146,5684,6,2,1,0,0,0,0,480,
1374,679,3942,36975,251,121,7612,117,7352,8,5,2,0,0,0,0,679,
1375,3000,12960,138564,918,534,39040,534,39040,6,2,0,0,0,0,0,3000,
1376,3000,14295,151625,1201,885,56953,885,56953,2,0,0,0,0,0,0,3000,
1377,349,2224,19432,147,86,4324,86,4324,2,2,0,0,0,0,0,349,
1378,79,606,5420,25,6,187,6,187,2,2,1,0,0,0,0,79,
1379,216,1367,11565,83,36,2768,36,2768,4,1,0,0,0,0,0,216,
1380,311,1629,15174,82,32,2217,33,2241,7,1,1,0,0,0,0,311,
1381,3000,13818,140406,1426,1072,58743,1072,58743,0,0,0,0,0,0,0,3000,
1382,361,2295,21063,123,70,3649,70,3649,1,1,0,0,0,0,0,361,
1383,3000,14600,139265,1458,1069,61669,1069,61669,3,0,0,0,0,0,0,3000,
1384,356,2203,21357,162,101,6248,101,6248,2,1,0,0,0,0,0,356,
1385,177,1113,10400,76,19,1884,21,1990,8,2,1,0,0,0,0,177,
1386,3000,13201,148650,1083,866,47867,866,47867,0,0,0,0,0,0,0,3000,
1387,350,2391,23653,169,103,3720,105,3807,4,3,1,0,0,0,0,350,
1388,3000,13191,153479,1176,1045,70709,1045,70709,0,0,0,0,0,0,0,3000,
1389,355,2264,19867,161,58,3429,60,3505,10,7,1,0,0,0,0,355,
1390,226,1299,10629,70,14,919,14,919,4,2,1,0,0,0,0,226,
1391,3000,13260,146225,1115,808,44262,808,44262,2,2,0,0,0,0,0,3000,
1392,279,1973,17007,128,65,3359,65,3359,4,2,0,0,0,0,0,279,
1393,263,1687,16031,105,40,2407,42,2473,7,3,1,0,0,0,0,263,
1394,181,1079,10524,97,13,887,14,934,9,7,3,0,0,0,0,181,
1395,307,1776,17563,91,45,2306,45,2306,4,2,0,0,0,0,0,307,
1396,249,1583,15437,78,49,1921,49,1921,6,2,0,0,0,0,0,249,
1397,286,1775,17006,114,65,3431,65,3431,2,2,0,0,0,0,0,286,
1398,545,3120,31808,199,72,5966,72,5949,23,7,1,0,0,0,0,545,
1399,136,879,7767,41,11,405,11,405,1,1,0,0,0,0,0,136,
1400,347,2166,20998,139,44,3283,46,3408,15,11,3,0,0,0,0,347,
1401,374,2353,22393,140,86,4252,86,4252,2,2,0,0,0,0,0,374,
1402,175,1184,11262,60,20,1360,20,1360,5,2,1,0,0,0,0,175,
1403,126,855,7739,40,16,856,16,856,2,0,0,0,0,0,0,126,
1404,215,1381,13652,71,37,2049,37,2043,4,2,1,0,0,0,0,215,
1405,192,1054,9954,57,19,1005,19,1005,3,1,0,0,0,0,0,192,
1406,156,970,8236,46,15,795,15,795,3,1,0,0,0,0,0,156,
1407,162,996,8680,53,19,981,19,981,4,1,0,0,0,0,0,162,
1408,243,1527,14584,94,44,2346,46,2458,3,1,1,0,0,0,0,243,
1409,411,2382,25873,162,84,3684,84,3684,11,7,4,0,0,0,0,411,
1410,141,945,9061,39,19,678,19,678,1,1,0,0,0,0,0,141,
1411,121,788,7519,44,8,559,8,559,4,2,1,0,0,0,0,121,
1412,289,1754,17302,108,53,3015,53,3015,3,2,0,0,0,0,0,289,
1413,105,751,6654,56,8,343,9,395,3,2,1,0,0,0,0,105,
1414,135,716,7307,29,4,318,4,318,3,1,0,0,0,0,0,135,
1415,134,885,8090,48,17,857,18,905,5,2,1,0,0,0,0,134,
1416,229,1481,14153,87,50,2260,50,2260,3,1,0,0,0,0,0,229,
1417,123,883,8567,40,17,752,17,752,5,3,0,0,0,0,0,123,
1418,170,991,9630,41,22,778,22,778,0,0,0,0,0,0,0,170,
1419,205,1338,12464,67,32,1744,32,1744,4,2,0,0,0,0,0,205,
1420,156,1042,9564,114,23,1262,23,1245,2,2,0,0,0,0,0,156,
1421,288,1932,19698,114,79,2711,79,2711,3,2,0,0,0,0,0,288,
1422,219,1329,13044,72,34,1712,34,1712,3,1,0,0,0,0,0,219,
1423,359,2251,21321,168,78,4177,79,4228,6,5,1,0,0,0,0,359,
1424,409,2334,23661,121,74,3967,74,3967,8,3,0,0,0,0,0,409,
1425,114,781,7501,32,21,701,21,701,2,0,0,0,0,0,0,114,
1426,231,1527,14406,99,38,2066,40,2102,6,3,1,0,0,0,0,231,
1427,240,1261,12163,77,33,1664,35,1716,5,2,1,0,0,0,0,240,
1428,346,1968,20198,113,65,3647,65,3647,2,0,0,0,0,0,0,346,
1429,168,1064,9722,59,22,1459,23,1493,5,2,1,0,0,0,0,168,
1430,149,828,7875,40,14,633,16,685,3,2,1,0,0,0,0,149,
1431,231,1562,13823,142,34,1978,35,2055,9,6,3,0,0,0,0,231,
1432,154,947,9042,31,7,405,7,405,2,1,0,0,0,0,0,154,
1433,3000,15484,151384,1084,662,37566,662,37566,5,4,0,0,0,0,0,3000,
1434,186,1206,9620,110,25,1359,28,1564,8,4,1,0,0,0,0,186,
1435,379,1965,18719,104,31,2291,32,2332,5,4,1,0,0,0,0,379,
1436,339,2301,22593,200,98,3484,98,3484,5,3,0,0,0,0,0,339,
1437,79,619,5508,28,3,130,3,130,3,2,1,0,0,0,0,79,
1438,477,2815,28776,169,115,5373,115,5373,5,2,0,0,0,0,0,477,
1439,3000,14457,143910,1447,1094,55575,1094,55575,1,0,0,0,0,0,0,3000,
1440,107,848,6909,34,8,421,8,421,3,1,0,0,0,0,0,107,
1441,3000,17125,166720,1242,576,41719,577,43184,26,17,5,0,0,0,0,3000,
1442,141,1017,8828,73,13,535,14,587,4,1,1,0,0,0,0,141,
1443,352,2256,22204,121,68,3343,70,3432,9,6,1,0,0,0,0,352,
1444,411,2484,25907,138,97,3692,98,3735,5,3,1,0,0,0,0,411,
1445,3000,13226,146203,1005,675,39059,675,39059,0,0,0,0,0,0,0,3000,
1446,371,2394,21688,151,78,3966,78,3966,6,0,0,0,0,0,0,371,
1447,275,1691,17384,85,62,2731,62,2731,2,0,0,0,0,0,0,275,
1448,235,1372,13005,81,25,1570,27,1603,5,4,2,0,0,0,0,235,
1449,230,1450,14686,98,42,2091,42,2091,7,3,0,0,0,0,0,230,
1450,376,2080,20265,120,56,2837,56,2837,6,3,1,0,0,0,0,376,
1451,3000,12280,135857,868,479,40429,479,40429,4,3,0,0,0,0,0,3000,
1452,327,2014,19558,143,57,3260,57,3251,5,3,1,0,0,0,0,327,
1453,3000,14236,152816,1226,901,49001,901,49001,3,2,0,0,0,0,0,3000,
1454,153,1160,9534,99,19,917,21,961,4,2,2,0,0,0,0,153,
1455,63,541,4559,16,1,111,1,111,1,0,0,0,0,0,0,63,
1456,3000,13494,145799,950,663,38889,663,38889,1,1,0,0,0,0,0,3000,
1457,549,3154,34242,175,135,5436,135,5429,6,4,1,0,0,0,0,549,
1458,99,768,6333,41,12,456,12,456,3,2,0,0,0,0,0,99,
1459,170,1117,10219,73,21,1117,21,1117,5,1,0,0,0,0,0,170,
1460,84,609,5614,22,5,228,5,228,2,1,0,0,0,0,0,84,
1461,371,2328,22879,149,79,4053,79,4053,9,5,0,0,0,0,0,371,
1462,286,1837,18083,129,69,3507,71,3636,5,4,2,0,0,0,0,286,
1463,273,1724,17335,79,60,2160,60,2160,6,3,1,0,0,0,0,273,
1464,419,2421,23728,157,80,5062,80,5052,9,4,1,0,0,0,0,419,
1465,400,2494,24785,145,83,3741,84,3873,6,4,1,0,0,0,0,400,
1466,98,610,5367,20,3,209,3,209,3,0,0,0,0,0,0,98,
1467,3000,14357,139407,1480,1101,59398,1101,59398,1,1,0,0,0,0,0,3000,
1468,140,1039,8765,56,18,1144,18,1144,3,1,0,0,0,0,0,140,
1469,135,979,8741,53,19,1019,19,1019,3,2,0,0,0,0,0,135,
1470,162,1038,10285,46,17,866,17,866,3,1,0,0,0,0,0,162,
1471,201,1097,9782,44,16,796,16,796,3,1,0,0,0,0,0,201,
1472,326,2060,19890,140,38,3321,41,3295,14,8,2,0,0,0,0,326,
1473,134,931,8478,63,25,1092,25,1092,1,1,0,0,0,0,0,134,
1474,224,1298,13314,68,24,1676,24,1676,6,5,1,0,0,0,0,224,
1475,237,1397,14144,67,15,1482,15,1459,8,4,2,0,0,0,0,237,
1476,3000,17814,193538,1311,989,50265,991,50325,5,3,1,0,0,0,0,3000,
1477,209,1449,12563,114,32,2710,32,2710,3,0,0,0,0,0,0,209,
1478,288,1882,16114,178,41,2675,41,2663,9,4,1,0,0,0,0,288,
1479,201,1316,11832,77,29,1725,29,1725,6,3,0,0,0,0,0,201,
1480,3000,14482,155423,1256,994,60010,994,60010,0,0,0,0,0,0,0,3000,
1481,3000,15172,141046,1630,1055,60231,1055,60231,8,5,0,0,0,0,0,3000,
1482,169,1228,9901,66,21,1270,21,1270,5,2,0,0,0,0,0,169,
1483,515,3369,30272,301,80,4857,83,5085,14,9,3,0,0,0,0,515,
1484,520,3063,29883,191,90,5132,92,5380,11,5,1,0,0,0,0,520,
1485,459,2894,27581,173,92,4857,92,4849,4,2,1,0,0,0,0,459,
1486,374,2395,21518,161,83,4715,83,4715,6,1,0,0,0,0,0,374,
1487,362,2353,23879,133,76,3789,76,3789,7,5,2,0,0,0,0,362,
1488,138,885,8639,38,13,594,13,594,4,1,0,0,0,0,0,138,
1489,3000,13741,151135,1175,903,48647,903,48647,3,2,0,0,0,0,0,3000,
1490,144,972,8575,52,25,928,25,928,1,0,0,0,0,0,0,144,
1491,233,1591,14286,134,47,2769,49,2834,6,3,1,0,0,0,0,233,
1492,111,719,6495,32,9,377,9,377,2,1,0,0,0,0,0,111,
1493,113,816,7698,41,15,603,15,603,3,1,0,0,0,0,0,113,
1494,132,846,7782,30,10,564,10,564,3,2,0,0,0,0,0,132,
1495,120,837,8170,63,12,735,14,862,5,3,2,0,0,0,0,120,
1496,308,1871,18169,99,56,2958,56,2958,3,0,0,0,0,0,0,308,
1497,3000,13845,145301,1078,596,41200,596,41200,4,1,0,0,0,0,0,3000,
1498,123,885,7196,44,12,532,12,532,4,0,0,0,0,0,0,123,
1499,143,933,9075,53,13,799,13,799,6,1,0,0,0,0,0,143,
1500,212,1154,11237,67,37,1614,37,1614,2,2,0,0,0,0,0,212,
1501,153,1029,9230,100,16,755,18,792,5,3,1,0,0,0,0,153,
1502,264,1687,16423,96,50,2404,50,2404,6,2,0,0,0,0,0,264,
1503,126,878,8922,47,12,650,14,694,5,2,1,0,0,0,0,126,
1504,288,1675,16490,89,48,2296,48,2296,6,2,0,0,0,0,0,288,
1505,121,682,6949,22,4,162,4,162,3,2,1,0,0,0,0,121,
1506,189,971,9742,35,25,933,25,933,4,1,0,0,0,0,0,189,
1507,214,1245,12399,52,16,1221,16,1221,6,3,0,0,0,0,0,214,
1508,243,1437,13967,76,29,1628,29,1628,6,2,0,0,0,0,0,243,
1509,206,1094,9837,55,18,1148,18,1148,5,2,0,0,0,0,0,206,
1510,154,1025,8891,67,32,1603,32,1603,4,2,0,0,0,0,0,154,
1511,114,662,7004,12,2,70,2,70,0,0,0,0,0,0,0,114,
1512,107,720,6308,38,9,482,9,482,4,2,0,0,0,0,0,107,
1513,117,772,7653,39,15,629,15,629,3,1,0,0,0,0,0,117,
1514,127,726,7748,23,6,285,6,285,5,3,1,0,0,0,0,127,
1515,135,869,8047,42,18,860,18,860,4,0,0,0,0,0,0,135,
1516,118,780,7494,25,9,487,9,487,2,0,0,0,0,0,0,118,
1517,102,616,6771,24,5,291,5,291,4,1,0,0,0,0,0,102,
1518,147,888,8411,36,16,730,16,730,4,1,0,0,0,0,0,147,
1519,104,614,6618,22,6,221,6,249,3,3,2,0,0,0,0,104,
1520,195,1171,12080,66,28,1772,28,1772,7,3,0,0,0,0,0,195,
1521,104,784,6981,40,12,500,12,500,5,3,0,0,0,0,0,104,
1522,288,1639,16177,140,35,2311,37,2443,11,7,2,0,0,0,0,288,
1523,94,678,6695,29,10,326,10,326,3,2,0,0,0,0,0,94,
1524,155,977,9049,45,24,1019,24,1019,3,0,0,0,0,0,0,155,
1525,137,861,7627,46,12,706,12,706,5,2,0,0,0,0,0,137,
1526,122,637,6390,18,3,147,3,147,3,1,0,0,0,0,0,122,
1527,160,1039,9238,54,16,1361,16,1361,4,2,0,0,0,0,0,160,
1528,132,796,7845,30,11,472,11,472,2,0,0,0,0,0,0,132,
1529,126,865,8620,36,16,678,16,678,4,2,0,0,0,0,0,126,
1530,224,1474,14245,72,36,1851,36,1851,6,2,0,0,0,0,0,224,
1531,160,1032,10302,47,25,1317,25,1317,2,0,0,0,0,0,0,160,
1532,127,816,8261,39,16,858,16,858,3,2,0,0,0,0,0,127,
1533,189,1120,10868,70,25,1215,27,1299,4,3,1,0,0,0,0,189,
1534,226,1451,13764,84,51,2211,51,2211,4,1,0,0,0,0,0,226,
1535,141,940,9904,37,24,966,24,966,3,2,1,0,0,0,0,141,
1536,148,974,9590,38,26,1046,26,1046,3,2,1,0,0,0,0,148,
1537,318,1922,18126,148,43,2950,40,3034,11,6,2,0,0,0,0,318,
1538,308,1866,17880,151,44,2290,47,2512,8,4,3,0,0,0,0,308,
1539,179,1124,11240,67,14,1076,15,1120,7,3,1,0,0,0,0,179,
1540,136,925,8734,45,18,1020,18,1020,3,1,0,0,0,0,0,136,
1541,180,1177,11553,60,37,1363,37,1363,4,3,0,0,0,0,0,180,
1542,90,625,5644,32,9,456,9,485,2,1,0,0,0,0,0,90,
1543,204,1277,12050,112,17,1471,19,1513,8,5,1,0,0,0,0,204,
1544,225,1362,13143,84,34,1800,34,1800,5,3,0,0,0,0,0,225,
1545,128,822,8224,38,12,561,12,761,3,1,0,0,0,0,0,128,
1546,107,734,7346,29,10,379,10,379,4,2,0,0,0,0,0,107,
1547,121,836,8394,39,17,673,17,673,3,2,0,0,0,0,0,121,
1548,147,969,8663,57,17,1176,17,1176,6,2,0,0,0,0,0,147,
1549,158,1053,9549,51,17,1088,18,1119,4,2,1,0,0,0,0,158,
1550,260,1695,15256,209,58,4081,58,4081,6,3,0,0,0,0,0,260,
1551,246,1494,14245,92,31,2691,31,2691,9,3,0,0,0,0,0,246,
1552,129,889,7471,41,17,890,17,890,3,1,0,0,0,0,0,129,
1553,262,1354,14179,91,20,1320,20,1320,6,6,2,0,0,0,0,262,
1554,84,632,5931,25,3,196,3,196,3,1,0,0,0,0,0,84,
1555,107,734,7119,59,8,305,11,494,2,1,1,0,0,0,0,107,
1556,201,1194,11775,58,27,1265,27,1265,3,2,0,0,0,0,0,201,
1557,137,859,8587,71,10,583,10,583,5,4,3,0,0,0,0,137,
1558,151,901,7905,29,7,524,7,524,4,0,0,0,0,0,0,151,
1559,107,736,6888,49,4,296,4,296,4,2,1,0,0,0,0,107,
1560,440,2133,21367,114,41,3229,41,3229,8,4,0,0,0,0,0,440,
1561,151,927,9659,43,22,833,22,833,0,0,0,0,0,0,0,151,
1562,157,868,9501,40,11,693,11,693,4,2,0,0,0,0,0,157,
1563,106,742,6637,47,13,594,16,689,4,1,1,0,0,0,0,106,
1564,235,1428,13272,88,40,3021,40,3021,6,1,0,0,0,0,0,235,
1565,165,1067,9217,57,21,1177,21,1177,6,2,0,0,0,0,0,165,
1566,116,807,7825,69,9,354,9,343,3,2,1,0,0,0,0,116,
1567,206,1080,11107,53,26,895,26,895,3,2,1,0,0,0,0,206,
1568,323,1710,18053,94,32,2478,32,2478,10,4,0,0,0,0,0,323,
1569,121,768,6521,44,13,601,13,601,3,2,0,0,0,0,0,121,
1570,181,1118,11844,52,30,1240,32,1296,3,2,1,0,0,0,0,181,
1571,181,1190,10254,89,34,2403,34,2502,5,1,0,0,0,0,0,181,
1572,168,1160,10257,111,20,1227,23,1415,6,5,3,0,0,0,0,168,
1573,137,933,8531,69,11,716,13,910,4,2,1,0,0,0,0,137,
1574,131,859,8508,55,20,766,21,764,3,2,1,0,0,0,0,131,
1575,153,954,9228,43,13,794,13,794,5,2,0,0,0,0,0,153,
1576,128,883,8564,34,21,818,21,818,3,2,1,0,0,0,0,128,
1577,112,793,7343,39,16,800,16,800,3,1,0,0,0,0,0,112,
1578,123,728,7199,32,10,444,10,444,5,1,0,0,0,0,0,123,
1579,124,827,7777,44,14,679,14,679,5,2,0,0,0,0,0,124,
1580,207,1283,12483,142,32,2017,33,2070,5,3,1,0,0,0,0,207,
1581,248,1498,14333,84,33,2033,33,2033,6,4,0,0,0,0,0,248,
1582,153,1010,9098,53,16,1109,16,1109,6,2,0,0,0,0,0,153,
1583,128,786,7620,40,19,867,19,867,3,1,0,0,0,0,0,128,
1584,161,1003,9972,52,26,1117,26,1117,3,3,0,0,0,0,0,161,
1585,141,964,9395,47,15,972,15,972,5,3,0,0,0,0,0,141,
1586,215,1201,12025,66,24,1329,24,1329,4,2,0,0,0,0,0,215,
1587,238,1374,14247,64,26,1652,26,1652,7,1,0,0,0,0,0,238,
1588,108,773,6597,60,9,301,12,485,2,1,1,0,0,0,0,108,
1589,110,823,7284,42,11,721,11,721,5,3,0,0,0,0,0,110,
1590,143,932,8419,61,10,717,10,717,5,3,1,0,0,0,0,143,
1591,112,784,7291,32,14,616,14,616,3,1,0,0,0,0,0,112,
1592,197,1236,12795,79,35,1900,35,1900,6,3,0,0,0,0,0,197,
1593,186,1084,11203,43,28,1007,28,1007,1,0,0,0,0,0,0,186,
1594,183,1108,11931,85,18,1127,18,1127,6,5,1,0,0,0,0,183,
1595,190,1060,10668,50,26,1181,26,1181,4,3,0,0,0,0,0,190,
1596,98,627,6433,27,5,294,7,400,3,2,1,0,0,0,0,98,
1597,85,574,6245,20,5,267,5,267,3,2,1,0,0,0,0,85,
1598,132,830,8624,38,9,666,9,666,5,2,0,0,0,0,0,132,
1599,161,1007,9711,54,25,1096,25,1096,5,2,0,0,0,0,0,161,
1600,156,992,10312,48,14,1025,15,1123,7,1,1,0,0,0,0,156,
1601,132,693,7244,22,6,269,6,269,3,1,0,0,0,0,0,132,
1602,137,683,7559,18,4,211,4,211,3,1,0,0,0,0,0,137,
1603,174,955,8748,41,16,702,16,702,4,2,0,0,0,0,0,174,
1604,194,1246,12146,67,37,1489,37,1489,4,0,0,0,0,0,0,194,
1605,149,971,8574,53,24,1261,24,1261,4,3,0,0,0,0,0,149,
1606,212,1378,12868,116,31,1243,33,1419,4,4,1,0,0,0,0,212,
1607,163,1007,9642,64,25,1587,25,1587,5,1,0,0,0,0,0,163,
1608,219,1236,12071,116,19,1457,23,1855,8,3,2,0,0,0,0,219,
1609,94,712,6721,48,3,280,3,280,5,2,1,0,0,0,0,94,
1610,123,705,7351,31,7,334,8,392,3,1,1,0,0,0,0,123,
1611,142,790,8452,33,13,531,13,531,2,2,1,0,0,0,0,142,
1612,119,808,7133,38,12,606,12,606,4,3,0,0,0,0,0,119,
1613,290,1737,18080,127,45,3120,47,3130,12,6,2,0,0,0,0,290,
1614,145,930,9500,63,11,577,11,577,3,3,2,0,0,0,0,145,
1615,153,940,9789,41,19,694,19,694,4,2,0,0,0,0,0,153,
1616,111,745,7381,31,11,360,11,360,3,3,2,0,0,0,0,111,
1617,279,1686,16521,123,40,2632,42,2693,10,5,1,0,0,0,0,279,
1618,263,1610,15362,103,51,2635,51,2635,6,4,0,0,0,0,0,263,
1619,152,1030,10879,48,29,1103,29,1103,4,2,1,0,0,0,0,152,
1620,159,1060,10341,56,18,1338,18,1338,5,3,0,0,0,0,0,159,
1621,156,1096,9926,92,24,977,26,1038,5,3,1,0,0,0,0,156,
1622,138,869,8433,50,10,822,10,822,6,2,1,0,0,0,0,138,
1623,150,963,9464,49,22,984,22,984,3,2,0,0,0,0,0,150,
1624,170,1216,9834,131,21,1342,24,1523,4,3,1,0,0,0,0,170,
1625,152,1020,9883,52,26,1006,26,1006,3,1,0,0,0,0,0,152,
1626,219,1234,11519,71,39,1967,39,1967,5,2,0,0,0,0,0,219,
1627,185,1010,9954,50,19,889,18,1001,4,2,1,0,0,0,0,185,
1628,136,807,7513,31,7,489,7,489,5,2,1,0,0,0,0,136,
1629,143,948,8794,52,21,1013,21,1013,3,2,1,0,0,0,0,143,
1630,121,797,7322,36,7,636,7,636,5,2,0,0,0,0,0,121,
1631,200,1076,10676,83,18,621,18,613,4,3,1,0,0,0,0,200,
1632,120,747,6954,30,6,304,6,304,3,1,0,0,0,0,0,120,
1633,136,967,8308,66,17,1072,18,1130,5,1,1,0,0,0,0,136,
1634,150,911,9463,38,14,889,14,889,4,2,0,0,0,0,0,150,
1635,159,953,9203,35,11,685,11,685,4,2,0,0,0,0,0,159,
1636,142,984,9414,89,10,729,10,729,6,2,1,0,0,0,0,142,
1637,129,870,7494,46,30,1316,30,1316,4,2,0,0,0,0,0,129,
1638,199,1104,10690,82,20,1080,20,1080,7,5,2,0,0,0,0,199,
1639,284,1644,15019,101,51,2463,51,2463,3,1,0,0,0,0,0,284,
1640,172,1060,9435,63,29,1482,29,1482,6,1,0,0,0,0,0,172,
1641,123,753,6600,41,17,768,17,837,4,1,0,0,0,0,0,123,
1642,129,788,7935,41,12,737,12,737,4,1,0,0,0,0,0,129,
1643,147,909,9123,47,20,1048,20,1048,3,1,0,0,0,0,0,147,
1644,214,1595,12957,136,35,1759,35,1759,3,3,1,0,0,0,0,214,
1645,154,986,9788,77,28,1263,30,1594,4,3,1,0,0,0,0,154,
1646,131,857,8220,41,15,612,15,612,4,2,0,0,0,0,0,131,
1647,239,1299,12983,73,29,1488,30,1503,3,2,1,0,0,0,0,239,
1648,128,750,6927,33,8,379,8,379,3,2,0,0,0,0,0,128,
1649,161,935,8001,59,21,1046,21,1046,4,2,0,0,0,0,0,161,
1650,145,880,8866,36,13,648,13,648,5,3,1,0,0,0,0,145,
1651,120,844,8473,39,9,669,9,696,5,3,2,0,0,0,0,120,
1652,183,1046,8648,80,15,1058,15,1058,5,3,1,0,0,0,0,183,
1653,158,915,8557,43,21,931,21,931,3,0,0,0,0,0,0,158,
1654,118,790,7604,49,16,879,16,879,5,4,0,0,0,0,0,118,
1655,94,628,5782,25,7,222,7,222,3,0,0,0,0,0,0,94,
1656,189,1101,10521,44,12,740,12,740,5,4,1,0,0,0,0,189,
1657,189,1120,10408,50,19,1172,19,1172,4,0,0,0,0,0,0,189,
1658,119,749,6310,56,4,250,5,306,3,2,2,0,0,0,0,119,
1659,253,1549,15098,82,45,1734,46,1807,5,1,1,0,0,0,0,253,
1660,187,1166,11965,66,29,1489,29,1489,5,2,0,0,0,0,0,187,
1661,113,800,6835,43,16,754,16,754,6,2,0,0,0,0,0,113,
1662,90,658,6794,41,4,184,4,184,3,2,1,0,0,0,0,90,
1663,190,1168,12394,62,41,1608,41,1608,4,3,0,0,0,0,0,190,
1664,113,792,7281,41,11,575,11,575,4,2,0,0,0,0,0,113,
1665,138,769,7254,25,6,355,6,355,6,3,0,0,0,0,0,138,
1666,112,738,7162,34,13,425,13,425,3,0,0,0,0,0,0,112,
1667,154,888,7640,62,9,437,9,500,2,2,1,0,0,0,0,154,
1668,120,878,7829,68,13,682,14,776,3,2,1,0,0,0,0,120,
1669,128,835,8171,39,12,523,12,523,4,3,1,0,0,0,0,128,
1670,157,952,9410,43,8,511,10,547,3,2,1,0,0,0,0,157,
1671,166,1109,10376,63,30,1460,30,1460,4,1,0,0,0,0,0,166,
1672,97,610,6559,17,3,172,3,172,3,2,1,0,0,0,0,97,
1673,184,1100,11187,53,24,1092,24,1079,5,4,2,0,0,0,0,184,
1674,184,1095,9822,52,13,1094,13,1094,7,2,0,0,0,0,0,184,
1675,156,892,8885,34,13,533,13,533,3,2,1,0,0,0,0,156,
1676,90,656,5694,30,10,445,10,484,2,1,0,0,0,0,0,90,
1677,557,3147,29466,232,52,4519,54,4533,16,9,3,0,0,0,0,557,
1678,170,1235,11063,92,21,1423,21,1423,8,5,3,0,0,0,0,170,
1679,183,1155,11557,60,28,1362,28,1362,4,4,0,0,0,0,0,183,
1680,144,1017,9454,67,18,940,19,1026,3,1,1,0,0,0,0,144,
1681,177,1204,10992,107,27,1311,29,1504,4,4,1,0,0,0,0,177,
1682,461,1743,18510,69,35,1539,35,1539,2,0,0,0,0,0,0,461,
1683,141,943,9016,54,24,1384,24,1384,5,2,0,0,0,0,0,141,
1684,140,1116,9241,83,22,1018,22,1004,3,2,1,0,0,0,0,140,
1685,91,724,6301,40,10,493,10,493,3,2,0,0,0,0,0,91,
1686,190,1089,10624,57,26,1052,26,1052,3,1,0,0,0,0,0,190,
1687,162,1098,10467,55,14,1156,14,1156,7,3,1,0,0,0,0,162,
1688,109,643,6489,14,3,137,3,137,3,1,0,0,0,0,0,109,
1689,194,1219,12476,101,22,1405,24,1422,8,5,2,0,0,0,0,194,
1690,156,1087,10363,112,26,1061,28,1093,5,3,1,0,0,0,0,156,
1691,248,1583,14627,153,35,2292,36,2152,8,4,1,0,0,0,0,248,
1692,145,961,8897,71,13,783,13,783,5,4,3,0,0,0,0,145,
1693,176,971,9198,45,14,759,15,798,4,4,3,0,0,0,0,176,
1694,211,1049,10523,31,13,585,13,585,2,1,0,0,0,0,0,211,
1695,175,1293,10528,179,23,1563,26,1740,6,6,3,0,0,0,0,175,
1696,165,998,9291,59,20,997,20,997,3,2,1,0,0,0,0,165,
1697,101,561,5842,16,2,127,2,127,2,0,0,0,0,0,0,101,
1698,164,1048,9977,99,16,994,17,921,3,3,1,0,0,0,0,164,
1699,143,941,9965,48,19,873,19,873,5,4,1,0,0,0,0,143,
1700,271,1332,13323,57,27,1159,27,1159,4,2,0,0,0,0,0,271,
1701,156,936,9157,47,23,919,23,919,3,0,0,0,0,0,0,156,
1702,127,815,7989,34,14,692,14,692,6,2,1,0,0,0,0,127,
1703,197,1120,10365,54,17,1149,17,1149,3,1,0,0,0,0,0,197,
1704,120,793,7877,30,12,459,12,459,3,2,1,0,0,0,0,120,
1705,129,793,8158,37,18,773,18,773,5,3,0,0,0,0,0,129,
1706,259,1560,14378,125,27,1786,27,1772,9,4,2,0,0,0,0,259,
1707,110,766,6485,32,9,490,9,490,3,0,0,0,0,0,0,110,
1708,226,1476,14158,145,22,1644,26,1786,7,3,2,0,0,0,0,226,
1709,170,1076,9533,69,19,1093,21,1130,6,3,1,0,0,0,0,170,
1710,178,1087,10166,58,31,1340,31,1340,4,2,0,0,0,0,0,178,
1711,147,891,8695,36,18,619,18,619,4,2,1,0,0,0,0,147,
1712,142,869,8786,47,20,907,20,907,3,0,0,0,0,0,0,142,
1713,179,1075,10251,56,13,926,15,981,5,2,1,0,0,0,0,179,
1714,355,2169,20835,197,42,3178,46,3327,13,9,3,0,0,0,0,355,
1715,211,1393,13324,142,38,1553,42,1694,3,3,1,0,0,0,0,211,
1716,113,743,6899,32,9,410,9,410,3,1,0,0,0,0,0,113,
1717,79,556,6205,20,6,202,6,202,3,1,0,0,0,0,0,79,
1718,109,677,6369,22,4,216,4,216,3,2,1,0,0,0,0,109,
1719,124,757,7310,35,10,501,10,501,3,2,0,0,0,0,0,124,
1720,123,744,8159,34,16,499,16,499,2,1,0,0,0,0,0,123,
1721,134,921,8531,52,15,993,15,993,5,3,0,0,0,0,0,134,
1722,151,1011,9412,69,11,726,14,949,4,3,1,0,0,0,0,151,
1723,132,854,8946,56,15,610,15,610,3,3,1,0,0,0,0,132,
1724,107,661,6868,24,7,277,7,277,3,1,0,0,0,0,0,107,
1725,129,758,7425,29,10,466,10,466,4,2,0,0,0,0,0,129,
1726,225,1161,11636,56,25,1232,25,1220,4,3,1,0,0,0,0,225,
1727,189,1133,10743,59,22,1256,22,1350,5,2,0,0,0,0,0,189,
1728,151,954,8996,48,13,1016,13,1016,4,2,0,0,0,0,0,151,
1729,90,599,6277,19,4,228,4,228,3,2,1,0,0,0,0,90,
1730,241,1378,13355,65,22,1625,22,1625,7,1,0,0,0,0,0,241,
1731,147,941,8939,56,21,1010,23,1026,3,2,1,0,0,0,0,147,
1732,87,563,5074,25,5,252,5,252,4,1,0,0,0,0,0,87,
1733,137,844,8826,43,12,612,14,667,6,5,3,0,0,0,0,137,
1734,112,752,6957,33,11,526,11,526,2,1,0,0,0,0,0,112,
1735,129,800,8022,42,21,686,21,686,3,2,0,0,0,0,0,129,
1736,172,976,9661,58,27,1482,27,1482,4,3,0,0,0,0,0,172,
1737,159,1015,10771,52,35,1066,35,1066,3,1,0,0,0,0,0,159,
1738,201,1230,12665,60,30,1225,30,1225,6,3,0,0,0,0,0,201,
1739,123,775,7362,36,15,643,15,643,2,1,0,0,0,0,0,123,
1740,102,675,7388,23,11,352,11,352,2,2,0,0,0,0,0,102,
1741,171,1150,10976,85,31,1886,31,1886,5,2,0,0,0,0,0,171,
1742,167,827,9254,23,7,299,7,299,3,1,0,0,0,0,0,167,
1743,142,887,9801,49,15,757,16,803,4,1,1,0,0,0,0,142,
1744,175,1062,10757,72,29,1707,29,1707,6,3,0,0,0,0,0,175,
1745,83,588,5832,20,4,150,4,150,4,2,1,0,0,0,0,83,
1746,199,1233,12497,63,28,1457,28,1457,6,2,0,0,0,0,0,199,
1747,105,670,6558,20,3,256,3,256,4,1,0,0,0,0,0,105,
1748,125,647,6072,19,5,248,5,248,3,0,0,0,0,0,0,125,
1749,253,1622,16561,82,45,2308,47,2419,7,5,2,0,0,0,0,253,
1750,255,1627,15605,101,50,2780,50,2780,2,2,0,0,0,0,0,255,
1751,184,1324,10259,129,26,1289,26,1289,5,3,0,0,0,0,0,184,
1752,243,1567,14693,85,43,2228,43,2228,3,1,0,0,0,0,0,243,
1753,351,2210,19408,225,61,4112,74,5634,7,5,2,0,0,0,0,351,
1754,3000,13292,147150,1037,595,40039,595,40031,6,5,1,0,0,0,0,3000,
1755,378,2511,25063,146,105,4185,105,4185,3,1,0,0,0,0,0,378,
1756,248,1528,15284,89,46,1825,46,1825,6,5,1,0,0,0,0,248,
1757,395,2763,23194,335,116,7186,117,7095,8,3,1,0,0,0,0,395,
1758,3000,13907,146359,1123,781,44623,781,44623,1,0,0,0,0,0,0,3000,
1759,189,1363,10698,109,24,1234,27,1671,5,1,1,0,0,0,0,189,
1760,375,2361,24383,132,94,3483,94,3483,3,3,0,0,0,0,0,375,
1761,3000,13963,144156,1075,734,41456,734,41456,5,2,0,0,0,0,0,3000,
1762,204,1378,11582,94,15,1054,16,1084,7,4,2,0,0,0,0,204,
1763,3000,13705,139172,1429,1076,57734,1076,57734,3,1,0,0,0,0,0,3000,
1764,421,2746,26767,190,102,4722,102,4722,10,7,1,0,0,0,0,421,
1765,592,3473,38850,190,172,6778,172,6778,6,3,0,0,0,0,0,592,
1766,186,1091,9603,60,20,912,20,912,6,1,0,0,0,0,0,186,
1767,193,1065,10593,85,12,668,12,668,6,5,2,0,0,0,0,193,
1768,243,1327,12836,69,18,1333,18,1333,8,2,1,0,0,0,0,243,
1769,3000,14377,148559,1312,874,59467,874,59467,0,0,0,0,0,0,0,3000,
1770,3000,13616,156436,1171,980,57494,980,57494,1,0,0,0,0,0,0,3000,
1771,3000,15408,146262,1734,823,86799,822,85837,3,2,0,0,0,0,0,3000,
1772,575,3300,31995,206,66,4493,69,4532,17,9,3,0,0,0,0,575,
1773,221,1244,11033,53,17,850,17,850,5,3,0,0,0,0,0,221,
1774,172,1192,11359,127,27,1461,27,1461,4,3,0,0,0,0,0,172,
1775,3000,14007,143284,1103,755,45034,755,45034,3,2,1,0,0,0,0,3000,
1776,3000,13681,144021,1012,690,39822,690,39822,3,2,0,0,0,0,0,3000,
1777,223,1436,13224,79,29,1682,29,1682,5,3,1,0,0,0,0,223,
1778,223,1417,12237,133,26,1219,27,1382,2,2,1,0,0,0,0,223,
1779,268,1580,14866,112,47,4195,47,4195,7,3,3,0,0,0,0,268,
1780,262,1634,14347,120,18,1488,25,1977,9,5,2,0,0,0,0,262,
1781,196,1063,9963,48,13,580,15,628,3,2,1,0,0,0,0,196,
1782,264,1668,15263,108,46,2528,46,2518,5,3,1,0,0,0,0,264,
1783,150,980,9562,59,18,1092,20,1096,6,3,2,0,0,0,0,150,
1784,422,2454,24236,190,102,7241,103,7217,12,6,1,0,0,0,0,422,
1785,138,1016,8266,52,17,1065,17,1065,5,1,0,0,0,0,0,138,
1786,3000,14474,145009,2080,1094,182218,1094,182218,3,2,0,0,0,0,0,3000,
1787,135,960,8354,92,9,506,11,628,4,2,1,0,0,0,0,135,
1788,137,913,7265,51,16,688,16,688,4,1,0,0,0,0,0,137,
1789,192,1286,11356,85,37,2333,37,2333,5,1,0,0,0,0,0,192,
1790,416,2387,24650,147,73,3650,75,3666,4,3,2,0,0,0,0,416,
1791,106,727,6917,31,5,203,5,203,4,2,1,0,0,0,0,106,
1792,177,1073,10234,62,24,1297,24,1297,6,3,0,0,0,0,0,177,
1793,3000,14077,155512,1076,980,43079,980,43079,1,0,0,0,0,0,0,3000,
1794,121,969,7407,136,17,1081,20,1203,4,4,1,0,0,0,0,121,
1795,189,1261,11336,63,25,1304,25,1304,3,1,0,0,0,0,0,189,
1796,497,3073,30591,171,131,5980,131,5980,4,0,0,0,0,0,0,497,
1797,176,1213,11195,72,22,1201,22,1201,6,1,1,0,0,0,0,176,
1798,3000,17282,180687,1278,773,46224,777,46281,10,7,3,0,0,0,0,3000,
1799,124,837,7321,38,10,418,10,418,4,1,0,0,0,0,0,124,
1800,389,2433,23259,195,83,8165,85,8646,14,4,3,0,0,0,0,389,
1801,3000,13712,151299,1129,906,46399,906,46399,0,0,0,0,0,0,0,3000,
1802,171,1081,8818,52,7,735,8,836,7,2,2,0,0,0,0,171,
1803,419,2584,27846,177,118,4749,118,4749,7,2,0,0,0,0,0,419,
1804,128,834,7500,57,8,631,9,676,5,2,1,0,0,0,0,128,
1805,312,1859,18610,131,70,4808,70,4808,3,1,0,0,0,0,0,312,
1806,216,1256,12547,79,25,1285,25,1357,5,4,1,0,0,0,0,216,
1807,156,948,8584,44,15,834,15,834,3,0,0,0,0,0,0,156,
1808,122,857,8399,41,14,704,14,704,4,3,1,0,0,0,0,122,
1809,243,1370,13185,61,31,1284,31,1284,6,2,0,0,0,0,0,243,
1810,239,1505,14426,77,45,1941,45,1941,5,1,0,0,0,0,0,239,
1811,325,2092,19617,202,36,2786,47,3625,10,3,3,0,0,0,0,325,
1812,229,1337,12715,64,19,1049,21,1086,5,3,1,0,0,0,0,229,
1813,174,1153,10610,87,27,1749,29,1835,7,4,2,0,0,0,0,174,
1814,342,1770,17223,90,57,2077,57,2112,5,2,0,0,0,0,0,342,
1815,104,740,7036,37,5,338,13,846,3,3,2,0,0,0,0,104,
1816,3000,15501,151934,1190,867,43450,867,43429,5,4,0,0,0,0,0,3000,
1817,3000,13117,153814,1074,951,56410,951,56410,1,1,0,0,0,0,0,3000,
1818,195,1192,9121,62,15,995,15,995,5,3,0,0,0,0,0,195,
1819,123,738,7212,30,6,441,6,441,3,1,0,0,0,0,0,123,
1820,3000,13719,151224,1044,807,43449,809,43464,3,2,1,0,0,0,0,3000,
1821,469,2760,27664,280,62,4536,64,4599,14,11,3,0,0,0,0,469,
1822,3000,13051,158462,996,1029,47794,1029,47794,0,0,0,0,0,0,0,3000,
1823,186,1352,12061,152,38,1633,38,1633,3,2,0,0,0,0,0,186,
1824,517,2998,29056,180,70,4667,74,4934,9,3,2,0,0,0,0,517,
1825,3000,14044,144705,1202,784,48732,784,48732,0,0,0,0,0,0,0,3000,
1826,114,821,7666,36,8,372,8,372,3,2,0,0,0,0,0,114,
1827,258,1828,15410,204,45,2670,48,2785,9,4,2,0,0,0,0,258,
1828,3000,14346,145101,1471,1044,54898,1044,54898,1,1,0,0,0,0,0,3000,
1829,160,1313,11436,97,23,1132,23,1132,6,3,0,0,0,0,0,160,
1830,3000,15394,142930,2696,1115,313638,1115,313638,2,2,0,0,0,0,0,3000,
1831,130,1044,8399,76,9,420,9,420,4,3,1,0,0,0,0,130,
1832,175,1036,9864,64,22,1309,24,1588,5,3,2,0,0,0,0,175,
1833,224,1379,12974,73,24,1450,25,1510,6,2,1,0,0,0,0,224,
1834,3000,14508,141577,2195,1123,176309,1123,176309,3,1,0,0,0,0,0,3000,
1835,309,2163,17588,149,47,2056,47,2056,6,3,1,0,0,0,0,309,
1836,231,1447,13450,83,26,1767,26,1767,8,5,0,0,0,0,0,231,
1837,3000,13507,145727,1455,816,44419,816,44419,2,2,0,0,0,0,0,3000,
1838,3000,13293,157654,1094,1018,57325,1018,57325,0,0,0,0,0,0,0,3000,
1839,122,968,7837,59,7,482,7,482,5,2,1,0,0,0,0,122,
1840,3000,14546,146798,1342,777,46477,777,46477,9,2,0,0,0,0,0,3000,
1841,421,2835,26117,191,104,5185,104,5185,5,0,0,0,0,0,0,421,
1842,292,1768,16972,103,39,2098,40,2152,6,5,3,0,0,0,0,292,
1843,99,722,6730,42,9,431,9,431,3,0,0,0,0,0,0,99,
1844,398,2590,23123,224,80,4935,79,4898,6,5,1,0,0,0,0,398,
1845,140,905,8850,47,14,708,14,708,4,1,0,0,0,0,0,140,
1846,142,887,7850,40,12,644,12,644,5,3,0,0,0,0,0,142,
1847,219,1160,11761,63,21,1240,22,1258,6,3,1,0,0,0,0,219,
1848,236,1527,15677,83,60,2128,60,2128,4,3,0,0,0,0,0,236,
1849,467,2574,28017,118,107,3324,107,3324,4,1,0,0,0,0,0,467,
1850,196,1157,11371,61,23,1609,25,1725,8,4,2,0,0,0,0,196,
1851,404,2378,24011,171,74,4625,74,4625,12,7,2,0,0,0,0,404,
1852,3000,13524,152956,1461,1055,87323,1055,87323,0,0,0,0,0,0,0,3000,
1853,122,867,7418,38,8,335,8,335,4,2,0,0,0,0,0,122,
1854,121,884,6908,41,14,657,14,657,3,1,0,0,0,0,0,121,
1855,112,854,7969,55,19,729,20,776,5,3,2,0,0,0,0,112,
1856,484,2911,28750,212,95,5547,108,6359,8,5,2,0,0,0,0,484,
1857,141,982,8391,45,14,694,14,694,4,0,0,0,0,0,0,141,
1858,282,1645,15483,97,36,2329,36,2329,11,3,0,0,0,0,0,282,
1859,326,2001,18174,112,63,3617,63,3617,4,1,0,0,0,0,0,326,
1860,394,2666,23683,203,90,4371,90,4371,4,2,0,0,0,0,0,394,
1861,140,1024,9791,60,13,930,15,957,5,3,1,0,0,0,0,140,
1862,238,1611,14918,197,40,2868,39,2800,9,5,1,0,0,0,0,238,
1863,3000,13870,141078,1876,952,140881,952,140881,6,2,0,0,0,0,0,3000,
1864,387,2555,23416,316,60,4024,63,4364,17,9,3,0,0,0,0,387,
1865,145,1015,8528,89,19,986,20,1150,6,2,1,0,0,0,0,145,
1866,131,907,8232,94,8,449,9,528,5,2,2,0,0,0,0,131,
1867,3000,13939,147458,1117,768,42549,771,42682,7,4,2,0,0,0,0,3000,
1868,474,3436,26517,393,130,8287,129,8208,8,3,0,0,0,0,0,474,
1869,551,3634,33864,365,154,7769,155,7803,6,4,3,0,0,0,0,551,
1870,394,2528,22705,175,52,4246,53,4317,14,8,1,0,0,0,0,394,
1871,243,1389,14217,66,48,1684,48,1684,4,1,0,0,0,0,0,243,
1872,129,777,7170,32,6,252,6,252,5,2,0,0,0,0,0,129,
1873,173,933,8868,40,8,330,10,396,4,2,1,0,0,0,0,173,
1874,251,1486,13988,83,32,2294,32,2294,4,0,0,0,0,0,0,251,
1875,3000,14245,153338,1228,894,56411,898,56456,6,3,2,0,0,0,0,3000,
1876,172,1045,9097,64,21,1081,21,1081,4,2,0,0,0,0,0,172,
1877,133,911,8011,37,8,421,8,421,5,2,0,0,0,0,0,133,
1878,553,3401,31878,243,106,6164,106,6142,13,9,3,0,0,0,0,553,
1879,427,2463,26230,125,81,3474,81,3474,5,2,0,0,0,0,0,427,
1880,426,2482,22136,151,65,4318,66,4332,12,3,1,0,0,0,0,426,
1881,330,1598,16128,79,38,2130,38,2130,2,1,0,0,0,0,0,330,
1882,146,986,9500,63,14,714,15,871,7,4,2,0,0,0,0,146,
1883,156,989,8370,56,17,829,17,829,4,1,1,0,0,0,0,156,
1884,3000,14179,146819,1247,805,44113,805,44113,2,2,0,0,0,0,0,3000,
1885,251,1353,11821,108,14,1055,16,1207,7,4,2,0,0,0,0,251,
1886,384,2336,21630,129,46,2928,46,2928,11,8,0,0,0,0,0,384,
1887,160,902,8346,36,11,459,11,459,3,1,0,0,0,0,0,160,
1888,170,1228,10781,115,24,1164,24,1164,6,3,0,0,0,0,0,170,
1889,344,1867,19024,107,59,3145,59,3145,3,1,0,0,0,0,0,344,
1890,526,3374,35443,204,161,6435,161,6435,5,4,1,0,0,0,0,526,
1891,427,2639,26539,167,96,4292,98,4326,4,3,1,0,0,0,0,427,
1892,3000,14325,154049,1203,927,58203,927,58203,3,3,0,0,0,0,0,3000,
1893,3000,12053,139825,918,501,39268,501,39268,4,3,0,0,0,0,0,3000,
1894,158,1163,8975,72,31,1824,31,1824,3,0,0,0,0,0,0,158,
1895,382,2358,21759,178,76,4264,76,4302,5,2,1,0,0,0,0,382,
1896,441,2923,25322,210,104,6221,103,6232,7,3,0,0,0,0,0,441,
1897,3000,12935,139807,968,578,39919,578,39919,4,2,0,0,0,0,0,3000,
1898,120,913,6758,39,7,361,7,361,3,1,0,0,0,0,0,120,
1899,313,1838,18710,125,47,3168,48,3213,10,5,2,0,0,0,0,313,
1900,3000,14878,140088,1585,1012,56947,1005,57118,4,2,2,0,0,0,0,3000,
1901,92,754,6598,37,5,211,7,317,3,1,1,0,0,0,0,92,
1902,283,1954,17576,187,51,2414,53,2521,7,4,1,0,0,0,0,283,
1903,307,1931,17747,137,49,4050,49,4050,8,5,0,0,0,0,0,307,
1904,248,1390,13052,89,22,1364,27,1530,9,6,4,0,0,0,0,248,
1905,97,661,6847,28,4,179,4,179,3,2,1,0,0,0,0,97,
1906,246,1389,13003,64,23,1254,23,1254,7,3,0,0,0,0,0,246,
1907,325,2004,20872,114,89,3119,89,3119,3,0,0,0,0,0,0,325,
1908,3000,13527,148392,1057,793,42740,793,42740,2,0,0,0,0,0,0,3000,
1909,111,884,6790,86,10,520,10,520,3,1,0,0,0,0,0,111,
1910,211,1314,12361,62,28,1227,28,1227,3,2,0,0,0,0,0,211,
1911,396,2310,23254,198,99,5598,102,5656,8,4,2,0,0,0,0,396,
1912,137,939,8493,45,16,794,16,794,3,1,0,0,0,0,0,137,
1913,179,966,9379,43,21,1016,21,1016,3,1,0,0,0,0,0,179,
1914,3000,14083,152675,1138,887,57226,891,57344,4,2,2,0,0,0,0,3000,
1915,3000,14383,146490,1385,1043,52566,1043,52566,2,2,0,0,0,0,0,3000,
1916,152,1187,10427,60,12,1007,13,1098,8,6,2,0,0,0,0,152,
1917,341,2222,22110,134,83,3682,83,3682,6,3,0,0,0,0,0,341,
1918,3000,13288,155567,1128,990,60024,990,60024,2,1,0,0,0,0,0,3000,
1919,161,1218,10489,90,19,1144,19,1144,5,4,1,0,0,0,0,161,
1920,160,1135,10516,63,24,1320,24,1320,4,2,0,0,0,0,0,160,
1921,535,3148,30976,204,57,4742,61,4932,15,7,2,0,0,0,0,535,
1922,615,3788,38408,291,159,7395,159,7395,4,1,0,0,0,0,0,615,
1923,3000,13975,161623,1100,1032,43037,1032,43037,1,1,0,0,0,0,0,3000,
1924,319,2079,19944,133,46,3007,48,3060,5,2,1,0,0,0,0,319,
1925,284,1579,16526,97,34,1854,36,1923,8,2,1,0,0,0,0,284,
1926,311,1823,15505,152,51,6048,51,6139,9,3,0,0,0,0,0,311,
1927,429,2638,25607,164,97,4853,97,4853,5,2,0,0,0,0,0,429,
1928,296,1913,19335,126,62,3016,62,3016,8,5,0,0,0,0,0,296,
1929,362,2265,21968,123,75,4212,75,4212,5,2,0,0,0,0,0,362,
1930,291,1663,19057,91,57,2263,59,2293,5,3,1,0,0,0,0,291,
1931,135,971,9366,43,25,944,25,944,3,1,0,0,0,0,0,135,
1932,468,2790,26447,227,80,4998,84,4922,7,5,2,0,0,0,0,468,
1933,249,1203,12030,46,14,687,14,671,2,2,1,0,0,0,0,249,
1934,107,767,7685,30,8,337,8,322,3,3,2,0,0,0,0,107,
1935,3000,13053,142071,975,663,38893,663,38893,4,1,1,0,0,0,0,3000,
1936,273,1962,16770,194,45,2863,48,2877,9,6,1,0,0,0,0,273,
1937,538,3074,31293,254,70,5613,71,5668,17,12,3,0,0,0,0,538,
1938,164,1159,10193,69,17,1099,17,1099,7,4,0,0,0,0,0,164,
1939,181,1141,11403,59,29,1437,29,1437,4,1,0,0,0,0,0,181,
1940,193,1202,12066,61,27,1151,27,1151,4,3,0,0,0,0,0,193,
1941,226,1392,13148,101,38,2963,38,2963,4,2,0,0,0,0,0,226,
1942,361,2210,22616,108,75,3286,75,3286,5,0,0,0,0,0,0,361,
1943,169,1082,10245,80,15,873,17,962,8,4,2,0,0,0,0,169,
1944,509,2949,28818,223,86,7627,88,7711,14,7,1,0,0,0,0,509,
1945,228,1538,13963,87,40,2082,40,2082,4,1,0,0,0,0,0,228,
1946,229,1547,12076,210,45,3713,46,3919,7,4,0,0,0,0,0,229,
1947,393,2383,25907,152,107,5108,107,5108,5,2,0,0,0,0,0,393,
1948,339,2176,21658,140,76,3490,77,3522,5,3,1,0,0,0,0,339,
1949,153,909,7844,50,9,523,9,523,6,2,1,0,0,0,0,153,
1950,252,1635,16275,90,44,2257,44,2257,3,2,0,0,0,0,0,252,
1951,3000,14623,144508,1468,1085,54416,1085,54416,0,0,0,0,0,0,0,3000,
1952,279,1886,16978,100,35,2202,35,2202,5,3,0,0,0,0,0,279,
1953,120,737,7353,23,4,164,4,164,2,2,1,0,0,0,0,120,
1954,3000,13346,139261,1165,495,38899,496,38990,8,4,1,0,0,0,0,3000,
1955,531,3673,31415,387,123,6856,125,6928,11,7,1,0,0,0,0,531,
1956,140,1022,9076,89,17,685,17,685,3,2,1,0,0,0,0,140,
1957,151,1044,8453,114,11,882,11,882,7,5,2,0,0,0,0,151,
1958,343,2074,19845,128,57,3357,57,3357,8,1,0,0,0,0,0,343,
1959,3000,14030,146796,1191,789,48751,789,48751,5,4,0,0,0,0,0,3000,
1960,643,4233,36202,383,86,7471,89,7543,19,10,4,0,0,0,0,643,
1961,132,930,8211,55,21,1057,21,1057,4,2,0,0,0,0,0,132,
1962,521,3241,32666,204,115,5639,116,5759,9,3,1,0,0,0,0,521,
1963,197,984,8640,57,15,708,16,713,5,3,1,0,0,0,0,197,
1964,117,724,7345,33,13,404,13,404,3,2,0,0,0,0,0,117,
1965,157,895,8593,48,14,629,14,629,5,1,0,0,0,0,0,157,
1966,385,2281,21258,156,88,4543,89,4597,5,1,1,0,0,0,0,385,
1967,369,2266,21768,129,64,3656,64,3656,8,4,0,0,0,0,0,369,
1968,3000,13895,150526,1150,878,49404,878,49404,0,0,0,0,0,0,0,3000,
1969,3000,15012,144958,1440,1046,52658,1046,52658,4,2,1,0,0,0,0,3000,
1970,341,2258,21508,107,85,3039,85,3039,2,0,0,0,0,0,0,341,
1971,173,1145,11159,77,35,1910,35,1910,3,2,0,0,0,0,0,173,
1972,3000,13168,143144,990,573,36790,573,36790,5,1,0,0,0,0,0,3000,
1973,336,2166,21671,135,90,4054,90,4054,5,2,0,0,0,0,0,336,
1974,202,1291,11939,68,23,1266,23,1266,6,2,0,0,0,0,0,202,
1975,3000,14252,140588,2150,974,172251,974,172251,5,1,0,0,0,0,0,3000,
1976,181,1424,11149,96,41,1921,41,1921,3,2,0,0,0,0,0,181,
1977,291,1571,14923,179,49,2754,56,3076,3,1,1,0,0,0,0,291,
1978,222,1463,12169,115,34,2321,35,2409,6,3,1,0,0,0,0,222,
1979,178,1219,11498,121,22,1324,24,1380,7,5,3,0,0,0,0,178,
1980,486,2639,27394,165,74,4007,76,4201,8,3,1,0,0,0,0,486,
1981,361,2108,21405,114,71,3409,71,3409,4,2,0,0,0,0,0,361,
1982,168,1161,10137,102,26,1385,27,1480,2,2,1,0,0,0,0,168,
1983,263,1649,14428,136,40,2117,42,2195,8,5,2,0,0,0,0,263,
1984,86,635,5873,25,7,179,7,179,3,2,1,0,0,0,0,86,
1985,180,1027,10105,77,21,951,26,1341,5,3,2,0,0,0,0,180,
1986,3000,14492,141615,2287,1099,147949,1099,147949,5,4,0,0,0,0,0,3000,
1987,99,764,6129,41,8,377,8,377,4,1,0,0,0,0,0,99,
1988,177,1212,10199,64,19,1153,19,1153,5,3,0,0,0,0,0,177,
1989,194,1304,11133,75,23,1377,23,1356,7,3,1,0,0,0,0,194,
1990,278,1743,16805,107,48,2680,48,2680,9,4,0,0,0,0,0,278,
1991,161,999,9534,54,24,1199,24,1199,3,2,0,0,0,0,0,161,
1992,102,679,6745,29,6,258,8,433,3,1,1,0,0,0,0,102,
1993,146,899,8174,46,8,735,8,735,5,0,0,0,0,0,0,146,
1994,184,1057,10440,62,17,1209,17,1209,5,2,0,0,0,0,0,184,
1995,3000,14117,153626,1201,963,58779,963,58779,0,0,0,0,0,0,0,3000,
1996,3000,14205,158271,1127,1035,49715,1035,49715,0,0,0,0,0,0,0,3000,
1997,129,953,7973,85,6,251,6,251,4,3,2,0,0,0,0,129,
1998,388,2862,24129,300,98,5364,99,5416,8,5,2,0,0,0,0,388,
1999,108,804,7578,38,7,414,7,414,4,3,1,0,0,0,0,108,
2000,229,1534,14559,100,36,2055,39,2187,7,4,1,0,0,0,0,229,
