run_id,steps,wall_us,ops,solver_us,pivots,solver_work,exact_pivots,exact_work,comparisons,flips_drawn,flips_refused,certified,certificate_failures,false_witnesses,cost_units,run_units,left_to_concrete,conceded
1,156,1143,7757,60,33,1629,0,0,2,0,0,0,0,0,41.57427,201.682,0,
2,61,494,4774,13,5,89,0,0,1,1,0,0,0,0,5.8840699999999995,124.124,0,
3,242,1382,14956,37,35,2193,0,0,6,4,1,0,0,0,45.317589999999996,388.856,0,
4,128,773,7170,9,10,639,0,0,2,0,0,0,0,0,12.980569999999998,186.42,0,
5,171,929,9954,14,35,1594,0,0,2,1,0,0,0,0,43.742219999999996,258.804,0,
6,115,698,7433,8,19,808,0,0,4,2,0,0,0,0,23.595039999999997,193.25799999999998,0,
7,170,992,10950,18,42,1809,0,0,2,1,0,0,0,0,52.21766999999999,284.7,0,
8,76,497,4626,7,8,300,0,0,3,1,0,0,0,0,9.828999999999999,120.276,0,
9,125,701,6665,11,18,901,0,0,4,1,0,0,0,0,22.709629999999997,173.29,0,
10,135,782,8251,24,22,1063,0,0,4,2,1,0,0,0,27.65569,214.52599999999998,0,
11,178,953,10605,6,21,1064,0,0,2,1,0,0,0,0,26.528319999999997,275.72999999999996,0,
12,78,517,5392,4,7,282,0,0,2,2,1,0,0,0,8.65166,140.192,0,
13,86,459,5386,2,2,78,0,0,0,0,0,0,0,0,2.46514,140.036,0,
14,185,1042,11213,12,39,1573,0,0,5,4,1,0,0,0,48.20698999999999,291.538,0,
15,129,743,7551,6,15,868,0,0,4,1,0,0,0,0,19.23284,196.326,0,
16,178,977,11400,8,33,1478,0,0,4,2,0,0,0,0,41.17714,296.4,0,
17,197,1023,11544,9,19,1262,0,0,4,2,0,0,0,0,24.78906,300.144,0,
18,74,515,4895,8,9,540,0,0,3,1,0,0,0,0,11.590199999999998,127.27,0,
19,202,997,10577,22,37,2175,0,0,2,1,1,0,0,0,47.530249999999995,275.002,0,
20,119,691,7450,8,16,781,0,0,5,1,0,0,0,0,20.13403,193.7,0,
21,217,1394,12797,49,25,1284,0,0,7,3,0,0,0,0,31.62692,332.722,0,
22,100,583,4958,11,9,311,0,0,2,1,0,0,0,0,10.987929999999999,128.908,0,
23,148,836,9315,26,7,684,0,0,4,2,1,0,0,0,9.708919999999999,242.19,0,
24,87,591,5140,11,14,490,0,0,3,1,0,0,0,0,17.1087,133.64,0,
25,140,770,8324,11,14,702,0,0,3,1,0,0,0,0,17.666259999999998,216.42399999999998,0,
26,77,463,3924,9,8,261,0,0,2,1,0,0,0,0,9.726429999999999,102.024,0,
27,119,592,6176,6,8,401,0,0,3,1,0,0,0,0,10.094629999999999,160.576,0,
28,116,665,6992,4,19,717,0,0,2,1,0,0,0,0,23.35571,181.792,0,
29,84,554,5051,7,9,437,0,0,3,2,0,0,0,0,11.319309999999998,131.326,0,
30,107,649,6626,9,13,770,0,0,3,2,0,0,0,0,16.7151,172.27599999999998,0,
31,148,728,7299,8,10,867,0,0,3,2,0,0,0,0,13.58021,189.774,0,
32,242,1177,13320,38,31,1508,0,0,8,6,1,0,0,0,38.996039999999994,346.32,0,
33,111,632,5929,7,7,344,0,0,2,1,0,0,0,0,8.81472,154.154,0,
34,91,560,5467,9,12,507,0,0,4,2,0,0,0,0,14.89341,142.142,0,
35,98,557,5100,6,17,611,0,0,3,0,0,0,0,0,20.816929999999996,132.6,0,
36,95,529,5812,4,4,169,0,0,1,1,0,0,0,0,4.9644699999999995,151.112,0,
37,108,600,6434,4,9,415,0,0,2,2,0,0,0,0,11.261449999999998,167.284,0,
38,93,521,5135,5,5,411,0,0,4,1,1,0,0,0,6.730929999999999,133.51,0,
39,120,670,7354,24,11,631,0,0,3,3,1,0,0,0,14.08953,191.20399999999998,0,
40,119,697,7539,7,18,891,0,0,2,2,0,0,0,0,22.683329999999998,196.01399999999998,0,
41,117,630,6890,6,14,594,0,0,2,2,0,0,0,0,17.382219999999997,179.14,0,
42,79,520,4939,7,4,160,0,0,2,1,0,0,0,0,4.940799999999999,128.414,0,
43,123,620,6853,9,9,587,0,0,3,2,1,0,0,0,11.713809999999999,178.178,0,
44,145,832,9200,11,21,1188,0,0,2,1,0,0,0,0,26.854439999999997,239.2,0,
45,86,539,5674,6,9,287,0,0,1,0,0,0,0,0,10.924809999999997,147.524,0,
46,93,527,6063,5,9,220,0,0,1,1,0,0,0,0,10.748599999999998,157.638,0,
47,123,666,7342,9,17,669,0,0,3,3,1,0,0,0,20.969469999999998,190.892,0,
48,123,768,8103,12,23,1033,0,0,4,3,0,0,0,0,28.706789999999998,210.678,0,
49,98,524,5811,6,4,169,0,0,2,2,1,0,0,0,4.9644699999999995,151.08599999999998,0,
50,222,1161,12817,38,28,1914,0,0,7,2,1,0,0,0,36.67382,333.24199999999996,0,
51,221,1136,11714,30,28,2147,0,0,5,4,1,0,0,0,37.286609999999996,304.56399999999996,0,
52,264,1323,15812,11,22,1449,0,0,6,4,1,0,0,0,28.67087,411.11199999999997,0,
53,342,1721,19439,50,44,4141,0,0,9,5,1,0,0,0,60.61083,505.414,0,
54,136,876,8116,17,42,1544,0,0,2,1,0,0,0,0,51.52072,211.016,0,
55,111,630,6334,4,12,477,0,0,2,1,0,0,0,0,14.814509999999999,164.684,0,
56,187,886,9301,11,19,1301,0,0,6,0,0,0,0,0,24.89163,241.826,0,
57,150,795,8376,4,28,1033,0,0,2,0,0,0,0,0,34.35679,217.77599999999998,0,
58,191,823,9522,6,9,722,0,0,7,2,0,0,0,0,12.068859999999997,247.572,0,
59,158,900,9749,14,39,1544,0,0,4,2,0,0,0,0,48.13072,253.474,0,
60,144,811,8860,29,11,764,0,0,6,3,1,0,0,0,14.439319999999999,230.35999999999999,0,
61,133,690,7143,3,14,693,0,0,3,0,0,0,0,0,17.64259,185.718,0,
62,137,720,8123,6,11,681,0,0,4,2,0,0,0,0,14.221029999999999,211.19799999999998,0,
63,76,451,4244,2,2,166,0,0,2,0,0,0,0,0,2.69658,110.344,0,
64,115,655,6941,6,10,556,0,0,2,1,0,0,0,0,12.762279999999999,180.46599999999998,0,
65,170,980,9778,16,28,1672,0,0,6,4,0,0,0,0,36.03736,254.22799999999998,0,
66,130,752,7508,13,15,1105,0,0,3,1,0,0,0,0,19.85615,195.208,0,
67,85,511,5206,7,5,221,0,0,2,1,1,0,0,0,6.231229999999999,135.356,0,
68,136,802,8089,8,10,889,0,0,6,2,0,0,0,0,13.638069999999999,210.314,0,
69,87,555,5262,6,10,497,0,0,3,1,0,0,0,0,12.607109999999999,136.81199999999998,0,
70,169,951,10814,20,21,1553,0,0,6,3,1,0,0,0,27.814389999999996,281.164,0,
71,162,863,9203,21,35,1548,0,0,1,0,0,0,0,0,43.62124,239.278,0,
72,101,582,5678,8,11,447,0,0,1,1,0,0,0,0,13.60561,147.628,0,
73,68,408,4281,3,2,82,0,0,1,0,0,0,0,0,2.47566,111.306,0,
74,94,543,5057,8,17,504,0,0,2,0,0,0,0,0,20.535519999999998,131.482,0,
75,184,1038,11385,39,27,1483,0,0,5,3,1,0,0,0,34.410289999999996,296.01,0,
76,207,1125,11534,22,40,2305,0,0,6,3,0,0,0,0,51.26215,299.884,0,
77,187,1113,11848,25,23,1614,0,0,8,5,1,0,0,0,30.23482,308.048,0,
78,96,582,6182,5,12,493,0,0,2,0,0,0,0,0,14.856589999999999,160.732,0,
79,182,947,9813,8,13,1245,0,0,5,2,0,0,0,0,17.964349999999996,255.13799999999998,0,
80,164,794,8477,7,20,949,0,0,2,2,0,0,0,0,25.095869999999998,220.402,0,
81,114,671,7100,16,12,774,0,0,6,4,1,0,0,0,15.595619999999998,184.6,0,
82,169,892,9113,12,30,1742,0,0,3,0,0,0,0,0,38.48146,236.938,0,
83,225,1136,12998,26,20,1432,0,0,5,2,1,0,0,0,26.366159999999997,337.948,0,
84,260,1374,14972,30,29,2252,0,0,10,5,1,0,0,0,38.69275999999999,389.272,0,
85,98,584,5667,3,10,539,0,0,2,0,0,0,0,0,12.717569999999998,147.34199999999998,0,
86,89,557,6076,4,10,427,0,0,2,2,1,0,0,0,12.42301,157.976,0,
87,99,552,6183,6,9,317,0,0,2,1,0,0,0,0,11.003709999999998,160.75799999999998,0,
88,85,522,5744,14,8,435,0,0,2,2,1,0,0,0,10.18405,149.344,0,
89,110,668,6892,10,17,942,0,0,3,2,0,0,0,0,21.687459999999998,179.19199999999998,0,
90,124,606,6249,5,8,372,0,0,2,1,0,0,0,0,10.01836,162.474,0,
91,220,1105,12588,11,39,2087,0,0,7,3,1,0,0,0,49.558809999999994,327.288,0,
92,102,667,6686,4,13,566,0,0,1,0,0,0,0,0,16.178579999999997,173.83599999999998,0,
93,155,863,8142,18,39,1974,0,0,3,0,0,0,0,0,49.26161999999999,211.69199999999998,0,
94,135,760,7510,6,22,1102,0,0,3,0,0,0,0,0,27.75826,195.26,0,
95,164,941,9485,11,26,1459,0,0,4,1,0,0,0,0,33.217169999999996,246.60999999999999,0,
96,143,802,8898,11,17,1101,0,0,6,2,0,0,0,0,22.105629999999998,231.34799999999998,0,
97,136,678,7124,10,13,740,0,0,3,2,0,0,0,0,16.6362,185.224,0,
98,89,572,5670,5,13,500,0,0,2,1,0,0,0,0,16.005,147.42,0,
99,292,1490,14759,34,53,4283,0,0,4,2,0,0,0,0,71.15428999999999,383.734,0,
100,76,517,4831,4,3,227,0,0,3,0,0,0,0,0,3.9870099999999997,125.606,0,
101,113,652,7736,7,14,492,0,0,1,1,0,0,0,0,17.11396,201.136,0,
102,106,628,6036,24,17,849,0,0,4,3,1,0,0,0,21.44287,156.93599999999998,0,
103,149,758,8002,12,22,996,0,0,3,2,1,0,0,0,27.47948,208.052,0,
104,93,589,6440,7,8,458,0,0,4,2,1,0,0,0,10.244539999999999,167.44,0,
105,90,597,6144,18,13,741,0,0,4,2,1,0,0,0,16.63883,159.744,0,
106,69,493,4818,28,4,167,0,0,3,3,1,0,0,0,4.95921,125.268,0,
107,148,721,7650,10,14,752,0,0,3,1,0,0,0,0,17.797759999999997,198.89999999999998,0,
108,92,576,5686,9,11,490,0,0,4,1,0,0,0,0,13.7187,147.83599999999998,0,
109,70,492,4727,8,6,363,0,0,3,1,0,0,0,0,7.73469,122.902,0,
110,99,457,4385,4,4,203,0,0,3,2,0,0,0,0,5.053889999999999,114.00999999999999,0,
111,143,798,8196,15,27,1277,0,0,3,1,0,0,0,0,33.86851,213.096,0,
112,232,1243,13650,35,48,2075,0,0,4,2,1,0,0,0,59.69725,354.9,0,
113,162,894,8957,14,33,1854,0,0,3,2,1,0,0,0,42.166019999999996,232.88199999999998,0,
114,85,516,5475,3,7,323,0,0,1,1,0,0,0,0,8.75949,142.35,0,
115,119,703,6881,20,23,1243,0,0,4,1,0,0,0,0,29.259089999999997,178.906,0,
116,137,632,6493,29,9,394,0,0,1,1,1,0,0,0,11.206219999999998,168.81799999999998,0,
117,116,680,7064,12,16,767,0,0,4,3,1,0,0,0,20.097209999999997,183.664,0,
118,105,580,6113,8,11,469,0,0,5,4,0,0,0,0,13.66347,158.938,0,
119,107,634,7053,4,15,678,0,0,2,1,0,0,0,0,18.73314,183.378,0,
120,253,1238,13178,26,30,2111,0,0,6,5,0,0,0,0,39.45193,342.628,0,
121,93,574,5997,6,7,339,0,0,5,1,0,0,0,0,8.80157,155.922,0,
122,152,856,9704,12,23,1213,0,0,4,2,1,0,0,0,29.18019,252.304,0,
123,234,1186,13497,11,39,1564,0,0,3,3,0,0,0,0,48.183319999999995,350.92199999999997,0,
124,71,510,4564,14,6,322,0,0,3,3,1,0,0,0,7.626859999999999,118.664,0,
125,100,586,5955,5,11,446,0,0,2,0,0,0,0,0,13.602979999999999,154.82999999999998,0,
126,136,778,8207,8,15,949,0,0,4,3,0,0,0,0,19.44587,213.38199999999998,0,
127,127,741,7773,11,13,681,0,0,3,0,0,0,0,0,16.481029999999997,202.09799999999998,0,
128,168,882,9240,12,19,1087,0,0,6,3,0,0,0,0,24.328809999999997,240.23999999999998,0,
129,162,798,8379,17,12,795,0,0,5,4,2,0,0,0,15.650849999999998,217.85399999999998,0,
130,123,645,6507,7,13,503,0,0,2,0,0,0,0,0,16.01289,169.182,0,
131,120,723,7760,7,20,937,0,0,4,3,0,0,0,0,25.06431,201.76,0,
132,100,549,5560,7,7,362,0,0,3,3,1,0,0,0,8.86206,144.56,0,
133,133,807,8088,8,27,934,0,0,2,1,0,0,0,0,32.96642,210.28799999999998,0,
134,215,1056,10750,50,22,1302,0,0,6,1,0,0,0,0,28.28426,279.5,0,
135,86,539,4845,16,8,643,0,0,4,1,1,0,0,0,10.731089999999998,125.97,0,
136,101,486,5019,3,2,102,0,0,2,0,0,0,0,0,2.52826,130.494,0,
137,85,466,5058,5,6,191,0,0,3,2,0,0,0,0,7.282329999999999,131.50799999999998,0,
138,71,431,4208,6,4,255,0,0,2,1,0,0,0,0,5.19065,109.408,0,
139,107,575,6191,6,9,612,0,0,3,1,0,0,0,0,11.779559999999998,160.96599999999998,0,
140,232,1103,12515,20,20,1343,0,0,8,2,1,0,0,0,26.132089999999998,325.39,0,
141,224,1227,13751,8,33,1666,0,0,5,2,0,0,0,0,41.67158,357.526,0,
142,122,746,7642,6,22,1044,0,0,2,1,0,0,0,0,27.605719999999998,198.69199999999998,0,
143,107,627,6875,8,18,620,0,0,2,1,0,0,0,0,21.970599999999997,178.75,0,
144,101,516,5527,5,7,246,0,0,2,0,0,0,0,0,8.55698,143.702,0,
145,102,483,4758,2,2,101,0,0,2,0,0,0,0,0,2.5256299999999996,123.708,0,
146,215,876,9729,6,10,792,0,0,4,1,0,0,0,0,13.382959999999999,252.95399999999998,0,
147,104,632,6658,20,11,413,0,0,2,1,1,0,0,0,13.51619,173.108,0,
148,127,692,7394,12,11,766,0,0,2,1,0,0,0,0,14.44458,192.244,0,
149,116,738,7795,9,16,921,0,0,4,3,0,0,0,0,20.502229999999997,202.67,0,
150,130,757,8240,9,25,833,0,0,2,1,0,0,0,0,30.440789999999996,214.23999999999998,0,
151,124,691,7715,10,12,891,0,0,4,3,1,0,0,0,15.903329999999999,200.59,0,
152,156,615,6359,4,5,194,0,0,2,1,0,0,0,0,6.16022,165.334,0,
153,128,689,7206,8,18,892,0,0,2,2,0,0,0,0,22.685959999999994,187.356,0,
154,81,504,5269,4,4,256,0,0,3,2,1,0,0,0,5.19328,136.994,0,
155,123,582,6104,5,8,325,0,0,2,1,0,0,0,0,9.894749999999998,158.70399999999998,0,
156,72,448,4670,5,3,252,0,0,2,1,1,0,0,0,4.052759999999999,121.41999999999999,0,
157,95,557,5703,10,8,644,0,0,2,1,0,0,0,0,10.733719999999998,148.278,0,
158,165,926,10317,14,34,1529,0,0,4,2,0,0,0,0,42.441269999999996,268.24199999999996,0,
159,94,549,5859,6,8,273,0,0,3,2,0,0,0,0,9.75799,152.334,0,
160,70,432,4297,4,3,195,0,0,2,0,0,0,0,0,3.90285,111.722,0,
161,122,586,6244,9,10,439,0,0,2,2,0,0,0,0,12.454569999999999,162.344,0,
162,129,573,6300,3,4,199,0,0,2,1,0,0,0,0,5.0433699999999995,163.79999999999998,0,
163,99,547,6093,5,7,272,0,0,3,0,0,0,0,0,8.625359999999999,158.418,0,
164,127,578,6481,3,5,149,0,0,1,1,0,0,0,0,6.041869999999999,168.506,0,
165,105,551,5455,6,5,260,0,0,2,0,0,0,0,0,6.333799999999999,141.82999999999998,0,
166,235,1232,13678,35,37,2777,0,0,6,3,1,0,0,0,49.11351,355.628,0,
167,234,1264,13535,17,24,2125,0,0,8,1,0,0,0,0,32.708749999999995,351.90999999999997,0,
168,107,647,6559,11,10,500,0,0,5,3,0,0,0,0,12.614999999999998,170.534,0,
169,171,851,9482,9,21,928,0,0,3,0,0,0,0,0,26.17064,246.53199999999998,0,
170,215,817,9071,7,5,257,0,0,2,0,0,0,0,0,6.3259099999999995,235.84599999999998,0,
171,158,715,7563,9,10,677,0,0,3,1,0,0,0,0,13.080509999999999,196.63799999999998,0,
172,79,499,5374,7,5,324,0,0,4,2,0,0,0,0,6.50212,139.724,0,
173,111,614,6162,18,12,577,0,0,4,3,1,0,0,0,15.077509999999998,160.212,0,
174,112,660,7017,20,13,860,0,0,4,2,1,0,0,0,16.9518,182.44199999999998,0,
175,86,555,5012,10,14,575,0,0,2,1,0,0,0,0,17.33225,130.31199999999998,0,
176,103,634,6810,5,12,636,0,0,2,1,0,0,0,0,15.232679999999998,177.06,0,
177,74,469,4837,11,5,191,0,0,3,3,1,0,0,0,6.152329999999999,125.762,0,
178,215,1070,11177,10,29,1747,0,0,4,1,0,0,0,0,37.36461,290.602,0,
179,90,539,5339,7,6,259,0,0,3,1,0,0,0,0,7.461169999999999,138.814,0,
180,244,1098,12408,14,29,1785,0,0,7,5,0,0,0,0,37.464549999999996,322.608,0,
181,168,953,9517,15,40,2177,0,0,3,1,0,0,0,0,50.925509999999996,247.44199999999998,0,
182,167,961,10831,13,23,1510,0,0,7,5,0,0,0,0,29.961299999999998,281.606,0,
183,123,609,7005,7,9,289,0,0,1,1,0,0,0,0,10.930069999999999,182.13,0,
184,91,566,5735,7,11,492,0,0,2,0,0,0,0,0,13.72396,149.10999999999999,0,
185,76,470,5216,5,5,254,0,0,3,3,0,0,0,0,6.31802,135.61599999999999,0,
186,97,649,6593,19,14,772,0,0,4,2,1,0,0,0,17.85036,171.41799999999998,0,
187,280,1385,16327,29,32,2792,0,0,6,3,2,0,0,0,43.502959999999995,424.50199999999995,0,
188,165,894,9237,14,19,1043,0,0,2,1,0,0,0,0,24.213089999999998,240.16199999999998,0,
189,72,459,4606,4,5,243,0,0,3,1,0,0,0,0,6.28909,119.756,0,
190,157,868,8600,8,26,1144,0,0,3,1,0,0,0,0,32.38871999999999,223.6,0,
191,93,563,5483,6,10,475,0,0,3,2,0,0,0,0,12.549249999999999,142.558,0,
192,85,514,5022,4,6,298,0,0,1,0,0,0,0,0,7.563739999999999,130.572,0,
193,118,710,6976,14,21,1134,0,0,6,4,0,0,0,0,26.712419999999998,181.376,0,
194,78,452,4154,2,2,166,0,0,3,0,0,0,0,0,2.69658,108.00399999999999,0,
195,174,922,9796,11,23,1218,0,0,4,1,0,0,0,0,29.19334,254.696,0,
196,93,563,5409,3,15,550,0,0,2,0,0,0,0,0,18.3965,140.634,0,
197,100,563,5548,6,7,331,0,0,3,1,0,0,0,0,8.780529999999999,144.248,0,
198,145,773,8567,20,15,846,0,0,8,5,1,0,0,0,19.174979999999998,222.742,0,
199,96,607,6342,4,9,638,0,0,1,1,0,0,0,0,11.847939999999998,164.892,0,
200,130,690,7648,4,12,756,0,0,4,1,0,0,0,0,15.548279999999998,198.84799999999998,0,
201,106,565,5605,4,9,401,0,0,2,0,0,0,0,0,11.224629999999998,145.73,0,
202,165,839,9672,8,9,741,0,0,4,3,1,0,0,0,12.118829999999999,251.47199999999998,0,
203,173,893,10073,6,28,1128,0,0,4,0,0,0,0,0,34.60664,261.89799999999997,0,
204,162,774,8326,8,14,487,0,0,3,3,1,0,0,0,17.10081,216.476,0,
205,206,988,10343,9,15,1249,0,0,5,1,0,0,0,0,20.23487,268.918,0,
206,149,912,9283,21,19,1143,0,0,6,3,2,0,0,0,24.47609,241.35799999999998,0,
207,91,566,4728,9,18,658,0,0,3,0,0,0,0,0,22.070539999999998,122.928,0,
208,97,598,5845,9,13,627,0,0,4,1,0,0,0,0,16.33901,151.97,0,
209,58,386,3586,6,7,200,0,0,3,2,0,0,0,0,8.436,93.23599999999999,0,
210,93,552,6277,5,10,370,0,0,1,1,0,0,0,0,12.2731,163.202,0,
211,100,625,5890,10,20,1015,0,0,2,1,0,0,0,0,25.26945,153.14,0,
212,185,992,11281,7,18,1224,0,0,4,2,0,0,0,0,23.559119999999997,293.306,0,
213,205,1238,12262,13,51,2497,0,0,3,1,0,0,0,0,64.19711,318.812,0,
214,121,555,5845,5,3,146,0,0,3,2,1,0,0,0,3.77398,151.97,0,
215,108,613,6799,6,12,510,0,0,4,1,0,0,0,0,14.901299999999999,176.774,0,
216,66,407,3889,3,2,112,0,0,2,0,0,0,0,0,2.55456,101.11399999999999,0,
217,147,698,6984,6,15,889,0,0,3,1,0,0,0,0,19.288069999999998,181.584,0,
218,122,618,6298,6,16,600,0,0,2,1,0,0,0,0,19.657999999999998,163.748,0,
219,191,796,8119,9,14,606,0,0,1,1,0,0,0,0,17.41378,211.094,0,
220,138,829,8055,15,32,1552,0,0,4,2,1,0,0,0,40.24176,209.42999999999998,0,
221,252,1362,12960,42,42,2722,0,0,6,3,1,0,0,0,54.61885999999999,336.96,0,
222,67,471,3790,9,5,225,0,0,2,1,0,0,0,0,6.24175,98.53999999999999,0,
223,139,792,7894,14,24,1165,0,0,2,0,0,0,0,0,30.183949999999996,205.244,0,
224,154,863,9181,17,13,915,0,0,8,5,2,0,0,0,17.096449999999997,238.706,0,
225,222,1222,13214,14,39,1962,0,0,7,2,0,0,0,0,49.230059999999995,343.56399999999996,0,
226,115,699,6745,8,17,941,0,0,4,1,0,0,0,0,21.684829999999998,175.37,0,
227,134,638,6474,4,6,328,0,0,1,0,0,0,0,0,7.642639999999999,168.32399999999998,0,
228,100,619,6541,5,7,463,0,0,5,1,0,0,0,0,9.12769,170.066,0,
229,63,437,4778,3,4,108,0,0,2,1,0,0,0,0,4.80404,124.228,0,
230,138,751,8421,8,18,790,0,0,3,1,0,0,0,0,22.417699999999996,218.946,0,
231,129,567,6021,4,5,157,0,0,0,0,0,0,0,0,6.06291,156.546,0,
232,129,679,7940,8,8,529,0,0,5,2,0,0,0,0,10.43127,206.44,0,
233,120,601,6793,6,5,225,0,0,2,2,1,0,0,0,6.24175,176.618,0,
234,79,451,4959,5,3,123,0,0,2,2,1,0,0,0,3.7134899999999997,128.934,0,
235,72,411,3677,4,5,193,0,0,2,0,0,0,0,0,6.157589999999999,95.60199999999999,0,
236,80,496,5653,6,9,336,0,0,2,1,0,0,0,0,11.053679999999998,146.97799999999998,0,
237,84,451,4689,3,3,144,0,0,2,1,0,0,0,0,3.7687199999999996,121.914,0,
238,94,560,5214,13,9,491,0,0,3,2,0,0,0,0,11.461329999999998,135.564,0,
239,62,386,4188,3,3,91,0,0,2,1,0,0,0,0,3.6293299999999995,108.88799999999999,0,
240,191,947,10724,8,16,1032,0,0,4,2,0,0,0,0,20.794159999999998,278.824,0,
241,116,715,7132,19,20,1157,0,0,4,3,0,0,0,0,25.642909999999997,185.432,0,
242,131,679,6714,19,9,621,0,0,2,2,1,0,0,0,11.803229999999997,174.564,0,
243,157,873,9227,20,23,1341,0,0,5,2,0,0,0,0,29.51683,239.902,0,
244,112,569,5741,6,3,219,0,0,1,0,0,0,0,0,3.9659699999999996,149.266,0,
245,106,616,6220,4,8,531,0,0,1,0,0,0,0,0,10.43653,161.72,0,
246,112,642,6691,8,11,729,0,0,3,1,0,0,0,0,14.34727,173.96599999999998,0,
247,97,577,6114,4,8,333,0,0,2,1,0,0,0,0,9.91579,158.964,0,
248,210,1159,12924,40,29,2089,0,0,10,8,4,0,0,0,38.26407,336.024,0,
249,149,908,9409,12,19,1129,0,0,6,3,0,0,0,0,24.43927,244.634,0,
250,60,459,4146,3,2,115,0,0,1,0,0,0,0,0,2.5624499999999997,107.79599999999999,0,
251,203,902,9460,12,10,787,0,0,5,2,0,0,0,0,13.36981,245.95999999999998,0,
252,3000,12868,149966,551,1104,59367,0,0,2,2,0,0,0,0,1403.65521,3899.116,0,
253,3000,12161,154481,403,1067,49972,0,0,2,1,0,0,0,0,1337.1363599999997,4016.506,0,
254,3000,12134,142351,348,777,46731,0,0,6,3,1,0,0,0,1000.9125299999998,3701.1259999999997,0,
255,3000,12094,143048,378,816,46406,0,0,2,1,0,0,0,0,1044.12778,3719.248,0,
256,126,1009,8395,33,15,707,0,0,6,3,0,0,0,0,18.80941,218.26999999999998,0,
257,109,883,6406,55,10,702,0,0,5,4,2,0,0,0,13.146259999999998,166.55599999999998,0,
258,249,1250,12204,16,16,1185,0,0,5,1,0,0,0,0,21.19655,317.304,0,
259,91,608,6104,9,14,458,0,0,2,1,0,0,0,0,17.02454,158.70399999999998,0,
260,281,1589,15817,28,58,3389,0,0,2,2,1,0,0,0,74.45307,411.24199999999996,0,
261,3000,12453,152828,317,1026,55099,0,0,0,0,0,0,0,0,1304.29037,3973.528,0,
262,240,1747,14802,63,37,2393,0,0,10,6,0,0,0,0,48.10359,384.852,0,
263,3000,11790,145006,351,763,43080,0,0,2,1,0,0,0,0,975.4903999999999,3770.156,0,
264,292,1666,16983,43,60,3454,0,0,8,3,1,0,0,0,76.88401999999999,441.558,0,
265,112,709,6062,14,14,661,0,0,2,1,0,0,0,0,17.558429999999998,157.612,0,
266,139,827,8615,8,24,986,0,0,3,1,0,0,0,0,29.713179999999998,223.98999999999998,0,
267,138,775,8755,10,25,1076,0,0,2,2,0,0,0,0,31.079879999999996,227.63,0,
268,3000,11909,144455,264,674,45017,0,0,2,0,0,0,0,0,880.0147099999999,3755.83,0,
269,105,664,6417,6,5,448,0,0,4,1,0,0,0,0,6.828239999999999,166.84199999999998,0,
270,199,1307,11884,89,41,2024,0,0,2,0,0,0,0,0,51.65312,308.984,0,
271,3000,12093,152867,455,1041,54578,0,0,0,0,0,0,0,0,1319.87014,3974.542,0,
272,247,1440,13871,34,44,2389,0,0,6,4,1,0,0,0,56.00307,360.64599999999996,0,
273,378,2019,23805,26,107,3890,0,0,4,1,1,0,0,0,131.14069999999998,618.93,0,
274,123,761,7668,11,10,716,0,0,4,3,0,0,0,0,13.183079999999999,199.368,0,
275,117,715,7302,31,10,612,0,0,3,1,1,0,0,0,12.909559999999999,189.852,0,
276,148,757,8091,9,12,640,0,0,3,1,0,0,0,0,15.243199999999998,210.36599999999999,0,
277,122,743,7698,10,16,1009,0,0,4,3,1,0,0,0,20.733669999999996,200.148,0,
278,91,576,5739,6,9,470,0,0,5,2,0,0,0,0,11.406099999999999,149.214,0,
279,147,799,8679,22,19,1250,0,0,3,1,1,0,0,0,24.7575,225.654,0,
280,103,613,5997,8,11,632,0,0,4,2,1,0,0,0,14.09216,155.922,0,
281,3000,11337,146881,164,957,62265,0,0,0,0,0,0,0,0,1245.1669499999998,3818.906,0,
282,458,2522,27065,97,88,5784,0,0,14,5,2,0,0,0,114.65191999999999,703.6899999999999,0,
283,120,778,7889,5,22,836,0,0,2,1,0,0,0,0,27.05868,205.114,0,
284,119,702,6938,6,16,942,0,0,3,2,0,0,0,0,20.55746,180.388,0,
285,392,2097,23476,15,101,4584,0,0,4,0,0,0,0,0,126.18592,610.376,0,
286,251,1367,15529,9,60,2705,0,0,5,2,0,0,0,0,74.91414999999999,403.75399999999996,0,
287,399,1951,21778,30,68,4520,0,0,11,2,1,0,0,0,88.7276,566.228,0,
288,3000,11809,142044,356,1131,58631,0,0,1,0,0,0,0,0,1432.22953,3693.144,0,
289,3000,11850,158400,199,1100,49486,0,0,1,1,0,0,0,0,1373.1481799999997,4118.4,0,
290,149,929,9005,14,31,1000,0,0,3,3,0,0,0,0,37.66,234.13,0,
291,101,588,5745,17,6,163,0,0,3,2,1,0,0,0,7.208689999999999,149.37,0,
292,151,851,9203,9,18,983,0,0,5,2,1,0,0,0,22.925289999999997,239.278,0,
293,299,1598,17514,32,52,2700,0,0,5,4,1,0,0,0,65.86099999999999,455.364,0,
294,123,731,7008,10,15,749,0,0,5,2,0,0,0,0,18.91987,182.208,0,
295,3000,11055,152857,146,1064,49247,0,0,1,0,0,0,0,0,1331.83961,3974.2819999999997,0,
296,162,1074,10191,33,26,1291,0,0,5,2,1,0,0,0,32.77533,264.966,0,
297,255,1416,15383,31,39,2436,0,0,8,4,1,0,0,0,50.476679999999995,399.95799999999997,0,
298,85,517,5268,9,3,172,0,0,1,1,0,0,0,0,3.8423599999999998,136.968,0,
299,3000,12112,140351,751,1008,198302,0,0,8,4,0,0,0,0,1660.5742599999999,3649.1259999999997,0,
300,247,1304,12990,28,18,1413,0,0,6,3,2,0,0,0,24.056189999999997,337.74,0,
301,142,847,9328,14,23,940,0,0,4,3,0,0,0,0,28.4622,242.528,0,
302,102,670,6694,29,10,384,0,0,3,2,1,0,0,0,12.309919999999998,174.04399999999998,0,
303,289,1305,13808,25,25,1590,0,0,8,7,1,0,0,0,32.4317,359.008,0,
304,124,745,7723,9,10,736,0,0,3,2,0,0,0,0,13.235679999999999,200.798,0,
305,95,590,6326,9,12,478,0,0,4,2,0,0,0,0,14.817139999999998,164.476,0,
306,175,959,9886,47,26,1415,0,0,2,1,0,0,0,0,33.10144999999999,257.036,0,
307,95,517,5497,4,4,161,0,0,2,1,0,0,0,0,4.943429999999999,142.922,0,
308,266,1438,15871,29,64,3051,0,0,5,3,1,0,0,0,80.34412999999999,412.64599999999996,0,
309,3000,11490,150956,205,1021,62291,0,0,1,0,0,0,0,0,1317.5553299999997,3924.8559999999998,0,
310,119,757,7701,11,12,859,0,0,4,3,0,0,0,0,15.81917,200.226,0,
311,368,1908,21947,36,55,4004,0,0,12,6,1,0,0,0,72.68051999999999,570.622,0,
312,201,1170,12016,14,32,1932,0,0,6,4,1,0,0,0,41.241159999999994,312.416,0,
313,83,527,5345,17,3,180,0,0,2,2,1,0,0,0,3.8633999999999995,138.97,0,
314,161,929,10002,11,25,1515,0,0,4,2,0,0,0,0,32.234449999999995,260.05199999999996,0,
315,284,1525,16512,20,52,3146,0,0,4,3,0,0,0,0,67.03397999999999,429.31199999999995,0,
316,249,1342,14085,21,41,2229,0,0,11,3,1,0,0,0,52.19227,366.21,0,
317,185,990,9898,10,21,1631,0,0,6,2,0,0,0,0,28.019529999999996,257.348,0,
318,3000,11613,145816,161,691,51227,0,0,8,3,0,0,0,0,915.55701,3791.216,0,
319,124,815,8321,32,9,717,0,0,4,2,1,0,0,0,12.055709999999998,216.346,0,
320,92,606,5310,4,2,96,0,0,1,0,0,0,0,0,2.5124799999999996,138.06,0,
321,129,778,8540,8,21,790,0,0,2,1,0,0,0,0,25.807699999999997,222.04,0,
322,354,1674,18897,22,82,5501,0,0,6,3,0,0,0,0,107.12763,491.322,0,
323,332,1720,19408,35,66,3488,0,0,6,4,2,0,0,0,83.75344,504.608,0,
324,132,734,7906,7,22,932,0,0,2,1,0,0,0,0,27.31116,205.55599999999998,0,
325,104,554,4878,13,10,452,0,0,3,1,0,0,0,0,12.48876,126.82799999999999,0,
326,261,1290,14506,14,33,1898,0,0,5,4,1,0,0,0,42.28174,377.156,0,
327,3000,11778,145948,221,906,55805,0,0,0,0,0,0,0,0,1170.5471499999999,3794.6479999999997,0,
328,126,849,8174,12,27,1144,0,0,3,2,0,0,0,0,33.518719999999995,212.524,0,
329,83,587,5493,30,5,386,0,0,6,3,1,0,0,0,6.665179999999999,142.81799999999998,0,
330,267,1492,16558,18,58,2539,0,0,5,4,2,0,0,0,72.21757,430.508,0,
331,196,1043,11444,14,23,1269,0,0,5,3,0,0,0,0,29.327469999999998,297.544,0,
332,144,727,7639,7,9,637,0,0,3,1,0,0,0,0,11.845309999999998,198.614,0,
333,117,700,6501,5,11,787,0,0,6,1,1,0,0,0,14.49981,169.02599999999998,0,
334,3000,11371,139051,308,1110,62586,0,0,6,4,2,0,0,0,1418.9011799999998,3615.326,0,
335,148,930,8612,21,23,1179,0,0,4,3,1,0,0,0,29.09077,223.91199999999998,0,
336,81,726,5052,19,15,554,0,0,4,3,1,0,0,0,18.40702,131.352,0,
337,3000,11417,143920,354,844,48560,0,0,2,0,0,0,0,0,1081.4327999999998,3741.9199999999996,0,
338,145,929,8220,20,22,876,0,0,3,3,0,0,0,0,27.16388,213.72,0,
339,75,575,5386,8,5,254,0,0,2,1,0,0,0,0,6.31802,140.036,0,
340,200,1064,11643,18,30,1994,0,0,6,2,0,0,0,0,39.14422,302.71799999999996,0,
341,378,1984,23251,25,93,4676,0,0,8,3,1,0,0,0,117.38788,604.526,0,
342,174,1041,10995,28,28,1988,0,0,4,4,1,0,0,0,36.86844,285.87,0,
343,222,1262,13706,22,32,2311,0,0,6,6,2,0,0,0,42.23793,356.356,0,
344,166,907,9858,13,31,1205,0,0,3,1,0,0,0,0,38.199149999999996,256.308,0,
345,3000,11107,142786,249,814,47117,0,0,3,2,0,0,0,0,1043.7377099999999,3712.4359999999997,0,
346,3000,11729,154262,219,1031,58385,0,0,2,0,0,0,0,0,1318.58255,4010.812,0,
347,100,751,6664,10,10,454,0,0,5,3,1,0,0,0,12.494019999999999,173.26399999999998,0,
348,118,665,6927,6,14,556,0,0,2,2,1,0,0,0,17.28228,180.102,0,
349,392,2052,23040,19,89,4835,0,0,5,2,0,0,0,0,113.28604999999999,599.04,0,
350,132,777,7842,18,13,788,0,0,5,3,2,0,0,0,16.762439999999998,203.892,0,
351,229,1245,13233,6,48,2472,0,0,3,0,0,0,0,0,60.74135999999999,344.058,0,
352,252,1201,12650,39,29,1503,0,0,10,5,1,0,0,0,36.72288999999999,328.9,0,
353,128,771,8229,3,21,855,0,0,2,0,0,0,0,0,25.97865,213.95399999999998,0,
354,309,1489,16920,24,44,2247,0,0,4,2,1,0,0,0,55.62961,439.91999999999996,0,
355,181,952,9529,16,37,1791,0,0,3,2,0,0,0,0,46.520329999999994,247.754,0,
356,122,664,6342,6,19,909,0,0,3,2,0,0,0,0,23.86067,164.892,0,
357,166,888,9947,14,26,1334,0,0,7,3,0,0,0,0,32.888419999999996,258.622,0,
358,404,2107,24373,21,90,5255,0,0,7,4,0,0,0,0,115.52064999999999,633.698,0,
359,177,1074,10908,12,34,1594,0,0,3,2,0,0,0,0,42.61221999999999,283.608,0,
360,146,822,8378,8,23,947,0,0,3,1,0,0,0,0,28.48061,217.828,0,
361,164,915,9092,19,25,1520,0,0,5,4,0,0,0,0,32.2476,236.392,0,
362,292,1429,15513,34,51,3003,0,0,7,4,2,0,0,0,65.52789,403.33799999999997,0,
363,3000,11772,147542,362,1120,67572,0,0,0,0,0,0,0,0,1443.3143599999999,3836.0919999999996,0,
364,68,483,4079,8,5,182,0,0,2,1,0,0,0,0,6.128659999999999,106.054,0,
365,239,1422,14134,16,31,2337,0,0,8,4,0,0,0,0,41.176309999999994,367.484,0,
366,108,535,5288,6,4,212,0,0,2,0,0,0,0,0,5.077559999999999,137.488,0,
367,3000,11747,151420,266,1017,62781,0,0,0,0,0,0,0,0,1314.3240299999998,3936.9199999999996,0,
368,189,1197,11404,16,32,1274,0,0,5,3,1,0,0,0,39.510619999999996,296.50399999999996,0,
369,132,832,8213,24,13,835,0,0,5,3,1,0,0,0,16.886049999999997,213.53799999999998,0,
370,131,739,7752,29,9,653,0,0,4,3,2,0,0,0,11.887389999999998,201.552,0,
371,345,1727,19283,54,78,4840,0,0,10,7,3,0,0,0,100.86919999999999,501.358,0,
372,3000,11352,151485,302,1031,62270,0,0,0,0,0,0,0,0,1328.8001,3938.6099999999997,0,
373,279,1542,15432,21,41,2426,0,0,8,2,1,0,0,0,52.71038,401.23199999999997,0,
374,75,473,4078,4,3,115,0,0,2,0,0,0,0,0,3.6924499999999996,106.02799999999999,0,
375,3000,12481,139673,918,1153,248456,0,0,2,1,0,0,0,0,1956.32928,3631.498,0,
376,230,1403,13721,49,53,2407,0,0,4,2,0,0,0,0,66.22040999999999,356.746,0,
377,403,2056,22881,15,87,4781,0,0,4,1,1,0,0,0,110.88403,594.906,0,
378,147,904,9426,16,19,1279,0,0,5,2,0,0,0,0,24.833769999999998,245.076,0,
379,162,788,8364,9,16,894,0,0,3,0,0,0,0,0,20.43122,217.464,0,
380,216,1144,12844,25,39,2063,0,0,4,4,1,0,0,0,49.495689999999996,333.94399999999996,0,
381,91,596,6597,7,11,572,0,0,2,2,0,0,0,0,13.93436,171.522,0,
382,183,957,9993,23,21,1158,0,0,7,5,1,0,0,0,26.775539999999996,259.818,0,
383,237,1372,15343,33,54,2221,0,0,5,5,3,0,0,0,66.86122999999999,398.918,0,
384,181,974,10773,11,38,1454,0,0,1,1,0,0,0,0,46.764019999999995,280.098,0,
385,247,1394,14390,41,34,2678,0,0,10,6,1,0,0,0,45.463139999999996,374.14,0,
386,147,887,8554,17,27,1491,0,0,4,2,1,0,0,0,34.431329999999996,222.404,0,
387,156,910,10019,8,30,1198,0,0,4,2,0,0,0,0,37.05074,260.49399999999997,0,
388,217,1173,13039,30,36,2693,0,0,8,5,2,0,0,0,47.76258999999999,339.014,0,
389,170,841,9454,10,13,845,0,0,4,1,0,0,0,0,16.912349999999996,245.804,0,
390,215,1040,12037,12,13,907,0,0,4,1,0,0,0,0,17.075409999999998,312.962,0,
391,3000,11269,156841,244,1100,45789,0,0,0,0,0,0,0,0,1363.4250699999998,4077.866,0,
392,182,1202,10801,21,36,1681,0,0,8,5,0,0,0,0,45.101029999999994,280.82599999999996,0,
393,166,981,10214,11,34,1461,0,0,2,2,0,0,0,0,42.262429999999995,265.56399999999996,0,
394,3000,11888,144077,126,838,45951,0,0,3,2,0,0,0,0,1067.7911299999998,3746.002,0,
395,214,1300,12136,18,35,2020,0,0,4,1,0,0,0,0,44.8626,315.536,0,
396,3000,10993,139395,206,1040,71841,0,0,2,1,0,0,0,0,1364.1418299999998,3624.27,0,
397,103,677,5575,10,10,510,0,0,4,2,0,0,0,0,12.6413,144.95,0,
398,3000,11748,146580,125,929,50393,0,0,0,0,0,0,0,0,1182.30359,3811.08,0,
399,130,895,7738,55,10,785,0,0,4,3,1,0,0,0,13.36455,201.188,0,
400,124,743,7648,10,8,700,0,0,4,2,1,0,0,0,10.880999999999998,198.84799999999998,0,
401,3000,10961,143374,119,832,45793,0,0,5,1,1,0,0,0,1060.59559,3727.7239999999997,0,
402,217,1249,11580,23,27,1802,0,0,8,4,1,0,0,0,35.24926,301.08,0,
403,3000,10505,138711,92,581,37183,0,0,3,1,0,0,0,0,754.32129,3606.486,0,
404,326,1747,17666,56,71,4765,0,0,7,3,0,0,0,0,92.76194999999998,459.316,0,
405,151,958,9717,16,21,1184,0,0,4,3,1,0,0,0,26.843919999999997,252.642,0,
406,349,1799,20621,25,87,3534,0,0,6,4,0,0,0,0,107.60441999999999,536.146,0,
407,3000,11645,147584,139,923,57674,0,0,0,0,0,0,0,0,1194.67262,3837.1839999999997,0,
408,235,1298,13595,21,28,2217,0,0,11,5,2,0,0,0,37.47071,353.46999999999997,0,
409,68,487,4464,6,2,148,0,0,3,1,0,0,0,0,2.64924,116.064,0,
410,3000,11491,138632,545,1114,194252,0,0,2,0,0,0,0,0,1769.70276,3604.432,0,
411,3000,11832,143274,129,816,46980,0,0,2,1,0,0,0,0,1045.6373999999998,3725.124,0,
412,138,825,7943,12,10,593,0,0,5,4,2,0,0,0,12.859589999999999,206.518,0,
413,134,826,7844,16,18,1153,0,0,5,4,1,0,0,0,23.372389999999996,203.944,0,
414,95,599,5822,7,13,588,0,0,4,0,0,0,0,0,16.236439999999998,151.37199999999999,0,
415,3000,11275,156895,102,1117,44394,0,0,0,0,0,0,0,0,1378.9662199999998,4079.27,0,
416,162,1023,9423,42,37,2025,0,0,3,1,1,0,0,0,47.135749999999994,244.998,0,
417,308,1546,17042,25,49,3453,0,0,6,2,1,0,0,0,64.45139,443.092,0,
418,88,589,5378,7,5,419,0,0,3,1,0,0,0,0,6.751969999999999,139.828,0,
419,226,799,8552,6,4,114,0,0,2,1,0,0,0,0,4.81982,222.352,0,
420,158,963,9561,58,30,1806,0,0,5,3,2,0,0,0,38.64978,248.58599999999998,0,
421,91,640,6192,12,10,495,0,0,2,1,0,0,0,0,12.601849999999999,160.992,0,
422,172,859,8563,9,20,1290,0,0,8,2,0,0,0,0,25.9927,222.63799999999998,0,
423,233,1265,12893,13,24,1825,0,0,5,4,1,0,0,0,31.919749999999997,335.21799999999996,0,
424,119,729,7197,13,15,730,0,0,3,1,0,0,0,0,18.869899999999998,187.12199999999999,0,
425,181,1112,11659,19,52,1972,0,0,3,2,0,0,0,0,63.94635999999999,303.13399999999996,0,
426,188,1024,10428,33,33,1878,0,0,9,6,2,0,0,0,42.22914,271.128,0,
427,253,1382,16852,10,79,2501,0,0,3,2,1,0,0,0,95.84763,438.152,0,
428,136,857,9043,8,28,1123,0,0,2,1,0,0,0,0,34.593489999999996,235.118,0,
429,3000,12442,150153,387,1082,58542,0,0,2,0,0,0,0,0,1376.6254599999997,3903.9779999999996,0,
430,184,983,8761,22,14,1137,0,0,6,3,0,0,0,0,18.810309999999998,227.786,0,
431,3000,11730,150359,158,993,63225,0,0,0,0,0,0,0,0,1288.3717499999998,3909.334,0,
432,357,1926,22862,13,126,4279,0,0,3,0,0,0,0,0,153.63377,594.4119999999999,0,
433,129,855,8590,13,14,1172,0,0,5,1,1,0,0,0,18.902359999999998,223.34,0,
434,3000,11175,150476,143,985,56881,0,0,1,1,0,0,0,0,1262.6470299999999,3912.3759999999997,0,
435,257,1544,14957,24,70,3170,0,0,3,1,0,0,0,0,87.43709999999999,388.882,0,
436,158,833,8739,11,17,857,0,0,3,2,0,0,0,0,21.46391,227.214,0,
437,216,1131,11935,32,28,1544,0,0,8,6,2,0,0,0,35.70072,310.31,0,
438,244,1297,14779,12,59,2638,0,0,3,2,0,0,0,0,73.60793999999999,384.25399999999996,0,
439,3000,11900,145682,120,803,49200,0,0,6,3,1,0,0,0,1036.7859999999998,3787.732,0,
440,3000,12841,147849,241,961,60840,0,0,1,1,0,0,0,0,1245.9391999999998,3844.0739999999996,0,
441,313,1760,17532,24,52,3135,0,0,4,2,0,0,0,0,67.00504999999998,455.832,0,
442,188,1079,11622,9,27,1557,0,0,5,1,0,0,0,0,34.60491,302.17199999999997,0,
443,259,1226,12737,23,26,2792,0,0,7,2,0,0,0,0,36.72295999999999,331.162,0,
444,314,1577,18350,23,64,3273,0,0,6,3,1,0,0,0,80.92799,477.09999999999997,0,
445,75,441,3765,5,3,181,0,0,3,1,0,0,0,0,3.86603,97.89,0,
446,94,514,5415,5,3,110,0,0,1,1,0,0,0,0,3.6792999999999996,140.79,0,
447,124,671,7843,8,9,604,0,0,4,3,1,0,0,0,11.758519999999997,203.91799999999998,0,
448,157,1310,9513,36,32,1512,0,0,3,2,0,0,0,0,40.136559999999996,247.338,0,
449,275,1569,15457,53,64,3406,0,0,6,3,1,0,0,0,81.27777999999999,401.882,0,
450,86,597,5641,30,7,320,0,0,1,1,1,0,0,0,8.7516,146.666,0,
451,270,1479,15928,20,67,3539,0,0,5,5,2,0,0,0,85.01756999999999,414.128,0,
452,106,690,6750,11,20,790,0,0,3,1,0,0,0,0,24.677699999999998,175.5,0,
453,206,1106,12872,16,31,2537,0,0,7,1,0,0,0,0,41.70231,334.67199999999997,0,
454,102,552,5210,8,5,338,0,0,5,1,0,0,0,0,6.538939999999999,135.46,0,
455,3000,11059,155106,102,1079,49668,0,0,0,0,0,0,0,0,1349.8968399999999,4032.756,0,
456,261,1216,12507,13,17,1444,0,0,6,3,1,0,0,0,23.00772,325.18199999999996,0,
457,302,1537,16275,16,43,2398,0,0,5,5,1,0,0,0,54.896739999999994,423.15,0,
458,3000,11132,146376,145,900,57664,0,0,3,2,0,0,0,0,1168.6563199999998,3805.776,0,
459,177,1007,10008,11,15,1037,0,0,4,1,0,0,0,0,19.67731,260.20799999999997,0,
460,117,666,6663,10,10,482,0,0,5,1,1,0,0,0,12.567659999999998,173.238,0,
461,424,2148,25102,21,65,4470,0,0,10,2,1,0,0,0,85.20609999999999,652.6519999999999,0,
462,417,2229,24481,34,101,5588,0,0,4,2,1,0,0,0,128.82644,636.506,0,
463,141,752,7756,8,6,318,0,0,4,1,0,0,0,0,7.616339999999999,201.65599999999998,0,
464,3000,11644,143804,131,814,45834,0,0,1,0,0,0,0,0,1040.36342,3738.904,0,
465,3000,11859,138214,266,1127,61310,0,0,5,2,0,0,0,0,1434.7553,3593.564,0,
466,3000,11447,144835,191,850,48242,0,0,8,4,1,0,0,0,1087.37646,3765.71,0,
467,71,542,3989,8,4,147,0,0,2,1,0,0,0,0,4.90661,103.714,0,
468,109,540,5199,5,3,135,0,0,1,0,0,0,0,0,3.7450499999999995,135.174,0,
469,368,1918,21162,41,84,7520,0,0,7,2,0,0,0,0,114.6976,550.212,0,
470,245,1152,12808,11,22,1697,0,0,6,2,0,0,0,0,29.32311,333.008,0,
471,184,848,8439,14,17,1001,0,0,4,2,0,0,0,0,21.842629999999996,219.414,0,
472,288,1478,15911,18,63,3648,0,0,6,0,0,0,0,0,80.78424,413.686,0,
473,186,1038,11682,13,44,1568,0,0,4,2,0,0,0,0,53.84384,303.73199999999997,0,
474,64,446,4588,5,3,119,0,0,1,1,0,0,0,0,3.7029699999999997,119.288,0,
475,351,1807,20661,18,73,4122,0,0,3,1,0,0,0,0,93.33086,537.1859999999999,0,
476,162,834,8178,10,14,836,0,0,4,0,0,0,0,0,18.01868,212.628,0,
477,90,534,4969,7,9,337,0,0,3,2,0,0,0,0,11.056309999999998,129.194,0,
478,214,989,10331,14,36,1916,0,0,2,1,0,0,0,0,45.71907999999999,268.606,0,
479,94,587,6234,8,8,320,0,0,3,3,1,0,0,0,9.881599999999999,162.084,0,
480,3000,11374,156311,109,1099,45498,0,0,4,1,0,0,0,0,1361.52974,4064.086,0,
481,133,832,8297,9,8,649,0,0,5,2,0,0,0,0,10.74687,215.72199999999998,0,
482,3000,11859,151575,105,1014,49423,0,0,0,0,0,0,0,0,1275.80249,3940.95,0,
483,363,2124,22946,36,104,4246,0,0,5,2,1,0,0,0,128.68697999999998,596.596,0,
484,133,813,8591,9,13,740,0,0,4,3,0,0,0,0,16.6362,223.36599999999999,0,
485,142,818,8715,8,20,1107,0,0,3,2,0,0,0,0,25.511409999999998,226.59,0,
486,423,2118,24994,26,97,3842,0,0,4,3,1,0,0,0,119.71445999999999,649.8439999999999,0,
487,237,1304,15503,13,36,1791,0,0,9,5,0,0,0,0,45.39032999999999,403.078,0,
488,96,534,5238,5,5,204,0,0,2,0,0,0,0,0,6.18652,136.188,0,
489,182,926,10975,10,14,912,0,0,5,3,1,0,0,0,18.218559999999997,285.34999999999997,0,
490,173,766,8346,6,6,509,0,0,5,2,0,0,0,0,8.11867,216.99599999999998,0,
491,159,904,8999,13,25,1290,0,0,3,2,0,0,0,0,31.642699999999998,233.974,0,
492,138,764,7608,19,24,1267,0,0,3,1,1,0,0,0,30.452209999999997,197.808,0,
493,84,526,5227,5,4,190,0,0,3,1,0,0,0,0,5.019699999999999,135.902,0,
494,106,556,6150,5,4,143,0,0,0,0,0,0,0,0,4.896089999999999,159.9,0,
495,3000,11537,156008,112,1092,45526,0,0,0,0,0,0,0,0,1353.6933799999997,4056.2079999999996,0,
496,3000,11135,143366,105,827,46921,0,0,5,3,0,0,0,0,1057.91223,3727.5159999999996,0,
497,136,796,6734,14,15,606,0,0,2,1,0,0,0,0,18.543779999999998,175.084,0,
498,124,752,7477,15,14,939,0,0,2,1,0,0,0,0,18.289569999999998,194.402,0,
499,207,964,9695,20,23,874,0,0,4,3,1,0,0,0,28.288619999999998,252.07,0,
500,98,572,5316,5,8,369,0,0,3,0,0,0,0,0,10.01047,138.21599999999998,0,
501,131,772,8369,15,20,743,0,0,3,2,1,0,0,0,24.55409,217.594,0,
502,141,868,8647,23,21,1183,0,0,6,4,1,0,0,0,26.841289999999997,224.822,0,
503,187,1005,11257,15,24,1400,0,0,4,4,1,0,0,0,30.801999999999996,292.68199999999996,0,
504,108,645,6576,6,16,745,0,0,4,1,0,0,0,0,20.03935,170.976,0,
505,111,608,6604,6,5,333,0,0,3,2,1,0,0,0,6.52579,171.70399999999998,0,
506,83,503,5818,4,4,223,0,0,3,2,1,0,0,0,5.106489999999999,151.268,0,
507,134,692,7170,13,14,704,0,0,4,3,0,0,0,0,17.671519999999997,186.42,0,
508,119,733,8305,9,21,912,0,0,5,0,0,0,0,0,26.128559999999997,215.92999999999998,0,
509,167,901,10053,6,22,1283,0,0,4,2,1,0,0,0,28.234289999999998,261.378,0,
510,175,865,9720,20,20,1122,0,0,4,2,1,0,0,0,25.550859999999997,252.72,0,
511,102,575,6190,4,8,371,0,0,2,1,0,0,0,0,10.01573,160.94,0,
512,99,619,6720,6,14,734,0,0,3,1,0,0,0,0,17.75042,174.72,0,
513,243,1371,13988,42,34,2474,0,0,9,3,1,0,0,0,44.92661999999999,363.688,0,
514,132,788,8699,11,15,877,0,0,4,3,0,0,0,0,19.25651,226.17399999999998,0,
515,144,836,9592,5,26,1251,0,0,4,2,0,0,0,0,32.67012999999999,249.392,0,
516,130,609,7026,5,6,330,0,0,3,0,0,0,0,0,7.647899999999999,182.676,0,
517,131,626,6716,14,8,265,0,0,2,2,1,0,0,0,9.736949999999998,174.61599999999999,0,
518,171,762,8720,7,12,684,0,0,5,3,1,0,0,0,15.35892,226.72,0,
519,86,518,4998,4,8,392,0,0,4,2,0,0,0,0,10.07096,129.948,0,
520,112,648,6917,10,16,871,0,0,2,1,0,0,0,0,20.37073,179.84199999999998,0,
521,209,1027,11163,19,25,1482,0,0,5,3,1,0,0,0,32.147659999999995,290.238,0,
522,60,428,4355,4,3,163,0,0,2,1,0,0,0,0,3.8186899999999997,113.22999999999999,0,
523,70,458,5192,4,4,104,0,0,2,2,1,0,0,0,4.793519999999999,134.992,0,
524,280,1386,16437,13,44,2534,0,0,6,2,0,0,0,0,56.38442,427.36199999999997,0,
525,124,573,7075,3,7,144,0,0,1,1,0,0,0,0,8.28872,183.95,0,
526,198,796,9351,7,14,673,0,0,3,2,0,0,0,0,17.58999,243.12599999999998,0,
527,218,896,10378,9,12,702,0,0,5,2,1,0,0,0,15.40626,269.828,0,
528,196,1044,12043,21,25,1537,0,0,7,5,2,0,0,0,32.29230999999999,313.118,0,
529,110,665,6678,5,18,783,0,0,4,1,0,0,0,0,22.399289999999997,173.628,0,
530,112,568,6060,7,8,332,0,0,2,2,0,0,0,0,9.91316,157.56,0,
531,185,903,9307,9,22,1246,0,0,6,4,0,0,0,0,28.13698,241.982,0,
532,160,860,9097,6,31,1166,0,0,4,0,0,0,0,0,38.096579999999996,236.522,0,
533,241,1104,12287,25,31,2317,0,0,10,4,0,0,0,0,41.123709999999996,319.462,0,
534,214,949,10762,13,27,1236,0,0,4,2,0,0,0,0,33.76068,279.812,0,
535,138,699,7706,11,18,718,0,0,3,2,0,0,0,0,22.228339999999996,200.356,0,
536,164,594,7165,4,3,122,0,0,3,2,1,0,0,0,3.71086,186.29,0,
537,141,795,9448,7,29,1062,0,0,3,1,0,0,0,0,35.56305999999999,245.648,0,
538,113,606,7232,5,5,259,0,0,4,3,0,0,0,0,6.331169999999999,188.03199999999998,0,
539,130,694,8110,3,8,515,0,0,4,0,0,0,0,0,10.394449999999999,210.85999999999999,0,
540,144,832,9265,20,18,1201,0,0,6,4,1,0,0,0,23.498629999999995,240.89,0,
541,108,627,7360,3,7,422,0,0,2,1,0,0,0,0,9.01986,191.35999999999999,0,
542,163,727,8222,7,12,473,0,0,4,1,0,0,0,0,14.803989999999999,213.772,0,
543,113,648,7574,16,9,568,0,0,3,3,2,0,0,0,11.663839999999999,196.92399999999998,0,
544,170,917,9889,25,29,1860,0,0,5,4,1,0,0,0,37.6618,257.114,0,
545,221,1176,13431,12,43,1963,0,0,5,2,0,0,0,0,53.752689999999994,349.20599999999996,0,
546,73,456,5345,3,4,178,0,0,2,1,0,0,0,0,4.98814,138.97,0,
547,221,1107,12093,15,38,2343,0,0,8,5,0,0,0,0,49.10209,314.418,0,
548,165,885,8978,29,27,1403,0,0,7,2,2,0,0,0,34.199889999999996,233.428,0,
549,180,964,10285,8,27,1461,0,0,6,2,0,0,0,0,34.35243,267.40999999999997,0,
550,95,602,6305,6,11,668,0,0,4,2,1,0,0,0,14.18684,163.92999999999998,0,
551,206,993,10803,8,22,1434,0,0,7,2,0,0,0,0,28.63142,280.878,0,
552,112,615,6970,4,14,464,0,0,4,2,0,0,0,0,17.040319999999998,181.22,0,
553,218,1209,14451,31,44,2067,0,0,7,5,2,0,0,0,55.15621,375.726,0,
554,125,695,7924,15,14,1035,0,0,5,4,1,0,0,0,18.54205,206.024,0,
555,108,578,5724,9,9,489,0,0,4,1,0,0,0,0,11.456069999999999,148.82399999999998,0,
556,122,688,7134,12,18,1094,0,0,4,3,0,0,0,0,23.217219999999998,185.48399999999998,0,
557,133,751,8226,8,16,1059,0,0,6,3,0,0,0,0,20.86517,213.87599999999998,0,
558,112,625,7282,6,10,421,0,0,4,3,1,0,0,0,12.407229999999998,189.332,0,
559,122,660,8142,4,23,857,0,0,2,1,0,0,0,0,28.24391,211.69199999999998,0,
560,113,548,6005,4,8,259,0,0,2,0,0,0,0,0,9.721169999999999,156.13,0,
561,122,721,7721,29,19,730,0,0,4,4,1,0,0,0,23.389899999999997,200.74599999999998,0,
562,122,682,7107,7,15,862,0,0,3,1,0,0,0,0,19.21706,184.78199999999998,0,
563,153,684,8311,5,9,503,0,0,5,3,0,0,0,0,11.492889999999997,216.08599999999998,0,
564,115,636,6914,10,21,907,0,0,4,1,0,0,0,0,26.115409999999997,179.76399999999998,0,
565,148,829,9375,9,25,1135,0,0,3,1,0,0,0,0,31.235049999999998,243.75,0,
566,83,449,5116,4,3,164,0,0,3,2,1,0,0,0,3.8213199999999996,133.016,0,
567,218,1033,11457,46,21,1456,0,0,6,6,4,0,0,0,27.559279999999998,297.882,0,
568,133,745,7470,10,16,1001,0,0,4,1,0,0,0,0,20.712629999999997,194.22,0,
569,115,650,7651,18,6,569,0,0,5,4,2,0,0,0,8.27647,198.926,0,
570,104,631,6212,9,20,990,0,0,4,1,0,0,0,0,25.203699999999998,161.512,0,
571,167,920,11937,7,42,1189,0,0,2,1,0,0,0,0,50.58707,310.36199999999997,0,
572,236,854,9488,7,12,611,0,0,4,2,1,0,0,0,15.166929999999999,246.688,0,
573,146,797,8757,7,22,1094,0,0,3,0,0,0,0,0,27.73722,227.682,0,
574,110,573,6575,4,8,309,0,0,1,1,0,0,0,0,9.85267,170.95,0,
575,88,486,5375,4,6,229,0,0,3,2,1,0,0,0,7.382269999999999,139.75,0,
576,125,686,7900,5,10,784,0,0,6,3,0,0,0,0,13.361919999999998,205.39999999999998,0,
577,109,598,6328,6,11,594,0,0,3,1,0,0,0,0,13.99222,164.528,0,
578,160,791,8897,20,19,1088,0,0,6,4,2,0,0,0,24.33144,231.322,0,
579,104,615,6678,5,8,482,0,0,2,2,0,0,0,0,10.307659999999998,173.628,0,
580,148,788,9323,9,30,1215,0,0,4,3,0,0,0,0,37.09545,242.398,0,
581,80,461,5366,3,4,165,0,0,2,1,0,0,0,0,4.95395,139.516,0,
582,222,1164,12484,35,37,2317,0,0,6,3,1,0,0,0,47.90371,324.584,0,
583,190,996,11109,20,33,1276,0,0,5,2,1,0,0,0,40.64588,288.834,0,
584,131,636,7060,4,11,359,0,0,3,1,0,0,0,0,13.37417,183.56,0,
585,248,1352,15794,30,31,2114,0,0,9,7,4,0,0,0,40.589819999999996,410.644,0,
586,119,648,6420,5,13,874,0,0,4,0,0,0,0,0,16.988619999999997,166.92,0,
587,157,854,10561,18,20,1133,0,0,6,5,2,0,0,0,25.57979,274.586,0,
588,146,718,7807,8,9,606,0,0,4,0,0,0,0,0,11.763779999999999,202.982,0,
589,122,740,8491,11,19,941,0,0,5,4,0,0,0,0,23.94483,220.766,0,
590,130,705,8020,11,14,615,0,0,6,3,0,0,0,0,17.43745,208.51999999999998,0,
591,131,654,6678,10,9,542,0,0,4,1,0,0,0,0,11.595459999999997,173.628,0,
592,161,911,9381,14,42,2211,0,0,4,2,0,0,0,0,53.27492999999999,243.90599999999998,0,
593,162,818,8568,14,24,1404,0,0,3,2,0,0,0,0,30.81252,222.768,0,
594,120,662,6907,7,18,607,0,0,3,2,1,0,0,0,21.936409999999995,179.582,0,
595,336,1534,17662,15,39,2521,0,0,10,6,0,0,0,0,50.70022999999999,459.212,0,
596,95,568,6184,13,5,300,0,0,5,4,3,0,0,0,6.438999999999999,160.784,0,
597,106,634,7033,6,15,588,0,0,3,0,0,0,0,0,18.49644,182.858,0,
598,353,1758,21691,33,62,3734,0,0,15,11,3,0,0,0,79.88041999999999,563.966,0,
599,234,1192,13292,25,38,2497,0,0,7,3,1,0,0,0,49.50711,345.592,0,
600,138,704,7986,9,11,552,0,0,3,1,1,0,0,0,13.88176,207.636,0,
601,200,904,10053,19,17,928,0,0,7,3,1,0,0,0,21.650639999999996,261.378,0,
602,225,1117,11977,26,33,1572,0,0,4,2,1,0,0,0,41.42436,311.402,0,
603,147,674,7464,13,4,345,0,0,5,2,1,0,0,0,5.42735,194.064,0,
604,104,591,6816,6,7,428,0,0,5,1,0,0,0,0,9.035639999999999,177.21599999999998,0,
605,229,1183,13842,17,47,2251,0,0,4,2,1,0,0,0,59.03012999999999,359.892,0,
606,113,571,6571,6,10,315,0,0,1,1,0,0,0,0,12.128449999999999,170.846,0,
607,230,1144,13659,10,21,1574,0,0,7,3,1,0,0,0,27.869619999999998,355.13399999999996,0,
608,104,596,6373,7,11,768,0,0,4,2,1,0,0,0,14.44984,165.69799999999998,0,
609,132,603,6370,8,8,683,0,0,4,2,0,0,0,0,10.836289999999998,165.62,0,
610,247,1121,12651,22,12,1226,0,0,7,4,1,0,0,0,16.78438,328.926,0,
611,121,730,7952,21,10,876,0,0,7,4,2,0,0,0,13.603879999999998,206.75199999999998,0,
612,115,593,6629,10,12,393,0,0,1,0,0,0,0,0,14.593589999999999,172.35399999999998,0,
613,227,1009,11211,33,15,987,0,0,7,5,1,0,0,0,19.54581,291.486,0,
614,110,594,6515,6,8,464,0,0,4,1,0,0,0,0,10.26032,169.39,0,
615,179,957,9622,14,46,2130,0,0,3,0,0,0,0,0,57.5819,250.172,0,
616,207,914,10915,8,23,979,0,0,2,0,0,0,0,0,28.56477,283.78999999999996,0,
617,242,1274,14061,18,24,1929,0,0,5,1,1,0,0,0,32.19327,365.58599999999996,0,
618,94,546,6020,4,4,235,0,0,3,2,1,0,0,0,5.13805,156.51999999999998,0,
619,100,579,6577,6,12,464,0,0,5,2,1,0,0,0,14.78032,171.00199999999998,0,
620,115,660,7335,7,13,660,0,0,4,3,0,0,0,0,16.4258,190.70999999999998,0,
621,90,532,6161,14,9,268,0,0,4,4,2,0,0,0,10.874839999999999,160.18599999999998,0,
622,102,561,6365,6,8,302,0,0,5,4,1,0,0,0,9.834259999999999,165.48999999999998,0,
623,97,470,4944,4,3,170,0,0,2,0,0,0,0,0,3.8370999999999995,128.54399999999998,0,
624,73,477,5018,4,4,327,0,0,3,1,0,0,0,0,5.3800099999999995,130.468,0,
625,171,759,10142,4,8,455,0,0,3,2,0,0,0,0,10.23665,263.692,0,
626,202,1084,11249,21,39,2306,0,0,6,2,0,0,0,0,50.13477999999999,292.474,0,
627,149,726,8204,5,11,582,0,0,3,3,2,0,0,0,13.960659999999999,213.304,0,
628,144,770,9120,22,19,957,0,0,4,4,2,0,0,0,23.986909999999998,237.11999999999998,0,
629,87,502,5294,8,8,358,0,0,4,1,0,0,0,0,9.981539999999999,137.644,0,
630,148,752,8622,10,12,977,0,0,5,3,0,0,0,0,16.12951,224.172,0,
631,201,1080,12493,37,35,2525,0,0,8,6,3,0,0,0,46.190749999999994,324.818,0,
632,117,687,6908,17,15,883,0,0,5,3,1,0,0,0,19.272289999999998,179.608,0,
633,116,625,7325,6,12,343,0,0,1,1,0,0,0,0,14.462089999999998,190.45,0,
634,102,551,5260,26,7,388,0,0,3,1,1,0,0,0,8.930439999999999,136.76,0,
635,70,444,4492,4,4,274,0,0,2,0,0,0,0,0,5.24062,116.792,0,
636,110,545,6499,8,7,267,0,0,1,1,0,0,0,0,8.61221,168.974,0,
637,93,544,6256,3,9,435,0,0,2,1,0,0,0,0,11.314049999999998,162.656,0,
638,172,742,8408,6,11,669,0,0,4,2,0,0,0,0,14.18947,218.608,0,
639,99,548,5732,8,11,361,0,0,2,2,0,0,0,0,13.37943,149.03199999999998,0,
640,90,544,5578,3,9,480,0,0,4,1,0,0,0,0,11.432399999999998,145.028,0,
641,261,1154,13365,32,35,1924,0,0,7,5,2,0,0,0,44.610119999999995,347.49,0,
642,118,698,7825,11,16,873,0,0,4,3,1,0,0,0,20.375989999999998,203.45,0,
643,141,787,8910,12,26,1247,0,0,4,1,0,0,0,0,32.659609999999994,231.66,0,
644,197,915,10197,14,19,874,0,0,4,3,1,0,0,0,23.76862,265.122,0,
645,130,709,7881,6,21,1080,0,0,3,1,0,0,0,0,26.570399999999996,204.90599999999998,0,
646,104,561,6643,5,8,473,0,0,6,3,1,0,0,0,10.28399,172.718,0,
647,94,527,5734,6,6,311,0,0,3,2,1,0,0,0,7.597929999999999,149.084,0,
648,150,677,7942,7,14,543,0,0,3,1,0,0,0,0,17.248089999999998,206.492,0,
649,194,923,10594,12,21,1238,0,0,4,3,1,0,0,0,26.985939999999996,275.44399999999996,0,
650,231,1197,14502,5,26,1644,0,0,6,3,0,0,0,0,33.70372,377.05199999999996,0,
651,124,668,7670,6,10,595,0,0,4,2,1,0,0,0,12.864849999999999,199.42,0,
652,123,740,8404,6,22,782,0,0,2,2,0,0,0,0,26.91666,218.504,0,
653,118,587,6976,4,5,206,0,0,2,1,0,0,0,0,6.19178,181.376,0,
654,150,852,9199,7,29,1293,0,0,4,2,0,0,0,0,36.17059,239.17399999999998,0,
655,91,538,5734,4,8,419,0,0,4,1,0,0,0,0,10.141969999999999,149.084,0,
656,209,1020,12132,21,25,1558,0,0,7,3,2,0,0,0,32.347539999999995,315.43199999999996,0,
657,275,1325,14339,31,49,2408,0,0,7,5,1,0,0,0,61.703039999999994,372.81399999999996,0,
658,149,847,9888,11,27,1245,0,0,5,3,0,0,0,0,33.784349999999996,257.08799999999997,0,
659,152,863,10183,22,17,1039,0,0,6,3,2,0,0,0,21.942569999999996,264.758,0,
660,188,900,10026,7,29,1475,0,0,5,4,0,0,0,0,36.649249999999995,260.676,0,
661,173,928,9880,18,32,1870,0,0,6,1,0,0,0,0,41.0781,256.88,0,
662,103,562,5578,4,8,439,0,0,4,2,0,0,0,0,10.194569999999999,145.028,0,
663,125,619,7435,3,7,288,0,0,4,1,0,0,0,0,8.66744,193.31,0,
664,63,404,4169,3,3,159,0,0,3,1,0,0,0,0,3.8081699999999996,108.39399999999999,0,
665,97,562,6406,5,9,500,0,0,4,2,1,0,0,0,11.484999999999998,166.55599999999998,0,
666,135,700,8134,8,13,709,0,0,4,1,0,0,0,0,16.554669999999998,211.48399999999998,0,
667,80,450,5046,3,3,137,0,0,2,1,0,0,0,0,3.75031,131.196,0,
668,107,617,6371,4,10,534,0,0,3,1,0,0,0,0,12.704419999999999,165.646,0,
669,115,636,7065,29,10,640,0,0,3,1,1,0,0,0,12.983199999999998,183.69,0,
670,197,1072,13005,27,27,1630,0,0,7,5,1,0,0,0,34.7969,338.13,0,
671,99,612,6096,15,15,695,0,0,5,4,1,0,0,0,18.77785,158.49599999999998,0,
672,158,939,10119,11,29,1519,0,0,7,4,0,0,0,0,36.76497,263.094,0,
673,116,595,5985,6,7,315,0,0,2,0,0,0,0,0,8.738449999999998,155.60999999999999,0,
674,181,728,8567,5,8,459,0,0,2,2,0,0,0,0,10.247169999999999,222.742,0,
675,138,733,8951,4,7,553,0,0,2,1,0,0,0,0,9.36439,232.726,0,
676,315,1158,14298,7,35,1279,0,0,3,1,0,0,0,0,42.91377,371.748,0,
677,139,711,7512,11,13,769,0,0,5,1,0,0,0,0,16.712469999999996,195.31199999999998,0,
678,117,618,7022,7,12,527,0,0,3,1,0,0,0,0,14.94601,182.572,0,
679,108,587,7155,6,9,468,0,0,5,4,1,0,0,0,11.400839999999999,186.03,0,
680,79,458,5911,4,3,94,0,0,2,2,1,0,0,0,3.6372199999999997,153.686,0,
681,79,459,4504,6,8,345,0,0,4,1,0,0,0,0,9.947349999999998,117.104,0,
682,78,468,5033,4,5,243,0,0,3,1,0,0,0,0,6.28909,130.858,0,
683,138,733,9043,9,12,867,0,0,6,2,1,0,0,0,15.840209999999999,235.118,0,
684,93,565,6021,8,11,494,0,0,3,2,1,0,0,0,13.72922,156.546,0,
685,93,566,6123,6,8,428,0,0,3,1,0,0,0,0,10.16564,159.19799999999998,0,
686,162,793,9262,16,23,1291,0,0,4,3,1,0,0,0,29.38533,240.81199999999998,0,
687,291,1375,15593,37,31,1861,0,0,9,5,2,0,0,0,39.924429999999994,405.418,0,
688,176,908,10256,18,16,957,0,0,7,2,2,0,0,0,20.596909999999998,266.656,0,
689,191,1051,12315,7,43,1765,0,0,3,2,0,0,0,0,53.23195,320.19,0,
690,162,861,10612,17,13,952,0,0,8,4,1,0,0,0,17.193759999999997,275.912,0,
691,200,884,9768,17,19,961,0,0,5,2,1,0,0,0,23.997429999999998,253.968,0,
692,143,739,8245,4,16,791,0,0,2,1,0,0,0,0,20.16033,214.36999999999998,0,
693,135,759,8447,4,29,889,0,0,3,2,0,0,0,0,35.10807,219.62199999999999,0,
694,242,1304,14515,28,31,1859,0,0,9,7,2,0,0,0,39.919169999999994,377.39,0,
695,102,592,6365,4,16,706,0,0,4,1,0,0,0,0,19.93678,165.48999999999998,0,
696,183,958,9941,11,40,2024,0,0,4,1,0,0,0,0,50.52312,258.466,0,
697,70,442,4034,5,4,350,0,0,4,1,0,0,0,0,5.440499999999999,104.884,0,
698,164,807,8144,15,23,1500,0,0,3,0,0,0,0,0,29.935,211.744,0,
699,216,934,9743,33,14,894,0,0,5,3,2,0,0,0,18.171219999999998,253.31799999999998,0,
700,124,653,7365,8,9,415,0,0,4,4,1,0,0,0,11.261449999999998,191.48999999999998,0,
701,236,1226,14284,13,44,2028,0,0,5,3,0,0,0,0,55.05364,371.38399999999996,0,
702,97,559,6603,3,8,270,0,0,2,1,0,0,0,0,9.7501,171.678,0,
703,110,599,6080,3,13,615,0,0,2,0,0,0,0,0,16.30745,158.07999999999998,0,
704,188,1006,11530,6,17,1036,0,0,7,5,0,0,0,0,21.934679999999997,299.78,0,
705,186,920,10881,13,18,908,0,0,6,3,1,0,0,0,22.728039999999996,282.906,0,
706,153,797,9830,7,23,951,0,0,3,1,0,0,0,0,28.49113,255.57999999999998,0,
707,200,838,10279,5,8,381,0,0,4,1,0,0,0,0,10.042029999999999,267.25399999999996,0,
708,193,838,9420,4,19,861,0,0,5,2,0,0,0,0,23.73443,244.92,0,
709,103,574,6663,7,6,309,0,0,3,2,0,0,0,0,7.592669999999999,173.238,0,
710,104,512,4882,9,4,342,0,0,4,0,0,0,0,0,5.41946,126.93199999999999,0,
711,111,626,7513,4,17,728,0,0,3,1,0,0,0,0,21.124639999999996,195.338,0,
712,104,521,6131,3,3,154,0,0,3,1,0,0,0,0,3.7950199999999996,159.406,0,
713,119,692,7993,18,11,952,0,0,7,3,1,0,0,0,14.93376,207.81799999999998,0,
714,189,921,10208,28,20,1484,0,0,4,2,2,0,0,0,26.502919999999996,265.408,0,
715,120,680,7166,4,16,896,0,0,4,1,0,0,0,0,20.43648,186.316,0,
716,97,528,6099,5,5,189,0,0,2,2,1,0,0,0,6.147069999999999,158.57399999999998,0,
717,116,563,6125,4,9,382,0,0,2,0,0,0,0,0,11.174659999999998,159.25,0,
718,87,521,5543,4,6,454,0,0,3,1,0,0,0,0,7.974019999999999,144.118,0,
719,106,569,6139,4,8,463,0,0,3,1,0,0,0,0,10.257689999999998,159.614,0,
720,118,561,6844,6,5,129,0,0,0,0,0,0,0,0,5.989269999999999,177.944,0,
721,115,684,7187,9,17,963,0,0,4,1,0,0,0,0,21.742689999999996,186.862,0,
722,126,520,5348,4,5,302,0,0,4,1,0,0,0,0,6.44426,139.048,0,
723,115,609,6980,11,9,444,0,0,3,3,1,0,0,0,11.337719999999997,181.48,0,
724,208,1028,11973,8,21,1186,0,0,5,3,0,0,0,0,26.849179999999997,311.298,0,
725,111,577,6077,4,9,378,0,0,3,1,0,0,0,0,11.164139999999998,158.00199999999998,0,
726,86,484,5375,3,6,307,0,0,2,1,0,0,0,0,7.587409999999999,139.75,0,
727,126,646,7098,4,13,675,0,0,4,0,0,0,0,0,16.465249999999997,184.548,0,
728,142,717,8221,3,24,768,0,0,2,0,0,0,0,0,29.139839999999996,213.74599999999998,0,
729,149,678,7465,11,11,611,0,0,4,2,1,0,0,0,14.03693,194.09,0,
730,98,552,6457,4,7,201,0,0,1,1,0,0,0,0,8.43863,167.882,0,
731,207,939,9753,11,24,1393,0,0,3,1,0,0,0,0,30.783589999999997,253.57799999999997,0,
732,126,705,8187,6,21,1023,0,0,3,2,1,0,0,0,26.420489999999997,212.862,0,
733,70,450,5362,3,5,179,0,0,2,1,0,0,0,0,6.120769999999999,139.412,0,
734,178,900,10458,8,21,1042,0,0,4,1,0,0,0,0,26.470459999999996,271.908,0,
735,112,644,7436,3,14,616,0,0,2,1,0,0,0,0,17.44008,193.33599999999998,0,
736,105,539,5966,14,4,235,0,0,5,3,2,0,0,0,5.13805,155.11599999999999,0,
737,102,584,6657,10,5,330,0,0,3,3,2,0,0,0,6.517899999999999,173.082,0,
738,128,708,7037,8,19,1134,0,0,4,1,0,0,0,0,24.45242,182.962,0,
739,140,754,8596,13,24,952,0,0,3,2,1,0,0,0,29.623759999999997,223.49599999999998,0,
740,108,599,6614,7,9,606,0,0,3,1,1,0,0,0,11.763779999999999,171.964,0,
741,92,496,5487,3,6,286,0,0,4,2,0,0,0,0,7.532179999999999,142.662,0,
742,73,441,4550,7,5,218,0,0,3,2,0,0,0,0,6.223339999999999,118.3,0,
743,94,493,5803,3,4,114,0,0,2,1,0,0,0,0,4.81982,150.878,0,
744,142,707,7670,9,16,939,0,0,5,2,1,0,0,0,20.54957,199.42,0,
745,219,852,10017,8,15,751,0,0,4,4,1,0,0,0,18.92513,260.442,0,
746,77,466,5437,4,5,205,0,0,4,2,1,0,0,0,6.18915,141.362,0,
747,99,576,6466,7,12,655,0,0,4,3,0,0,0,0,15.282649999999999,168.11599999999999,0,
748,175,759,7974,27,11,704,0,0,5,4,2,0,0,0,14.28152,207.32399999999998,0,
749,88,522,5557,4,8,328,0,0,3,1,0,0,0,0,9.90264,144.482,0,
750,102,587,6628,5,14,559,0,0,3,1,0,0,0,0,17.29017,172.328,0,
751,3000,11474,145973,137,906,54002,0,0,1,0,0,0,0,0,1165.8052599999999,3795.298,0,
752,235,1421,14884,34,55,2256,0,0,7,2,0,0,0,0,68.08327999999999,386.984,0,
753,155,952,8550,18,25,1345,0,0,3,0,0,0,0,0,31.787349999999996,222.29999999999998,0,
754,177,944,9923,17,24,1490,0,0,5,2,0,0,0,0,31.0387,257.998,0,
755,147,782,8322,8,25,956,0,0,4,2,0,0,0,0,30.764279999999996,216.37199999999999,0,
756,307,1632,15825,21,95,6062,0,0,4,4,0,0,0,0,123.29306,411.45,0,
757,176,1013,9730,12,24,1409,0,0,7,2,0,0,0,0,30.82567,252.98,0,
758,298,1609,19654,9,93,3040,0,0,3,2,1,0,0,0,113.08519999999999,511.00399999999996,0,
759,212,1149,12522,14,44,2043,0,0,5,2,0,0,0,0,55.09309,325.572,0,
760,117,643,6898,6,12,552,0,0,3,2,0,0,0,0,15.011759999999999,179.34799999999998,0,
761,3000,11794,142386,226,1117,55989,0,0,2,0,0,0,0,0,1409.4610699999998,3702.0359999999996,0,
762,79,590,5505,16,6,314,0,0,4,2,1,0,0,0,7.60582,143.13,0,
763,65,512,3829,5,2,154,0,0,3,0,0,0,0,0,2.6650199999999997,99.554,0,
764,297,1434,16297,13,60,2795,0,0,6,3,0,0,0,0,75.15084999999999,423.722,0,
765,3000,11383,139880,157,770,44698,0,0,4,2,0,0,0,0,987.6557399999999,3636.8799999999997,0,
766,176,1138,10090,33,18,1193,0,0,7,4,1,0,0,0,23.477589999999996,262.34,0,
767,211,1158,12265,34,27,1966,0,0,7,4,1,0,0,0,35.68058,318.89,0,
768,355,1831,19193,21,64,3866,0,0,6,3,0,0,0,0,82.48758,499.018,0,
769,171,1170,10511,14,19,1223,0,0,5,4,0,0,0,0,24.68649,273.286,0,
770,254,1224,14068,15,44,2057,0,0,6,2,1,0,0,0,55.129909999999995,365.768,0,
771,181,924,9638,14,27,1499,0,0,6,1,1,0,0,0,34.452369999999995,250.588,0,
772,141,794,8904,9,15,887,0,0,5,2,0,0,0,0,19.282809999999998,231.504,0,
773,245,1288,15368,16,38,1881,0,0,5,4,0,0,0,0,47.887029999999996,399.568,0,
774,395,2117,25412,31,124,5078,0,0,5,2,1,0,0,0,153.47513999999998,660.712,0,
775,465,2442,27097,16,89,5200,0,0,4,0,0,0,0,0,114.246,704.5219999999999,0,
776,338,1670,18527,11,49,3214,0,0,4,3,0,0,0,0,63.82281999999999,481.702,0,
777,3000,11642,140618,405,762,46980,0,0,5,4,0,0,0,0,984.6174,3656.0679999999998,0,
778,108,709,6205,13,7,503,0,0,2,1,0,0,0,0,9.23289,161.32999999999998,0,
779,295,1647,18425,27,50,3034,0,0,8,4,1,0,0,0,64.47941999999999,479.04999999999995,0,
780,182,1027,10790,16,26,1904,0,0,7,4,1,0,0,0,34.387519999999995,280.53999999999996,0,
781,253,1351,16956,20,26,1943,0,0,11,7,4,0,0,0,34.490089999999995,440.856,0,
782,283,1362,14638,27,22,1934,0,0,12,5,2,0,0,0,29.94642,380.58799999999997,0,
783,427,2031,24385,19,74,4059,0,0,9,4,0,0,0,0,94.29516999999998,634.01,0,
784,177,1042,11531,13,39,1767,0,0,4,2,1,0,0,0,48.717209999999994,299.806,0,
785,337,1833,21004,40,82,3609,0,0,7,3,2,0,0,0,102.15167,546.1039999999999,0,
786,3000,11945,144340,456,1117,68841,0,0,0,0,0,0,0,0,1443.26183,3752.8399999999997,0,
787,157,1077,10091,17,23,1168,0,0,4,2,0,0,0,0,29.061839999999997,262.366,0,
788,94,580,5911,6,7,340,0,0,2,1,0,0,0,0,8.8042,153.686,0,
789,234,1197,12597,28,24,1880,0,0,7,5,2,0,0,0,32.0644,327.522,0,
790,118,712,7623,7,8,723,0,0,4,1,0,0,0,0,10.941489999999998,198.19799999999998,0,
791,91,574,6017,5,4,278,0,0,2,1,0,0,0,0,5.2511399999999995,156.44199999999998,0,
792,77,494,5425,8,5,282,0,0,3,3,1,0,0,0,6.39166,141.04999999999998,0,
793,175,934,11292,7,14,782,0,0,3,1,0,0,0,0,17.876659999999998,293.592,0,
794,372,1909,22400,16,89,4178,0,0,6,2,0,0,0,0,111.55814,582.4,0,
795,179,1027,10462,13,34,1769,0,0,5,2,0,0,0,0,43.072469999999996,272.012,0,
796,188,933,10721,8,24,1006,0,0,4,2,0,0,0,0,29.765779999999996,278.746,0,
797,113,717,7496,18,21,1000,0,0,4,1,1,0,0,0,26.359999999999996,194.896,0,
798,228,1338,14223,15,43,2470,0,0,7,3,0,0,0,0,55.086099999999995,369.798,0,
799,170,809,9408,8,12,595,0,0,5,3,1,0,0,0,15.124849999999999,244.60799999999998,0,
800,322,1647,18740,17,69,3969,0,0,7,2,0,0,0,0,88.40847,487.23999999999995,0,
801,449,2361,26759,47,100,5561,0,0,12,5,2,0,0,0,127.62542999999998,695.7339999999999,0,
802,196,997,10213,12,25,1281,0,0,3,1,0,0,0,0,31.619029999999995,265.538,0,
803,193,1085,10985,106,13,1129,0,0,9,5,2,0,0,0,17.65927,285.61,0,
804,112,658,6403,7,13,531,0,0,3,0,0,0,0,0,16.086529999999996,166.47799999999998,0,
805,154,840,8423,16,31,1193,0,0,3,1,0,0,0,0,38.16759,218.998,0,
806,242,1242,14231,25,36,2436,0,0,12,5,1,0,0,0,47.086679999999994,370.006,0,
807,125,756,7852,11,27,1146,0,0,4,2,0,0,0,0,33.523979999999995,204.152,0,
808,112,669,6954,9,11,682,0,0,4,3,0,0,0,0,14.223659999999999,180.804,0,
809,272,1280,14891,19,42,2479,0,0,7,5,1,0,0,0,53.979769999999995,387.166,0,
810,433,2037,22569,34,60,3967,0,0,14,6,2,0,0,0,78.23321,586.794,0,
811,3000,11561,143097,215,591,43524,0,0,5,4,0,0,0,0,782.2981199999999,3720.522,0,
812,320,1859,20198,21,80,3632,0,0,5,3,0,0,0,0,99.95215999999999,525.148,0,
813,221,1164,12037,10,35,1826,0,0,4,2,0,0,0,0,44.35238,312.962,0,
814,138,847,8984,18,17,1066,0,0,8,3,1,0,0,0,22.013579999999997,233.584,0,
815,82,552,5452,10,8,490,0,0,3,3,0,0,0,0,10.3287,141.75199999999998,0,
816,173,1011,11000,21,26,1324,0,0,8,5,2,0,0,0,32.86212,286,0,
817,238,1202,13145,36,35,1922,0,0,7,5,1,0,0,0,44.604859999999995,341.77,0,
818,235,1295,14107,17,32,2269,0,0,8,5,0,0,0,0,42.127469999999995,366.782,0,
819,176,908,9763,10,19,1085,0,0,5,2,0,0,0,0,24.323549999999997,253.838,0,
820,170,1008,10273,24,26,1299,0,0,6,4,1,0,0,0,32.796369999999996,267.098,0,
821,514,2791,27849,52,122,8193,0,0,13,7,2,0,0,0,159.40758999999997,724.074,0,
822,156,959,9676,15,24,1410,0,0,5,3,1,0,0,0,30.8283,251.576,0,
823,83,526,5224,5,6,252,0,0,2,0,0,0,0,0,7.44276,135.82399999999998,0,
824,191,1002,11377,10,36,1410,0,0,2,0,0,0,0,0,44.388299999999994,295.80199999999996,0,
825,3000,11626,137163,410,1108,63820,0,0,0,0,0,0,0,0,1419.8866,3566.238,0,
826,3000,11331,141755,104,767,44451,0,0,2,2,0,0,0,0,983.6161299999999,3685.6299999999997,0,
827,289,1586,15423,73,38,2221,0,0,7,1,0,0,0,0,48.781229999999994,400.998,0,
828,242,1367,14119,16,48,2364,0,0,9,5,0,0,0,0,60.457319999999996,367.094,0,
829,63,416,3683,4,2,151,0,0,3,0,0,0,0,0,2.6571299999999995,95.758,0,
830,146,774,8446,11,16,621,0,0,3,2,0,0,0,0,19.71323,219.596,0,
831,3000,12237,138482,734,1086,195916,0,0,6,2,0,0,0,0,1742.4390799999999,3600.5319999999997,0,
832,143,898,7727,44,9,732,0,0,5,1,0,0,0,0,12.095159999999998,200.902,0,
833,234,1194,13379,12,43,1688,0,0,3,1,0,0,0,0,53.029439999999994,347.854,0,
834,300,1651,17958,24,103,4274,0,0,4,2,0,0,0,0,127.63062,466.90799999999996,0,
835,3000,11479,144252,304,805,44823,0,0,7,4,1,0,0,0,1027.5344899999998,3750.5519999999997,0,
836,237,1176,11621,26,10,837,0,0,5,3,1,0,0,0,13.501309999999998,302.14599999999996,0,
837,152,928,9169,66,21,1137,0,0,4,2,1,0,0,0,26.720309999999998,238.39399999999998,0,
838,3000,14484,179311,309,900,55946,0,0,7,3,1,0,0,0,1164.13798,4662.086,0,
839,91,647,6432,35,10,485,0,0,3,2,2,0,0,0,12.57555,167.232,0,
840,437,2296,26675,56,127,5204,0,0,4,0,0,0,0,0,157.19652,693.55,0,
841,3000,11444,142054,276,816,46297,0,0,0,0,0,0,0,0,1043.8411099999998,3693.404,0,
842,358,2142,21007,34,46,2961,0,0,8,4,2,0,0,0,59.76743,546.182,0,
843,220,1220,12888,29,31,2148,0,0,6,3,3,0,0,0,40.67923999999999,335.08799999999997,0,
844,86,574,6117,9,7,263,0,0,3,2,1,0,0,0,8.60169,159.042,0,
845,523,2746,29669,53,106,5982,0,0,12,7,1,0,0,0,135.51265999999998,771.394,0,
846,848,3724,47195,77,82,7037,0,0,24,9,5,0,0,0,111.16731,1227.07,0,
847,357,1856,20752,31,54,3355,0,0,9,6,1,0,0,0,69.84365,539.552,0,
848,165,855,9556,13,31,1433,0,0,2,2,0,0,0,0,38.79879,248.456,0,
849,483,2629,28096,22,106,5762,0,0,7,5,0,0,0,0,134.93406,730.496,0,
850,434,2363,24979,42,76,5445,0,0,14,6,3,0,0,0,100.20035,649.454,0,
851,124,679,6911,6,10,388,0,0,2,0,0,0,0,0,12.32044,179.68599999999998,0,
852,294,1529,17480,24,23,1928,0,0,13,6,2,0,0,0,31.06064,454.47999999999996,0,
853,106,608,5737,9,8,477,0,0,4,2,0,0,0,0,10.294509999999999,149.162,0,
854,120,604,6986,5,3,237,0,0,1,0,0,0,0,0,4.01331,181.636,0,
855,143,750,7965,16,8,610,0,0,6,2,1,0,0,0,10.6443,207.09,0,
856,337,1806,20260,27,69,3920,0,0,5,2,1,0,0,0,88.2796,526.76,0,
857,3000,12050,154864,308,1066,57224,0,0,1,0,0,0,0,0,1355.0791199999999,4026.464,0,
858,110,764,7285,23,17,628,0,0,3,2,0,0,0,0,20.861639999999998,189.41,0,
859,142,828,8944,16,16,1279,0,0,6,1,1,0,0,0,21.443769999999997,232.54399999999998,0,
860,210,1294,11662,34,28,1604,0,0,6,4,1,0,0,0,35.85852,303.212,0,
861,202,1155,13195,11,38,1807,0,0,7,3,1,0,0,0,47.692409999999995,343.07,0,
862,127,746,7174,10,15,868,0,0,4,2,0,0,0,0,19.23284,186.524,0,
863,235,1269,14226,34,43,2820,0,0,6,4,1,0,0,0,56.0066,369.876,0,
864,179,1014,11370,15,23,1101,0,0,6,2,0,0,0,0,28.88563,295.62,0,
865,145,787,8882,9,10,586,0,0,4,1,0,0,0,0,12.84118,230.932,0,
866,204,1199,11871,18,36,2105,0,0,6,3,1,0,0,0,46.21614999999999,308.64599999999996,0,
867,3000,10845,141587,156,605,36721,0,0,2,0,0,0,0,0,780.22623,3681.2619999999997,0,
868,154,911,9227,10,11,807,0,0,7,4,0,0,0,0,14.55241,239.902,0,
869,111,723,6985,20,16,780,0,0,5,4,3,0,0,0,20.1314,181.60999999999999,0,
870,264,1455,15421,10,45,2922,0,0,6,2,0,0,0,0,58.534859999999995,400.94599999999997,0,
871,208,1198,12485,41,27,2230,0,0,6,1,1,0,0,0,36.3749,324.60999999999996,0,
872,335,1706,19739,21,84,3714,0,0,6,3,0,0,0,0,104.68781999999999,513.2139999999999,0,
873,359,1823,19930,28,103,5847,0,0,5,3,1,0,0,0,131.76761,518.18,0,
874,173,970,10529,12,26,1381,0,0,4,3,0,0,0,0,33.012029999999996,273.75399999999996,0,
875,153,827,9528,9,29,1184,0,0,4,2,0,0,0,0,35.883919999999996,247.72799999999998,0,
876,209,1097,11436,28,35,2230,0,0,5,2,1,0,0,0,45.414899999999996,297.336,0,
877,417,2186,22848,32,124,6349,0,0,6,2,1,0,0,0,156.81786999999997,594.048,0,
878,174,934,10558,13,22,1301,0,0,5,2,1,0,0,0,28.28163,274.508,0,
879,154,951,9886,10,25,1378,0,0,4,4,0,0,0,0,31.874139999999997,257.036,0,
880,414,1786,19695,35,44,2495,0,0,8,3,2,0,0,0,56.28185,512.0699999999999,0,
881,184,999,11472,6,45,1510,0,0,4,1,0,0,0,0,54.821299999999994,298.272,0,
882,329,1667,19408,35,40,2737,0,0,10,5,3,0,0,0,52.398309999999995,504.608,0,
883,352,1552,18092,9,58,2094,0,0,5,2,0,0,0,0,71.04722,470.392,0,
884,247,1280,14017,28,35,2165,0,0,6,2,2,0,0,0,45.24395,364.442,0,
885,131,758,8652,21,13,889,0,0,5,3,2,0,0,0,17.02807,224.952,0,
886,109,594,6186,8,10,505,0,0,4,3,0,0,0,0,12.628149999999998,160.83599999999998,0,
887,117,706,7392,8,15,830,0,0,4,3,1,0,0,0,19.1329,192.19199999999998,0,
888,194,1057,11388,12,27,1535,0,0,8,3,0,0,0,0,34.54705,296.08799999999997,0,
889,112,575,5693,5,4,340,0,0,3,1,0,0,0,0,5.414199999999999,148.018,0,
890,142,687,7173,7,11,556,0,0,4,2,0,0,0,0,13.89228,186.498,0,
891,108,655,6635,6,19,760,0,0,5,1,0,0,0,0,23.468799999999998,172.51,0,
892,202,1069,11792,41,25,1549,0,0,7,5,2,0,0,0,32.32387,306.592,0,
893,141,716,7494,16,5,352,0,0,4,3,2,0,0,0,6.57576,194.844,0,
894,90,521,5765,8,6,310,0,0,3,2,1,0,0,0,7.595299999999999,149.89,0,
895,92,546,5829,5,6,420,0,0,4,1,0,0,0,0,7.884599999999999,151.554,0,
896,293,1523,17101,14,56,3081,0,0,5,1,0,0,0,0,71.38302999999999,444.626,0,
897,415,2143,22710,30,72,4785,0,0,12,7,0,0,0,0,93.94454999999999,590.4599999999999,0,
898,303,1483,16806,33,64,3605,0,0,7,6,2,0,0,0,81.80114999999999,436.95599999999996,0,
899,187,970,11270,10,19,1025,0,0,8,3,0,0,0,0,24.16575,293.02,0,
900,3000,10428,147045,141,470,36115,0,0,9,5,1,0,0,0,626.0824499999999,3823.1699999999996,0,
901,406,2140,23353,59,73,4129,0,0,10,7,1,0,0,0,93.34926999999999,607.178,0,
902,308,1650,18160,16,78,3603,0,0,5,0,0,0,0,0,97.61588999999998,472.15999999999997,0,
903,80,484,4680,3,3,132,0,0,3,0,0,0,0,0,3.73716,121.67999999999999,0,
904,160,816,7706,11,13,818,0,0,5,3,0,0,0,0,16.84134,200.356,0,
905,242,1213,13710,18,24,1869,0,0,10,5,1,0,0,0,32.03547,356.46,0,
906,94,576,5294,6,7,451,0,0,4,1,0,0,0,0,9.096129999999999,137.644,0,
907,3000,12171,136645,368,1147,62980,0,0,2,2,0,0,0,0,1461.7474,3552.77,0,
908,250,1442,16090,53,29,2226,0,0,9,5,3,0,0,0,38.624379999999995,418.34,0,
909,3000,10973,140305,393,908,92736,0,0,4,2,0,0,0,0,1269.93568,3647.93,0,
910,187,1172,10207,167,23,1144,0,0,4,2,1,0,0,0,28.99872,265.382,0,
911,245,1294,13832,30,21,1678,0,0,8,4,1,0,0,0,28.143139999999995,359.632,0,
912,228,1170,12706,14,36,1826,0,0,9,3,0,0,0,0,45.48237999999999,330.356,0,
913,298,1617,16922,38,50,4423,0,0,9,3,2,0,0,0,68.13248999999999,439.972,0,
914,3000,10448,142785,95,524,36349,0,0,6,1,0,0,0,0,687.71787,3712.41,0,
915,87,530,4794,5,4,242,0,0,4,1,0,0,0,0,5.156459999999999,124.64399999999999,0,
916,101,677,7130,22,10,399,0,0,4,4,2,0,0,0,12.349369999999999,185.38,0,
917,337,1786,20117,36,69,3881,0,0,9,6,3,0,0,0,88.17703,523.042,0,
918,213,990,10921,23,25,1319,0,0,5,4,1,0,0,0,31.718969999999995,283.94599999999997,0,
919,281,1508,16506,26,54,2838,0,0,7,3,0,0,0,0,68.48393999999999,429.156,0,
920,238,1466,14711,105,44,2354,0,0,3,3,1,0,0,0,55.91102,382.486,0,
921,198,1019,10938,13,25,1430,0,0,5,3,0,0,0,0,32.0109,284.388,0,
922,3000,12076,144118,264,796,46366,0,0,5,2,1,0,0,0,1021.4225799999999,3747.0679999999998,0,
923,192,1163,10956,34,31,1762,0,0,5,3,1,0,0,0,39.66405999999999,284.856,0,
924,134,839,8700,10,20,1128,0,0,4,2,1,0,0,0,25.56664,226.2,0,
925,449,2298,28238,38,142,5510,0,0,6,3,1,0,0,0,174.95129999999997,734.188,0,
926,188,1017,10259,11,29,1372,0,0,4,3,0,0,0,0,36.378359999999994,266.734,0,
927,207,1203,14446,21,50,1888,0,0,5,3,1,0,0,0,61.465439999999994,375.596,0,
928,3000,11670,154410,198,1072,61383,0,0,0,0,0,0,0,0,1372.79729,4014.66,0,
929,133,842,7332,11,16,776,0,0,5,3,0,0,0,0,20.12088,190.632,0,
930,324,1756,18319,26,51,3548,0,0,11,8,0,0,0,0,66.96123999999999,476.294,0,
931,275,1463,16024,20,60,3099,0,0,6,2,0,0,0,0,75.95036999999999,416.62399999999997,0,
932,3000,11397,140842,212,705,40715,0,0,4,1,0,0,0,0,903.73045,3661.892,0,
933,188,1154,11099,16,27,1633,0,0,6,5,0,0,0,0,34.80479,288.574,0,
934,137,851,8034,21,22,1719,0,0,5,4,1,0,0,0,29.380969999999998,208.884,0,
935,207,1105,11942,33,16,1302,0,0,9,2,1,0,0,0,21.50426,310.49199999999996,0,
936,189,1081,11606,26,25,2151,0,0,8,2,1,0,0,0,33.907129999999995,301.756,0,
937,238,1319,13502,58,55,3364,0,0,7,5,3,0,0,0,70.99731999999999,351.05199999999996,0,
938,192,1024,9893,22,30,1625,0,0,8,3,0,0,0,0,38.17375,257.21799999999996,0,
939,263,1463,15770,18,65,3330,0,0,5,3,0,0,0,0,82.2079,410.02,0,
940,124,759,7690,9,15,867,0,0,5,2,0,0,0,0,19.23021,199.94,0,
941,186,896,9640,16,8,738,0,0,5,3,2,0,0,0,10.980939999999999,250.64,0,
942,143,812,8908,11,24,1108,0,0,2,2,0,0,0,0,30.034039999999997,231.60799999999998,0,
943,133,780,8134,17,17,1287,0,0,4,3,1,0,0,0,22.594809999999995,211.48399999999998,0,
944,109,688,6147,9,9,708,0,0,5,2,0,0,0,0,12.032039999999999,159.822,0,
945,104,583,6227,6,7,330,0,0,4,3,1,0,0,0,8.777899999999999,161.902,0,
946,3000,11535,157299,278,1116,48700,0,0,0,0,0,0,0,0,1389.1609999999998,4089.774,0,
947,312,1856,17871,27,58,3211,0,0,7,1,0,0,0,0,73.98492999999999,464.64599999999996,0,
948,285,1629,16788,17,67,3278,0,0,6,2,0,0,0,0,84.33113999999999,436.488,0,
949,3000,11928,146374,406,928,50122,0,0,0,0,0,0,0,0,1180.46086,3805.7239999999997,0,
950,111,786,6840,12,8,450,0,0,5,2,1,0,0,0,10.2235,177.84,0,
951,267,1399,15534,30,43,2352,0,0,8,4,2,0,0,0,54.77576,403.88399999999996,0,
952,122,702,7556,11,12,609,0,0,5,3,1,0,0,0,15.161669999999999,196.456,0,
953,444,2265,26030,22,93,5026,0,0,7,3,0,0,0,0,118.30837999999999,676.78,0,
954,92,583,5926,6,5,250,0,0,2,2,0,0,0,0,6.307499999999999,154.076,0,
955,141,858,8393,68,20,1363,0,0,5,3,2,0,0,0,26.184689999999996,218.218,0,
956,214,1195,11148,37,36,1657,0,0,4,2,2,0,0,0,45.03790999999999,289.848,0,
957,305,1540,16149,26,43,2471,0,0,9,5,1,0,0,0,55.08873,419.87399999999997,0,
958,165,848,9105,18,15,884,0,0,5,4,2,0,0,0,19.274919999999998,236.73,0,
959,281,1395,15901,10,54,2257,0,0,8,1,0,0,0,0,66.95590999999999,413.426,0,
960,359,1882,19709,24,63,3624,0,0,5,3,1,0,0,0,80.72112,512.434,0,
961,105,755,6091,8,19,731,0,0,4,1,0,0,0,0,23.39253,158.36599999999999,0,
962,159,966,10729,66,21,1222,0,0,9,6,2,0,0,0,26.943859999999997,278.954,0,
963,223,1035,11251,29,14,847,0,0,7,4,2,0,0,0,18.04761,292.526,0,
964,3000,10990,143823,254,869,50055,0,0,1,1,0,0,0,0,1113.61465,3739.3979999999997,0,
965,104,758,6753,10,11,496,0,0,4,1,0,0,0,0,13.73448,175.578,0,
966,81,541,5615,5,4,197,0,0,2,1,0,0,0,0,5.03811,145.98999999999998,0,
967,212,1173,12409,23,40,2100,0,0,7,2,1,0,0,0,50.723,322.63399999999996,0,
968,125,798,8382,9,23,794,0,0,3,2,1,0,0,0,28.078219999999998,217.932,0,
969,156,814,9059,9,11,735,0,0,4,3,1,0,0,0,14.36305,235.534,0,
970,231,1430,14093,42,42,2944,0,0,9,7,3,0,0,0,55.20271999999999,366.418,0,
971,302,1649,19109,17,69,2815,0,0,5,2,0,0,0,0,85.37345,496.834,0,
972,3000,11576,154963,185,1091,45290,0,0,2,1,0,0,0,0,1351.9426999999998,4029.038,0,
973,389,2234,23734,36,70,4433,0,0,9,7,3,0,0,0,90.75878999999999,617.084,0,
974,236,1422,13676,28,32,2008,0,0,6,2,1,0,0,0,41.441039999999994,355.57599999999996,0,
975,214,1106,12551,21,25,1498,0,0,8,4,0,0,0,0,32.18973999999999,326.32599999999996,0,
976,153,884,8441,13,15,1179,0,0,6,3,0,0,0,0,20.05077,219.46599999999998,0,
977,376,2028,22667,42,90,4668,0,0,8,4,3,0,0,0,113.97683999999998,589.342,0,
978,177,981,10258,24,19,1051,0,0,4,3,2,0,0,0,24.23413,266.70799999999997,0,
979,176,1012,9917,15,25,1669,0,0,10,4,1,0,0,0,32.639469999999996,257.842,0,
980,328,1773,19060,33,72,3957,0,0,9,4,2,0,0,0,91.76690999999998,495.56,0,
981,169,879,9056,16,17,929,0,0,6,4,1,0,0,0,21.65327,235.456,0,
982,3000,11949,155798,343,1108,46860,0,0,0,0,0,0,0,0,1375.2818,4050.7479999999996,0,
983,240,1415,13375,56,62,3584,0,0,3,2,0,0,0,0,79.48592,347.75,0,
984,113,713,7006,8,15,588,0,0,3,1,0,0,0,0,18.49644,182.15599999999998,0,
985,232,1119,11942,21,19,1509,0,0,7,5,2,0,0,0,25.43867,310.49199999999996,0,
986,159,1129,10606,41,29,1628,0,0,5,3,1,0,0,0,37.05164,275.756,0,
987,3000,13047,160987,369,1080,42218,0,0,2,0,0,0,0,0,1331.4333399999998,4185.662,0,
988,3000,12218,150178,316,992,60941,0,0,1,0,0,0,0,0,1281.2348299999999,3904.6279999999997,0,
989,126,1216,8019,46,12,720,0,0,4,2,1,0,0,0,15.453599999999998,208.494,0,
990,179,939,9695,12,11,810,0,0,4,3,2,0,0,0,14.5603,252.07,0,
991,3000,12189,141728,423,1136,59476,0,0,3,2,1,0,0,0,1440.1018799999997,3684.928,0,
992,396,2411,23214,69,77,4300,0,0,10,4,1,0,0,0,98.31899999999999,603.564,0,
993,134,846,8046,12,17,929,0,0,2,1,0,0,0,0,21.65327,209.196,0,
994,3000,11860,147019,300,1064,52284,0,0,1,1,0,0,0,0,1339.82692,3822.4939999999997,0,
995,91,630,5704,7,4,234,0,0,3,3,2,0,0,0,5.13542,148.304,0,
996,158,921,9212,20,24,1126,0,0,4,3,0,0,0,0,30.081379999999996,239.512,0,
997,3000,9994,140403,101,600,38216,0,0,3,2,0,0,0,0,778.5080799999998,3650.4779999999996,0,
998,118,767,7016,11,16,993,0,0,2,0,0,0,0,0,20.691589999999998,182.416,0,
999,230,1452,14630,31,27,1950,0,0,7,4,1,0,0,0,35.6385,380.38,0,
1000,269,1488,14648,45,34,2998,0,0,8,2,1,0,0,0,46.304739999999995,380.84799999999996,0,
1001,140,829,8969,9,20,1245,0,0,2,2,1,0,0,0,25.87435,233.194,0,
1002,134,757,8435,6,21,983,0,0,2,2,0,0,0,0,26.315289999999997,219.31,0,
1003,84,542,6490,7,8,274,0,0,3,2,1,0,0,0,9.76062,168.73999999999998,0,
1004,107,646,7413,9,18,768,0,0,2,2,0,0,0,0,22.359839999999995,192.738,0,
1005,95,593,6277,5,9,500,0,0,3,1,0,0,0,0,11.484999999999998,163.202,0,
1006,143,762,9363,4,30,882,0,0,1,1,0,0,0,0,36.21966,243.438,0,
1007,99,616,6432,7,10,530,0,0,2,1,0,0,0,0,12.6939,167.232,0,
1008,186,999,11605,41,17,1185,0,0,6,3,2,0,0,0,22.326549999999997,301.72999999999996,0,
1009,276,1325,15584,27,38,1718,0,0,7,4,1,0,0,0,47.45834,405.18399999999997,0,
1010,79,503,4757,10,7,320,0,0,2,1,0,0,0,0,8.7516,123.68199999999999,0,
1011,229,1150,12713,21,28,1495,0,0,3,2,2,0,0,0,35.57185,330.538,0,
1012,80,479,4721,6,5,223,0,0,2,1,0,0,0,0,6.23649,122.746,0,
1013,95,567,6491,5,12,340,0,0,1,1,0,0,0,0,14.454199999999998,168.766,0,
1014,159,918,9704,13,38,1528,0,0,3,2,0,0,0,0,46.958639999999995,252.304,0,
1015,68,445,4454,5,2,181,0,0,2,0,0,0,0,0,2.73603,115.80399999999999,0,
1016,158,836,9105,9,29,1635,0,0,2,0,0,0,0,0,37.070049999999995,236.73,0,
1017,139,779,8635,11,23,1233,0,0,4,1,0,0,0,0,29.232789999999998,224.51,0,
1018,127,692,7512,7,27,918,0,0,3,2,0,0,0,0,32.92434,195.31199999999998,0,
1019,178,937,10831,15,15,1083,0,0,5,3,1,0,0,0,19.798289999999998,281.606,0,
1020,134,691,7423,5,10,562,0,0,3,0,0,0,0,0,12.778059999999998,192.998,0,
1021,180,962,10449,23,26,1246,0,0,5,3,2,0,0,0,32.65698,271.674,0,
1022,170,960,10721,9,39,1442,0,0,3,1,0,0,0,0,47.86245999999999,278.746,0,
1023,113,647,7511,5,6,548,0,0,3,1,0,0,0,0,8.22124,195.286,0,
1024,121,686,8140,7,18,877,0,0,3,2,1,0,0,0,22.646509999999996,211.64,0,
1025,130,635,6479,8,7,412,0,0,2,1,0,0,0,0,8.993559999999999,168.45399999999998,0,
1026,249,1395,15095,53,46,2758,0,0,7,4,1,0,0,0,59.23354,392.46999999999997,0,
1027,183,1035,10464,7,25,1543,0,0,6,2,0,0,0,0,32.30808999999999,272.06399999999996,0,
1028,123,648,7480,9,14,411,0,0,2,2,1,0,0,0,16.90093,194.48,0,
1029,218,1221,13054,38,34,2068,0,0,5,2,2,0,0,0,43.858839999999994,339.404,0,
1030,139,814,8485,11,18,915,0,0,3,2,0,0,0,0,22.746449999999996,220.60999999999999,0,
1031,160,896,10240,16,36,1772,0,0,2,1,0,0,0,0,45.34035999999999,266.24,0,
1032,161,878,10122,13,30,1304,0,0,2,0,0,0,0,0,37.32952,263.17199999999997,0,
1033,156,727,8144,17,13,587,0,0,5,3,1,0,0,0,16.23381,211.744,0,
1034,181,878,10149,7,15,886,0,0,3,0,0,0,0,0,19.280179999999998,263.87399999999997,0,
1035,118,714,7227,8,16,970,0,0,3,1,0,0,0,0,20.631099999999996,187.902,0,
1036,156,890,9857,9,33,1352,0,0,2,1,0,0,0,0,40.84576,256.282,0,
1037,297,1580,16456,40,47,3480,0,0,8,5,0,0,0,0,62.26239999999999,427.856,0,
1038,106,715,6119,13,7,531,0,0,3,1,0,0,0,0,9.306529999999999,159.094,0,
1039,81,518,5356,6,3,164,0,0,3,0,0,0,0,0,3.8213199999999996,139.256,0,
1040,170,850,9847,25,29,1039,0,0,4,3,1,0,0,0,35.50257,256.022,0,
1041,313,1527,16698,33,38,2452,0,0,8,3,1,0,0,0,49.38876,434.14799999999997,0,
1042,113,641,7075,4,8,478,0,0,2,0,0,0,0,0,10.297139999999999,183.95,0,
1043,136,781,8493,9,10,811,0,0,4,2,1,0,0,0,13.432929999999999,220.81799999999998,0,
1044,112,668,7870,5,13,600,0,0,4,3,1,0,0,0,16.267999999999997,204.62,0,
1045,65,405,4192,3,2,175,0,0,2,0,0,0,0,0,2.7202499999999996,108.99199999999999,0,
1046,104,583,6289,4,9,462,0,0,4,1,0,0,0,0,11.385059999999998,163.51399999999998,0,
1047,175,974,10867,7,26,1253,0,0,3,2,0,0,0,0,32.67538999999999,282.542,0,
1048,211,1108,13401,9,24,1183,0,0,3,3,0,0,0,0,30.231289999999998,348.426,0,
1049,284,1250,13524,14,36,2006,0,0,4,3,0,0,0,0,45.95577999999999,351.62399999999997,0,
1050,304,1403,17821,16,53,2386,0,0,3,3,0,0,0,0,66.16517999999999,463.346,0,
1051,121,643,7484,5,9,602,0,0,4,2,0,0,0,0,11.753259999999997,194.584,0,
1052,130,706,7550,7,14,752,0,0,2,1,0,0,0,0,17.797759999999997,196.29999999999998,0,
1053,290,1437,15449,45,41,3705,0,0,12,4,2,0,0,0,56.074149999999996,401.674,0,
1054,115,648,6664,8,17,682,0,0,2,0,0,0,0,0,21.003659999999996,173.26399999999998,0,
1055,127,736,8511,4,18,626,0,0,0,0,0,0,0,0,21.986379999999997,221.286,0,
1056,110,594,6303,5,11,457,0,0,3,1,0,0,0,0,13.63191,163.878,0,
1057,341,1508,17646,37,36,2988,0,0,10,5,1,0,0,0,48.538439999999994,458.796,0,
1058,327,1465,16788,13,40,2594,0,0,8,4,1,0,0,0,52.02222,436.488,0,
1059,157,787,8981,21,15,819,0,0,4,2,2,0,0,0,19.10397,233.506,0,
1060,159,823,9195,10,16,945,0,0,3,3,1,0,0,0,20.56535,239.07,0,
1061,171,910,10567,9,27,1507,0,0,5,3,1,0,0,0,34.47341,274.74199999999996,0,
1062,195,882,9826,31,14,715,0,0,4,3,1,0,0,0,17.70045,255.476,0,
1063,179,936,11274,8,26,1140,0,0,2,2,0,0,0,0,32.37819999999999,293.12399999999997,0,
1064,97,584,5866,28,6,273,0,0,3,2,1,0,0,0,7.49799,152.516,0,
1065,108,652,6828,6,14,642,0,0,4,2,0,0,0,0,17.50846,177.528,0,
1066,108,555,6146,5,6,292,0,0,3,1,1,0,0,0,7.54796,159.796,0,
1067,128,672,7665,3,18,537,0,0,2,0,0,0,0,0,21.752309999999998,199.29,0,
1068,118,640,7129,10,19,913,0,0,1,1,0,0,0,0,23.87119,185.35399999999998,0,
1069,200,1055,12310,13,46,1932,0,0,4,1,0,0,0,0,57.061159999999994,320.06,0,
1070,163,832,9972,7,22,1273,0,0,5,2,0,0,0,0,28.20799,259.272,0,
1071,148,803,9243,7,25,1229,0,0,4,1,0,0,0,0,31.482269999999996,240.31799999999998,0,
1072,142,692,7279,6,17,758,0,0,2,0,0,0,0,0,21.203539999999997,189.254,0,
1073,171,888,10362,5,17,1130,0,0,4,1,0,0,0,0,22.1819,269.412,0,
1074,141,732,8469,8,15,735,0,0,3,1,0,0,0,0,18.88305,220.194,0,
1075,204,958,11090,17,26,1221,0,0,1,1,1,0,0,0,32.591229999999996,288.34,0,
1076,140,910,9081,19,16,1124,0,0,4,2,0,0,0,0,21.036119999999997,236.106,0,
1077,161,972,10439,14,16,1111,0,0,6,1,0,0,0,0,21.001929999999998,271.414,0,
1078,157,930,10006,9,24,1312,0,0,2,1,0,0,0,0,30.570559999999997,260.156,0,
1079,129,738,8456,10,14,730,0,0,4,1,0,0,0,0,17.7399,219.856,0,
1080,106,550,5712,4,6,173,0,0,1,0,0,0,0,0,7.23499,148.512,0,
1081,146,809,9140,10,25,984,0,0,3,3,1,0,0,0,30.837919999999997,237.64,0,
1082,95,602,6579,4,9,504,0,0,1,0,0,0,0,0,11.495519999999999,171.054,0,
1083,181,961,10947,12,46,2883,0,0,2,1,0,0,0,0,59.56229,284.622,0,
1084,197,1065,11968,15,47,2165,0,0,3,1,0,0,0,0,58.80394999999999,311.168,0,
1085,135,717,8501,7,12,789,0,0,3,0,0,0,0,0,15.635069999999999,221.02599999999998,0,
1086,128,664,7496,7,11,516,0,0,2,1,0,0,0,0,13.78708,194.896,0,
1087,240,1251,13995,10,25,1678,0,0,4,3,0,0,0,0,32.66314,363.87,0,
1088,238,1238,14154,12,52,2186,0,0,5,2,0,0,0,0,64.50917999999999,368.00399999999996,0,
1089,99,593,6800,6,15,389,0,0,2,1,0,0,0,0,17.97307,176.79999999999998,0,
1090,157,767,8558,6,14,626,0,0,2,1,0,0,0,0,17.466379999999997,222.50799999999998,0,
1091,90,498,5083,5,4,138,0,0,2,0,0,0,0,0,4.88294,132.158,0,
1092,157,753,8382,19,11,709,0,0,4,2,1,0,0,0,14.29467,217.932,0,
1093,127,678,7150,5,11,694,0,0,3,0,0,0,0,0,14.25522,185.89999999999998,0,
1094,191,827,9536,4,15,649,0,0,2,0,0,0,0,0,18.656869999999998,247.93599999999998,0,
1095,139,794,8466,32,25,945,0,0,2,1,1,0,0,0,30.735349999999997,220.11599999999999,0,
1096,273,1343,14956,21,29,2083,0,0,8,5,0,0,0,0,38.24829,388.856,0,
1097,173,922,10466,8,29,1339,0,0,2,1,0,0,0,0,36.29156999999999,272.116,0,
1098,85,532,5795,9,8,346,0,0,3,2,1,0,0,0,9.94998,150.67,0,
1099,149,786,9037,6,25,982,0,0,2,2,0,0,0,0,30.832659999999997,234.962,0,
1100,160,932,10543,11,32,1437,0,0,3,3,0,0,0,0,39.93931,274.118,0,
1101,274,1445,16377,29,29,2509,0,0,12,7,3,0,0,0,39.368669999999995,425.80199999999996,0,
1102,103,547,5924,4,5,150,0,0,2,1,0,0,0,0,6.044499999999999,154.024,0,
1103,124,701,8284,8,17,768,0,0,2,1,0,0,0,0,21.229839999999996,215.384,0,
1104,125,700,8590,7,15,845,0,0,6,6,2,0,0,0,19.172349999999998,223.34,0,
1105,412,1683,19407,37,47,2339,0,0,6,3,2,0,0,0,59.26156999999999,504.582,0,
1106,167,956,10489,25,24,1357,0,0,5,3,1,0,0,0,30.688909999999996,272.714,0,
1107,83,485,4983,9,7,284,0,0,2,2,0,0,0,0,8.65692,129.558,0,
1108,105,590,5960,5,7,511,0,0,3,0,0,0,0,0,9.253929999999999,154.95999999999998,0,
1109,168,1015,10446,26,24,1340,0,0,7,4,1,0,0,0,30.644199999999998,271.596,0,
1110,83,527,4976,4,6,285,0,0,2,0,0,0,0,0,7.5295499999999995,129.376,0,
1111,95,533,6040,4,5,256,0,0,2,1,0,0,0,0,6.32328,157.04,0,
1112,249,1090,11598,22,11,1038,0,0,5,3,1,0,0,0,15.159939999999999,301.548,0,
1113,134,721,8063,8,14,707,0,0,3,1,0,0,0,0,17.679409999999997,209.63799999999998,0,
1114,185,1039,11688,12,32,1306,0,0,5,2,0,0,0,0,39.59478,303.888,0,
1115,171,955,10574,13,28,1210,0,0,3,2,1,0,0,0,34.8223,274.924,0,
1116,84,501,5489,5,2,94,0,0,2,1,0,0,0,0,2.50722,142.714,0,
1117,69,441,4792,4,2,94,0,0,2,1,0,0,0,0,2.50722,124.592,0,
1118,113,670,7486,11,16,565,0,0,2,1,1,0,0,0,19.565949999999997,194.636,0,
1119,152,842,9156,20,14,1237,0,0,5,2,1,0,0,0,19.07331,238.05599999999998,0,
1120,139,722,8386,5,13,658,0,0,4,2,0,0,0,0,16.42054,218.036,0,
1121,157,827,9038,7,8,642,0,0,3,0,0,0,0,0,10.728459999999998,234.988,0,
1122,148,766,8827,10,20,997,0,0,4,2,0,0,0,0,25.222109999999997,229.50199999999998,0,
1123,146,820,9328,8,19,1068,0,0,5,3,1,0,0,0,24.27884,242.528,0,
1124,79,468,4763,4,8,255,0,0,3,1,0,0,0,0,9.71065,123.838,0,
1125,140,803,8611,14,26,1318,0,0,2,1,0,0,0,0,32.84634,223.886,0,
1126,204,1031,12480,19,25,1861,0,0,3,3,0,0,0,0,33.14443,324.47999999999996,0,
1127,130,768,8168,5,20,1006,0,0,1,0,0,0,0,0,25.245779999999996,212.368,0,
1128,204,1033,12360,16,21,1132,0,0,3,3,1,0,0,0,26.70716,321.36,0,
1129,116,663,7566,6,12,398,0,0,1,1,0,0,0,0,14.606739999999999,196.71599999999998,0,
1130,67,453,5176,5,4,196,0,0,3,1,0,0,0,0,5.03548,134.576,0,
1131,118,570,6554,3,5,231,0,0,1,1,0,0,0,0,6.257529999999999,170.404,0,
1132,165,715,8407,12,5,244,0,0,2,2,1,0,0,0,6.29172,218.582,0,
1133,99,534,5477,27,8,374,0,0,2,1,1,0,0,0,10.02362,142.402,0,
1134,116,710,7204,10,20,879,0,0,3,2,0,0,0,0,24.911769999999997,187.304,0,
1135,90,519,5426,7,5,267,0,0,3,2,0,0,0,0,6.3522099999999995,141.076,0,
1136,291,1480,16725,27,21,1943,0,0,10,4,2,0,0,0,28.840089999999996,434.84999999999997,0,
1137,77,512,5492,6,7,296,0,0,3,3,1,0,0,0,8.688479999999998,142.792,0,
1138,108,601,6631,16,10,373,0,0,2,1,1,0,0,0,12.28099,172.406,0,
1139,126,717,7947,11,17,804,0,0,4,1,0,0,0,0,21.324519999999996,206.62199999999999,0,
1140,122,605,6772,5,10,311,0,0,2,1,0,0,0,0,12.11793,176.072,0,
1141,125,736,7600,9,15,950,0,0,4,1,0,0,0,0,19.4485,197.6,0,
1142,174,968,10313,9,32,1853,0,0,3,0,0,0,0,0,41.03339,268.138,0,
1143,136,725,8238,5,17,695,0,0,2,1,0,0,0,0,21.03785,214.188,0,
1144,154,756,8562,14,16,914,0,0,3,2,0,0,0,0,20.483819999999998,222.612,0,
1145,182,950,10608,11,30,1408,0,0,3,2,0,0,0,0,37.60304,275.808,0,
1146,236,1079,12310,9,25,1473,0,0,3,3,0,0,0,0,32.12399,320.06,0,
1147,108,588,6686,5,15,456,0,0,1,0,0,0,0,0,18.149279999999997,173.83599999999998,0,
1148,147,824,9915,10,29,1026,0,0,3,2,0,0,0,0,35.468379999999996,257.78999999999996,0,
1149,107,609,5954,6,8,637,0,0,2,1,0,0,0,0,10.715309999999999,154.804,0,
1150,85,507,5633,4,8,425,0,0,2,1,0,0,0,0,10.15775,146.458,0,
1151,178,982,10427,34,22,1318,0,0,7,6,3,0,0,0,28.32634,271.102,0,
1152,122,684,8113,8,14,848,0,0,4,3,0,0,0,0,18.05024,210.938,0,
1153,121,720,7139,17,18,956,0,0,4,2,1,0,0,0,22.854279999999996,185.614,0,
1154,188,917,10059,8,7,933,0,0,6,1,0,0,0,0,10.36379,261.534,0,
1155,144,804,9748,7,25,892,0,0,2,2,1,0,0,0,30.595959999999998,253.44799999999998,0,
1156,196,1015,10916,10,21,1036,0,0,4,4,0,0,0,0,26.454679999999996,283.816,0,
1157,229,1124,12056,31,22,1791,0,0,7,3,1,0,0,0,29.57033,313.45599999999996,0,
1158,202,1144,13873,22,50,1837,0,0,3,3,2,0,0,0,61.331309999999995,360.698,0,
1159,114,607,6266,6,13,523,0,0,4,1,0,0,0,0,16.065489999999997,162.916,0,
1160,82,493,5551,3,5,317,0,0,3,0,0,0,0,0,6.483709999999999,144.326,0,
1161,131,745,8194,7,18,1031,0,0,3,1,0,0,0,0,23.051529999999996,213.04399999999998,0,
1162,107,594,6125,13,9,468,0,0,5,1,1,0,0,0,11.400839999999999,159.25,0,
1163,108,640,6594,7,18,764,0,0,3,2,0,0,0,0,22.349319999999995,171.444,0,
1164,66,421,4210,4,4,188,0,0,3,0,0,0,0,0,5.01444,109.46,0,
1165,260,1144,13962,22,25,1523,0,0,5,3,2,0,0,0,32.255489999999995,363.012,0,
1166,158,865,9397,7,30,1504,0,0,2,0,0,0,0,0,37.85552,244.322,0,
1167,217,1194,14094,24,26,1555,0,0,5,3,2,0,0,0,33.469649999999994,366.44399999999996,0,
1168,163,878,10049,6,16,746,0,0,4,2,0,0,0,0,20.04198,261.274,0,
1169,276,1489,15951,38,40,2254,0,0,7,4,1,0,0,0,51.12801999999999,414.726,0,
1170,80,501,4980,6,4,142,0,0,1,0,0,0,0,0,4.893459999999999,129.48,0,
1171,163,643,7515,6,5,148,0,0,1,1,0,0,0,0,6.0392399999999995,195.39,0,
1172,69,447,4214,3,4,314,0,0,3,0,0,0,0,0,5.34582,109.564,0,
1173,150,853,9255,16,25,1091,0,0,3,2,1,0,0,0,31.119329999999998,240.63,0,
1174,101,636,6287,10,20,761,0,0,2,1,0,0,0,0,24.601429999999997,163.462,0,
1175,106,589,6681,8,7,309,0,0,3,2,1,0,0,0,8.722669999999999,173.706,0,
1176,171,858,9333,16,33,1595,0,0,2,1,1,0,0,0,41.48485,242.658,0,
1177,301,1369,15499,23,33,1533,0,0,4,3,1,0,0,0,41.32179,402.974,0,
1178,114,680,7346,7,7,475,0,0,3,2,0,0,0,0,9.15925,190.99599999999998,0,
1179,135,822,8898,13,21,1128,0,0,4,3,1,0,0,0,26.696639999999995,231.34799999999998,0,
1180,87,543,5872,5,7,230,0,0,1,0,0,0,0,0,8.514899999999999,152.672,0,
1181,86,566,5376,33,6,435,0,0,4,3,1,0,0,0,7.924049999999999,139.77599999999998,0,
1182,113,648,6912,6,16,416,0,0,1,1,0,0,0,0,19.174079999999996,179.712,0,
1183,359,1486,16501,14,30,2030,0,0,5,1,0,0,0,0,39.2389,429.02599999999995,0,
1184,133,723,8020,12,12,780,0,0,3,1,0,0,0,0,15.6114,208.51999999999998,0,
1185,299,1481,16389,24,50,3227,0,0,6,3,0,0,0,0,64.98701,426.114,0,
1186,101,611,6597,5,6,412,0,0,4,1,0,0,0,0,7.86356,171.522,0,
1187,205,838,8741,9,17,785,0,0,1,0,0,0,0,0,21.274549999999998,227.266,0,
1188,136,706,7502,9,14,755,0,0,3,2,0,0,0,0,17.80565,195.052,0,
1189,169,925,9546,11,19,1310,0,0,6,4,2,0,0,0,24.9153,248.196,0,
1190,237,1110,12550,15,34,2133,0,0,5,2,0,0,0,0,44.02978999999999,326.3,0,
1191,81,512,5386,3,8,226,0,0,1,0,0,0,0,0,9.634379999999998,140.036,0,
1192,202,971,10712,9,29,1196,0,0,2,1,0,0,0,0,35.915479999999995,278.512,0,
1193,157,803,9646,5,11,519,0,0,3,2,0,0,0,0,13.79497,250.796,0,
1194,135,685,7634,10,13,442,0,0,2,1,0,0,0,0,15.852459999999997,198.48399999999998,0,
1195,168,980,10388,13,27,1448,0,0,4,3,0,0,0,0,34.318239999999996,270.08799999999997,0,
1196,100,532,5940,3,3,203,0,0,2,0,0,0,0,0,3.9238899999999997,154.44,0,
1197,131,712,7813,9,17,717,0,0,3,3,1,0,0,0,21.095709999999997,203.13799999999998,0,
1198,203,991,11920,24,15,1060,0,0,3,3,1,0,0,0,19.7378,309.91999999999996,0,
1199,93,521,5447,4,3,117,0,0,2,1,0,0,0,0,3.69771,141.62199999999999,0,
1200,148,753,8344,8,11,574,0,0,5,4,0,0,0,0,13.93962,216.944,0,
1201,111,646,6720,9,10,475,0,0,2,2,0,0,0,0,12.549249999999999,174.72,0,
1202,122,822,7792,29,11,620,0,0,4,4,1,0,0,0,14.060599999999999,202.59199999999998,0,
1203,93,605,6112,9,10,420,0,0,3,1,0,0,0,0,12.404599999999999,158.912,0,
1204,245,1268,14078,32,33,2417,0,0,8,5,4,0,0,0,43.64671,366.02799999999996,0,
1205,164,858,9913,9,12,906,0,0,5,2,0,0,0,0,15.942779999999999,257.738,0,
1206,77,527,5500,24,3,221,0,0,3,2,1,0,0,0,3.97123,143,0,
1207,103,534,6014,4,4,149,0,0,3,2,0,0,0,0,4.9118699999999995,156.364,0,
1208,136,756,8378,12,18,859,0,0,3,0,0,0,0,0,22.599169999999997,217.828,0,
1209,93,543,5627,5,8,386,0,0,3,1,0,0,0,0,10.05518,146.302,0,
1210,104,586,6559,6,11,493,0,0,3,1,0,0,0,0,13.72659,170.534,0,
1211,233,1144,13745,9,35,1895,0,0,6,3,0,0,0,0,44.53385,357.37,0,
1212,113,641,6643,4,13,670,0,0,2,1,0,0,0,0,16.452099999999998,172.718,0,
1213,84,509,5888,13,5,286,0,0,3,2,1,0,0,0,6.4021799999999995,153.088,0,
1214,248,1171,13876,10,36,2074,0,0,4,1,0,0,0,0,46.13461999999999,360.776,0,
1215,75,463,5172,4,4,147,0,0,2,2,1,0,0,0,4.90661,134.47199999999998,0,
1216,166,831,9435,14,27,1797,0,0,4,3,1,0,0,0,35.23611,245.31,0,
1217,152,787,8845,27,19,859,0,0,2,1,1,0,0,0,23.72917,229.97,0,
1218,118,625,6458,7,10,447,0,0,2,0,0,0,0,0,12.47561,167.908,0,
1219,77,452,5295,4,2,113,0,0,3,1,0,0,0,0,2.55719,137.67,0,
1220,142,843,9573,9,31,956,0,0,3,1,0,0,0,0,37.54427999999999,248.898,0,
1221,185,998,11601,8,25,1531,0,0,7,3,1,0,0,0,32.276529999999994,301.626,0,
1222,171,966,10908,8,34,1536,0,0,2,2,0,0,0,0,42.45967999999999,283.608,0,
1223,153,730,8897,6,12,396,0,0,3,2,1,0,0,0,14.601479999999999,231.322,0,
1224,164,648,7579,3,6,198,0,0,1,0,0,0,0,0,7.300739999999999,197.054,0,
1225,102,584,6292,6,7,380,0,0,3,2,0,0,0,0,8.9094,163.59199999999998,0,
1226,98,581,6629,6,5,458,0,0,4,3,1,0,0,0,6.854539999999999,172.35399999999998,0,
1227,90,538,6151,5,7,264,0,0,0,0,0,0,0,0,8.60432,159.926,0,
1228,120,689,7719,18,15,873,0,0,4,3,1,0,0,0,19.24599,200.694,0,
1229,92,526,6118,4,5,339,0,0,2,1,0,0,0,0,6.541569999999999,159.06799999999998,0,
1230,96,501,6192,3,3,114,0,0,0,0,0,0,0,0,3.6898199999999997,160.992,0,
1231,108,619,7344,6,4,227,0,0,2,1,0,0,0,0,5.11701,190.944,0,
1232,102,584,6851,10,14,498,0,0,2,1,0,0,0,0,17.129739999999998,178.126,0,
1233,103,615,7548,8,11,612,0,0,4,4,1,0,0,0,14.03956,196.248,0,
1234,318,1448,17111,16,54,3512,0,0,10,5,2,0,0,0,70.25656,444.88599999999997,0,
1235,172,657,7086,6,5,176,0,0,2,1,0,0,0,0,6.11288,184.236,0,
1236,224,1205,12931,23,43,2371,0,0,3,1,1,0,0,0,54.82572999999999,336.20599999999996,0,
1237,129,786,8416,18,15,831,0,0,6,5,2,0,0,0,19.13553,218.816,0,
1238,173,869,9764,5,28,1603,0,0,3,2,0,0,0,0,35.855889999999995,253.86399999999998,0,
1239,116,634,6992,14,9,491,0,0,2,1,1,0,0,0,11.461329999999998,181.792,0,
1240,156,739,8155,7,20,957,0,0,2,0,0,0,0,0,25.116909999999997,212.03,0,
1241,134,793,9217,8,22,1025,0,0,4,2,1,0,0,0,27.55575,239.642,0,
1242,68,403,4287,2,2,80,0,0,2,0,0,0,0,0,2.4703999999999997,111.46199999999999,0,
1243,140,708,7800,6,11,662,0,0,4,2,0,0,0,0,14.17106,202.79999999999998,0,
1244,106,551,5941,3,7,330,0,0,2,0,0,0,0,0,8.777899999999999,154.46599999999998,0,
1245,140,776,8493,10,24,1122,0,0,3,2,0,0,0,0,30.070859999999996,220.81799999999998,0,
1246,93,521,5707,3,4,205,0,0,2,1,0,0,0,0,5.05915,148.382,0,
1247,252,1383,15510,33,31,2514,0,0,10,6,3,0,0,0,41.641819999999996,403.26,0,
1248,152,748,8941,6,12,804,0,0,3,0,0,0,0,0,15.67452,232.46599999999998,0,
1249,108,609,6230,7,11,438,0,0,1,0,0,0,0,0,13.58194,161.98,0,
1250,176,865,9793,7,28,936,0,0,3,0,0,0,0,0,34.101679999999995,254.618,0,
1251,3000,11865,142046,150,830,57045,0,0,1,0,0,0,0,0,1087.92835,3693.196,0,
1252,269,1634,15946,34,44,2716,0,0,6,3,1,0,0,0,56.86308,414.596,0,
1253,3000,11526,149556,333,1096,101153,0,0,1,1,0,0,0,0,1504.5123899999999,3888.4559999999997,0,
1254,290,1620,15573,24,38,2120,0,0,9,4,1,0,0,0,48.5156,404.89799999999997,0,
1255,221,1234,13223,27,41,2887,0,0,4,2,0,0,0,0,53.92281,343.798,0,
1256,422,2215,25413,28,132,5504,0,0,2,0,0,0,0,0,163.63551999999999,660.7379999999999,0,
1257,3000,11542,136351,251,1121,62934,0,0,4,3,1,0,0,0,1432.2464199999997,3545.1259999999997,0,
1258,350,1924,21436,42,51,3143,0,0,13,8,2,0,0,0,65.89609,557.336,0,
1259,195,1048,11809,10,47,1393,0,0,3,2,0,0,0,0,56.77358999999999,307.034,0,
1260,3000,11108,148258,124,834,48521,0,0,3,2,0,0,0,0,1070.0302299999998,3854.7079999999996,0,
1261,184,1215,11616,32,29,1957,0,0,7,5,3,0,0,0,37.916909999999994,302.01599999999996,0,
1262,382,2071,21920,44,104,6306,0,0,5,3,2,0,0,0,134.10477999999998,569.92,0,
1263,191,972,11125,8,25,1161,0,0,5,1,0,0,0,0,31.303429999999995,289.25,0,
1264,135,762,8190,7,13,629,0,0,4,2,0,0,0,0,16.344269999999998,212.94,0,
1265,3000,11495,159856,109,1111,47593,0,0,1,1,0,0,0,0,1380.5995899999998,4156.255999999999,0,
1266,321,1826,18972,31,64,3294,0,0,5,2,2,0,0,0,80.98321999999999,493.272,0,
1267,84,558,5737,3,2,74,0,0,0,0,0,0,0,0,2.45462,149.162,0,
1268,179,913,9588,16,20,1265,0,0,6,1,0,0,0,0,25.926949999999998,249.28799999999998,0,
1269,153,801,8429,5,11,694,0,0,3,1,0,0,0,0,14.25522,219.154,0,
1270,496,2631,29868,60,98,6242,0,0,17,9,3,0,0,0,127.15646,776.568,0,
1271,130,754,7528,4,14,822,0,0,2,0,0,0,0,0,17.981859999999998,195.72799999999998,0,
1272,346,1690,18706,53,60,4864,0,0,11,6,3,0,0,0,80.59232,486.356,0,
1273,196,1082,12318,32,30,2604,0,0,7,2,1,0,0,0,40.74852,320.268,0,
1274,194,1007,11336,12,29,1732,0,0,4,2,2,0,0,0,37.32516,294.736,0,
1275,138,732,8125,10,10,380,0,0,3,3,1,0,0,0,12.299399999999999,211.25,0,
1276,86,561,5977,6,6,276,0,0,1,1,0,0,0,0,7.505879999999999,155.402,0,
1277,181,960,10677,19,14,1037,0,0,6,2,1,0,0,0,18.54731,277.602,0,
1278,134,625,6373,5,4,192,0,0,2,0,0,0,0,0,5.024959999999999,165.69799999999998,0,
1279,3000,11116,141908,211,775,42698,0,0,3,1,0,0,0,0,988.0457399999999,3689.6079999999997,0,
1280,357,1875,20232,23,73,4377,0,0,6,2,1,0,0,0,94.00151,526.0319999999999,0,
1281,384,2195,22296,31,81,5043,0,0,8,5,0,0,0,0,104.79308999999999,579.696,0,
1282,94,625,6426,3,8,324,0,0,2,0,0,0,0,0,9.892119999999998,167.076,0,
1283,462,2338,26889,35,101,5854,0,0,11,4,1,0,0,0,129.52602,699.1139999999999,0,
1284,236,1292,13633,19,36,2150,0,0,5,0,0,0,0,0,46.33449999999999,354.45799999999997,0,
1285,235,1143,12846,7,34,1662,0,0,3,0,0,0,0,0,42.791059999999995,333.996,0,
1286,188,1118,12538,25,26,2035,0,0,10,4,2,0,0,0,34.732049999999994,325.988,0,
1287,3000,10947,156522,110,1119,45584,0,0,0,0,0,0,0,0,1384.3559199999997,4069.5719999999997,0,
1288,133,855,8260,7,10,712,0,0,3,1,0,0,0,0,13.172559999999999,214.76,0,
1289,195,1055,12407,10,22,1289,0,0,4,1,1,0,0,0,28.25007,322.582,0,
1290,3000,11437,144170,113,812,44378,0,0,4,3,0,0,0,0,1034.27414,3748.4199999999996,0,
1291,253,1405,15993,15,47,2167,0,0,6,4,0,0,0,0,58.80920999999999,415.818,0,
1292,108,647,6177,12,9,468,0,0,5,2,0,0,0,0,11.400839999999999,160.602,0,
1293,259,1344,14733,28,43,2344,0,0,3,2,1,0,0,0,54.75472,383.058,0,
1294,320,1762,20254,17,60,3574,0,0,7,4,0,0,0,0,77.19962,526.6039999999999,0,
1295,90,556,5879,5,4,104,0,0,0,0,0,0,0,0,4.793519999999999,152.85399999999998,0,
1296,118,714,7354,9,14,622,0,0,2,1,0,0,0,0,17.455859999999998,191.20399999999998,0,
1297,229,1173,12607,24,24,1895,0,0,6,3,2,0,0,0,32.103849999999994,327.782,0,
1298,115,686,6961,8,10,546,0,0,4,1,0,0,0,0,12.73598,180.986,0,
1299,128,726,7887,18,10,637,0,0,4,3,1,0,0,0,12.975309999999999,205.06199999999998,0,
1300,88,496,5065,4,2,76,0,0,1,0,0,0,0,0,2.4598799999999996,131.69,0,
1301,365,1797,21511,24,53,3540,0,0,11,5,2,0,0,0,69.2002,559.286,0,
1302,95,557,5959,4,4,199,0,0,1,1,0,0,0,0,5.0433699999999995,154.934,0,
1303,156,874,9535,24,18,1068,0,0,7,5,1,0,0,0,23.148839999999996,247.91,0,
1304,72,486,5232,5,3,137,0,0,3,1,0,0,0,0,3.75031,136.03199999999998,0,
1305,417,2185,26972,18,117,4341,0,0,5,2,1,0,0,0,143.62682999999998,701.2719999999999,0,
1306,208,1200,13299,7,49,1967,0,0,2,1,0,0,0,0,60.543209999999995,345.774,0,
1307,3000,11136,141569,178,882,58490,0,0,9,4,1,0,0,0,1150.4886999999999,3680.794,0,
1308,174,1056,9867,24,20,1201,0,0,5,1,1,0,0,0,25.758629999999997,256.542,0,
1309,131,706,6181,11,16,645,0,0,3,1,0,0,0,0,19.776349999999997,160.706,0,
1310,213,1282,13482,27,41,2069,0,0,3,3,1,0,0,0,51.77147,350.532,0,
1311,97,563,6153,17,6,272,0,0,1,1,1,0,0,0,7.49536,159.97799999999998,0,
1312,166,940,10531,7,33,1432,0,0,3,0,0,0,0,0,41.05616,273.806,0,
1313,3000,11799,144184,337,807,45118,0,0,4,2,1,0,0,0,1030.57034,3748.7839999999997,0,
1314,278,1532,14623,28,47,2789,0,0,4,2,1,0,0,0,60.445069999999994,380.198,0,
1315,216,1158,12783,15,38,2084,0,0,5,3,0,0,0,0,48.420919999999995,332.358,0,
1316,227,1013,11122,15,28,1329,0,0,2,2,0,0,0,0,35.13527,289.17199999999997,0,
1317,98,604,6661,6,11,405,0,0,2,1,0,0,0,0,13.495149999999999,173.18599999999998,0,
1318,197,1141,12813,12,31,1576,0,0,7,3,0,0,0,0,39.174879999999995,333.138,0,
1319,3000,10909,144683,177,824,52591,0,0,1,0,0,0,0,0,1069.4343299999998,3761.758,0,
1320,191,1022,9312,17,23,1295,0,0,4,3,0,0,0,0,29.39585,242.112,0,
1321,3000,11470,148359,148,956,62405,0,0,0,0,0,0,0,0,1244.40515,3857.334,0,
1322,452,2592,27651,54,87,4704,0,0,9,5,1,0,0,0,110.68151999999999,718.9259999999999,0,
1323,3000,11352,156251,221,1099,45646,0,0,3,2,1,0,0,0,1361.91898,4062.526,0,
1324,265,1490,15550,28,42,2618,0,0,10,4,1,0,0,0,54.34533999999999,404.29999999999995,0,
1325,498,2507,27485,99,127,19839,0,0,8,6,4,0,0,0,195.68657,714.61,0,
1326,162,927,9245,14,14,992,0,0,6,2,0,0,0,0,18.42896,240.36999999999998,0,
1327,135,687,7464,10,7,399,0,0,4,4,1,0,0,0,8.95937,194.064,0,
1328,403,2221,26564,17,132,4684,0,0,2,1,0,0,0,0,161.47892,690.664,0,
1329,178,1247,11737,51,37,1556,0,0,4,3,1,0,0,0,45.90228,305.162,0,
1330,181,880,9734,13,21,1033,0,0,4,2,0,0,0,0,26.446789999999996,253.08399999999997,0,
1331,126,750,8078,10,23,780,0,0,2,1,0,0,0,0,28.0414,210.028,0,
1332,233,1249,13382,21,36,2449,0,0,8,4,0,0,0,0,47.12087,347.93199999999996,0,
1333,496,2521,29149,61,66,4390,0,0,14,9,3,0,0,0,86.1257,757.8739999999999,0,
1334,144,862,8857,11,24,1286,0,0,3,2,0,0,0,0,30.502179999999996,230.28199999999998,0,
1335,3000,12213,138489,856,1085,178269,0,0,10,5,0,0,0,0,1694.8974699999999,3600.714,0,
1336,161,1039,9853,14,17,932,0,0,7,2,0,0,0,0,21.661159999999995,256.178,0,
1337,232,1195,12911,11,29,2043,0,0,7,1,0,0,0,0,38.143089999999994,335.686,0,
1338,350,1833,20531,36,64,3324,0,0,8,3,1,0,0,0,81.06212,533.8059999999999,0,
1339,3000,11285,142601,148,777,44269,0,0,2,1,0,0,0,0,994.4374699999998,3707.6259999999997,0,
1340,3000,12235,138535,228,1070,59395,0,0,8,4,0,0,0,0,1365.30885,3601.91,0,
1341,328,1691,19151,13,72,3679,0,0,3,0,0,0,0,0,91.03576999999999,497.926,0,
1342,458,2456,26912,63,91,5453,0,0,10,5,1,0,0,0,117.17138999999999,699.712,0,
1343,199,1215,13111,27,35,1842,0,0,6,4,2,0,0,0,44.394459999999995,340.88599999999997,0,
1344,3000,15066,167459,318,725,51146,0,0,66,35,8,0,0,0,953.76398,4353.934,0,
1345,105,584,5873,5,5,148,0,0,1,0,0,0,0,0,6.0392399999999995,152.69799999999998,0,
1346,3000,11465,137774,349,1116,64097,0,0,3,2,0,0,0,0,1429.65511,3582.124,0,
1347,3000,11141,139788,175,961,59968,0,0,3,1,0,0,0,0,1243.64584,3634.488,0,
1348,392,2280,25856,23,135,4918,0,0,3,1,0,0,0,0,165.48433999999997,672.256,0,
1349,386,1947,20224,22,52,3296,0,0,5,2,0,0,0,0,67.42848,525.824,0,
1350,3000,11390,145222,339,1125,66410,0,0,0,0,0,0,0,0,1445.9082999999998,3775.772,0,
1351,78,626,5600,10,6,274,0,0,4,3,0,0,0,0,7.50062,145.6,0,
1352,171,896,9729,26,12,825,0,0,5,3,2,0,0,0,15.72975,252.95399999999998,0,
1353,3000,11466,137973,236,1104,63361,0,0,3,1,0,0,0,0,1414.15943,3587.298,0,
1354,183,1167,11445,30,39,1849,0,0,5,2,0,0,0,0,48.932869999999994,297.57,0,
1355,275,1630,17345,29,78,3622,0,0,3,2,0,0,0,0,97.66585999999998,450.96999999999997,0,
1356,530,2684,29146,58,127,7482,0,0,7,3,1,0,0,0,163.18766,757.7959999999999,0,
1357,96,621,5863,8,7,285,0,0,3,3,0,0,0,0,8.65955,152.438,0,
1358,92,565,6130,6,6,344,0,0,2,2,0,0,0,0,7.6847199999999996,159.38,0,
1359,142,810,7794,28,21,1438,0,0,6,5,1,0,0,0,27.511939999999996,202.64399999999998,0,
1360,153,840,8721,12,13,1064,0,0,8,3,0,0,0,0,17.488319999999998,226.74599999999998,0,
1361,312,1634,18324,20,65,3339,0,0,5,2,1,0,0,0,82.23156999999999,476.424,0,
1362,127,736,7633,7,22,834,0,0,4,2,0,0,0,0,27.05342,198.458,0,
1363,150,892,9842,9,26,1180,0,0,2,1,0,0,0,0,32.483399999999996,255.892,0,
1364,206,1132,12487,31,26,1675,0,0,8,4,1,0,0,0,33.78525,324.662,0,
1365,114,643,6550,12,13,412,0,0,1,0,0,0,0,0,15.773559999999998,170.29999999999998,0,
1366,122,724,7936,9,14,781,0,0,3,3,0,0,0,0,17.874029999999998,206.33599999999998,0,
1367,193,1153,11761,24,36,2077,0,0,4,4,2,0,0,0,46.142509999999994,305.786,0,
1368,3000,10982,140219,166,962,63476,0,0,5,1,0,0,0,0,1254.00188,3645.694,0,
1369,110,759,6675,13,15,815,0,0,2,1,0,0,0,0,19.09345,173.54999999999998,0,
1370,293,1617,17869,27,74,3139,0,0,3,2,1,0,0,0,91.87557,464.594,0,
1371,329,1809,19397,38,72,4488,0,0,8,3,1,0,0,0,93.16343999999998,504.322,0,
1372,117,722,7474,7,16,795,0,0,2,1,0,0,0,0,20.170849999999998,194.32399999999998,0,
1373,537,2800,34363,36,173,6954,0,0,7,3,1,0,0,0,213.77901999999997,893.438,0,
1374,464,2457,26488,43,102,5407,0,0,9,6,2,0,0,0,129.48040999999998,688.688,0,
1375,3000,10310,137967,105,570,38854,0,0,3,1,0,0,0,0,746.2860199999999,3587.142,0,
1376,3000,12162,147758,477,874,44724,0,0,4,1,0,0,0,0,1105.2441199999998,3841.7079999999996,0,
1377,342,1804,18635,26,86,4444,0,0,2,2,0,0,0,0,108.86771999999999,484.51,0,
1378,79,548,5410,6,6,193,0,0,2,2,1,0,0,0,7.28759,140.66,0,
1379,216,1176,11435,23,38,2733,0,0,4,1,0,0,0,0,50.12779,297.31,0,
1380,311,1442,15114,17,33,1893,0,0,7,1,1,0,0,0,42.268589999999996,392.964,0,
1381,3000,11609,137920,343,1116,60691,0,0,6,4,0,0,0,0,1420.69733,3585.9199999999996,0,
1382,361,1922,20753,18,72,3710,0,0,1,1,0,0,0,0,91.11729999999999,539.578,0,
1383,3000,12153,137996,241,1102,62955,0,0,8,1,0,0,0,0,1410.83165,3587.8959999999997,0,
1384,338,1805,19900,55,100,6704,0,0,2,1,0,0,0,0,130.63152,517.4,0,
1385,230,1188,13073,16,32,2077,0,0,6,3,0,0,0,0,41.62251,339.89799999999997,0,
1386,3000,11291,145865,135,920,50039,0,0,0,0,0,0,0,0,1171.20257,3792.49,0,
1387,338,1970,22096,31,95,3487,0,0,4,3,1,0,0,0,116.52081,574.496,0,
1388,3000,11482,149759,296,1097,76724,0,0,0,0,0,0,0,0,1441.39412,3893.734,0,
1389,355,1942,19647,22,64,3385,0,0,10,7,1,0,0,0,81.22255,510.822,0,
1390,198,925,8591,8,10,591,0,0,3,1,0,0,0,0,12.85433,223.36599999999999,0,
1391,3000,11363,143145,209,833,45732,0,0,2,2,0,0,0,0,1061.5651599999999,3721.77,0,
1392,333,1996,20311,28,82,4073,0,0,3,3,0,0,0,0,103.37199,528.086,0,
1393,248,1410,14952,30,37,2275,0,0,8,3,1,0,0,0,47.79324999999999,388.752,0,
1394,133,759,8370,16,9,786,0,0,6,4,1,0,0,0,12.237179999999999,217.61999999999998,0,
1395,307,1577,17393,13,47,2399,0,0,4,2,0,0,0,0,59.419369999999994,452.21799999999996,0,
1396,111,719,7644,6,23,774,0,0,3,1,0,0,0,0,28.025619999999996,198.744,0,
1397,287,1466,16847,8,61,3125,0,0,2,2,0,0,0,0,77.14874999999999,438.022,0,
1398,545,2630,31678,40,72,6041,0,0,23,7,1,0,0,0,97.24782999999998,823.6279999999999,0,
1399,134,711,7523,8,11,422,0,0,1,1,0,0,0,0,13.53986,195.59799999999998,0,
1400,347,1969,20858,33,45,3513,0,0,15,11,3,0,0,0,60.089189999999995,542.308,0,
1401,355,2000,20544,12,82,4063,0,0,2,2,0,0,0,0,103.34568999999999,534.144,0,
1402,311,1585,17689,22,63,2783,0,0,5,2,1,0,0,0,78.50929,459.914,0,
1403,126,772,7669,4,17,864,0,0,2,0,0,0,0,0,21.482319999999998,199.39399999999998,0,
1404,215,1204,13562,11,39,1927,0,0,4,2,1,0,0,0,49.138009999999994,352.61199999999997,0,
1405,192,932,9904,12,17,967,0,0,3,1,0,0,0,0,21.753209999999996,257.50399999999996,0,
1406,143,752,7513,6,12,658,0,0,3,1,0,0,0,0,15.290539999999998,195.338,0,
1407,162,869,8640,12,18,875,0,0,4,1,0,0,0,0,22.641249999999996,224.64,0,
1408,243,1287,14414,29,51,2618,0,0,3,1,1,0,0,0,64.51534,374.764,0,
1409,411,2027,25543,27,91,3963,0,0,11,7,4,0,0,0,113.25268999999999,664.1179999999999,0,
1410,141,797,9001,9,20,716,0,0,1,1,0,0,0,0,24.483079999999998,234.02599999999998,0,
1411,121,690,7499,15,8,580,0,0,4,2,1,0,0,0,10.565399999999999,194.974,0,
1412,283,1451,16914,14,49,2826,0,0,3,1,0,0,0,0,62.80238,439.76399999999995,0,
1413,105,617,6634,9,10,381,0,0,3,2,1,0,0,0,12.302029999999998,172.48399999999998,0,
1414,135,631,7287,7,5,373,0,0,3,1,0,0,0,0,6.63099,189.462,0,
1415,159,858,9704,35,17,1031,0,0,8,7,4,0,0,0,21.921529999999997,252.304,0,
1416,234,1266,14241,17,52,2417,0,0,3,1,0,0,0,0,65.11670999999998,370.26599999999996,0,
1417,123,753,8527,8,16,771,0,0,5,3,0,0,0,0,20.107729999999997,221.702,0,
1418,178,915,10940,11,24,919,0,0,2,1,1,0,0,0,29.536969999999997,284.44,0,
1419,205,1125,12314,8,32,1778,0,0,4,2,0,0,0,0,40.83614,320.164,0,
1420,156,830,9524,8,22,1120,0,0,2,1,0,0,0,0,27.8056,247.624,0,
1421,297,1617,19619,15,76,2927,0,0,6,4,1,0,0,0,93.57800999999999,510.094,0,
1422,230,1200,13505,11,35,1838,0,0,3,1,0,0,0,0,44.383939999999996,351.13,0,
1423,358,1832,20945,36,83,4417,0,0,6,5,1,0,0,0,105.40670999999999,544.5699999999999,0,
1424,521,2493,30203,25,115,4470,0,0,7,3,0,0,0,0,141.7061,785.278,0,
1425,114,722,7431,4,22,750,0,0,2,0,0,0,0,0,26.8325,193.206,0,
1426,274,1548,17256,23,56,2419,0,0,7,4,2,0,0,0,69.64196999999999,448.656,0,
1427,240,1119,12073,15,36,1774,0,0,5,2,1,0,0,0,45.34561999999999,313.89799999999997,0,
1428,346,1678,19888,11,71,3892,0,0,2,0,0,0,0,0,90.46596,517.088,0,
1429,168,967,9652,18,22,1705,0,0,5,2,1,0,0,0,29.34415,250.952,0,
1430,149,762,7845,14,16,708,0,0,3,2,1,0,0,0,19.94204,203.97,0,
1431,221,1132,11559,22,35,2090,0,0,7,5,0,0,0,0,45.046699999999994,300.534,0,
1432,104,624,6759,8,7,243,0,0,1,1,0,0,0,0,8.54909,175.73399999999998,0,
1433,3000,12548,149494,233,705,39458,0,0,5,4,0,0,0,0,900.42454,3886.8439999999996,0,
1434,190,1284,10443,129,33,2594,0,0,8,3,1,0,0,0,44.11222,271.518,0,
1435,395,1788,19870,18,62,3164,0,0,4,2,0,0,0,0,78.38131999999999,516.62,0,
1436,331,1806,21380,17,95,3685,0,0,3,3,0,0,0,0,117.04155,555.88,0,
1437,79,547,5498,6,3,135,0,0,3,2,1,0,0,0,3.7450499999999995,142.948,0,
1438,437,2090,26356,30,85,4420,0,0,10,5,2,0,0,0,107.6746,685.256,0,
1439,3000,11895,140397,456,1115,56401,0,0,2,1,0,0,0,0,1408.2846299999999,3650.3219999999997,0,
1440,111,728,7336,8,10,475,0,0,3,2,0,0,0,0,12.549249999999999,190.736,0,
1441,520,2475,28170,37,74,4971,0,0,12,4,2,0,0,0,96.69372999999999,732.42,0,
1442,141,814,8808,16,15,611,0,0,4,1,1,0,0,0,18.556929999999998,229.00799999999998,0,
1443,352,1870,21924,27,69,3386,0,0,9,6,1,0,0,0,86.87518,570.024,0,
1444,377,2017,24391,19,124,4044,0,0,4,2,0,0,0,0,150.75571999999997,634.1659999999999,0,
1445,3000,10915,144043,125,706,39724,0,0,0,0,0,0,0,0,902.25412,3745.118,0,
1446,371,1969,21408,25,85,4050,0,0,6,0,0,0,0,0,106.7015,556.608,0,
1447,275,1455,17114,10,68,2774,0,0,2,0,0,0,0,0,84.13561999999999,444.964,0,
1448,235,1225,12905,27,27,1721,0,0,5,4,2,0,0,0,35.036229999999996,335.53,0,
1449,276,1447,16182,13,43,2355,0,0,8,2,0,0,0,0,54.783649999999994,420.73199999999997,0,
1450,306,1566,18094,21,69,3116,0,0,4,1,1,0,0,0,86.16508,470.44399999999996,0,
1451,3000,9672,133731,107,495,40766,0,0,5,3,0,0,0,0,666.5645799999999,3477.006,0,
1452,327,1752,19298,23,57,3187,0,0,5,3,1,0,0,0,72.79181,501.748,0,
1453,3000,11215,153788,191,946,60964,0,0,2,2,0,0,0,0,1229.3153199999997,3998.488,0,
1454,153,1004,9474,63,23,1041,0,0,4,2,2,0,0,0,28.727829999999997,246.32399999999998,0,
1455,63,492,4549,5,1,118,0,0,1,0,0,0,0,0,1.44034,118.274,0,
1456,3000,11046,144642,89,687,40899,0,0,1,1,0,0,0,0,883.87437,3760.692,0,
1457,549,2787,33742,31,149,5534,0,0,6,4,1,0,0,0,182.92441999999997,877.2919999999999,0,
1458,120,778,8018,11,21,838,0,0,3,2,0,0,0,0,25.933939999999996,208.468,0,
1459,184,957,10337,8,18,1116,0,0,5,1,0,0,0,0,23.275079999999996,268.762,0,
1460,84,530,5604,5,4,219,0,0,2,1,0,0,0,0,5.0959699999999994,145.70399999999998,0,
1461,421,2188,25647,25,102,5026,0,0,9,5,0,0,0,0,128.47838,666.822,0,
1462,263,1395,16403,26,50,2974,0,0,6,4,2,0,0,0,64.32162,426.478,0,
1463,280,1444,17486,12,66,2395,0,0,6,3,1,0,0,0,80.87885,454.63599999999997,0,
1464,419,2140,23458,40,84,5162,0,0,9,4,1,0,0,0,108.49605999999999,609.908,0,
1465,398,2061,24107,22,89,4276,0,0,6,4,1,0,0,0,111.81587999999999,626.7819999999999,0,
1466,98,547,5357,6,3,224,0,0,3,0,0,0,0,0,3.9791199999999995,139.28199999999998,0,
1467,3000,11471,138384,236,1039,60549,0,0,6,2,0,0,0,0,1333.31387,3597.984,0,
1468,222,1455,13663,42,26,1620,0,0,5,3,0,0,0,0,33.64059999999999,355.238,0,
1469,136,871,9213,22,12,823,0,0,5,4,2,0,0,0,15.72449,239.53799999999998,0,
1470,162,906,10245,9,16,885,0,0,3,1,0,0,0,0,20.407549999999997,266.37,0,
1471,201,968,9752,8,16,809,0,0,3,1,0,0,0,0,20.20767,253.552,0,
1472,231,1262,14353,30,33,2003,0,0,9,5,2,0,0,0,42.55789,373.178,0,
1473,129,768,8299,10,24,970,0,0,1,1,0,0,0,0,29.671099999999996,215.774,0,
1474,224,1105,13234,13,26,1767,0,0,6,5,1,0,0,0,34.02721,344.084,0,
1475,265,1148,13177,10,16,1229,0,0,7,4,2,0,0,0,21.312269999999998,342.602,0,
1476,269,1329,15925,19,60,2264,0,0,5,3,1,0,0,0,73.75431999999999,414.04999999999995,0,
1477,209,1172,12463,13,33,2821,0,0,3,0,0,0,0,0,44.70923,324.038,0,
1478,445,2303,25537,25,87,4104,0,0,9,3,0,0,0,0,109.10351999999999,663.962,0,
1479,126,778,7789,9,23,1022,0,0,2,1,0,0,0,0,28.67786,202.51399999999998,0,
1480,3000,11999,152499,398,1032,62002,0,0,0,0,0,0,0,0,1329.22526,3964.9739999999997,0,
1481,3000,11777,138905,301,1059,62844,0,0,6,4,0,0,0,0,1361.9497199999998,3611.5299999999997,0,
1482,169,962,9851,12,21,1298,0,0,5,2,0,0,0,0,27.143739999999998,256.126,0,
1483,604,3216,35042,62,72,5791,0,0,19,12,5,0,0,0,96.59032999999998,911.092,0,
1484,520,2707,29543,42,100,5507,0,0,11,5,1,0,0,0,127.48340999999999,768.1179999999999,0,
1485,534,2822,31796,40,125,5771,0,0,8,4,2,0,0,0,156.42773,826.6959999999999,0,
1486,394,2120,24162,40,81,4295,0,0,13,6,1,0,0,0,102.82584999999999,628.212,0,
1487,441,2279,28611,46,89,4741,0,0,11,8,4,0,0,0,113.03882999999999,743.886,0,
1488,143,811,9080,10,13,674,0,0,4,1,0,0,0,0,16.462619999999998,236.07999999999998,0,
1489,3000,11732,148431,159,935,49255,0,0,3,2,0,0,0,0,1186.0906499999999,3859.2059999999997,0,
1490,144,943,8515,13,29,1057,0,0,1,1,0,0,0,0,35.54991,221.39,0,
1491,558,2658,30107,49,65,4664,0,0,15,5,2,0,0,0,85.71632,782.7819999999999,0,
1492,111,658,6475,10,9,397,0,0,2,1,0,0,0,0,11.214109999999998,168.35,0,
1493,136,838,8874,7,24,912,0,0,3,1,0,0,0,0,29.518559999999997,230.724,0,
1494,129,747,7838,6,8,602,0,0,3,2,0,0,0,0,10.623259999999998,203.78799999999998,0,
1495,253,1127,13154,11,18,1407,0,0,9,4,0,0,0,0,24.040409999999994,342.00399999999996,0,
1496,308,1629,17899,11,60,3210,0,0,3,0,0,0,0,0,76.2423,465.37399999999997,0,
1497,3000,11755,143681,136,624,43888,0,0,4,1,0,0,0,0,820.5454399999999,3735.7059999999997,0,
1498,123,767,7156,9,13,572,0,0,4,0,0,0,0,0,16.194359999999996,186.05599999999998,0,
1499,143,843,9045,12,14,844,0,0,6,2,0,0,0,0,18.03972,235.17,0,
1500,207,975,10539,17,39,1724,0,0,2,2,0,0,0,0,48.604119999999995,274.014,0,
1501,159,877,9045,9,19,961,0,0,5,2,0,0,0,0,23.997429999999998,235.17,0,
1502,264,1428,16233,12,52,2406,0,0,6,2,0,0,0,0,65.08778,422.058,0,
1503,123,768,8925,10,12,716,0,0,5,2,1,0,0,0,15.443079999999998,232.04999999999998,0,
1504,288,1397,16232,15,43,2245,0,0,6,2,0,0,0,0,54.49435,422.032,0,
1505,121,607,6934,5,4,162,0,0,3,2,1,0,0,0,4.946059999999999,180.284,0,
1506,189,866,9642,5,27,996,0,0,4,1,0,0,0,0,33.12948,250.69199999999998,0,
1507,155,835,10269,5,13,809,0,0,5,2,0,0,0,0,16.81767,266.99399999999997,0,
1508,243,1200,13897,14,29,1709,0,0,6,2,0,0,0,0,37.264669999999995,361.322,0,
1509,261,1272,14985,25,27,1719,0,0,11,5,2,0,0,0,35.030969999999996,389.60999999999996,0,
1510,257,1333,15649,15,35,2118,0,0,5,2,0,0,0,0,45.12034,406.87399999999997,0,
1511,114,589,6994,3,2,73,0,0,0,0,0,0,0,0,2.45199,181.844,0,
1512,100,572,5634,8,6,365,0,0,4,2,0,0,0,0,7.739949999999999,146.48399999999998,0,
1513,109,627,6973,6,14,584,0,0,3,2,0,0,0,0,17.355919999999998,181.298,0,
1514,127,633,7738,6,6,299,0,0,5,3,1,0,0,0,7.566369999999999,201.188,0,
1515,147,807,8512,10,25,1274,0,0,4,0,0,0,0,0,31.600619999999996,221.31199999999998,0,
1516,118,664,7454,5,10,544,0,0,2,1,0,0,0,0,12.730719999999998,193.804,0,
1517,102,552,6761,5,6,321,0,0,4,2,0,0,0,0,7.624229999999999,175.786,0,
1518,114,615,7272,4,7,342,0,0,3,2,0,0,0,0,8.80946,189.072,0,
1519,130,647,7661,7,8,507,0,0,3,3,2,0,0,0,10.37341,199.18599999999998,0,
1520,195,1027,12030,12,26,1690,0,0,7,3,0,0,0,0,33.82469999999999,312.78,0,
1521,167,958,10462,16,22,1235,0,0,8,6,2,0,0,0,28.10805,272.012,0,
1522,95,561,6599,6,7,290,0,0,3,2,1,0,0,0,8.672699999999999,171.57399999999998,0,
1523,106,623,7197,9,11,594,0,0,3,3,0,0,0,0,13.99222,187.12199999999999,0,
1524,155,815,8939,5,27,1072,0,0,3,0,0,0,0,0,33.32936,232.414,0,
1525,137,719,7587,11,14,766,0,0,5,2,0,0,0,0,17.83458,197.262,0,
1526,122,559,6380,3,3,153,0,0,3,1,0,0,0,0,3.7923899999999997,165.88,0,
1527,140,800,8322,7,17,1142,0,0,3,1,0,0,0,0,22.213459999999998,216.37199999999999,0,
1528,132,707,7815,4,11,481,0,0,2,0,0,0,0,0,13.69503,203.19,0,
1529,119,722,7805,7,12,618,0,0,4,3,0,0,0,0,15.185339999999998,202.92999999999998,0,
1530,227,1270,14183,14,41,2141,0,0,6,3,0,0,0,0,51.96083,368.758,0,
1531,217,1050,11582,13,23,1390,0,0,5,4,0,0,0,0,29.645699999999998,301.132,0,
1532,171,921,10795,16,24,1401,0,0,5,4,1,0,0,0,30.804629999999996,280.66999999999996,0,
1533,189,968,10818,23,26,1253,0,0,4,3,1,0,0,0,32.67538999999999,281.268,0,
1534,214,1028,12099,16,25,1484,0,0,6,3,1,0,0,0,32.152919999999995,314.574,0,
1535,146,789,9912,6,26,865,0,0,2,1,0,0,0,0,31.654949999999996,257.712,0,
1536,148,822,9500,10,28,979,0,0,3,2,1,0,0,0,34.214769999999994,247,0,
1537,226,1268,13718,23,28,1757,0,0,9,7,2,0,0,0,36.260909999999996,356.668,0,
1538,217,1061,11672,44,18,1336,0,0,8,5,2,0,0,0,23.853679999999997,303.472,0,
1539,94,541,5976,6,3,302,0,0,3,1,0,0,0,0,4.18426,155.376,0,
1540,117,687,8147,5,9,568,0,0,3,1,0,0,0,0,11.663839999999999,211.822,0,
1541,241,1274,15044,10,49,2160,0,0,4,2,0,0,0,0,61.050799999999995,391.144,0,
1542,91,556,5795,6,11,323,0,0,2,0,0,0,0,0,13.27949,150.67,0,
1543,204,987,12000,19,20,1563,0,0,8,5,1,0,0,0,26.71069,312,0,
1544,252,1257,15468,13,35,2250,0,0,9,4,0,0,0,0,45.467499999999994,402.168,0,
1545,132,703,8317,11,14,661,0,0,3,1,0,0,0,0,17.558429999999998,216.242,0,
1546,107,602,7316,5,11,432,0,0,4,2,0,0,0,0,13.56616,190.21599999999998,0,
1547,118,683,7866,7,10,598,0,0,3,2,0,0,0,0,12.872739999999999,204.516,0,
1548,147,798,8633,10,16,1261,0,0,6,1,0,0,0,0,21.39643,224.458,0,
1549,162,884,9533,13,19,1279,0,0,4,2,1,0,0,0,24.833769999999998,247.85799999999998,0,
1550,280,1463,17114,35,46,3149,0,0,9,4,1,0,0,0,60.261869999999995,444.964,0,
1551,246,1274,14165,23,32,2822,0,0,9,3,0,0,0,0,43.58186,368.28999999999996,0,
1552,181,1013,10715,15,17,1531,0,0,7,4,2,0,0,0,23.23653,278.59,0,
1553,274,1261,14964,41,26,1558,0,0,8,8,3,0,0,0,33.47754,389.06399999999996,0,
1554,85,528,6028,6,3,203,0,0,3,1,0,0,0,0,3.9238899999999997,156.72799999999998,0,
1555,259,1306,14753,32,29,2126,0,0,7,5,2,0,0,0,38.36138,383.578,0,
1556,183,946,10839,14,26,1190,0,0,3,2,0,0,0,0,32.509699999999995,281.81399999999996,0,
1557,111,588,6319,6,6,468,0,0,5,1,0,0,0,0,8.01084,164.29399999999998,0,
1558,151,709,7885,7,7,550,0,0,4,0,0,0,0,0,9.356499999999999,205.01,0,
1559,139,725,8367,7,9,833,0,0,6,3,2,0,0,0,12.360789999999998,217.542,0,
1560,220,987,11080,22,27,1458,0,0,4,2,1,0,0,0,34.344539999999995,288.08,0,
1561,151,787,9589,8,23,893,0,0,0,0,0,0,0,0,28.33859,249.314,0,
1562,106,575,7254,6,6,356,0,0,3,2,0,0,0,0,7.716279999999999,188.60399999999998,0,
1563,106,620,6597,17,17,733,0,0,4,1,1,0,0,0,21.137789999999995,171.522,0,
1564,355,1755,19368,26,49,4211,0,0,10,2,0,0,0,0,66.44493,503.568,0,
1565,245,1338,14094,10,52,2298,0,0,6,2,0,0,0,0,64.80373999999999,366.44399999999996,0,
1566,99,575,6280,5,4,210,0,0,3,2,0,0,0,0,5.072299999999999,163.28,0,
1567,172,767,9090,5,15,594,0,0,3,1,0,0,0,0,18.51222,236.33999999999997,0,
1568,323,1515,17963,14,33,2527,0,0,10,4,0,0,0,0,43.936009999999996,467.03799999999995,0,
1569,139,741,7703,9,8,726,0,0,5,2,1,0,0,0,10.94938,200.278,0,
1570,188,1042,12175,21,30,1442,0,0,4,4,2,0,0,0,37.69246,316.55,0,
1571,195,1078,11537,17,44,2119,0,0,6,3,0,0,0,0,55.29297,299.962,0,
1572,158,895,9656,9,17,1135,0,0,6,3,1,0,0,0,22.19505,251.05599999999998,0,
1573,107,623,6463,6,11,593,0,0,4,2,0,0,0,0,13.98959,168.03799999999998,0,
1574,137,777,9320,16,20,834,0,0,3,3,1,0,0,0,24.793419999999998,242.32,0,
1575,151,793,9156,8,11,761,0,0,5,2,0,0,0,0,14.431429999999999,238.05599999999998,0,
1576,128,731,8484,4,22,753,0,0,3,2,1,0,0,0,26.84039,220.584,0,
1577,193,1058,11972,19,24,1556,0,0,6,3,1,0,0,0,31.212279999999996,311.272,0,
1578,123,660,7179,7,11,480,0,0,5,2,0,0,0,0,13.6924,186.654,0,
1579,126,711,7862,5,11,625,0,0,5,2,0,0,0,0,14.07375,204.41199999999998,0,
1580,168,883,10171,15,16,944,0,0,5,3,1,0,0,0,20.56272,264.44599999999997,0,
1581,397,1909,22040,28,71,3979,0,0,6,4,0,0,0,0,90.69476999999999,573.04,0,
1582,153,888,9028,8,17,1177,0,0,6,2,0,0,0,0,22.305509999999998,234.72799999999998,0,
1583,128,688,7550,4,18,891,0,0,3,1,0,0,0,0,22.683329999999998,196.29999999999998,0,
1584,170,935,10541,9,25,1021,0,0,3,3,0,0,0,0,30.935229999999997,274.066,0,
1585,278,1465,16935,29,37,2363,0,0,8,7,1,0,0,0,48.02468999999999,440.31,0,
1586,198,981,11771,11,21,1029,0,0,3,3,1,0,0,0,26.436269999999997,306.046,0,
1587,238,1199,14177,15,28,1791,0,0,7,1,0,0,0,0,36.35033,368.602,0,
1588,108,624,6577,27,11,477,0,0,2,1,1,0,0,0,13.68451,171.00199999999998,0,
1589,164,908,10111,11,15,1253,0,0,5,3,0,0,0,0,20.24539,262.88599999999997,0,
1590,143,802,8379,28,10,764,0,0,5,3,1,0,0,0,13.30932,217.85399999999998,0,
1591,112,668,7241,4,11,637,0,0,3,1,0,0,0,0,14.10531,188.266,0,
1592,226,1187,13972,23,43,2413,0,0,6,3,0,0,0,0,54.936189999999996,363.272,0,
1593,167,806,9737,5,20,741,0,0,1,0,0,0,0,0,24.54883,253.16199999999998,0,
1594,103,566,6710,7,4,273,0,0,2,1,0,0,0,0,5.23799,174.45999999999998,0,
1595,152,815,9508,7,27,1037,0,0,3,1,0,0,0,0,33.23731,247.208,0,
1596,135,738,8849,6,20,830,0,0,3,2,0,0,0,0,24.782899999999998,230.07399999999998,0,
1597,85,522,6265,6,4,273,0,0,3,2,1,0,0,0,5.23799,162.89,0,
1598,129,698,8283,7,10,711,0,0,5,4,0,0,0,0,13.169929999999999,215.358,0,
1599,204,1136,12120,36,39,2556,0,0,6,4,1,0,0,0,50.79227999999999,315.12,0,
1600,156,887,10282,9,15,1116,0,0,7,1,1,0,0,0,19.88508,267.332,0,
1601,135,642,7816,4,6,298,0,0,3,2,0,0,0,0,7.563739999999999,203.21599999999998,0,
1602,140,615,7929,3,3,190,0,0,3,1,0,0,0,0,3.8896999999999995,206.154,0,
1603,174,818,8698,8,16,724,0,0,4,2,0,0,0,0,19.984119999999997,226.148,0,
1604,194,1034,12026,11,37,1480,0,0,4,0,0,0,0,0,45.7024,312.676,0,
1605,149,812,9401,13,12,930,0,0,5,3,1,0,0,0,16.005899999999997,244.426,0,
1606,166,1020,10006,66,16,873,0,0,4,4,0,0,0,0,20.375989999999998,260.156,0,
1607,169,915,10267,17,30,1571,0,0,5,2,0,0,0,0,38.031729999999996,266.942,0,
1608,237,1134,12723,21,24,1553,0,0,6,4,2,0,0,0,31.204389999999997,330.798,0,
1609,226,1213,14271,10,44,2018,0,0,8,4,1,0,0,0,55.027339999999995,371.046,0,
1610,123,629,7341,8,8,395,0,0,3,1,1,0,0,0,10.07885,190.86599999999999,0,
1611,140,694,8351,5,10,470,0,0,2,2,1,0,0,0,12.5361,217.12599999999998,0,
1612,125,706,7420,11,18,735,0,0,4,4,0,0,0,0,22.273049999999998,192.92,0,
1613,289,1486,17919,41,47,3628,0,0,12,7,2,0,0,0,62.65163999999999,465.894,0,
1614,145,816,9450,28,12,651,0,0,3,3,2,0,0,0,15.272129999999999,245.7,0,
1615,153,813,9749,7,19,705,0,0,4,2,0,0,0,0,23.32415,253.474,0,
1616,110,615,7226,5,7,325,0,0,3,3,2,0,0,0,8.76475,187.876,0,
1617,279,1438,16421,41,46,2824,0,0,10,5,1,0,0,0,59.40712,426.94599999999997,0,
1618,284,1459,17160,30,43,2281,0,0,7,5,1,0,0,0,54.589029999999994,446.15999999999997,0,
1619,152,870,10759,8,29,1159,0,0,4,2,1,0,0,0,35.818169999999995,279.734,0,
1620,146,851,9480,14,19,1314,0,0,5,3,0,0,0,0,24.925819999999998,246.48,0,
1621,158,886,9689,8,29,1126,0,0,5,3,0,0,0,0,35.731379999999994,251.914,0,
1622,138,756,8403,18,10,868,0,0,6,2,1,0,0,0,13.58284,218.47799999999998,0,
1623,184,978,11545,7,22,1050,0,0,4,2,0,0,0,0,27.621499999999997,300.16999999999996,0,
1624,170,924,9739,22,20,1372,0,0,4,1,1,0,0,0,26.20836,253.214,0,
1625,152,840,9793,8,27,1047,0,0,3,1,0,0,0,0,33.26361,254.618,0,
1626,256,1275,14057,13,39,2346,0,0,7,3,1,0,0,0,50.239979999999996,365.48199999999997,0,
1627,207,981,11403,10,14,1266,0,0,5,2,1,0,0,0,19.14958,296.478,0,
1628,111,547,5923,6,4,239,0,0,3,2,1,0,0,0,5.148569999999999,153.998,0,
1629,159,879,9706,10,26,1325,0,0,4,2,1,0,0,0,32.864749999999994,252.356,0,
1630,121,714,7292,8,7,635,0,0,5,2,0,0,0,0,9.58005,189.59199999999998,0,
1631,197,839,9457,10,14,577,0,0,5,4,0,0,0,0,17.337509999999998,245.88199999999998,0,
1632,244,1120,13650,9,27,1701,0,0,4,1,0,0,0,0,34.98363,354.9,0,
1633,141,800,8126,11,33,1389,0,0,4,1,0,0,0,0,40.94307,211.27599999999998,0,
1634,150,792,9433,6,14,916,0,0,4,2,0,0,0,0,18.22908,245.25799999999998,0,
1635,186,922,10651,10,19,1102,0,0,4,3,0,0,0,0,24.36826,276.926,0,
1636,179,973,11211,9,18,1337,0,0,6,3,1,0,0,0,23.856309999999997,291.486,0,
1637,100,622,6116,8,15,777,0,0,4,2,0,0,0,0,18.99351,159.016,0,
1638,200,946,10668,26,20,1070,0,0,7,5,2,0,0,0,25.414099999999998,277.368,0,
1639,124,615,6833,5,5,343,0,0,3,2,1,0,0,0,6.55209,177.658,0,
1640,371,1697,19760,35,33,2823,0,0,13,5,2,0,0,0,44.71449,513.76,0,
1641,121,657,7147,26,17,1080,0,0,3,3,1,0,0,0,22.050399999999996,185.822,0,
1642,128,700,7827,9,13,804,0,0,4,1,0,0,0,0,16.804519999999997,203.50199999999998,0,
1643,117,655,7251,4,8,508,0,0,3,1,0,0,0,0,10.37604,188.52599999999998,0,
1644,204,1023,11879,13,24,1481,0,0,4,3,1,0,0,0,31.015029999999996,308.854,0,
1645,118,650,7929,8,10,456,0,0,3,3,1,0,0,0,12.499279999999999,206.154,0,
1646,120,673,7593,6,11,566,0,0,4,2,0,0,0,0,13.91858,197.41799999999998,0,
1647,239,1076,12903,23,32,1490,0,0,3,2,1,0,0,0,40.0787,335.478,0,
1648,136,663,7197,9,11,494,0,0,3,3,0,0,0,0,13.72922,187.12199999999999,0,
1649,157,779,7928,16,20,1058,0,0,4,3,0,0,0,0,25.38254,206.128,0,
1650,128,684,7381,7,10,532,0,0,3,3,1,0,0,0,12.69916,191.90599999999998,0,
1651,132,778,8617,11,18,1036,0,0,4,3,2,0,0,0,23.064679999999996,224.042,0,
1652,191,927,10018,13,30,1537,0,0,6,3,1,0,0,0,37.94231,260.46799999999996,0,
1653,158,797,8487,10,22,1005,0,0,3,0,0,0,0,0,27.503149999999998,220.66199999999998,0,
1654,122,716,7671,14,14,868,0,0,5,3,0,0,0,0,18.102839999999997,199.446,0,
1655,94,527,5772,6,7,236,0,0,3,0,0,0,0,0,8.530679999999998,150.072,0,
1656,141,689,8236,3,6,408,0,0,4,1,0,0,0,0,7.853039999999999,214.136,0,
1657,189,934,10368,9,19,1114,0,0,4,0,0,0,0,0,24.39982,269.568,0,
1658,119,589,6300,21,5,324,0,0,3,2,2,0,0,0,6.50212,163.79999999999998,0,
1659,174,927,10581,8,25,1119,0,0,3,0,0,0,0,0,31.192969999999995,275.106,0,
1660,192,1006,11970,10,25,1569,0,0,7,3,0,0,0,0,32.37647,311.21999999999997,0,
1661,113,673,6785,6,16,796,0,0,6,2,0,0,0,0,20.173479999999998,176.41,0,
1662,143,806,9382,5,16,917,0,0,3,2,0,0,0,0,20.491709999999998,243.932,0,
1663,151,821,9493,5,25,936,0,0,4,2,0,0,0,0,30.711679999999998,246.81799999999998,0,
1664,105,608,6605,5,7,527,0,0,4,1,0,0,0,0,9.296009999999999,171.73,0,
1665,138,641,7234,5,6,364,0,0,6,3,0,0,0,0,7.7373199999999995,188.084,0,
1666,112,639,7122,5,12,424,0,0,3,0,0,0,0,0,14.675119999999998,185.172,0,
1667,191,894,9405,9,17,901,0,0,3,1,0,0,0,0,21.579629999999998,244.53,0,
1668,105,619,7104,6,6,358,0,0,3,3,2,0,0,0,7.721539999999999,184.70399999999998,0,
1669,116,625,6808,4,6,417,0,0,4,2,0,0,0,0,7.876709999999999,177.00799999999998,0,
1670,157,823,9380,18,10,578,0,0,3,2,1,0,0,0,12.820139999999999,243.88,0,
1671,185,1003,11799,7,36,1392,0,0,4,1,0,0,0,0,44.340959999999995,306.774,0,
1672,98,552,6603,4,3,179,0,0,3,2,1,0,0,0,3.8607699999999996,171.678,0,
1673,194,967,10293,15,35,1881,0,0,4,1,0,0,0,0,44.497029999999995,267.618,0,
1674,102,611,7042,11,7,367,0,0,4,2,1,0,0,0,8.87521,183.09199999999998,0,
1675,156,758,8855,7,11,537,0,0,3,2,1,0,0,0,13.84231,230.23,0,
1676,89,525,5427,5,13,399,0,0,2,0,0,0,0,0,15.739369999999997,141.102,0,
1677,557,2770,29336,71,58,4526,0,0,16,9,3,0,0,0,77.44337999999999,762.736,0,
1678,85,581,6336,5,4,217,0,0,4,1,0,0,0,0,5.09071,164.736,0,
1679,161,874,10150,10,21,1047,0,0,4,3,0,0,0,0,26.48361,263.9,0,
1680,121,729,8000,17,16,773,0,0,3,2,1,0,0,0,20.112989999999996,208,0,
1681,215,1178,13585,10,26,1795,0,0,7,4,0,0,0,0,34.100849999999994,353.21,0,
1682,461,1544,18390,13,37,1639,0,0,2,0,0,0,0,0,46.120569999999994,478.14,0,
1683,141,826,8946,12,24,1127,0,0,5,2,0,0,0,0,30.08401,232.59599999999998,0,
1684,182,1005,11523,24,32,1612,0,0,5,4,1,0,0,0,40.399559999999994,299.598,0,
1685,91,579,6281,6,8,388,0,0,3,1,0,0,0,0,10.06044,163.30599999999998,0,
1686,179,855,9746,8,18,877,0,0,4,1,0,0,0,0,22.646509999999996,253.396,0,
1687,160,893,10052,10,19,1196,0,0,5,2,1,0,0,0,24.615479999999998,261.352,0,
1688,109,551,6479,3,3,141,0,0,3,1,0,0,0,0,3.7608299999999995,168.45399999999998,0,
1689,193,1025,11999,26,22,1485,0,0,8,5,2,0,0,0,28.765549999999998,311.974,0,
1690,101,611,6671,7,8,401,0,0,4,2,1,0,0,0,10.094629999999999,173.446,0,
1691,180,966,11214,23,29,1609,0,0,4,2,1,0,0,0,37.00167,291.56399999999996,0,
1692,253,1111,13819,20,17,1300,0,0,6,5,3,0,0,0,22.628999999999998,359.294,0,
1693,173,793,8617,8,15,817,0,0,3,2,1,0,0,0,19.09871,224.042,0,
1694,211,889,10503,7,12,546,0,0,2,0,0,0,0,0,14.99598,273.078,0,
1695,167,947,10481,10,24,1182,0,0,4,3,1,0,0,0,30.228659999999998,272.506,0,
1696,375,1773,21468,29,43,2893,0,0,7,4,2,0,0,0,56.198589999999996,558.168,0,
1697,101,519,5832,4,2,129,0,0,2,0,0,0,0,0,2.5992699999999997,151.632,0,
1698,143,732,8765,13,13,750,0,0,4,3,1,0,0,0,16.662499999999998,227.89,0,
1699,143,816,9905,10,17,884,0,0,5,4,1,0,0,0,21.534919999999996,257.53,0,
1700,342,1403,17162,13,22,1277,0,0,6,4,0,0,0,0,28.21851,446.212,0,
1701,156,803,9097,10,24,965,0,0,3,0,0,0,0,0,29.657949999999996,236.522,0,
1702,127,713,7969,8,14,684,0,0,6,2,1,0,0,0,17.61892,207.194,0,
1703,135,685,7711,6,9,445,0,0,3,3,1,0,0,0,11.340349999999997,200.486,0,
1704,173,984,11139,9,31,1294,0,0,3,2,1,0,0,0,38.43321999999999,289.614,0,
1705,129,708,8108,8,20,850,0,0,5,3,0,0,0,0,24.835499999999996,210.808,0,
1706,130,733,7763,7,12,742,0,0,7,3,0,0,0,0,15.51146,201.838,0,
1707,110,624,6455,5,11,574,0,0,3,1,0,0,0,0,13.93962,167.82999999999998,0,
1708,194,1048,11773,21,25,1715,0,0,5,3,0,0,0,0,32.76045,306.098,0,
1709,170,908,9463,18,19,1152,0,0,6,3,1,0,0,0,24.49976,246.03799999999998,0,
1710,188,979,10619,9,29,1366,0,0,4,2,0,0,0,0,36.362579999999994,276.094,0,
1711,147,772,8665,6,17,616,0,0,4,2,1,0,0,0,20.83008,225.29,0,
1712,142,758,8716,9,21,970,0,0,3,0,0,0,0,0,26.281099999999995,226.61599999999999,0,
1713,179,910,10221,23,16,1013,0,0,5,3,1,0,0,0,20.74419,265.746,0,
1714,355,1752,20715,33,43,3512,0,0,13,8,3,0,0,0,57.82655999999999,538.59,0,
1715,92,523,5550,4,3,176,0,0,3,1,0,0,0,0,3.85288,144.29999999999998,0,
1716,127,709,7723,6,11,636,0,0,6,4,0,0,0,0,14.10268,200.798,0,
1717,79,498,6195,3,4,168,0,0,3,1,0,0,0,0,4.96184,161.07,0,
1718,109,568,6359,5,4,233,0,0,3,2,1,0,0,0,5.13279,165.334,0,
1719,158,790,9658,7,11,740,0,0,4,1,0,0,0,0,14.376199999999999,251.10799999999998,0,
1720,123,634,8129,6,15,508,0,0,2,1,0,0,0,0,18.28604,211.35399999999998,0,
1721,128,715,8335,6,13,764,0,0,6,3,0,0,0,0,16.699319999999997,216.70999999999998,0,
1722,112,660,7291,12,9,495,0,0,3,2,1,0,0,0,11.471849999999998,189.566,0,
1723,153,843,10055,6,22,937,0,0,3,2,0,0,0,0,27.32431,261.43,0,
1724,107,586,6848,3,6,308,0,0,3,1,0,0,0,0,7.590039999999999,178.048,0,
1725,235,1237,12701,33,23,1206,0,0,5,3,2,0,0,0,29.16178,330.226,0,
1726,239,1163,12264,25,26,1118,0,0,4,3,1,0,0,0,32.320339999999995,318.864,0,
1727,189,1004,10683,20,25,1333,0,0,5,2,0,0,0,0,31.755789999999998,277.758,0,
1728,255,1340,14633,34,50,2714,0,0,6,3,1,0,0,0,63.63781999999999,380.45799999999997,0,
1729,89,586,6303,11,4,238,0,0,3,2,1,0,0,0,5.1459399999999995,163.878,0,
1730,240,1177,13296,12,21,1624,0,0,7,1,0,0,0,0,28.001119999999997,345.69599999999997,0,
1731,147,852,8889,24,24,1057,0,0,3,2,1,0,0,0,29.89991,231.11399999999998,0,
1732,87,541,5064,6,5,260,0,0,4,1,0,0,0,0,6.333799999999999,131.664,0,
1733,137,793,8914,22,14,690,0,0,6,5,3,0,0,0,17.6347,231.76399999999998,0,
1734,116,709,6879,9,12,610,0,0,2,1,0,0,0,0,15.164299999999999,178.85399999999998,0,
1735,129,735,7982,14,21,719,0,0,3,2,0,0,0,0,25.620969999999996,207.53199999999998,0,
1736,172,896,9581,18,29,1651,0,0,4,3,0,0,0,0,37.11212999999999,249.106,0,
1737,156,902,10145,8,29,1167,0,0,3,1,0,0,0,0,35.839209999999994,263.77,0,
1738,201,1050,12565,14,31,1303,0,0,6,3,0,0,0,0,38.456889999999994,326.69,0,
1739,155,838,9361,10,13,866,0,0,3,1,0,0,0,0,16.967579999999998,243.386,0,
1740,97,608,7026,7,6,286,0,0,2,1,0,0,0,0,7.532179999999999,182.676,0,
1741,184,1055,11285,32,32,1885,0,0,5,3,2,0,0,0,41.117549999999994,293.40999999999997,0,
1742,172,808,9431,9,10,573,0,0,3,2,0,0,0,0,12.806989999999999,245.206,0,
1743,142,843,9761,16,17,864,0,0,4,1,1,0,0,0,21.482319999999998,253.786,0,
1744,109,680,6645,13,17,846,0,0,4,2,0,0,0,0,21.434979999999996,172.76999999999998,0,
1745,83,536,5822,5,4,155,0,0,4,2,1,0,0,0,4.92765,151.37199999999999,0,
1746,190,1061,11423,12,21,1388,0,0,8,2,0,0,0,0,27.380439999999997,296.998,0,
1747,105,693,6548,14,3,281,0,0,4,1,0,0,0,0,4.129029999999999,170.248,0,
1748,125,609,6052,5,5,261,0,0,3,0,0,0,0,0,6.336429999999999,157.352,0,
1749,252,1325,15757,17,43,2285,0,0,5,3,2,0,0,0,54.599549999999994,409.68199999999996,0,
1750,136,784,8534,8,17,797,0,0,2,2,0,0,0,0,21.306109999999997,221.884,0,
1751,168,904,9003,10,17,1104,0,0,5,2,0,0,0,0,22.113519999999998,234.078,0,
1752,243,1316,14513,7,47,2397,0,0,3,1,0,0,0,0,59.414109999999994,377.33799999999997,0,
1753,522,2586,27566,62,94,5814,0,0,20,10,3,0,0,0,121.51081999999998,716.716,0,
1754,3000,10900,140186,132,589,36868,0,0,6,5,1,0,0,0,762.53284,3644.836,0,
1755,473,2537,31353,33,167,5352,0,0,3,2,0,0,0,0,202.78575999999998,815.178,0,
1756,248,1375,15124,25,50,2034,0,0,6,5,1,0,0,0,61.849419999999995,393.224,0,
1757,392,2186,23676,34,79,5332,0,0,14,4,0,0,0,0,103.29316,615.576,0,
1758,3000,11890,142958,147,855,48109,0,0,1,0,0,0,0,0,1092.6766699999998,3716.908,0,
1759,189,1493,10618,47,26,1325,0,0,5,2,1,0,0,0,32.864749999999994,276.068,0,
1760,326,2073,20897,36,90,3203,0,0,4,2,0,0,0,0,110.12388999999999,543.322,0,
1761,3000,11905,141506,124,751,43447,0,0,5,2,0,0,0,0,962.8956099999999,3679.156,0,
1762,204,1225,11542,50,13,1041,0,0,7,4,2,0,0,0,17.427829999999997,300.092,0,
1763,3000,11622,138284,194,1124,58714,0,0,5,2,0,0,0,0,1424.53782,3595.384,0,
1764,412,2238,25598,50,130,5674,0,0,3,2,0,0,0,0,161.82261999999997,665.548,0,
1765,669,3464,40901,52,170,8979,0,0,14,7,1,0,0,0,215.71477,1063.426,0,
1766,186,947,9533,12,21,958,0,0,6,1,0,0,0,0,26.249539999999996,247.85799999999998,0,
1767,185,864,9000,10,15,959,0,0,6,4,0,0,0,0,19.47217,234,0,
1768,286,1441,15209,23,30,1947,0,0,8,3,1,0,0,0,39.02061,395.43399999999997,0,
1769,3000,11447,145946,118,911,55724,0,0,0,0,0,0,0,0,1175.9841199999998,3794.596,0,
1770,3000,11215,152676,150,1020,60056,0,0,1,0,0,0,0,0,1310.54728,3969.576,0,
1771,3000,11700,142979,132,634,47226,0,0,2,1,0,0,0,0,840.62438,3717.4539999999997,0,
1772,452,2292,25003,48,55,3855,0,0,14,10,3,0,0,0,72.28864999999999,650.078,0,
1773,258,1173,13450,9,15,988,0,0,6,2,0,0,0,0,19.54844,349.7,0,
1774,172,971,11239,9,28,1352,0,0,4,2,0,0,0,0,35.19576,292.214,0,
1775,3000,11103,142756,99,771,44104,0,0,3,2,1,0,0,0,987.2235199999999,3711.656,0,
1776,3000,11540,143526,136,795,45312,0,0,4,2,0,0,0,0,1017.5205599999999,3731.676,0,
1777,157,958,9438,17,13,721,0,0,3,3,1,0,0,0,16.586229999999997,245.38799999999998,0,
1778,272,1346,14607,15,39,1990,0,0,2,0,0,0,0,0,49.30369999999999,379.782,0,
1779,268,1385,14726,21,50,4722,0,0,7,3,3,0,0,0,68.91886,382.876,0,
1780,303,1576,16448,33,38,2814,0,0,9,4,1,0,0,0,50.340819999999994,427.64799999999997,0,
1781,196,914,9943,20,15,648,0,0,3,2,1,0,0,0,18.654239999999998,258.518,0,
1782,293,1583,17323,34,49,2997,0,0,6,3,1,0,0,0,63.252109999999995,450.39799999999997,0,
1783,235,1312,14982,26,44,1888,0,0,4,4,1,0,0,0,54.68544,389.532,0,
1784,422,2140,23996,29,108,7326,0,0,12,6,1,0,0,0,141.30738,623.896,0,
1785,138,831,8226,8,16,1153,0,0,5,1,0,0,0,0,21.112389999999998,213.87599999999998,0,
1786,3000,11916,141377,794,1150,223203,0,0,4,2,0,0,0,0,1886.5238899999997,3675.8019999999997,0,
1787,125,809,7241,11,13,609,0,0,4,3,0,0,0,0,16.291669999999996,188.266,0,
1788,137,763,7215,9,16,714,0,0,4,1,0,0,0,0,19.957819999999998,187.59,0,
1789,187,1071,11294,17,34,1953,0,0,5,2,0,0,0,0,43.55638999999999,293.644,0,
1790,392,2248,24020,55,66,3890,0,0,11,9,6,0,0,0,84.8107,624.52,0,
1791,122,766,7774,11,12,557,0,0,4,2,1,0,0,0,15.024909999999998,202.124,0,
1792,206,1078,11840,11,25,1322,0,0,8,3,0,0,0,0,31.726859999999995,307.84,0,
1793,3000,11731,152002,307,1032,44151,0,0,1,0,0,0,0,0,1282.27713,3952.0519999999997,0,
1794,123,783,7617,12,16,1061,0,0,4,3,1,0,0,0,20.87043,198.042,0,
1795,189,1139,11505,26,26,1349,0,0,3,1,0,0,0,0,32.92787,299.13,0,
1796,497,2497,30051,13,139,6250,0,0,4,0,0,0,0,0,173.5075,781.3259999999999,0,
1797,292,1697,17867,38,49,3143,0,0,10,4,2,0,0,0,63.636089999999996,464.542,0,
1798,3000,14652,175884,224,708,44907,0,0,35,14,5,0,0,0,918.14541,4572.9839999999995,0,
1799,132,801,7783,8,11,563,0,0,4,1,0,0,0,0,13.910689999999999,202.358,0,
1800,389,2063,22999,46,93,9376,0,0,14,4,3,0,0,0,129.74887999999999,597.9739999999999,0,
1801,3000,11133,148019,110,945,49081,0,0,0,0,0,0,0,0,1196.93303,3848.4939999999997,0,
1802,171,926,8788,12,8,876,0,0,7,2,2,0,0,0,11.343879999999999,228.488,0,
1803,401,2019,26842,16,125,4559,0,0,6,2,0,0,0,0,153.24017,697.8919999999999,0,
1804,151,900,9045,36,20,1434,0,0,5,3,2,0,0,0,26.371419999999997,235.17,0,
1805,316,1658,19019,29,62,3464,0,0,6,4,2,0,0,0,79.17031999999999,494.49399999999997,0,
1806,218,1075,11893,24,27,1278,0,0,5,4,1,0,0,0,33.87114,309.21799999999996,0,
1807,156,801,8504,4,14,885,0,0,3,0,0,0,0,0,18.14755,221.10399999999998,0,
1808,122,740,8339,7,15,789,0,0,4,3,1,0,0,0,19.02507,216.814,0,
1809,212,1035,11250,27,13,764,0,0,5,3,1,0,0,0,16.699319999999997,292.5,0,
1810,239,1280,14256,11,51,1955,0,0,5,1,0,0,0,0,62.771649999999994,370.656,0,
1811,318,1713,18774,23,40,2925,0,0,10,2,2,0,0,0,52.89274999999999,488.12399999999997,0,
1812,196,1019,11884,12,21,1136,0,0,5,3,0,0,0,0,26.717679999999998,308.984,0,
1813,119,685,7538,9,14,686,0,0,3,2,1,0,0,0,17.62418,195.988,0,
1814,253,1013,11638,3,25,1099,0,0,5,0,0,0,0,0,31.140369999999997,302.58799999999997,0,
1815,150,847,9473,9,23,1218,0,0,3,2,1,0,0,0,29.19334,246.298,0,
1816,3000,9753,139908,113,521,41281,0,0,9,7,0,0,0,0,697.2990299999999,3637.6079999999997,0,
1817,3000,11208,150404,164,996,60571,0,0,1,1,0,0,0,0,1284.7817299999997,3910.504,0,
1818,169,929,8748,10,16,831,0,0,3,3,1,0,0,0,20.26553,227.44799999999998,0,
1819,123,725,7192,12,6,467,0,0,3,1,0,0,0,0,8.00821,186.992,0,
1820,3000,11530,150590,155,929,59307,0,0,3,3,1,0,0,0,1205.74741,3915.3399999999997,0,
1821,377,1960,21237,36,57,3718,0,0,8,6,1,0,0,0,74.18834,552.1619999999999,0,
1822,3000,11135,154842,115,1084,50044,0,0,0,0,0,0,0,0,1356.5357199999999,4025.892,0,
1823,189,1121,12372,15,41,1682,0,0,3,1,0,0,0,0,50.753659999999996,321.67199999999997,0,
1824,510,2472,28697,37,77,4726,0,0,9,6,2,0,0,0,99.43937999999999,746.122,0,
1825,3000,11137,143669,126,858,49971,0,0,1,1,0,0,0,0,1100.96373,3735.394,0,
1826,157,999,10270,43,24,931,0,0,3,3,0,0,0,0,29.568529999999996,267.02,0,
1827,258,1423,15320,46,50,3389,0,0,9,5,2,0,0,0,65.41306999999999,398.32,0,
1828,3000,12876,160517,256,1039,52536,0,0,2,1,1,0,0,0,1312.23968,4173.442,0,
1829,160,1064,11386,21,22,1136,0,0,6,3,0,0,0,0,27.84768,296.036,0,
1830,3000,12302,140488,549,1128,158507,0,0,3,2,0,0,0,0,1691.5134099999998,3652.6879999999996,0,
1831,218,1304,14157,19,23,1317,0,0,8,5,0,0,0,0,29.453709999999997,368.082,0,
1832,181,1003,9733,39,23,1744,0,0,6,2,1,0,0,0,30.576719999999998,253.058,0,
1833,224,1226,12884,18,25,1588,0,0,6,2,1,0,0,0,32.42644,334.984,0,
1834,3000,11948,137867,612,1141,172503,0,0,2,1,0,0,0,0,1743.01289,3584.542,0,
1835,233,1689,13061,32,39,1580,0,0,6,3,1,0,0,0,48.22539999999999,339.586,0,
1836,208,1280,12854,15,22,1753,0,0,8,4,0,0,0,0,29.47039,334.204,0,
1837,3000,11202,142628,139,845,48451,0,0,1,1,0,0,0,0,1082.27613,3708.328,0,
1838,3000,11180,154372,109,1077,58455,0,0,0,0,0,0,0,0,1370.74665,4013.672,0,
1839,118,876,7658,24,7,423,0,0,5,3,1,0,0,0,9.02249,199.108,0,
1840,3000,11778,145603,118,828,45195,0,0,5,2,0,0,0,0,1054.5028499999999,3785.678,0,
1841,374,2078,23277,27,88,4462,0,0,5,3,1,0,0,0,111.17506,605.202,0,
1842,272,1456,15868,23,47,2211,0,0,6,6,3,0,0,0,58.92492999999999,412.568,0,
1843,99,643,6700,9,11,479,0,0,3,0,0,0,0,0,13.68977,174.2,0,
1844,474,2571,26308,32,110,6708,0,0,10,5,0,0,0,0,141.94204,684.0079999999999,0,
1845,143,825,8924,9,13,766,0,0,4,1,0,0,0,0,16.704579999999996,232.024,0,
1846,142,753,7820,7,13,676,0,0,5,3,0,0,0,0,16.467879999999997,203.32,0,
1847,222,1030,11888,15,20,1170,0,0,6,3,1,0,0,0,25.6771,309.08799999999997,0,
1848,264,1467,16818,11,71,2664,0,0,4,2,0,0,0,0,87.23631999999999,437.268,0,
1849,467,2192,27587,14,117,3762,0,0,4,1,0,0,0,0,142.10405999999998,717.262,0,
1850,196,1007,11321,12,25,1824,0,0,8,4,2,0,0,0,33.04711999999999,294.346,0,
1851,404,2061,23731,34,69,4546,0,0,12,7,2,0,0,0,89.92598,617.006,0,
1852,3000,11271,149506,286,1098,95500,0,0,0,0,0,0,0,0,1491.9049999999997,3887.156,0,
1853,95,632,6416,11,5,248,0,0,3,2,1,0,0,0,6.302239999999999,166.816,0,
1854,122,758,6852,9,12,720,0,0,3,1,0,0,0,0,15.453599999999998,178.152,0,
1855,112,750,7909,21,23,853,0,0,5,3,2,0,0,0,28.23339,205.634,0,
1856,491,2552,28413,52,110,6791,0,0,15,8,2,0,0,0,142.16033,738.7379999999999,0,
1857,148,882,9417,6,23,774,0,0,3,1,0,0,0,0,28.025619999999996,244.84199999999998,0,
1858,282,1389,15413,25,38,2417,0,0,11,3,0,0,0,0,49.29671,400.738,0,
1859,358,1765,20286,23,66,3916,0,0,5,3,1,0,0,0,84.87908,527.4359999999999,0,
1860,379,1935,20892,41,104,8489,0,0,5,1,0,0,0,0,139.84607,543.192,0,
1861,207,1173,12871,21,29,1743,0,0,5,3,1,0,0,0,37.35409,334.64599999999996,0,
1862,215,1209,13465,51,30,2028,0,0,9,5,2,0,0,0,39.23364,350.09,0,
1863,3000,11280,139288,533,993,145206,0,0,6,2,0,0,0,0,1503.9817799999998,3621.488,0,
1864,389,2117,23139,65,60,4605,0,0,17,9,2,0,0,0,79.91114999999999,601.6139999999999,0,
1865,206,1062,10960,40,14,1267,0,0,10,4,2,0,0,0,19.152209999999997,284.96,0,
1866,123,742,6873,17,10,568,0,0,5,1,0,0,0,0,12.79384,178.69799999999998,0,
1867,3000,11321,144417,167,747,44041,0,0,9,5,2,0,0,0,959.9378299999998,3754.8419999999996,0,
1868,446,2466,25162,56,83,5428,0,0,11,4,1,0,0,0,108.06563999999999,654.212,0,
1869,497,2627,28554,36,167,7815,0,0,6,4,3,0,0,0,209.26344999999998,742.404,0,
1870,311,1748,18189,21,43,3178,0,0,7,3,1,0,0,0,56.948139999999995,472.914,0,
1871,195,982,10729,5,26,958,0,0,4,1,0,0,0,0,31.899539999999995,278.954,0,
1872,129,667,7085,8,5,240,0,0,5,2,0,0,0,0,6.281199999999999,184.20999999999998,0,
1873,173,752,8848,9,10,419,0,0,4,2,1,0,0,0,12.401969999999999,230.048,0,
1874,180,960,10504,18,32,1469,0,0,2,1,0,0,0,0,40.023469999999996,273.104,0,
1875,3000,11709,150041,138,931,50541,0,0,5,3,2,0,0,0,1184.95283,3901.066,0,
1876,140,813,7148,15,10,475,0,0,4,2,0,0,0,0,12.549249999999999,185.84799999999998,0,
1877,133,778,7981,8,7,447,0,0,5,2,0,0,0,0,9.085609999999999,207.506,0,
1878,508,2586,29748,22,105,5732,0,0,5,2,0,0,0,0,133.72516,773.448,0,
1879,426,2074,25920,15,93,3762,0,0,5,3,0,0,0,0,114.98405999999999,673.92,0,
1880,462,2311,24421,50,67,4513,0,0,9,6,2,0,0,0,87.57919,634.946,0,
1881,261,1111,12683,8,9,716,0,0,5,2,0,0,0,0,12.053079999999998,329.758,0,
1882,146,834,9470,25,15,932,0,0,7,4,2,0,0,0,19.401159999999997,246.22,0,
1883,156,836,8300,11,19,896,0,0,4,1,1,0,0,0,23.82648,215.79999999999998,0,
1884,3000,11556,144448,106,822,46733,0,0,1,1,0,0,0,0,1051.7677899999999,3755.6479999999997,0,
1885,353,1582,16278,26,25,1963,0,0,10,6,3,0,0,0,33.41269,423.228,0,
1886,291,1683,17599,43,59,3233,0,0,5,5,1,0,0,0,75.17278999999999,457.57399999999996,0,
1887,159,787,8242,7,12,482,0,0,3,1,0,0,0,0,14.827659999999998,214.292,0,
1888,339,2172,21746,98,82,4798,0,0,9,6,2,0,0,0,105.27874,565.396,0,
1889,352,1709,20003,26,46,2846,0,0,9,8,2,0,0,0,59.46498,520.078,0,
1890,608,3156,39926,32,207,7697,0,0,4,3,1,0,0,0,254.15310999999997,1038.076,0,
1891,562,2860,33221,48,134,6935,0,0,9,7,3,0,0,0,169.65904999999998,863.746,0,
1892,3000,12226,150639,151,965,61418,0,0,3,3,0,0,0,0,1251.9793399999999,3916.614,0,
1893,3000,10388,139175,145,515,41507,0,0,4,3,0,0,0,0,691.1134099999999,3618.5499999999997,0,
1894,158,1008,8875,17,32,1866,0,0,3,0,0,0,0,0,41.06758,230.75,0,
1895,386,1958,21563,48,80,4275,0,0,5,2,1,0,0,0,101.64325,560.6379999999999,0,
1896,475,2495,26485,39,137,7385,0,0,5,3,0,0,0,0,174.23254999999997,688.61,0,
1897,3000,10841,139444,120,622,44154,0,0,4,3,0,0,0,0,818.9850199999998,3625.544,0,
1898,142,869,8755,8,19,656,0,0,3,1,0,0,0,0,23.19528,227.63,0,
1899,207,1134,12652,18,29,1652,0,0,8,5,1,0,0,0,37.11476,328.952,0,
1900,3000,11691,137424,265,1109,58851,0,0,5,1,1,0,0,0,1407.9481299999998,3573.024,0,
1901,105,768,7363,10,10,421,0,0,3,3,1,0,0,0,12.407229999999998,191.438,0,
1902,314,1701,18738,44,64,3279,0,0,8,5,2,0,0,0,80.94377,487.188,0,
1903,368,1909,21259,20,44,3395,0,0,7,4,0,0,0,0,58.648849999999996,552.7339999999999,0,
1904,248,1233,13002,32,27,1598,0,0,9,6,4,0,0,0,34.71274,338.05199999999996,0,
1905,109,687,7638,11,6,321,0,0,3,2,1,0,0,0,7.624229999999999,198.588,0,
1906,192,953,9880,19,20,835,0,0,5,3,0,0,0,0,24.796049999999997,256.88,0,
1907,325,1722,20552,21,93,3150,0,0,3,0,0,0,0,0,113.37449999999998,534.352,0,
1908,3000,11376,144542,116,785,45210,0,0,3,0,0,0,0,0,1005.9522999999999,3758.0919999999996,0,
1909,111,722,6760,7,10,544,0,0,3,1,0,0,0,0,12.730719999999998,175.76,0,
1910,204,1130,11937,11,28,1214,0,0,3,2,0,0,0,0,34.83282,310.36199999999997,0,
1911,363,1897,21297,51,111,8287,0,0,5,2,1,0,0,0,147.22481,553.722,0,
1912,150,915,9433,17,20,1122,0,0,4,1,0,0,0,0,25.550859999999997,245.25799999999998,0,
1913,209,1004,10864,11,20,1347,0,0,6,3,1,0,0,0,26.142609999999998,282.464,0,
1914,3000,11720,149285,155,925,59570,0,0,4,2,2,0,0,0,1201.9191,3881.41,0,
1915,3000,11462,141892,216,985,52195,0,0,7,5,0,0,0,0,1250.32285,3689.192,0,
1916,168,1054,10123,19,22,1516,0,0,6,4,1,0,0,0,28.84708,263.198,0,
1917,323,1869,19951,30,85,4010,0,0,8,4,1,0,0,0,106.5963,518.726,0,
1918,3000,11244,151681,137,1025,62347,0,0,2,1,0,0,0,0,1322.22261,3943.7059999999997,0,
1919,162,1138,10648,14,20,1105,0,0,5,4,1,0,0,0,25.506149999999998,276.848,0,
1920,121,778,7739,8,12,813,0,0,4,2,0,0,0,0,15.698189999999999,201.214,0,
1921,381,1986,22574,20,71,4349,0,0,7,2,1,0,0,0,91.66787,586.924,0,
1922,472,2563,28040,46,142,13661,0,0,4,0,0,0,0,0,196.38842999999997,729.04,0,
1923,3000,11513,158023,175,1083,45347,0,0,1,1,0,0,0,0,1343.05261,4108.598,0,
1924,342,1980,20765,21,51,3431,0,0,9,5,0,0,0,0,66.65352999999999,539.89,0,
1925,247,1172,13826,12,29,1261,0,0,5,1,0,0,0,0,36.08642999999999,359.476,0,
1926,268,1275,13153,17,30,1922,0,0,5,2,0,0,0,0,38.95486,341.978,0,
1927,489,2442,27966,26,87,5394,0,0,7,3,1,0,0,0,112.49622,727.116,0,
1928,320,1795,20570,16,75,3603,0,0,9,4,0,0,0,0,94.22588999999999,534.8199999999999,0,
1929,369,1953,21911,21,84,4547,0,0,5,2,0,0,0,0,106.87860999999998,569.6859999999999,0,
1930,268,1353,16917,24,62,2291,0,0,5,4,1,0,0,0,76.08532999999998,439.842,0,
1931,137,863,9545,7,26,892,0,0,3,1,0,0,0,0,31.725959999999993,248.17,0,
1932,453,2310,25587,28,74,5217,0,0,12,6,2,0,0,0,97.34070999999999,665.262,0,
1933,249,1022,11980,9,14,692,0,0,2,2,1,0,0,0,17.63996,311.47999999999996,0,
1934,108,649,7740,7,8,366,0,0,3,3,2,0,0,0,10.002579999999998,201.23999999999998,0,
1935,3000,11103,141013,98,682,40240,0,0,7,2,1,0,0,0,876.4911999999999,3666.3379999999997,0,
1936,253,1479,16220,32,50,2512,0,0,9,7,3,0,0,0,63.106559999999995,421.71999999999997,0,
1937,538,2757,31093,86,72,5918,0,0,17,13,3,0,0,0,96.92433999999999,808.418,0,
1938,88,628,5735,14,7,241,0,0,3,2,0,0,0,0,8.54383,149.10999999999999,0,
1939,181,1005,11263,5,32,1523,0,0,4,1,0,0,0,0,40.16549,292.83799999999997,0,
1940,233,1189,13645,13,31,1711,0,0,6,4,0,0,0,0,39.52992999999999,354.77,0,
1941,330,1696,19110,31,35,3014,0,0,12,4,1,0,0,0,47.47682,496.85999999999996,0,
1942,361,1982,22346,15,82,3376,0,0,5,0,0,0,0,0,101.53887999999999,580.996,0,
1943,135,780,8182,37,14,921,0,0,7,5,3,0,0,0,18.24223,212.732,0,
1944,492,2439,27610,45,89,7825,0,0,14,5,1,0,0,0,121.14975,717.86,0,
1945,231,1272,13807,11,40,2174,0,0,4,1,0,0,0,0,50.91762,358.98199999999997,0,
1946,191,942,10016,40,17,1258,0,0,7,4,2,0,0,0,22.518539999999998,260.416,0,
1947,316,1655,20746,21,90,3194,0,0,5,2,0,0,0,0,110.10022,539.396,0,
1948,398,2129,24953,33,91,4373,0,0,7,4,1,0,0,0,114.33098999999999,648.778,0,
1949,153,748,7824,13,9,533,0,0,6,2,1,0,0,0,11.571789999999998,203.42399999999998,0,
1950,410,2061,23576,41,69,4015,0,0,6,5,2,0,0,0,88.52945,612.976,0,
1951,3000,11723,141858,276,1150,61276,0,0,0,0,0,0,0,0,1460.6558799999998,3688.308,0,
1952,163,1050,11175,14,18,1085,0,0,5,2,0,0,0,0,23.193549999999995,290.55,0,
1953,126,677,7651,6,6,274,0,0,2,2,1,0,0,0,7.50062,198.926,0,
1954,3000,12597,149808,137,892,46077,0,0,6,2,0,0,0,0,1129.14251,3895.008,0,
1955,544,2966,31092,93,102,5754,0,0,12,7,2,0,0,0,130.39301999999998,808.3919999999999,0,
1956,95,611,5632,7,6,278,0,0,3,1,0,0,0,0,7.511139999999999,146.432,0,
1957,156,835,8987,21,19,1167,0,0,5,3,1,0,0,0,24.539209999999997,233.66199999999998,0,
1958,265,1310,14398,20,50,2576,0,0,3,2,0,0,0,0,63.274879999999996,374.34799999999996,0,
1959,3000,11919,144163,142,861,50504,0,0,5,4,0,0,0,0,1105.75552,3748.238,0,
1960,388,2188,22233,72,80,5097,0,0,14,6,2,0,0,0,103.80510999999998,578.058,0,
1961,132,813,8151,10,22,1057,0,0,4,2,0,0,0,0,27.63991,211.926,0,
1962,431,2260,26262,34,96,4600,0,0,9,2,1,0,0,0,120.57799999999999,682.812,0,
1963,197,847,8610,20,16,727,0,0,5,3,1,0,0,0,19.992009999999997,223.85999999999999,0,
1964,117,638,7380,8,10,430,0,0,3,2,0,0,0,0,12.4309,191.88,0,
1965,157,780,8553,9,13,651,0,0,5,1,0,0,0,0,16.402129999999996,222.378,0,
1966,385,1896,20958,30,98,4958,0,0,5,2,1,0,0,0,123.77954,544.908,0,
1967,406,2128,23614,19,71,4091,0,0,9,7,0,0,0,0,90.98933,613.9639999999999,0,
1968,3000,11567,139997,201,647,39857,0,0,3,2,0,0,0,0,835.9339099999999,3639.922,0,
1969,3000,12878,142328,343,1093,56100,0,0,5,3,1,0,0,0,1382.6329999999998,3700.528,0,
1970,341,1801,21198,14,95,3237,0,0,2,0,0,0,0,0,115.86331,551.148,0,
1971,172,997,10958,14,33,1501,0,0,3,2,0,0,0,0,41.237629999999996,284.90799999999996,0,
1972,3000,10628,141754,88,587,38214,0,0,5,1,0,0,0,0,763.81282,3685.604,0,
1973,290,1588,18218,18,78,3450,0,0,5,2,0,0,0,0,97.21349999999998,473.668,0,
1974,97,608,6225,6,7,359,0,0,3,1,0,0,0,0,8.85417,161.85,0,
1975,3000,11540,137104,659,1057,204528,0,0,2,0,0,0,0,0,1732.31864,3564.7039999999997,0,
1976,184,1226,11248,38,31,2085,0,0,7,4,1,0,0,0,40.513549999999995,292.448,0,
1977,282,1223,14013,10,49,2581,0,0,3,0,0,0,0,0,62.15803,364.33799999999997,0,
1978,155,844,9224,9,15,1039,0,0,6,3,1,0,0,0,19.68257,239.82399999999998,0,
1979,205,1119,11696,27,28,1782,0,0,6,4,1,0,0,0,36.32666,304.096,0,
1980,483,2304,26890,44,74,4469,0,0,9,6,1,0,0,0,95.37347,699.14,0,
1981,323,1654,18630,8,58,2989,0,0,4,2,0,0,0,0,73.40106999999999,484.38,0,
1982,115,694,6874,10,8,293,0,0,2,1,0,0,0,0,9.81059,178.724,0,
1983,412,1823,18308,21,50,3009,0,0,8,6,0,0,0,0,64.41367,476.008,0,
1984,146,822,9194,17,12,506,0,0,5,3,2,0,0,0,14.89078,239.04399999999998,0,
1985,186,950,10523,29,30,1600,0,0,6,6,2,0,0,0,38.108,273.598,0,
1986,3000,11374,137973,531,1147,151077,0,0,3,2,0,0,0,0,1693.4425099999999,3587.298,0,
1987,99,670,6109,10,7,424,0,0,4,2,0,0,0,0,9.02512,158.834,0,
1988,89,551,6291,5,4,277,0,0,3,1,0,0,0,0,5.24851,163.566,0,
1989,111,670,6930,8,10,419,0,0,4,2,0,0,0,0,12.401969999999999,180.17999999999998,0,
1990,274,1449,16150,12,43,2568,0,0,9,4,0,0,0,0,55.34384,419.9,0,
1991,161,843,9454,8,23,1164,0,0,3,2,0,0,0,0,29.051319999999997,245.804,0,
1992,102,606,6735,9,7,324,0,0,3,1,1,0,0,0,8.76212,175.10999999999999,0,
1993,145,753,8374,7,10,718,0,0,5,1,0,0,0,0,13.188339999999998,217.724,0,
1994,203,973,11417,11,24,1302,0,0,5,2,0,0,0,0,30.544259999999998,296.842,0,
1995,3000,11569,150017,135,994,62098,0,0,1,0,0,0,0,0,1286.5377399999998,3900.442,0,
1996,3000,11667,154701,151,1084,53255,0,0,0,0,0,0,0,0,1364.98065,4022.2259999999997,0,
1997,124,707,6558,8,7,344,0,0,4,2,0,0,0,0,8.81472,170.50799999999998,0,
1998,435,2416,23885,77,104,6114,0,0,8,5,2,0,0,0,133.59981999999997,621.01,0,
1999,77,523,5168,7,4,192,0,0,3,2,1,0,0,0,5.024959999999999,134.368,0,
2000,234,1323,14997,27,42,2193,0,0,7,4,1,0,0,0,53.22758999999999,389.92199999999997,0,
