run_id,steps,wall_us,ops,solver_us,pivots,solver_work,exact_pivots,exact_work,comparisons,flips_drawn,flips_refused,certified,certificate_failures,false_witnesses,cost_units,run_units,left_to_concrete,conceded
1,95,829,4456,48,7,179,0,0,0,0,0,0,0,0,8.38077,115.856,0,
2,217,1389,11504,101,20,1560,0,0,7,4,1,0,0,0,26.702799999999996,299.104,0,
3,88,627,5965,14,11,365,0,0,3,1,0,0,0,0,13.389949999999999,155.09,0,
4,129,764,7396,18,10,628,0,0,3,2,0,0,0,0,12.95164,192.296,0,
5,179,959,9580,21,20,1192,0,0,5,2,0,0,0,0,25.734959999999997,249.07999999999998,0,
6,144,850,8207,12,14,1310,0,0,11,2,1,0,0,0,19.2653,213.38199999999998,0,
7,175,1067,10223,47,31,1961,0,0,10,6,0,0,0,0,40.18742999999999,265.798,0,
8,74,463,4206,6,4,122,0,0,1,0,0,0,0,0,4.840859999999999,109.356,0,
9,251,1360,12146,114,38,3300,0,0,9,4,1,0,0,0,51.619,315.796,0,
10,108,665,6276,21,14,630,0,0,3,1,1,0,0,0,17.476899999999997,163.176,0,
11,108,652,5593,36,11,626,0,0,4,1,0,0,0,0,14.07638,145.418,0,
12,70,465,4229,6,6,224,0,0,1,0,0,0,0,0,7.36912,109.954,0,
13,86,468,5403,3,2,67,0,0,0,0,0,0,0,0,2.43621,140.47799999999998,0,
14,71,458,4484,8,6,242,0,0,2,1,0,0,0,0,7.416459999999999,116.58399999999999,0,
15,130,734,7613,12,14,916,0,0,4,2,0,0,0,0,18.22908,197.938,0,
16,201,1026,11126,23,21,1406,0,0,9,3,1,0,0,0,27.42778,289.276,0,
17,155,946,9017,51,33,2120,0,0,12,5,1,0,0,0,42.8656,234.44199999999998,0,
18,95,643,5909,38,15,536,0,0,4,2,0,0,0,0,18.35968,153.634,0,
19,133,672,6899,30,13,555,0,0,3,2,0,0,0,0,16.149649999999998,179.374,0,
20,215,1252,12300,78,40,2667,0,0,18,9,3,0,0,0,52.214209999999994,319.8,0,
21,145,829,7934,13,24,1152,0,0,8,6,0,0,0,0,30.149759999999997,206.284,0,
22,134,657,6862,5,7,254,0,0,0,0,0,0,0,0,8.578019999999999,178.41199999999998,0,
23,70,439,4503,2,1,47,0,0,0,0,0,0,0,0,1.25361,117.07799999999999,0,
24,65,427,4388,3,2,92,0,0,2,0,0,0,0,0,2.50196,114.088,0,
25,309,1728,15459,104,33,2096,0,0,13,9,1,0,0,0,42.80248,401.93399999999997,0,
26,105,697,5549,15,8,248,0,0,0,0,0,0,0,0,9.69224,144.274,0,
27,115,606,5652,9,6,262,0,0,1,0,0,0,0,0,7.469059999999999,146.952,0,
28,239,1136,12221,22,20,1150,0,0,4,3,0,0,0,0,25.624499999999998,317.746,0,
29,168,1098,9952,72,24,1839,0,0,6,3,2,0,0,0,31.95657,258.752,0,
30,79,613,4725,55,11,545,0,0,3,2,1,0,0,0,13.86335,122.85,0,
31,149,817,7671,37,9,796,0,0,5,2,0,0,0,0,12.263479999999998,199.446,0,
32,112,527,4963,5,4,105,0,0,0,0,0,0,0,0,4.79615,129.03799999999998,0,
33,112,617,6125,10,9,416,0,0,3,1,0,0,0,0,11.264079999999998,159.25,0,
34,183,1008,10860,31,24,1339,0,0,6,2,1,0,0,0,30.641569999999998,282.36,0,
35,103,678,5864,40,20,739,0,0,4,2,1,0,0,0,24.54357,152.464,0,
36,88,511,5167,5,4,130,0,0,1,1,0,0,0,0,4.8618999999999994,134.34199999999998,0,
37,153,854,8863,16,30,1531,0,0,8,6,0,0,0,0,37.92653,230.438,0,
38,130,799,7257,57,18,1087,0,0,6,4,2,0,0,0,23.198809999999995,188.682,0,
39,85,533,5046,6,5,224,0,0,1,0,0,0,0,0,6.23912,131.196,0,
40,81,508,4782,6,8,343,0,0,2,0,0,0,0,0,9.942089999999999,124.332,0,
41,124,631,6456,6,15,668,0,0,3,0,0,0,0,0,18.70684,167.856,0,
42,73,420,4085,3,2,57,0,0,0,0,0,0,0,0,2.40991,106.21,0,
43,93,520,5246,31,6,459,0,0,1,1,1,0,0,0,7.987169999999999,136.396,0,
44,96,589,5973,16,8,531,0,0,2,2,1,0,0,0,10.43653,155.298,0,
45,88,590,5217,35,10,557,0,0,3,3,0,0,0,0,12.764909999999999,135.642,0,
46,89,492,5036,3,3,159,0,0,0,0,0,0,0,0,3.8081699999999996,130.936,0,
47,94,537,5212,7,10,395,0,0,2,0,0,0,0,0,12.338849999999999,135.512,0,
48,94,617,6196,11,19,802,0,0,5,3,0,0,0,0,23.579259999999998,161.096,0,
49,159,854,9420,24,13,986,0,0,5,4,1,0,0,0,17.283179999999998,244.92,0,
50,149,929,9518,60,23,1385,0,0,5,3,2,0,0,0,29.63255,247.468,0,
51,158,954,8592,39,25,1451,0,0,9,4,0,0,0,0,32.066129999999994,223.392,0,
52,123,699,7294,10,8,516,0,0,3,0,0,0,0,0,10.397079999999999,189.644,0,
53,174,923,10591,11,19,1167,0,0,4,1,0,0,0,0,24.539209999999997,275.366,0,
54,99,617,6301,11,11,488,0,0,3,2,0,0,0,0,13.71344,163.826,0,
55,91,502,4405,6,8,224,0,0,1,0,0,0,0,0,9.629119999999999,114.53,0,
56,67,377,3616,2,2,26,0,0,0,0,0,0,0,0,2.3283799999999997,94.01599999999999,0,
57,150,829,8410,15,31,1584,0,0,10,5,0,0,0,0,39.195919999999994,218.66,0,
58,169,737,7396,11,11,738,0,0,4,2,0,0,0,0,14.37094,192.296,0,
59,140,834,8083,47,27,1199,0,0,6,2,0,0,0,0,33.66337,210.158,0,
60,156,1040,9030,65,36,2011,0,0,14,7,1,0,0,0,45.96892999999999,234.78,0,
61,90,489,4349,6,3,128,0,0,1,0,0,0,0,0,3.7266399999999997,113.074,0,
62,131,750,7436,25,22,1265,0,0,9,5,0,0,0,0,28.18695,193.33599999999998,0,
63,66,446,4177,3,1,69,0,0,1,0,0,0,0,0,1.31147,108.60199999999999,0,
64,117,787,7366,58,20,1074,0,0,8,4,1,0,0,0,25.424619999999997,191.516,0,
65,98,649,6074,7,7,553,0,0,4,1,0,0,0,0,9.36439,157.924,0,
66,133,823,7915,47,17,1207,0,0,4,3,1,0,0,0,22.384409999999995,205.79,0,
67,98,622,5741,10,16,535,0,0,4,1,0,0,0,0,19.487049999999996,149.266,0,
68,143,913,8405,58,25,1872,0,0,7,3,1,0,0,0,33.173359999999995,218.53,0,
69,113,778,6849,51,15,1052,0,0,4,3,1,0,0,0,19.71676,178.07399999999998,0,
70,139,813,8431,11,14,1051,0,0,5,2,0,0,0,0,18.58413,219.206,0,
71,162,931,9335,20,36,1942,0,0,8,3,0,0,0,0,45.787459999999996,242.70999999999998,0,
72,98,608,5390,37,13,616,0,0,2,1,0,0,0,0,16.31008,140.14,0,
73,70,695,4517,18,2,49,0,0,0,0,0,0,0,0,2.38887,117.442,0,
74,121,808,6741,49,26,1201,0,0,7,4,0,0,0,0,32.53863,175.266,0,
75,136,894,8212,52,19,1219,0,0,6,3,0,0,0,0,24.67597,213.512,0,
76,149,962,9708,46,34,1932,0,0,12,7,0,0,0,0,43.50115999999999,252.408,0,
77,145,912,8870,53,13,1004,0,0,6,3,2,0,0,0,17.330519999999996,230.61999999999998,0,
78,67,494,4003,10,7,211,0,0,1,1,0,0,0,0,8.464929999999999,104.07799999999999,0,
79,89,538,4933,6,6,216,0,0,1,0,0,0,0,0,7.3480799999999995,128.25799999999998,0,
80,153,744,7518,16,19,939,0,0,6,5,0,0,0,0,23.93957,195.468,0,
81,125,779,7558,44,25,1508,0,0,8,3,1,0,0,0,32.21604,196.50799999999998,0,
82,80,553,4921,37,9,370,0,0,1,1,1,0,0,0,11.143099999999999,127.946,0,
83,323,1582,18103,43,38,2446,0,0,9,4,2,0,0,0,49.37298,470.678,0,
84,77,518,4615,7,7,213,0,0,0,0,0,0,0,0,8.470189999999999,119.99,0,
85,99,601,5338,30,12,599,0,0,3,1,1,0,0,0,15.135369999999998,138.78799999999998,0,
86,97,611,6208,5,15,748,0,0,5,1,0,0,0,0,18.91724,161.408,0,
87,115,589,5952,7,10,416,0,0,1,0,0,0,0,0,12.394079999999999,154.75199999999998,0,
88,119,667,6967,19,10,525,0,0,2,2,1,0,0,0,12.68075,181.142,0,
89,148,955,8870,54,33,1957,0,0,13,6,1,0,0,0,42.43691,230.61999999999998,0,
90,127,701,6565,39,8,378,0,0,3,2,1,0,0,0,10.034139999999999,170.69,0,
91,163,1060,10044,75,29,2147,0,0,10,7,1,0,0,0,38.41661,261.144,0,
92,61,631,4210,9,2,43,0,0,0,0,0,0,0,0,2.37309,109.46,0,
93,90,639,5409,44,10,555,0,0,4,2,0,0,0,0,12.759649999999999,140.634,0,
94,194,1047,9311,75,30,2029,0,0,7,3,2,0,0,0,39.23627,242.08599999999998,0,
95,142,811,8151,8,14,791,0,0,3,0,0,0,0,0,17.900329999999997,211.926,0,
96,118,670,7455,8,11,649,0,0,4,1,0,0,0,0,14.13687,193.82999999999998,0,
97,136,687,7118,7,10,604,0,0,3,0,0,0,0,0,12.88852,185.06799999999998,0,
98,89,500,4399,3,4,295,0,0,2,0,0,0,0,0,5.29585,114.374,0,
99,144,778,7362,34,19,934,0,0,7,3,0,0,0,0,23.92642,191.41199999999998,0,
100,138,853,8338,40,27,1615,0,0,10,8,0,0,0,0,34.75745,216.78799999999998,0,
101,116,688,7403,11,17,813,0,0,6,2,0,0,0,0,21.348189999999995,192.47799999999998,0,
102,136,880,7995,76,27,1890,0,0,9,4,2,0,0,0,35.4807,207.87,0,
103,95,576,6143,7,6,226,0,0,2,1,0,0,0,0,7.3743799999999995,159.718,0,
104,80,559,4741,12,7,371,0,0,3,0,0,0,0,0,8.885729999999999,123.26599999999999,0,
105,183,959,10454,48,17,972,0,0,6,4,1,0,0,0,21.76636,271.804,0,
106,86,565,5534,6,10,311,0,0,1,1,0,0,0,0,12.11793,143.884,0,
107,185,986,9572,60,28,2372,0,0,9,3,0,0,0,0,37.87836,248.87199999999999,0,
108,127,778,7586,28,24,1192,0,0,6,5,1,0,0,0,30.254959999999997,197.236,0,
109,130,682,6667,5,9,442,0,0,3,0,0,0,0,0,11.332459999999998,173.34199999999998,0,
110,168,861,9561,24,12,996,0,0,4,4,3,0,0,0,16.179479999999998,248.58599999999998,0,
111,157,926,9463,16,30,1532,0,0,10,5,0,0,0,0,37.929159999999996,246.03799999999998,0,
112,142,853,7885,64,17,905,0,0,7,3,2,0,0,0,21.590149999999998,205.01,0,
113,106,752,5862,59,19,1410,0,0,5,3,1,0,0,0,25.1783,152.412,0,
114,65,437,3915,3,5,132,0,0,0,0,0,0,0,0,5.997159999999999,101.78999999999999,0,
115,221,1199,11986,54,29,1863,0,0,9,6,1,0,0,0,37.669689999999996,311.63599999999997,0,
116,113,537,5171,3,1,22,0,0,0,0,0,0,0,0,1.18786,134.446,0,
117,107,670,6264,61,13,570,0,0,4,3,2,0,0,0,16.189099999999996,162.864,0,
118,94,556,4879,8,8,548,0,0,4,3,0,0,0,0,10.48124,126.854,0,
119,107,637,5873,7,17,856,0,0,5,2,0,0,0,0,21.46128,152.69799999999998,0,
120,145,838,7821,59,20,1545,0,0,7,5,1,0,0,0,26.663349999999998,203.346,0,
121,107,636,6201,8,12,580,0,0,4,0,0,0,0,0,15.085399999999998,161.226,0,
122,216,1276,13206,54,46,2405,0,0,15,7,2,0,0,0,58.30515,343.356,0,
123,113,720,6774,22,15,699,0,0,4,3,1,0,0,0,18.78837,176.124,0,
124,81,533,5029,8,6,257,0,0,2,1,0,0,0,0,7.455909999999999,130.754,0,
125,189,1160,11234,57,44,2581,0,0,17,9,0,0,0,0,56.50803,292.084,0,
126,204,1268,12282,52,49,2787,0,0,19,7,1,0,0,0,62.69981,319.332,0,
127,122,721,7367,20,14,609,0,0,2,1,1,0,0,0,17.42167,191.542,0,
128,107,626,5848,33,13,550,0,0,4,2,0,0,0,0,16.136499999999998,152.048,0,
129,116,599,5348,29,6,272,0,0,3,1,0,0,0,0,7.49536,139.048,0,
130,133,799,7723,59,19,772,0,0,4,2,1,0,0,0,23.50036,200.798,0,
131,136,829,8461,16,30,1636,0,0,12,6,0,0,0,0,38.20268,219.986,0,
132,85,450,4266,4,5,112,0,0,1,1,0,0,0,0,5.944559999999999,110.916,0,
133,112,693,7234,11,21,1038,0,0,6,5,0,0,0,0,26.459939999999996,188.084,0,
134,87,527,5382,4,5,164,0,0,1,0,0,0,0,0,6.08132,139.932,0,
135,108,602,6013,34,7,516,0,0,4,3,1,0,0,0,9.26708,156.338,0,
136,108,517,5253,4,3,105,0,0,1,0,0,0,0,0,3.6661499999999996,136.578,0,
137,84,441,4517,4,3,111,0,0,1,1,0,0,0,0,3.6819299999999995,117.442,0,
138,69,428,4374,4,3,155,0,0,1,0,0,0,0,0,3.7976499999999995,113.72399999999999,0,
139,126,673,7082,29,12,790,0,0,3,2,1,0,0,0,15.637699999999999,184.132,0,
140,301,1475,15983,75,32,2552,0,0,9,3,1,0,0,0,42.871759999999995,415.558,0,
141,69,459,4256,3,2,75,0,0,1,0,0,0,0,0,2.4572499999999997,110.65599999999999,0,
142,189,1114,11400,34,50,2937,0,0,18,7,1,0,0,0,64.22430999999999,296.4,0,
143,87,549,4994,13,12,542,0,0,3,3,0,0,0,0,14.985459999999998,129.844,0,
144,152,810,8001,40,19,1084,0,0,6,2,0,0,0,0,24.320919999999997,208.02599999999998,0,
145,102,695,6176,53,18,879,0,0,6,3,0,0,0,0,22.651769999999996,160.576,0,
146,138,687,6545,33,15,609,0,0,4,3,0,0,0,0,18.551669999999998,170.17,0,
147,108,643,6804,17,12,498,0,0,2,1,1,0,0,0,14.869739999999998,176.904,0,
148,143,797,7813,48,21,1101,0,0,4,2,2,0,0,0,26.625629999999997,203.13799999999998,0,
149,129,766,7933,8,13,1074,0,0,5,1,0,0,0,0,17.514619999999997,206.25799999999998,0,
150,137,649,6790,5,6,181,0,0,1,0,0,0,0,0,7.256029999999999,176.54,0,
151,90,510,5423,4,5,279,0,0,2,1,0,0,0,0,6.383769999999999,140.998,0,
152,110,507,5260,3,2,40,0,0,0,0,0,0,0,0,2.3651999999999997,136.76,0,
153,171,814,8818,11,16,920,0,0,4,1,0,0,0,0,20.499599999999997,229.268,0,
154,70,438,3699,4,4,196,0,0,1,1,0,0,0,0,5.03548,96.17399999999999,0,
155,164,823,8349,40,19,1009,0,0,5,2,1,0,0,0,24.123669999999997,217.07399999999998,0,
156,63,406,3625,4,2,109,0,0,0,0,0,0,0,0,2.5466699999999998,94.25,0,
157,86,587,5218,32,10,545,0,0,5,3,0,0,0,0,12.733349999999998,135.668,0,
158,209,1164,12492,59,30,2281,0,0,8,3,2,0,0,0,39.899029999999996,324.792,0,
159,103,935,6251,268,18,941,0,0,6,4,0,0,0,0,22.814829999999997,162.52599999999998,0,
160,66,434,3763,5,3,121,0,0,0,0,0,0,0,0,3.7082299999999995,97.838,0,
161,142,793,7579,65,21,1010,0,0,6,3,1,0,0,0,26.3863,197.054,0,
162,181,902,8614,43,26,1402,0,0,8,6,0,0,0,0,33.06726,223.964,0,
163,54,425,4136,3,2,13,0,0,0,0,0,0,0,0,2.29419,107.536,0,
164,127,709,7925,7,13,608,0,0,3,1,0,0,0,0,16.289039999999996,206.04999999999998,0,
165,181,953,8740,56,18,1029,0,0,4,4,2,0,0,0,23.046269999999996,227.23999999999998,0,
166,101,663,6016,31,19,853,0,0,6,3,0,0,0,0,23.713389999999997,156.416,0,
167,240,1191,11178,85,30,1834,0,0,10,6,3,0,0,0,38.72342,290.628,0,
168,222,1162,11385,62,25,1737,0,0,9,5,1,0,0,0,32.81831,296.01,0,
169,185,970,9740,63,21,1499,0,0,7,3,1,0,0,0,27.672369999999997,253.23999999999998,0,
170,241,966,10338,16,16,854,0,0,6,2,0,0,0,0,20.32602,268.788,0,
171,77,445,4126,3,1,44,0,0,0,0,0,0,0,0,1.24572,107.276,0,
172,130,705,7754,9,12,929,0,0,6,3,0,0,0,0,16.00327,201.60399999999998,0,
173,145,743,6609,38,15,914,0,0,3,2,1,0,0,0,19.35382,171.834,0,
174,86,565,5025,44,13,712,0,0,4,4,2,0,0,0,16.562559999999998,130.65,0,
175,188,1041,11278,37,19,1462,0,0,6,4,3,0,0,0,25.31506,293.228,0,
176,107,681,6248,12,23,978,0,0,5,3,0,0,0,0,28.56214,162.44799999999998,0,
177,96,599,5900,11,8,433,0,0,3,2,1,0,0,0,10.17879,153.4,0,
178,156,774,8378,7,11,693,0,0,4,1,0,0,0,0,14.25259,217.828,0,
179,80,471,3929,5,3,151,0,0,1,0,0,0,0,0,3.7871299999999994,102.154,0,
180,244,1118,12450,16,24,1776,0,0,8,3,0,0,0,0,31.790879999999998,323.7,0,
181,88,615,5092,53,10,466,0,0,4,4,1,0,0,0,12.525579999999998,132.392,0,
182,90,571,6327,7,6,343,0,0,4,3,0,0,0,0,7.68209,164.50199999999998,0,
183,144,724,7765,7,18,821,0,0,5,2,0,0,0,0,22.499229999999997,201.89,0,
184,153,872,9105,42,12,963,0,0,3,3,1,0,0,0,16.092689999999997,236.73,0,
185,64,450,3844,5,4,170,0,0,2,1,0,0,0,0,4.967099999999999,99.94399999999999,0,
186,208,1346,12269,89,43,2805,0,0,14,9,2,0,0,0,55.96715,318.99399999999997,0,
187,157,1028,9339,80,40,2300,0,0,10,6,2,0,0,0,51.248999999999995,242.814,0,
188,152,840,8364,9,16,818,0,0,2,0,0,0,0,0,20.23134,217.464,0,
189,63,413,3463,4,2,87,0,0,1,0,0,0,0,0,2.48881,90.038,0,
190,118,705,6561,37,18,897,0,0,7,4,0,0,0,0,22.699109999999997,170.58599999999998,0,
191,98,648,6023,66,10,448,0,0,2,2,1,0,0,0,12.47824,156.59799999999998,0,
192,97,665,6085,52,13,591,0,0,4,3,1,0,0,0,16.244329999999998,158.20999999999998,0,
193,115,700,6909,12,18,914,0,0,6,3,0,0,0,0,22.743819999999996,179.634,0,
194,85,502,4188,6,4,192,0,0,1,0,0,0,0,0,5.024959999999999,108.88799999999999,0,
195,126,693,6729,40,20,735,0,0,5,2,0,0,0,0,24.53305,174.95399999999998,0,
196,102,709,6073,61,20,998,0,0,5,4,1,0,0,0,25.224739999999997,157.898,0,
197,107,582,5974,6,5,163,0,0,1,1,0,0,0,0,6.07869,155.32399999999998,0,
198,72,449,4229,4,4,142,0,0,1,0,0,0,0,0,4.893459999999999,109.954,0,
199,77,556,5137,32,9,459,0,0,3,2,0,0,0,0,11.377169999999998,133.56199999999998,0,
200,78,444,4072,3,4,125,0,0,0,0,0,0,0,0,4.84875,105.872,0,
201,123,734,7950,9,18,818,0,0,7,1,0,0,0,0,22.491339999999997,206.7,0,
202,176,960,10596,19,18,1314,0,0,7,4,1,0,0,0,23.795819999999996,275.496,0,
203,107,619,6156,26,7,418,0,0,4,2,1,0,0,0,9.00934,160.05599999999998,0,
204,145,792,7115,36,19,1089,0,0,6,5,1,0,0,0,24.334069999999997,184.98999999999998,0,
205,102,551,4951,27,6,186,0,0,1,1,0,0,0,0,7.2691799999999995,128.726,0,
206,166,971,10639,26,19,1321,0,0,6,5,4,0,0,0,24.944229999999997,276.614,0,
207,128,830,7401,43,33,1830,0,0,7,4,1,0,0,0,42.1029,192.426,0,
208,66,432,4535,3,2,45,0,0,0,0,0,0,0,0,2.3783499999999997,117.91,0,
209,62,398,3679,4,5,148,0,0,1,0,0,0,0,0,6.0392399999999995,95.654,0,
210,153,790,8335,12,22,1035,0,0,4,2,0,0,0,0,27.58205,216.70999999999998,0,
211,214,1263,12253,19,46,2743,0,0,15,8,0,0,0,0,59.194089999999996,318.578,0,
212,57,407,3670,4,4,126,0,0,1,1,0,0,0,0,4.85138,95.42,0,
213,178,1160,10795,78,51,3030,0,0,17,10,2,0,0,0,65.5989,280.66999999999996,0,
214,115,531,4618,4,2,100,0,0,1,0,0,0,0,0,2.5229999999999997,120.068,0,
215,106,491,4711,5,5,111,0,0,1,1,0,0,0,0,5.941929999999999,122.48599999999999,0,
216,66,393,3902,2,2,52,0,0,0,0,0,0,0,0,2.3967599999999996,101.452,0,
217,105,500,5175,3,4,101,0,0,0,0,0,0,0,0,4.785629999999999,134.54999999999998,0,
218,168,759,8796,6,5,290,0,0,2,0,0,0,0,0,6.412699999999999,228.696,0,
219,169,791,8276,21,18,845,0,0,6,4,1,0,0,0,22.562349999999995,215.176,0,
220,115,633,6039,11,11,490,0,0,3,3,2,0,0,0,13.7187,157.01399999999998,0,
221,127,724,6905,49,13,878,0,0,4,2,1,0,0,0,16.999139999999997,179.53,0,
222,63,416,3551,4,2,75,0,0,0,0,0,0,0,0,2.4572499999999997,92.326,0,
223,89,572,5338,32,9,429,0,0,3,2,0,0,0,0,11.298269999999999,138.78799999999998,0,
224,96,589,5716,9,11,558,0,0,3,0,0,0,0,0,13.89754,148.61599999999999,0,
225,130,734,7233,12,19,944,0,0,7,3,0,0,0,0,23.95272,188.058,0,
226,82,506,5084,3,6,233,0,0,2,0,0,0,0,0,7.39279,132.184,0,
227,221,1117,13415,8,15,1077,0,0,6,0,0,0,0,0,19.78251,348.78999999999996,0,
228,87,555,5179,7,8,357,0,0,3,1,0,0,0,0,9.978909999999999,134.654,0,
229,200,975,11402,10,18,1138,0,0,4,1,0,0,0,0,23.332939999999997,296.452,0,
230,131,724,7171,11,14,679,0,0,1,0,0,0,0,0,17.60577,186.446,0,
231,170,842,8584,13,17,1150,0,0,7,3,0,0,0,0,22.234499999999997,223.184,0,
232,92,497,4706,5,4,189,0,0,1,0,0,0,0,0,5.0170699999999995,122.356,0,
233,148,676,7462,3,7,391,0,0,2,0,0,0,0,0,8.938329999999999,194.012,0,
234,89,469,4708,3,4,92,0,0,0,0,0,0,0,0,4.761959999999999,122.408,0,
235,204,1166,10934,86,45,2747,0,0,11,8,2,0,0,0,58.07460999999999,284.284,0,
236,59,435,3797,3,2,69,0,0,0,0,0,0,0,0,2.44147,98.722,0,
237,109,619,5975,31,6,339,0,0,3,2,1,0,0,0,7.671569999999999,155.35,0,
238,170,887,8992,35,21,1189,0,0,3,1,1,0,0,0,26.857069999999997,233.792,0,
239,106,650,5719,31,13,665,0,0,4,2,0,0,0,0,16.43895,148.694,0,
240,117,606,6372,5,5,200,0,0,1,0,0,0,0,0,6.175999999999999,165.672,0,
241,122,821,7227,73,28,1728,0,0,8,5,1,0,0,0,36.184639999999995,187.902,0,
242,225,1033,10977,19,15,1025,0,0,5,3,2,0,0,0,19.64575,285.402,0,
243,182,1043,9731,75,28,1710,0,0,8,6,2,0,0,0,36.137299999999996,253.006,0,
244,123,747,6824,40,16,772,0,0,4,2,0,0,0,0,20.11036,177.42399999999998,0,
245,65,453,4227,5,4,135,0,0,1,0,0,0,0,0,4.87505,109.902,0,
246,117,613,6680,4,9,395,0,0,1,0,0,0,0,0,11.208849999999998,173.67999999999998,0,
247,121,741,6949,39,18,1200,0,0,6,2,0,0,0,0,23.495999999999995,180.67399999999998,0,
248,138,883,8756,68,19,967,0,0,5,5,2,0,0,0,24.013209999999997,227.65599999999998,0,
249,99,646,5705,10,13,527,0,0,4,2,0,0,0,0,16.076009999999997,148.32999999999998,0,
250,60,416,4161,3,2,79,0,0,0,0,0,0,0,0,2.46777,108.18599999999999,0,
251,139,697,7076,12,9,455,0,0,3,2,0,0,0,0,11.366649999999998,183.976,0,
252,3000,15158,153152,1258,1113,77133,0,0,518,266,56,0,0,0,1460.5497899999998,3981.9519999999998,0,
253,3000,13365,158598,603,1164,89121,0,0,557,290,71,0,0,0,1549.70823,4123.548,0,
254,3000,14919,151500,753,1017,70828,0,0,495,255,50,0,0,0,1335.4876399999998,3939,0,
255,3000,13605,149288,527,933,70759,0,0,400,194,40,0,0,0,1240.38617,3881.488,0,
256,128,908,7165,67,16,950,0,0,6,3,2,0,0,0,20.5785,186.29,0,
257,149,985,8664,71,23,1422,0,0,12,4,0,0,0,0,29.72986,225.26399999999998,0,
258,213,1219,11531,74,31,1843,0,0,10,6,2,0,0,0,39.877089999999995,299.806,0,
259,189,1045,10664,45,25,1828,0,0,10,3,1,0,0,0,33.05764,277.264,0,
260,276,1497,16024,80,38,2346,0,0,12,4,2,0,0,0,49.10998,416.62399999999997,0,
261,3000,13009,156036,406,1120,76960,0,0,548,251,56,0,0,0,1468.0048,4056.9359999999997,0,
262,224,1486,13743,87,53,3248,0,0,16,12,1,0,0,0,68.43224,357.318,0,
263,3000,14859,158592,755,1203,91336,0,0,560,284,65,0,0,0,1599.60368,4123.392,0,
264,296,1901,18068,69,75,4657,0,0,32,15,2,0,0,0,96.99790999999999,469.768,0,
265,183,781,7620,6,8,235,0,0,0,0,0,0,0,0,9.65805,198.12,0,
266,152,973,9750,65,39,1793,0,0,11,6,1,0,0,0,48.78558999999999,253.5,0,
267,162,883,9102,33,18,1216,0,0,6,2,1,0,0,0,23.538079999999997,236.652,0,
268,3000,15130,150724,761,1045,78343,0,0,504,267,64,0,0,0,1386.8920899999998,3918.8239999999996,0,
269,225,1261,13234,16,23,1419,0,0,10,5,1,0,0,0,29.72197,344.084,0,
270,153,1024,9683,43,34,1992,0,0,14,6,0,0,0,0,43.65895999999999,251.75799999999998,0,
271,3000,13102,151520,666,1057,76802,0,0,521,276,81,0,0,0,1396.39926,3939.52,0,
272,302,1735,17250,115,54,3055,0,0,19,9,2,0,0,0,69.05465,448.5,0,
273,356,2120,23259,40,112,6322,0,0,42,17,1,0,0,0,143.18686,604.7339999999999,0,
274,168,1045,9639,47,23,1944,0,0,10,5,0,0,0,0,31.102719999999998,250.61399999999998,0,
275,70,539,4597,29,11,308,0,0,2,1,0,0,0,0,13.24004,119.52199999999999,0,
276,142,720,7262,6,9,534,0,0,3,0,0,0,0,0,11.574419999999998,188.81199999999998,0,
277,98,674,5940,52,13,846,0,0,6,3,1,0,0,0,16.914979999999996,154.44,0,
278,154,1007,9609,73,43,2098,0,0,13,8,1,0,0,0,54.10773999999999,249.83399999999997,0,
279,239,1229,12178,62,33,2779,0,0,15,9,3,0,0,0,44.59877,316.628,0,
280,144,819,7904,16,30,1668,0,0,10,4,0,0,0,0,38.28684,205.504,0,
281,3000,13958,152124,550,1051,73693,0,0,516,262,62,0,0,0,1381.4425899999999,3955.2239999999997,0,
282,322,2159,19389,125,102,6372,0,0,35,23,4,0,0,0,132.01836,504.114,0,
283,79,566,4944,9,7,279,0,0,3,1,0,0,0,0,8.64377,128.54399999999998,0,
284,84,511,4435,7,4,246,0,0,2,0,0,0,0,0,5.16698,115.30999999999999,0,
285,393,2257,23601,79,106,7281,0,0,42,18,1,0,0,0,138.92902999999998,613.626,0,
286,221,1327,13386,53,52,3505,0,0,22,11,1,0,0,0,67.97814999999999,348.036,0,
287,202,1206,11936,41,45,2899,0,0,19,6,0,0,0,0,58.47436999999999,310.336,0,
288,3000,14558,154123,630,1180,87442,0,0,537,260,45,0,0,0,1563.3724599999998,4007.198,0,
289,3000,13061,156809,348,1163,87064,0,0,560,264,44,0,0,0,1543.1683199999998,4077.0339999999997,0,
290,185,1162,10584,26,29,2105,0,0,12,4,0,0,0,0,38.306149999999995,275.18399999999997,0,
291,94,532,4606,13,3,74,0,0,1,1,1,0,0,0,3.5846199999999997,119.756,0,
292,221,1302,14155,88,42,2382,0,0,15,10,4,0,0,0,53.72465999999999,368.03,0,
293,544,2672,32275,35,56,4372,0,0,17,6,4,0,0,0,74.77835999999999,839.15,0,
294,164,915,9099,15,23,1518,0,0,11,2,0,0,0,0,29.982339999999997,236.57399999999998,0,
295,3000,12300,155446,352,1186,89542,0,0,536,275,46,0,0,0,1575.67546,4041.596,0,
296,184,1167,10833,21,38,2324,0,0,12,6,1,0,0,0,49.052119999999995,281.658,0,
297,259,1512,15309,68,47,3263,0,0,16,12,3,0,0,0,61.691689999999994,398.034,0,
298,134,782,7639,12,22,1193,0,0,7,1,0,0,0,0,27.99759,198.614,0,
299,3000,13318,149406,412,1146,83879,0,0,507,260,65,0,0,0,1515.5817699999998,3884.556,0,
300,117,804,7062,24,12,591,0,0,2,2,2,0,0,0,15.114329999999999,183.612,0,
301,159,944,9862,21,32,1806,0,0,12,7,0,0,0,0,40.90978,256.412,0,
302,101,673,6234,8,19,959,0,0,6,2,0,0,0,0,23.992169999999998,162.084,0,
303,3000,13814,152716,550,1071,84016,0,0,525,261,48,0,0,0,1431.1920799999998,3970.616,0,
304,165,1126,10276,111,25,2337,0,0,10,3,0,0,0,0,34.39631,267.176,0,
305,160,951,8426,24,38,2504,0,0,9,4,0,0,0,0,49.52552,219.076,0,
306,88,566,4529,52,11,580,0,0,3,1,1,0,0,0,13.9554,117.75399999999999,0,
307,84,472,4570,3,2,71,0,0,1,0,0,0,0,0,2.4467299999999996,118.82,0,
308,242,1455,14692,54,58,3813,0,0,21,12,4,0,0,0,75.56818999999999,381.99199999999996,0,
309,3000,14242,151407,541,1018,72575,0,0,500,247,63,0,0,0,1341.21225,3936.582,0,
310,109,767,6583,11,10,634,0,0,3,1,0,0,0,0,12.967419999999999,171.158,0,
311,328,1868,20363,76,71,4887,0,0,25,16,3,0,0,0,93.08281,529.438,0,
312,165,967,9530,18,21,1598,0,0,8,4,2,0,0,0,27.932739999999995,247.78,0,
313,140,850,8127,50,22,1433,0,0,10,8,2,0,0,0,28.62879,211.302,0,
314,191,1114,11155,46,37,2611,0,0,14,2,0,0,0,0,48.67693,290.03,0,
315,310,1855,17852,91,65,4726,0,0,27,12,3,0,0,0,85.87937999999998,464.152,0,
316,108,659,6322,10,9,430,0,0,3,2,1,0,0,0,11.300899999999999,164.37199999999999,0,
317,101,551,5166,10,4,335,0,0,3,0,0,0,0,0,5.40105,134.316,0,
318,3000,14139,151841,572,1075,77632,0,0,531,261,60,0,0,0,1418.9221599999998,3947.866,0,
319,167,1008,9099,31,24,1626,0,0,6,2,1,0,0,0,31.396379999999997,236.57399999999998,0,
320,107,653,6716,6,6,326,0,0,2,0,0,0,0,0,7.637379999999999,174.61599999999999,0,
321,87,578,5567,11,15,524,0,0,3,2,0,0,0,0,18.32812,144.742,0,
322,208,1181,12721,52,40,2522,0,0,17,9,2,0,0,0,51.83286,330.746,0,
323,278,1731,16854,98,77,5298,0,0,26,12,0,0,0,0,100.94373999999999,438.204,0,
324,123,792,7167,52,19,860,0,0,6,2,0,0,0,0,23.7318,186.34199999999998,0,
325,95,493,4422,7,5,127,0,0,1,0,0,0,0,0,5.98401,114.972,0,
326,307,1535,16497,49,36,2704,0,0,19,10,2,0,0,0,47.79151999999999,428.92199999999997,0,
327,3000,10529,140217,217,464,32326,0,0,28,11,7,0,0,0,609.3373799999999,3645.642,0,
328,148,910,8847,12,26,1540,0,0,9,3,0,0,0,0,33.4302,230.022,0,
329,113,753,6808,43,15,1129,0,0,9,6,1,0,0,0,19.919269999999997,177.00799999999998,0,
330,285,1930,17372,98,88,5110,0,0,33,21,3,0,0,0,112.8793,451.67199999999997,0,
331,92,525,4285,8,8,203,0,0,1,1,0,0,0,0,9.573889999999999,111.41,0,
332,112,675,6028,9,16,903,0,0,4,0,0,0,0,0,20.45489,156.72799999999998,0,
333,222,1251,13044,19,42,2626,0,0,18,10,1,0,0,0,54.36637999999999,339.144,0,
334,3000,13555,153778,595,1042,72746,0,0,503,262,58,0,0,0,1368.7819799999997,3998.2279999999996,0,
335,155,1118,9320,72,29,1909,0,0,9,4,1,0,0,0,37.79067,242.32,0,
336,84,553,4680,15,6,337,0,0,3,1,1,0,0,0,7.666309999999999,121.67999999999999,0,
337,3000,14405,152318,755,1093,83437,0,0,523,281,63,0,0,0,1454.52931,3960.268,0,
338,160,871,7657,12,7,578,0,0,4,0,0,0,0,0,9.43014,199.082,0,
339,120,742,7609,14,18,932,0,0,6,3,0,0,0,0,22.791159999999998,197.834,0,
340,91,508,5539,3,1,26,0,0,0,0,0,0,0,0,1.1983799999999998,144.01399999999998,0,
341,337,1910,19915,101,89,5871,0,0,34,18,2,0,0,0,116.01073,517.79,0,
342,71,510,4349,5,5,199,0,0,1,0,0,0,0,0,6.173369999999999,113.074,0,
343,178,1091,10840,58,41,2457,0,0,16,8,1,0,0,0,52.79191,281.84,0,
344,159,892,9393,11,24,1336,0,0,11,1,0,0,0,0,30.63368,244.218,0,
345,3000,13583,151346,544,1084,84909,0,0,538,261,49,0,0,0,1448.23067,3934.9959999999996,0,
346,3000,14528,151295,646,1053,73658,0,0,502,262,58,0,0,0,1383.61054,3933.6699999999996,0,
347,92,716,5720,10,7,362,0,0,4,1,0,0,0,0,8.86206,148.72,0,
348,118,714,6236,36,15,708,0,0,5,2,0,0,0,0,18.81204,162.136,0,
349,336,2066,19985,83,93,6573,0,0,36,19,2,0,0,0,122.37698999999999,519.61,0,
350,158,1055,9318,36,21,1656,0,0,6,5,2,0,0,0,28.085279999999997,242.268,0,
351,254,1613,15091,115,84,4804,0,0,28,17,1,0,0,0,107.55451999999998,392.366,0,
352,3000,15061,151453,931,1155,84080,0,0,512,248,60,0,0,0,1526.2803999999999,3937.778,0,
353,94,672,5503,16,17,679,0,0,4,3,0,0,0,0,20.995769999999997,143.078,0,
354,210,1370,12555,77,42,2580,0,0,16,7,2,0,0,0,54.2454,326.43,0,
355,186,1076,9858,50,34,1935,0,0,12,9,1,0,0,0,43.509049999999995,256.308,0,
356,109,627,6449,6,7,275,0,0,2,0,0,0,0,0,8.633249999999999,167.67399999999998,0,
357,219,1174,12224,25,37,2762,0,0,18,8,1,0,0,0,49.074059999999996,317.824,0,
358,420,2477,25625,118,109,7454,0,0,36,14,3,0,0,0,142.77401999999998,666.25,0,
359,138,818,7332,40,15,697,0,0,3,3,1,0,0,0,18.78311,190.632,0,
360,116,754,6743,53,20,1079,0,0,6,3,0,0,0,0,25.437769999999997,175.31799999999998,0,
361,137,858,7705,48,25,1387,0,0,7,3,1,0,0,0,31.897809999999996,200.32999999999998,0,
362,255,1370,13974,72,48,2748,0,0,12,5,2,0,0,0,61.46724,363.32399999999996,0,
363,3000,13737,152550,698,1079,74558,0,0,525,256,59,0,0,0,1415.35754,3966.2999999999997,0,
364,63,500,3659,3,2,48,0,0,0,0,0,0,0,0,2.38624,95.134,0,
365,260,1396,15772,37,29,2103,0,0,10,5,1,0,0,0,38.300889999999995,410.072,0,
366,178,855,8759,17,12,674,0,0,3,1,1,0,0,0,15.332619999999999,227.73399999999998,0,
367,3000,13264,154363,483,1139,89926,0,0,542,276,54,0,0,0,1523.57538,4013.4379999999996,0,
368,218,1473,13306,75,57,2770,0,0,22,9,2,0,0,0,71.6951,345.95599999999996,0,
369,152,955,9728,20,25,1333,0,0,11,4,1,0,0,0,31.755789999999998,252.928,0,
370,119,668,7394,7,6,471,0,0,3,2,1,0,0,0,8.01873,192.244,0,
371,415,2422,25005,161,112,7854,0,0,40,17,6,0,0,0,147.21602,650.13,0,
372,3000,13210,153770,862,1188,92171,0,0,543,287,56,0,0,0,1584.84973,3998.02,0,
373,107,738,6124,21,17,779,0,0,3,3,1,0,0,0,21.25877,159.224,0,
374,162,959,8797,37,26,1609,0,0,7,3,2,0,0,0,33.61167,228.72199999999998,0,
375,3000,13119,152081,592,1084,74322,0,0,522,271,63,0,0,0,1420.3868599999998,3954.1059999999998,0,
376,291,2006,17809,127,87,5640,0,0,34,15,1,0,0,0,113.1432,463.034,0,
377,360,2175,21932,86,96,6390,0,0,41,23,2,0,0,0,125.28569999999999,570.232,0,
378,186,1117,10595,87,16,1350,0,0,8,6,3,0,0,0,21.630499999999998,275.46999999999997,0,
379,156,771,7671,8,13,644,0,0,1,0,0,0,0,0,16.383719999999997,199.446,0,
380,233,1314,13632,64,36,2366,0,0,12,7,4,0,0,0,46.90257999999999,354.43199999999996,0,
381,110,728,6726,21,26,1340,0,0,7,4,1,0,0,0,32.904199999999996,174.876,0,
382,172,920,9138,13,17,1063,0,0,7,3,0,0,0,0,22.005689999999998,237.588,0,
383,264,1388,15144,28,37,2598,0,0,13,10,1,0,0,0,48.642739999999996,393.74399999999997,0,
384,240,1315,14481,24,51,3133,0,0,18,7,0,0,0,0,65.86979,376.506,0,
385,114,759,6147,64,18,1260,0,0,6,3,1,0,0,0,23.653799999999997,159.822,0,
386,292,1859,17564,130,61,4930,0,0,25,13,4,0,0,0,81.8959,456.664,0,
387,215,1152,10811,43,27,1977,0,0,11,5,1,0,0,0,35.709509999999995,281.086,0,
388,202,1209,11903,56,41,3406,0,0,17,7,1,0,0,0,55.28778,309.478,0,
389,97,537,4761,6,6,230,0,0,2,1,0,0,0,0,7.384899999999999,123.786,0,
390,92,556,5271,6,6,269,0,0,2,1,0,0,0,0,7.487469999999999,137.046,0,
391,3000,13480,151122,567,1006,74701,0,0,470,243,60,0,0,0,1333.24363,3929.172,0,
392,181,1214,10752,66,32,1652,0,0,11,6,2,0,0,0,40.50476,279.55199999999996,0,
393,189,1267,11311,63,38,2738,0,0,17,8,0,0,0,0,50.14094,294.086,0,
394,3000,14369,151691,809,1033,70769,0,0,501,250,56,0,0,0,1353.41247,3943.966,0,
395,289,1742,16930,69,57,3396,0,0,19,9,1,0,0,0,73.34147999999999,440.18,0,
396,3000,13006,151534,549,1072,84989,0,0,515,243,56,0,0,0,1434.88107,3939.884,0,
397,341,1708,15618,107,33,2385,0,0,11,7,1,0,0,0,43.56255,406.068,0,
398,3000,14571,152211,737,1079,76534,0,0,516,267,56,0,0,0,1420.55442,3957.486,0,
399,195,1244,11758,62,23,1518,0,0,7,5,2,0,0,0,29.982339999999997,305.70799999999997,0,
400,94,620,5503,9,8,497,0,0,2,0,0,0,0,0,10.347109999999999,143.078,0,
401,3000,13158,152682,538,1091,85229,0,0,522,263,64,0,0,0,1456.98227,3969.732,0,
402,207,1311,11608,62,33,1669,0,0,14,5,0,0,0,0,41.67947,301.808,0,
403,3000,14120,151702,699,1045,74909,0,0,516,252,60,0,0,0,1377.86067,3944.252,0,
404,265,1560,14765,63,62,4298,0,0,25,6,1,0,0,0,81.36373999999999,383.89,0,
405,142,889,8178,43,18,1270,0,0,6,1,1,0,0,0,23.680099999999996,212.628,0,
406,314,1725,17929,61,66,4405,0,0,29,17,1,0,0,0,86.16515,466.154,0,
407,3000,14064,151668,649,1068,78593,0,0,512,258,56,0,0,0,1413.5395899999999,3943.368,0,
408,210,1336,13113,75,41,2412,0,0,17,8,3,0,0,0,52.673559999999995,340.938,0,
409,92,516,4479,8,5,167,0,0,1,0,0,0,0,0,6.08921,116.454,0,
410,3000,12912,151549,581,1070,82322,0,0,486,240,56,0,0,0,1425.6068599999999,3940.274,0,
411,3000,14501,151927,741,1069,77934,0,0,503,261,54,0,0,0,1412.9364199999998,3950.102,0,
412,98,579,5126,9,6,156,0,0,1,0,0,0,0,0,7.19028,133.27599999999998,0,
413,61,457,3660,8,6,253,0,0,2,1,0,0,0,0,7.44539,95.16,0,
414,85,659,5938,7,5,256,0,0,3,0,0,0,0,0,6.32328,154.388,0,
415,3000,13083,155415,458,1137,88290,0,0,543,275,62,0,0,0,1517.0127,4040.79,0,
416,391,2040,21734,96,37,3329,0,0,15,7,2,0,0,0,50.56527,565.084,0,
417,89,579,4558,38,11,661,0,0,2,2,2,0,0,0,14.168429999999999,118.508,0,
418,111,720,7017,13,12,738,0,0,4,3,0,0,0,0,15.500939999999998,182.44199999999998,0,
419,109,533,5138,6,4,154,0,0,2,1,0,0,0,0,4.92502,133.588,0,
420,179,1088,9786,66,47,2657,0,0,13,5,1,0,0,0,60.09790999999999,254.43599999999998,0,
421,105,683,6146,8,7,579,0,0,3,1,0,0,0,0,9.43277,159.796,0,
422,370,1714,18396,91,52,3385,0,0,18,6,1,0,0,0,67.66255,478.296,0,
423,141,838,7468,45,26,2039,0,0,7,4,1,0,0,0,34.74256999999999,194.16799999999998,0,
424,128,847,7437,89,25,1682,0,0,6,3,1,0,0,0,32.67366,193.362,0,
425,128,839,7932,17,31,1365,0,0,11,5,0,0,0,0,38.619949999999996,206.232,0,
426,187,1003,10414,35,27,1684,0,0,11,5,2,0,0,0,34.938919999999996,270.764,0,
427,204,1221,12754,44,44,2600,0,0,19,5,1,0,0,0,56.558,331.604,0,
428,3000,13233,155073,560,1118,77353,0,0,519,270,69,0,0,0,1466.77839,4031.8979999999997,0,
429,3000,15256,153882,929,1099,74326,0,0,510,257,54,0,0,0,1437.34738,4000.932,0,
430,204,1320,10652,102,32,2200,0,0,12,6,1,0,0,0,41.946,276.952,0,
431,3000,13848,151695,549,1052,71025,0,0,500,244,50,0,0,0,1375.55575,3944.0699999999997,0,
432,285,1676,18586,24,89,4454,0,0,33,15,0,0,0,0,112.28402,483.236,0,
433,124,851,7447,43,20,1241,0,0,8,5,0,0,0,0,25.863829999999997,193.62199999999999,0,
434,3000,13157,154615,770,1128,87591,0,0,544,271,62,0,0,0,1505.0043299999998,4019.99,0,
435,225,1401,12858,50,65,3791,0,0,23,14,3,0,0,0,83.42032999999999,334.308,0,
436,142,821,6971,71,22,1256,0,0,6,3,1,0,0,0,28.16328,181.24599999999998,0,
437,225,1157,11191,63,32,2010,0,0,8,5,4,0,0,0,41.446299999999994,290.966,0,
438,262,1532,16041,62,73,4548,0,0,29,18,1,0,0,0,94.45124,417.066,0,
439,98,697,5345,62,18,1006,0,0,5,3,1,0,0,0,22.985779999999995,138.97,0,
440,3000,13996,151952,608,1075,86271,0,0,535,243,56,0,0,0,1441.6427299999998,3950.752,0,
441,164,1200,9943,79,37,2043,0,0,15,6,1,0,0,0,47.18308999999999,258.518,0,
442,156,1001,8360,14,21,942,0,0,5,2,0,0,0,0,26.207459999999998,217.35999999999999,0,
443,130,777,7597,37,15,766,0,0,6,2,0,0,0,0,18.964579999999998,197.522,0,
444,302,1562,17541,18,71,3971,0,0,25,10,0,0,0,0,90.67372999999999,456.066,0,
445,87,472,4367,5,4,116,0,0,1,1,0,0,0,0,4.82508,113.542,0,
446,235,909,10003,21,12,635,0,0,4,3,1,0,0,0,15.230049999999999,260.078,0,
447,130,654,6918,3,7,296,0,0,2,0,0,0,0,0,8.688479999999998,179.868,0,
448,107,647,6416,8,15,696,0,0,6,2,0,0,0,0,18.78048,166.816,0,
449,282,1665,16820,53,64,3831,0,0,26,11,1,0,0,0,82.39553,437.32,0,
450,88,614,5472,40,11,545,0,0,1,1,1,0,0,0,13.86335,142.272,0,
451,303,1926,18765,106,81,5285,0,0,33,21,4,0,0,0,105.42954999999999,487.89,0,
452,131,727,6877,9,19,740,0,0,6,0,0,0,0,0,23.4162,178.802,0,
453,204,1148,12087,25,46,2839,0,0,12,8,0,0,0,0,59.446569999999994,314.262,0,
454,103,563,5238,17,5,278,0,0,3,2,1,0,0,0,6.381139999999999,136.188,0,
455,3000,12995,157232,480,1215,79907,0,0,557,283,61,0,0,0,1583.10541,4088.0319999999997,0,
456,178,802,7862,10,8,403,0,0,4,1,0,0,0,0,10.099889999999998,204.41199999999998,0,
457,304,1870,17034,106,66,4168,0,0,26,10,4,0,0,0,85.54184,442.88399999999996,0,
458,3000,14890,153282,834,1105,77490,0,0,525,269,54,0,0,0,1452.4487,3985.332,0,
459,116,813,6070,45,11,705,0,0,5,4,1,0,0,0,14.28415,157.82,0,
460,201,1430,12210,96,48,2722,0,0,17,9,3,0,0,0,61.39885999999999,317.46,0,
461,455,2716,27139,92,97,7347,0,0,43,18,2,0,0,0,128.93260999999998,705.6139999999999,0,
462,345,2271,20829,97,84,5569,0,0,31,14,2,0,0,0,109.56646999999998,541.554,0,
463,202,1014,10270,13,17,1232,0,0,7,3,0,0,0,0,22.450159999999997,267.02,0,
464,3000,10241,141611,205,488,31996,0,0,20,8,4,0,0,0,635.58948,3681.886,0,
465,3000,13741,153674,668,1117,78375,0,0,536,251,46,0,0,0,1468.3362499999998,3995.524,0,
466,3000,13957,154296,715,1120,85402,0,0,539,279,61,0,0,0,1490.20726,4011.696,0,
467,97,817,5448,58,15,599,0,0,3,2,1,0,0,0,18.52537,141.648,0,
468,109,557,5305,4,1,35,0,0,0,0,0,0,0,0,1.2220499999999999,137.93,0,
469,404,2078,23107,91,82,6291,0,0,25,12,5,0,0,0,109.20533,600.7819999999999,0,
470,157,994,9064,43,29,1732,0,0,12,5,0,0,0,0,37.32516,235.664,0,
471,125,644,6779,6,5,225,0,0,1,0,0,0,0,0,6.24175,176.254,0,
472,308,1820,18700,74,60,4289,0,0,29,11,2,0,0,0,79.08006999999999,486.2,0,
473,140,828,8148,18,26,1432,0,0,8,5,0,0,0,0,33.146159999999995,211.84799999999998,0,
474,56,419,4234,3,1,26,0,0,0,0,0,0,0,0,1.1983799999999998,110.08399999999999,0,
475,386,2333,23748,121,114,7012,0,0,46,28,2,0,0,0,147.26156,617.448,0,
476,162,834,7976,11,11,671,0,0,5,1,0,0,0,0,14.19473,207.37599999999998,0,
477,294,1672,16332,90,58,3364,0,0,26,11,3,0,0,0,74.38731999999999,424.632,0,
478,186,906,8591,49,25,1682,0,0,6,3,0,0,0,0,32.67366,223.36599999999999,0,
479,164,1074,9918,59,31,2489,0,0,11,5,0,0,0,0,41.576069999999994,257.868,0,
480,3000,13726,156456,497,1129,78974,0,0,547,253,47,0,0,0,1483.47162,4067.8559999999998,0,
481,88,569,5094,10,10,324,0,0,1,0,0,0,0,0,12.152119999999998,132.444,0,
482,3000,13241,151972,472,1062,87785,0,0,531,236,47,0,0,0,1430.93455,3951.272,0,
483,420,2650,25686,76,107,7128,0,0,47,25,2,0,0,0,139.65663999999998,667.836,0,
484,191,1167,11668,51,30,1852,0,0,9,2,0,0,0,0,38.770759999999996,303.368,0,
485,294,1484,16238,24,33,2294,0,0,10,7,1,0,0,0,43.32322,422.188,0,
486,464,2755,27726,147,111,6487,0,0,51,30,11,0,0,0,142.49080999999998,720.876,0,
487,188,1155,12548,41,17,1578,0,0,10,3,1,0,0,0,23.360139999999998,326.248,0,
488,87,520,4762,7,7,221,0,0,0,0,0,0,0,0,8.49123,123.812,0,
489,197,1012,12153,14,30,1509,0,0,10,6,0,0,0,0,37.86867,315.978,0,
490,180,839,8566,29,16,845,0,0,6,1,1,0,0,0,20.302349999999997,222.71599999999998,0,
491,115,766,7579,43,18,1097,0,0,8,5,0,0,0,0,23.225109999999997,197.054,0,
492,74,450,3856,4,3,180,0,0,1,0,0,0,0,0,3.8633999999999995,100.256,0,
493,107,577,5969,6,5,256,0,0,3,1,0,0,0,0,6.32328,155.194,0,
494,184,804,8411,14,16,950,0,0,4,2,0,0,0,0,20.5785,218.68599999999998,0,
495,3000,13401,155947,633,1133,75832,0,0,555,263,70,0,0,0,1479.72816,4054.622,0,
496,3000,13698,151313,491,999,70920,0,0,479,231,60,0,0,0,1315.3896,3934.138,0,
497,131,782,6289,16,14,581,0,0,2,2,0,0,0,0,17.348029999999998,163.51399999999998,0,
498,188,1193,10890,53,24,1286,0,0,8,4,1,0,0,0,30.502179999999996,283.14,0,
499,160,815,7955,15,12,528,0,0,4,2,1,0,0,0,14.94864,206.82999999999998,0,
500,100,644,5421,58,10,453,0,0,4,2,2,0,0,0,12.491389999999999,140.946,0,
501,324,1481,16893,18,37,2341,0,0,14,4,0,0,0,0,47.966829999999995,439.21799999999996,0,
502,152,864,8840,9,15,917,0,0,2,1,1,0,0,0,19.36171,229.84,0,
503,233,1177,13291,19,25,1869,0,0,10,6,1,0,0,0,33.16547,345.566,0,
504,162,880,8606,35,21,1181,0,0,6,2,0,0,0,0,26.836029999999997,223.756,0,
505,108,643,5361,33,12,522,0,0,2,1,1,0,0,0,14.932859999999998,139.386,0,
506,97,574,5193,10,15,598,0,0,3,1,0,0,0,0,18.52274,135.018,0,
507,124,620,6054,3,8,327,0,0,1,0,0,0,0,0,9.900009999999998,157.404,0,
508,77,479,4840,3,5,168,0,0,0,0,0,0,0,0,6.0918399999999995,125.83999999999999,0,
509,116,737,6844,38,19,996,0,0,8,3,0,0,0,0,24.08948,177.944,0,
510,112,719,6527,59,22,1474,0,0,5,2,2,0,0,0,28.73662,169.702,0,
511,110,606,6497,5,6,221,0,0,2,1,0,0,0,0,7.361229999999999,168.922,0,
512,105,743,6616,63,27,1641,0,0,7,5,1,0,0,0,34.825829999999996,172.016,0,
513,155,926,8612,26,18,1142,0,0,6,3,2,0,0,0,23.343459999999997,223.91199999999998,0,
514,248,1194,13568,21,21,1351,0,0,5,4,2,0,0,0,27.283129999999996,352.768,0,
515,144,874,8691,19,29,1555,0,0,11,6,1,0,0,0,36.859649999999995,225.96599999999998,0,
516,130,628,7052,7,6,248,0,0,1,0,0,0,0,0,7.432239999999999,183.352,0,
517,132,681,5967,59,7,361,0,0,3,3,1,0,0,0,8.85943,155.142,0,
518,230,1110,11229,48,28,2129,0,0,7,4,0,0,0,0,37.23927,291.954,0,
519,109,627,6404,4,10,407,0,0,4,0,0,0,0,0,12.37041,166.504,0,
520,83,493,5423,4,5,158,0,0,0,0,0,0,0,0,6.0655399999999995,140.998,0,
521,130,702,7828,27,11,364,0,0,1,1,0,0,0,0,13.387319999999999,203.528,0,
522,64,424,4191,5,4,111,0,0,0,0,0,0,0,0,4.811929999999999,108.966,0,
523,112,719,7063,33,14,721,0,0,4,3,0,0,0,0,17.71623,183.638,0,
524,222,1100,12557,26,24,1352,0,0,4,3,2,0,0,0,30.675759999999997,326.48199999999997,0,
525,146,710,7753,8,16,619,0,0,3,2,0,0,0,0,19.70797,201.578,0,
526,251,1128,12054,45,30,1986,0,0,13,7,1,0,0,0,39.12318,313.404,0,
527,250,1078,11583,16,29,1603,0,0,9,2,0,0,0,0,36.98589,301.15799999999996,0,
528,103,700,5964,67,15,1093,0,0,3,3,2,0,0,0,19.82459,155.064,0,
529,269,1543,15609,91,58,3912,0,0,19,14,3,0,0,0,75.82856,405.834,0,
530,137,611,5626,8,5,148,0,0,1,0,0,0,0,0,6.0392399999999995,146.27599999999998,0,
531,194,1020,10253,65,21,1406,0,0,9,4,2,0,0,0,27.42778,266.578,0,
532,89,561,5377,4,14,500,0,0,4,0,0,0,0,0,17.134999999999998,139.802,0,
533,95,549,4844,27,8,375,0,0,3,2,0,0,0,0,10.02625,125.94399999999999,0,
534,172,752,7968,10,12,736,0,0,5,3,0,0,0,0,15.495679999999998,207.16799999999998,0,
535,166,913,9076,39,25,1548,0,0,10,8,0,0,0,0,32.321239999999996,235.976,0,
536,165,896,9502,65,24,1210,0,0,8,6,2,0,0,0,30.3023,247.052,0,
537,129,804,8076,20,27,1372,0,0,9,8,1,0,0,0,34.118359999999996,209.976,0,
538,82,468,4644,4,3,140,0,0,2,1,0,0,0,0,3.7581999999999995,120.744,0,
539,125,617,6251,5,7,351,0,0,0,0,0,0,0,0,8.833129999999999,162.52599999999998,0,
540,135,776,7306,58,18,981,0,0,3,3,1,0,0,0,22.920029999999997,189.956,0,
541,217,1146,12004,42,44,2455,0,0,14,7,1,0,0,0,56.176649999999995,312.104,0,
542,128,702,6958,9,15,696,0,0,6,3,0,0,0,0,18.78048,180.908,0,
543,98,563,5879,5,10,413,0,0,2,0,0,0,0,0,12.38619,152.85399999999998,0,
544,111,549,6321,2,3,141,0,0,1,0,0,0,0,0,3.7608299999999995,164.346,0,
545,173,1003,9613,48,34,2037,0,0,12,4,0,0,0,0,43.77730999999999,249.938,0,
546,66,424,4420,4,4,78,0,0,0,0,0,0,0,0,4.72514,114.92,0,
547,221,1235,12721,44,54,3001,0,0,21,8,0,0,0,0,68.91263,330.746,0,
548,201,1104,11602,59,29,2605,0,0,8,2,1,0,0,0,39.62114999999999,301.652,0,
549,123,745,6469,41,15,926,0,0,5,3,1,0,0,0,19.385379999999998,168.194,0,
550,61,405,3770,3,2,52,0,0,0,0,0,0,0,0,2.3967599999999996,98.02,0,
551,246,1356,15103,64,40,2763,0,0,12,5,1,0,0,0,52.46668999999999,392.678,0,
552,84,494,4885,5,5,148,0,0,2,1,0,0,0,0,6.0392399999999995,127.00999999999999,0,
553,68,416,4467,2,1,41,0,0,1,0,0,0,0,0,1.23783,116.142,0,
554,120,669,7244,18,19,936,0,0,6,5,1,0,0,0,23.93168,188.344,0,
555,165,818,8061,57,20,963,0,0,3,1,1,0,0,0,25.132689999999997,209.58599999999998,0,
556,71,451,4035,7,5,225,0,0,2,0,0,0,0,0,6.24175,104.91,0,
557,67,437,4723,3,2,90,0,0,0,0,0,0,0,0,2.4966999999999997,122.79799999999999,0,
558,236,1070,11499,13,21,1577,0,0,6,3,0,0,0,0,27.877509999999997,298.974,0,
559,118,745,7468,42,24,1254,0,0,10,5,1,0,0,0,30.41802,194.16799999999998,0,
560,161,752,7335,31,15,749,0,0,5,3,0,0,0,0,18.91987,190.70999999999998,0,
561,113,722,6858,61,17,844,0,0,6,5,1,0,0,0,21.429719999999996,178.308,0,
562,140,793,7669,34,22,1609,0,0,9,6,0,0,0,0,29.09167,199.39399999999998,0,
563,189,785,8755,9,15,745,0,0,2,0,0,0,0,0,18.90935,227.63,0,
564,150,863,8707,47,25,1860,0,0,7,4,2,0,0,0,33.141799999999996,226.38199999999998,0,
565,88,527,5323,8,6,267,0,0,3,1,0,0,0,0,7.482209999999999,138.398,0,
566,95,550,5927,16,8,390,0,0,2,2,1,0,0,0,10.0657,154.102,0,
567,140,578,5930,4,3,156,0,0,1,1,0,0,0,0,3.80028,154.18,0,
568,126,796,7478,67,24,1245,0,0,8,3,1,0,0,0,30.394349999999996,194.428,0,
569,108,586,5802,6,11,418,0,0,1,0,0,0,0,0,13.52934,150.852,0,
570,123,788,7865,37,24,1397,0,0,9,6,0,0,0,0,30.794109999999996,204.48999999999998,0,
571,142,841,9276,11,30,1504,0,0,11,2,0,0,0,0,37.85552,241.176,0,
572,93,566,5100,40,8,624,0,0,1,1,1,0,0,0,10.68112,132.6,0,
573,115,697,6815,29,17,847,0,0,6,3,0,0,0,0,21.437609999999996,177.19,0,
574,174,934,9832,44,36,2039,0,0,10,3,1,0,0,0,46.04256999999999,255.63199999999998,0,
575,207,1126,12580,28,26,1671,0,0,8,6,3,0,0,0,33.77473,327.08,0,
576,170,987,10537,35,30,1929,0,0,11,7,0,0,0,0,38.97327,273.962,0,
577,103,637,5849,55,13,900,0,0,2,1,1,0,0,0,17.057,152.07399999999998,0,
578,148,797,8018,38,17,1042,0,0,8,6,2,0,0,0,21.950459999999996,208.468,0,
579,182,1033,10381,45,20,1852,0,0,10,4,0,0,0,0,27.47076,269.906,0,
580,122,716,7173,19,28,1410,0,0,9,6,1,0,0,0,35.348299999999995,186.498,0,
581,71,414,4190,3,3,76,0,0,0,0,0,0,0,0,3.5898799999999995,108.94,0,
582,146,871,8578,68,20,1164,0,0,4,2,1,0,0,0,25.661319999999996,223.028,0,
583,138,757,7113,58,17,867,0,0,5,3,2,0,0,0,21.490209999999998,184.938,0,
584,121,613,6155,8,10,370,0,0,2,0,0,0,0,0,12.2731,160.03,0,
585,158,935,9322,40,27,1828,0,0,11,4,0,0,0,0,35.31764,242.37199999999999,0,
586,89,537,4841,30,9,356,0,0,3,1,0,0,0,0,11.106279999999998,125.866,0,
587,90,502,5224,6,4,237,0,0,2,1,0,0,0,0,5.14331,135.82399999999998,0,
588,120,613,6590,8,12,496,0,0,4,1,0,0,0,0,14.864479999999999,171.34,0,
589,91,595,5486,56,9,790,0,0,3,2,1,0,0,0,12.247699999999998,142.636,0,
590,126,656,7025,8,9,366,0,0,4,2,0,0,0,0,11.132579999999997,182.65,0,
591,113,606,6197,7,10,586,0,0,3,2,0,0,0,0,12.84118,161.12199999999999,0,
592,141,875,9016,47,27,1606,0,0,12,5,0,0,0,0,34.733779999999996,234.416,0,
593,115,619,5740,10,12,643,0,0,4,1,1,0,0,0,15.251089999999998,149.23999999999998,0,
594,102,615,5818,35,16,688,0,0,5,2,0,0,0,0,19.889439999999997,151.268,0,
595,265,1321,14194,39,22,1952,0,0,14,7,2,0,0,0,29.993759999999998,369.044,0,
596,129,814,7258,60,16,953,0,0,6,3,1,0,0,0,20.586389999999998,188.708,0,
597,102,680,6298,60,14,798,0,0,4,2,2,0,0,0,17.91874,163.748,0,
598,120,753,7639,56,16,1187,0,0,6,4,2,0,0,0,21.20181,198.614,0,
599,164,959,10125,51,31,1791,0,0,9,5,0,0,0,0,39.74032999999999,263.25,0,
600,131,707,7577,12,11,524,0,0,4,2,0,0,0,0,13.808119999999999,197.00199999999998,0,
601,119,655,6549,17,12,655,0,0,5,2,1,0,0,0,15.282649999999999,170.274,0,
602,129,759,7735,56,14,580,0,0,3,2,1,0,0,0,17.345399999999998,201.10999999999999,0,
603,90,544,5258,8,10,416,0,0,2,2,0,0,0,0,12.394079999999999,136.708,0,
604,117,535,5415,3,4,171,0,0,0,0,0,0,0,0,4.969729999999999,140.79,0,
605,131,691,7246,37,13,827,0,0,4,1,0,0,0,0,16.865009999999998,188.396,0,
606,115,585,6590,3,9,231,0,0,0,0,0,0,0,0,10.777529999999999,171.34,0,
607,183,915,10624,6,11,812,0,0,3,1,0,0,0,0,14.56556,276.224,0,
608,81,531,4812,28,9,468,0,0,3,2,0,0,0,0,11.400839999999999,125.112,0,
609,153,867,9233,21,32,1656,0,0,12,8,1,0,0,0,40.51528,240.058,0,
610,178,886,9496,9,17,998,0,0,6,4,0,0,0,0,21.834739999999996,246.896,0,
611,61,394,4013,4,1,48,0,0,1,0,0,0,0,0,1.2562399999999998,104.338,0,
612,95,496,5614,5,5,93,0,0,0,0,0,0,0,0,5.894589999999999,145.964,0,
613,90,537,5446,8,12,425,0,0,4,0,0,0,0,0,14.67775,141.596,0,
614,125,624,7513,6,5,224,0,0,1,0,0,0,0,0,6.23912,195.338,0,
615,72,446,4003,5,8,285,0,0,1,1,0,0,0,0,9.789549999999998,104.07799999999999,0,
616,215,1063,11272,62,32,1898,0,0,11,3,1,0,0,0,41.15174,293.072,0,
617,183,1101,10862,65,32,2342,0,0,8,3,1,0,0,0,42.31946,282.412,0,
618,79,461,4237,4,3,121,0,0,0,0,0,0,0,0,3.7082299999999995,110.16199999999999,0,
619,76,445,4100,8,8,276,0,0,2,1,0,0,0,0,9.76588,106.6,0,
620,85,485,5069,4,5,210,0,0,2,1,0,0,0,0,6.202299999999999,131.79399999999998,0,
621,151,941,8970,72,31,1899,0,0,11,8,2,0,0,0,40.02436999999999,233.22,0,
622,122,618,6448,8,7,281,0,0,1,0,0,0,0,0,8.64903,167.648,0,
623,100,489,4827,3,6,156,0,0,0,0,0,0,0,0,7.19028,125.502,0,
624,63,409,3891,3,3,100,0,0,0,0,0,0,0,0,3.6529999999999996,101.166,0,
625,79,441,4645,3,8,180,0,0,0,0,0,0,0,0,9.513399999999999,120.77,0,
626,166,831,8683,19,11,744,0,0,3,2,1,0,0,0,14.38672,225.75799999999998,0,
627,110,666,5744,40,11,619,0,0,5,3,0,0,0,0,14.05797,149.344,0,
628,145,840,8302,59,24,1272,0,0,6,4,1,0,0,0,30.465359999999997,215.852,0,
629,84,610,5231,73,17,1158,0,0,2,2,1,0,0,0,22.255539999999996,136.006,0,
630,166,1027,10251,66,30,1642,0,0,9,6,2,0,0,0,38.21846,266.526,0,
631,140,879,8745,40,29,1368,0,0,8,4,0,0,0,0,36.367839999999994,227.36999999999998,0,
632,95,551,5291,6,9,351,0,0,2,0,0,0,0,0,11.093129999999999,137.566,0,
633,393,1815,20677,51,38,2808,0,0,13,9,6,0,0,0,50.32504,537.602,0,
634,180,758,7410,17,11,372,0,0,2,2,1,0,0,0,13.40836,192.66,0,
635,89,513,5015,6,6,274,0,0,0,0,0,0,0,0,7.50062,130.39,0,
636,109,523,6092,2,3,92,0,0,0,0,0,0,0,0,3.63196,158.392,0,
637,167,885,9884,18,15,1016,0,0,4,1,1,0,0,0,19.62208,256.984,0,
638,168,646,7011,6,4,190,0,0,1,1,0,0,0,0,5.019699999999999,182.286,0,
639,108,552,5506,6,8,212,0,0,1,1,0,0,0,0,9.59756,143.156,0,
640,96,628,5647,36,12,572,0,0,5,2,0,0,0,0,15.064359999999999,146.822,0,
641,109,685,6709,37,17,948,0,0,5,2,0,0,0,0,21.703239999999997,174.434,0,
642,93,603,5717,41,13,587,0,0,4,1,1,0,0,0,16.23381,148.642,0,
643,112,647,6703,14,19,986,0,0,8,2,0,0,0,0,24.06318,174.278,0,
644,138,698,7838,9,11,394,0,0,3,1,0,0,0,0,13.46622,203.78799999999998,0,
645,112,666,6887,11,19,942,0,0,5,4,0,0,0,0,23.94746,179.06199999999998,0,
646,127,686,8212,11,13,779,0,0,6,3,0,0,0,0,16.73877,213.512,0,
647,80,531,4216,32,5,243,0,0,1,1,0,0,0,0,6.28909,109.616,0,
648,130,584,6636,5,5,175,0,0,1,0,0,0,0,0,6.11025,172.536,0,
649,126,610,6037,30,10,380,0,0,2,2,0,0,0,0,12.299399999999999,156.962,0,
650,122,744,7644,15,21,1379,0,0,8,6,0,0,0,0,27.356769999999997,198.744,0,
651,135,772,7532,38,24,1484,0,0,5,2,1,0,0,0,31.02292,195.832,0,
652,92,618,5763,32,13,480,0,0,3,1,0,0,0,0,15.952399999999997,149.838,0,
653,125,695,6715,11,9,553,0,0,2,2,0,0,0,0,11.624389999999998,174.59,0,
654,142,861,8061,61,21,1348,0,0,7,5,1,0,0,0,27.275239999999997,209.58599999999998,0,
655,74,430,3929,4,2,100,0,0,1,0,0,0,0,0,2.5229999999999997,102.154,0,
656,253,1240,14078,66,25,1906,0,0,10,4,2,0,0,0,33.26278,366.02799999999996,0,
657,99,533,5311,7,6,171,0,0,0,0,0,0,0,0,7.229729999999999,138.08599999999998,0,
658,161,954,9175,70,34,2395,0,0,11,7,1,0,0,0,44.718849999999996,238.54999999999998,0,
659,134,725,7209,8,17,879,0,0,4,0,0,0,0,0,21.521769999999997,187.434,0,
660,170,849,8443,43,33,1955,0,0,10,6,0,0,0,0,42.43165,219.518,0,
661,123,789,7319,59,28,1415,0,0,8,3,1,0,0,0,35.36145,190.29399999999998,0,
662,99,539,5099,3,4,291,0,0,2,0,0,0,0,0,5.285329999999999,132.57399999999998,0,
663,81,436,3946,6,5,147,0,0,1,1,0,0,0,0,6.03661,102.59599999999999,0,
664,175,933,9346,44,21,1607,0,0,8,4,0,0,0,0,27.956409999999998,242.99599999999998,0,
665,137,725,7516,11,25,1216,0,0,8,6,0,0,0,0,31.448079999999997,195.416,0,
666,162,800,8094,10,18,1279,0,0,7,4,0,0,0,0,23.703769999999995,210.444,0,
667,78,442,4171,3,2,98,0,0,0,0,0,0,0,0,2.51774,108.446,0,
668,112,742,7259,42,20,1149,0,0,8,5,1,0,0,0,25.621869999999998,188.73399999999998,0,
669,109,622,5743,34,10,500,0,0,2,1,1,0,0,0,12.614999999999998,149.31799999999998,0,
670,142,885,7980,82,29,1885,0,0,7,4,2,0,0,0,37.727549999999994,207.48,0,
671,78,499,4218,8,5,281,0,0,3,2,0,0,0,0,6.389029999999999,109.66799999999999,0,
672,343,1752,19653,43,58,3475,0,0,19,11,1,0,0,0,74.67925,510.97799999999995,0,
673,116,609,6012,4,7,228,0,0,0,0,0,0,0,0,8.50964,156.31199999999998,0,
674,164,664,6631,4,5,189,0,0,0,0,0,0,0,0,6.147069999999999,172.406,0,
675,94,543,5459,6,7,246,0,0,1,0,0,0,0,0,8.55698,141.934,0,
676,115,485,4672,7,2,77,0,0,0,0,0,0,0,0,2.46251,121.472,0,
677,88,450,4235,3,5,138,0,0,0,0,0,0,0,0,6.0129399999999995,110.11,0,
678,189,1063,9947,77,29,1739,0,0,11,6,1,0,0,0,37.34357,258.622,0,
679,102,598,5628,8,10,408,0,0,2,1,0,0,0,0,12.37304,146.328,0,
680,63,402,4087,4,2,67,0,0,0,0,0,0,0,0,2.43621,106.262,0,
681,123,697,6637,50,14,732,0,0,3,1,1,0,0,0,17.74516,172.56199999999998,0,
682,62,380,3681,3,1,45,0,0,1,0,0,0,0,0,1.2483499999999998,95.70599999999999,0,
683,93,511,4911,7,8,361,0,0,2,0,0,0,0,0,9.989429999999999,127.68599999999999,0,
684,161,976,10168,40,24,1459,0,0,9,3,0,0,0,0,30.957169999999998,264.368,0,
685,98,658,6155,52,13,590,0,0,4,3,2,0,0,0,16.241699999999998,160.03,0,
686,88,495,4268,6,7,246,0,0,1,0,0,0,0,0,8.55698,110.96799999999999,0,
687,167,757,7689,8,10,549,0,0,4,1,0,0,0,0,12.74387,199.914,0,
688,131,653,7104,13,7,265,0,0,3,1,1,0,0,0,8.60695,184.70399999999998,0,
689,112,649,6682,9,12,682,0,0,5,2,0,0,0,0,15.353659999999998,173.732,0,
690,124,645,6707,3,10,631,0,0,4,0,0,0,0,0,12.959529999999999,174.382,0,
691,207,968,9956,71,26,1441,0,0,8,4,3,0,0,0,33.16983,258.856,0,
692,132,729,7293,8,18,1002,0,0,7,2,0,0,0,0,22.975259999999995,189.618,0,
693,110,664,6552,35,18,612,0,0,4,3,1,0,0,0,21.949559999999995,170.352,0,
694,179,995,9394,37,21,1499,0,0,5,2,2,0,0,0,27.672369999999997,244.244,0,
695,119,717,6280,64,27,1695,0,0,5,3,1,0,0,0,34.96785,163.28,0,
696,209,946,9661,14,19,1317,0,0,5,1,0,0,0,0,24.933709999999998,251.18599999999998,0,
697,106,663,7010,26,18,1151,0,0,5,3,1,0,0,0,23.367129999999996,182.26,0,
698,164,838,8286,12,24,1505,0,0,8,1,0,0,0,0,31.078149999999997,215.43599999999998,0,
699,125,795,7341,58,22,1431,0,0,7,4,2,0,0,0,28.62353,190.86599999999999,0,
700,160,851,8730,12,25,1411,0,0,11,5,0,0,0,0,31.960929999999998,226.98,0,
701,90,525,4969,7,9,381,0,0,3,2,0,0,0,0,11.172029999999998,129.194,0,
702,162,633,6789,4,3,124,0,0,1,1,0,0,0,0,3.7161199999999996,176.51399999999998,0,
703,93,578,5329,55,10,582,0,0,2,2,1,0,0,0,12.830659999999998,138.554,0,
704,128,699,6999,6,11,513,0,0,2,2,0,0,0,0,13.77919,181.974,0,
705,99,591,5545,35,15,611,0,0,5,2,1,0,0,0,18.556929999999998,144.17,0,
706,76,417,3898,3,2,76,0,0,0,0,0,0,0,0,2.4598799999999996,101.348,0,
707,256,1181,13765,44,24,1294,0,0,9,5,0,0,0,0,30.52322,357.89,0,
708,243,1187,13913,13,16,1340,0,0,6,4,0,0,0,0,21.6042,361.738,0,
709,72,427,4003,5,2,58,0,0,1,1,0,0,0,0,2.41254,104.07799999999999,0,
710,105,519,4995,5,5,305,0,0,2,1,0,0,0,0,6.45215,129.87,0,
711,222,990,10955,13,15,1124,0,0,5,3,1,0,0,0,19.906119999999998,284.83,0,
712,139,713,7375,10,14,872,0,0,5,3,0,0,0,0,18.11336,191.75,0,
713,117,690,6291,32,24,1294,0,0,7,2,1,0,0,0,30.52322,163.566,0,
714,90,497,4958,4,2,102,0,0,1,0,0,0,0,0,2.52826,128.908,0,
715,101,608,6077,37,10,480,0,0,4,3,1,0,0,0,12.562399999999998,158.00199999999998,0,
716,103,558,5631,7,6,315,0,0,2,0,0,0,0,0,7.6084499999999995,146.406,0,
717,109,637,6053,48,11,628,0,0,3,1,1,0,0,0,14.08164,157.378,0,
718,65,423,4262,5,3,129,0,0,1,0,0,0,0,0,3.7292699999999996,110.812,0,
719,141,781,7107,63,17,1473,0,0,4,2,2,0,0,0,23.083989999999996,184.78199999999998,0,
720,180,876,9482,28,22,1104,0,0,3,2,1,0,0,0,27.76352,246.53199999999998,0,
721,87,587,5158,40,10,424,0,0,4,2,0,0,0,0,12.415119999999998,134.108,0,
722,121,634,6986,16,9,325,0,0,2,1,1,0,0,0,11.024749999999997,181.636,0,
723,121,639,6038,30,10,556,0,0,3,1,0,0,0,0,12.762279999999999,156.988,0,
724,154,827,8812,10,23,1335,0,0,10,4,0,0,0,0,29.50105,229.112,0,
725,106,562,5477,12,8,381,0,0,2,1,0,0,0,0,10.042029999999999,142.402,0,
726,74,416,4094,5,4,188,0,0,1,0,0,0,0,0,5.01444,106.44399999999999,0,
727,122,708,6958,67,17,863,0,0,5,3,2,0,0,0,21.479689999999998,180.908,0,
728,145,841,8330,57,24,1317,0,0,7,3,1,0,0,0,30.583709999999996,216.57999999999998,0,
729,157,714,7639,14,7,393,0,0,3,3,1,0,0,0,8.943589999999999,198.614,0,
730,159,814,7754,60,12,669,0,0,5,5,1,0,0,0,15.319469999999999,201.60399999999998,0,
731,123,779,6643,70,22,1171,0,0,6,4,1,0,0,0,27.93973,172.718,0,
732,165,867,8341,20,27,1409,0,0,8,4,1,0,0,0,34.215669999999996,216.86599999999999,0,
733,123,525,5244,5,6,222,0,0,2,1,0,0,0,0,7.363859999999999,136.344,0,
734,131,766,7967,43,15,905,0,0,6,5,1,0,0,0,19.33015,207.142,0,
735,132,783,7392,70,27,1722,0,0,7,5,1,0,0,0,35.03886,192.19199999999998,0,
736,102,559,4976,25,5,261,0,0,3,2,1,0,0,0,6.336429999999999,129.376,0,
737,96,561,5900,11,4,240,0,0,2,2,1,0,0,0,5.151199999999999,153.4,0,
738,113,732,7027,51,18,904,0,0,7,5,1,0,0,0,22.717519999999997,182.702,0,
739,124,685,6249,46,14,672,0,0,5,3,1,0,0,0,17.587359999999997,162.474,0,
740,182,955,10193,30,22,1653,0,0,5,3,2,0,0,0,29.20739,265.018,0,
741,93,612,5416,47,12,671,0,0,5,2,1,0,0,0,15.324729999999999,140.816,0,
742,135,813,7840,15,22,1410,0,0,7,4,1,0,0,0,28.5683,203.84,0,
743,82,462,4713,3,1,48,0,0,1,0,0,0,0,0,1.2562399999999998,122.538,0,
744,161,954,9174,62,31,1726,0,0,12,5,2,0,0,0,39.569379999999995,238.524,0,
745,188,700,7249,7,9,343,0,0,3,0,0,0,0,0,11.072089999999998,188.474,0,
746,124,834,7331,81,25,1329,0,0,8,8,2,0,0,0,31.745269999999998,190.606,0,
747,74,505,4267,40,7,288,0,0,2,2,1,0,0,0,8.66744,110.942,0,
748,142,700,7055,9,15,561,0,0,1,1,0,0,0,0,18.42543,183.42999999999998,0,
749,69,399,3748,3,2,73,0,0,1,0,0,0,0,0,2.45199,97.448,0,
750,92,549,5342,16,12,556,0,0,2,1,1,0,0,0,15.022279999999999,138.892,0,
751,3000,14351,153414,640,1041,75895,0,0,500,240,49,0,0,0,1375.93385,3988.7639999999997,0,
752,316,2042,19837,61,84,4373,0,0,31,15,1,0,0,0,106.42098999999999,515.762,0,
753,157,1057,9199,82,32,2034,0,0,9,5,2,0,0,0,41.50942,239.17399999999998,0,
754,167,1085,9282,79,34,2252,0,0,9,4,1,0,0,0,44.34276,241.332,0,
755,96,582,4835,49,6,196,0,0,2,2,1,0,0,0,7.2954799999999995,125.71,0,
756,372,2092,21899,69,96,6441,0,0,36,15,1,0,0,0,125.41982999999999,569.374,0,
757,104,673,6184,5,12,543,0,0,5,0,0,0,0,0,14.98809,160.784,0,
758,325,1844,20033,19,91,5308,0,0,38,17,0,0,0,0,116.79003999999998,520.858,0,
759,359,2196,20985,147,91,6823,0,0,31,16,3,0,0,0,120.77448999999999,545.61,0,
760,166,998,8927,57,33,2029,0,0,11,3,0,0,0,0,42.62627,232.10199999999998,0,
761,3000,14026,152484,772,1069,80431,0,0,519,247,61,0,0,0,1419.5035299999997,3964.584,0,
762,148,994,8420,57,16,920,0,0,5,3,2,0,0,0,20.499599999999997,218.92,0,
763,143,848,8146,32,18,1027,0,0,4,3,1,0,0,0,23.041009999999996,211.796,0,
764,286,1543,15799,75,52,3356,0,0,21,10,2,0,0,0,67.58627999999999,410.774,0,
765,3000,14282,151666,697,1033,72298,0,0,480,249,51,0,0,0,1357.43374,3943.316,0,
766,117,750,5302,25,5,260,0,0,2,1,0,0,0,0,6.333799999999999,137.852,0,
767,182,1207,10333,88,36,2088,0,0,14,9,4,0,0,0,46.17143999999999,268.658,0,
768,320,1893,18633,69,90,5275,0,0,31,18,0,0,0,0,115.57324999999999,484.45799999999997,0,
769,194,1151,10911,56,22,1589,0,0,10,7,1,0,0,0,29.03907,283.686,0,
770,182,1226,12076,49,51,2476,0,0,20,10,1,0,0,0,64.14188,313.976,0,
771,181,963,9720,33,28,1717,0,0,7,3,3,0,0,0,36.15571,252.72,0,
772,81,501,4263,6,7,248,0,0,2,1,0,0,0,0,8.56224,110.838,0,
773,180,961,9774,24,35,1784,0,0,12,7,1,0,0,0,44.24191999999999,254.124,0,
774,485,2882,28659,114,132,8161,0,0,49,24,2,0,0,0,170.62342999999998,745.134,0,
775,466,2836,28634,108,121,7751,0,0,47,21,4,0,0,0,157.11513,744.4839999999999,0,
776,345,2046,19925,89,78,5250,0,0,28,19,2,0,0,0,101.94749999999999,518.05,0,
777,3000,10150,135297,214,472,33622,0,0,20,8,5,0,0,0,621.78586,3517.7219999999998,0,
778,114,779,6651,38,11,714,0,0,4,3,0,0,0,0,14.30782,172.926,0,
779,363,2011,21400,53,66,4318,0,0,27,12,2,0,0,0,85.93634,556.4,0,
780,170,1035,9367,68,24,2079,0,0,9,4,1,0,0,0,32.58777,243.542,0,
781,121,746,7320,14,14,892,0,0,4,3,2,0,0,0,18.16596,190.32,0,
782,304,1599,16742,29,28,2409,0,0,11,6,4,0,0,0,37.975669999999994,435.292,0,
783,354,1983,19429,83,76,5569,0,0,23,11,2,0,0,0,100.52646999999999,505.154,0,
784,58,449,3592,4,2,54,0,0,0,0,0,0,0,0,2.40202,93.392,0,
785,322,1873,19854,90,92,4920,0,0,37,16,3,0,0,0,116.89959999999999,516.204,0,
786,3000,13968,152253,704,1076,76179,0,0,527,267,57,0,0,0,1416.23077,3958.578,0,
787,127,826,7136,13,9,427,0,0,3,2,1,0,0,0,11.293009999999999,185.536,0,
788,112,671,6109,43,11,738,0,0,4,2,1,0,0,0,14.37094,158.834,0,
789,121,603,5319,8,10,285,0,0,1,0,0,0,0,0,12.049549999999998,138.29399999999998,0,
790,91,563,5804,8,8,328,0,0,2,0,0,0,0,0,9.90264,150.904,0,
791,119,688,7383,9,10,564,0,0,3,1,0,0,0,0,12.78332,191.958,0,
792,134,797,7455,43,26,1745,0,0,9,5,1,0,0,0,33.96934999999999,193.82999999999998,0,
793,172,972,10990,8,14,716,0,0,2,0,0,0,0,0,17.70308,285.74,0,
794,217,1232,13487,23,45,2682,0,0,18,10,0,0,0,0,57.903659999999995,350.662,0,
795,91,580,5073,39,12,383,0,0,2,2,1,0,0,0,14.567289999999998,131.898,0,
796,3000,14367,151857,714,1088,88706,0,0,530,278,58,0,0,0,1462.7367799999997,3948.2819999999997,0,
797,119,855,6770,22,12,627,0,0,4,2,1,0,0,0,15.20901,176.01999999999998,0,
798,238,1440,14342,64,52,3297,0,0,19,6,1,0,0,0,67.43110999999999,372.892,0,
799,158,821,7662,52,13,605,0,0,5,3,1,0,0,0,16.281149999999997,199.212,0,
800,346,2033,20381,111,95,6723,0,0,36,19,6,0,0,0,125.03148999999999,529.906,0,
801,438,2634,26985,126,99,6834,0,0,40,24,5,0,0,0,129.84341999999998,701.61,0,
802,171,978,9413,22,16,1025,0,0,6,2,1,0,0,0,20.77575,244.738,0,
803,96,557,5541,7,5,259,0,0,2,0,0,0,0,0,6.331169999999999,144.066,0,
804,112,700,6329,38,14,690,0,0,5,3,1,0,0,0,17.6347,164.554,0,
805,125,686,6612,7,7,405,0,0,4,0,0,0,0,0,8.97515,171.912,0,
806,110,623,6580,13,8,464,0,0,3,1,1,0,0,0,10.26032,171.07999999999998,0,
807,139,823,8195,38,21,1214,0,0,7,4,1,0,0,0,26.922819999999998,213.07,0,
808,134,717,7292,12,10,523,0,0,3,1,0,0,0,0,12.675489999999998,189.59199999999998,0,
809,251,1289,12029,115,45,3846,0,0,11,7,2,0,0,0,60.96498,312.75399999999996,0,
810,324,1588,18128,17,48,2956,0,0,17,5,0,0,0,0,62.01427999999999,471.328,0,
811,3000,14103,150865,726,1078,88083,0,0,537,274,64,0,0,0,1449.79829,3922.49,0,
812,312,2168,19712,125,89,5545,0,0,34,24,6,0,0,0,115.15334999999999,512.512,0,
813,102,634,5596,32,6,231,0,0,1,1,0,0,0,0,7.387529999999999,145.49599999999998,0,
814,128,830,7045,53,18,1321,0,0,7,7,2,0,0,0,23.814229999999995,183.17,0,
815,127,782,7950,8,13,877,0,0,7,1,0,0,0,0,16.996509999999997,206.7,0,
816,155,986,8690,56,28,1502,0,0,11,8,1,0,0,0,35.59026,225.94,0,
817,248,1200,12602,15,30,2028,0,0,9,2,0,0,0,0,39.23364,327.652,0,
818,174,1081,10032,52,37,2894,0,0,14,6,0,0,0,0,49.42122,260.832,0,
819,91,557,5299,7,6,225,0,0,2,1,0,0,0,0,7.37175,137.774,0,
820,241,1474,15051,78,58,3114,0,0,24,9,0,0,0,0,73.72981999999999,391.32599999999996,0,
821,418,2224,23999,77,80,5160,0,0,29,14,3,0,0,0,103.9708,623.9739999999999,0,
822,129,658,5886,6,4,203,0,0,1,1,0,0,0,0,5.053889999999999,153.036,0,
823,71,493,4123,30,5,181,0,0,1,1,0,0,0,0,6.126029999999999,107.198,0,
824,214,1184,12823,23,44,2626,0,0,16,10,0,0,0,0,56.62638,333.39799999999997,0,
825,3000,13990,151765,816,1102,78299,0,0,525,263,70,0,0,0,1451.18637,3945.89,0,
826,3000,14193,151131,710,1042,74551,0,0,482,260,65,0,0,0,1373.52913,3929.406,0,
827,283,1753,16021,66,56,3701,0,0,25,13,0,0,0,0,73.01362999999999,416.546,0,
828,310,1815,17996,64,66,4437,0,0,28,17,1,0,0,0,86.24931,467.89599999999996,0,
829,179,1100,10442,72,36,2040,0,0,13,7,2,0,0,0,46.045199999999994,271.49199999999996,0,
830,122,657,6621,6,6,203,0,0,1,0,0,0,0,0,7.313889999999999,172.146,0,
831,3000,15197,152445,964,1184,94833,0,0,528,244,58,0,0,0,1587.3307899999998,3963.5699999999997,0,
832,106,887,6023,44,11,483,0,0,2,2,1,0,0,0,13.700289999999999,156.59799999999998,0,
833,287,1678,17185,48,72,3944,0,0,27,12,4,0,0,0,91.73271999999999,446.81,0,
834,264,1575,15558,55,78,4722,0,0,28,9,1,0,0,0,100.55885999999998,404.508,0,
835,269,1465,14225,62,26,1975,0,0,13,8,1,0,0,0,34.57424999999999,369.84999999999997,0,
836,3000,15673,185542,425,1038,72125,0,0,431,217,20,0,0,0,1362.6287499999999,4824.092,0,
837,156,899,8457,17,13,855,0,0,6,2,0,0,0,0,16.93865,219.88199999999998,0,
838,332,1356,13113,18,7,568,0,0,4,2,2,0,0,0,9.403839999999999,340.938,0,
839,204,1373,12498,86,55,2610,0,0,17,10,1,0,0,0,69.01429999999999,324.948,0,
840,398,2245,23037,57,101,6531,0,0,45,21,2,0,0,0,131.30653,598.962,0,
841,3000,14761,152032,784,1055,73606,0,0,501,246,44,0,0,0,1385.7337799999998,3952.832,0,
842,210,1447,12410,99,35,2369,0,0,12,6,1,0,0,0,45.780469999999994,322.65999999999997,0,
843,127,732,6284,11,16,981,0,0,4,1,0,0,0,0,20.66003,163.384,0,
844,125,840,6668,101,37,2816,0,0,7,3,2,0,0,0,49.21608,173.368,0,
845,383,2364,22343,115,104,6857,0,0,44,25,2,0,0,0,135.55390999999997,580.918,0,
846,122,766,6694,42,19,1090,0,0,6,2,0,0,0,0,24.3367,174.04399999999998,0,
847,310,1991,17091,154,72,4605,0,0,29,17,2,0,0,0,93.47114999999998,444.366,0,
848,130,676,6739,6,6,242,0,0,1,0,0,0,0,0,7.416459999999999,175.214,0,
849,357,2221,20694,107,66,4643,0,0,25,10,1,0,0,0,86.79109,538.044,0,
850,524,3065,31489,81,148,9490,0,0,65,27,3,0,0,0,192.19869999999997,818.7139999999999,0,
851,162,969,8923,55,25,1314,0,0,9,4,1,0,0,0,31.705819999999996,231.998,0,
852,149,979,8736,55,27,1633,0,0,9,5,1,0,0,0,34.80479,227.136,0,
853,148,926,8166,60,27,1556,0,0,9,7,1,0,0,0,34.60228,212.316,0,
854,191,1125,10662,38,29,1914,0,0,14,6,0,0,0,0,37.803819999999995,277.212,0,
855,173,1085,10688,59,18,1468,0,0,9,3,2,0,0,0,24.200839999999996,277.888,0,
856,377,2223,22417,99,99,6602,0,0,40,20,2,0,0,0,129.23326,582.842,0,
857,3000,13578,156310,409,1063,70450,0,0,503,261,49,0,0,0,1386.4734999999998,4064.06,0,
858,69,548,3967,6,6,166,0,0,1,1,0,0,0,0,7.2165799999999996,103.142,0,
859,210,1247,13070,31,30,2320,0,0,14,5,1,0,0,0,40.001599999999996,339.82,0,
860,281,1429,14139,59,16,1600,0,0,8,3,2,0,0,0,22.287999999999997,367.614,0,
861,174,1061,10643,51,22,1288,0,0,7,6,2,0,0,0,28.247439999999997,276.71799999999996,0,
862,105,702,5690,54,18,1227,0,0,5,2,1,0,0,0,23.567009999999996,147.94,0,
863,74,463,3999,5,3,98,0,0,1,1,0,0,0,0,3.6477399999999998,103.97399999999999,0,
864,155,938,9305,61,22,1370,0,0,7,5,2,0,0,0,28.4631,241.92999999999998,0,
865,135,753,7064,12,15,661,0,0,3,0,0,0,0,0,18.68843,183.664,0,
866,238,1344,12397,62,36,2306,0,0,13,5,1,0,0,0,46.74477999999999,322.322,0,
867,3000,14394,151175,710,1075,74227,0,0,514,252,51,0,0,0,1409.9670099999998,3930.5499999999997,0,
868,231,1440,12997,112,25,1806,0,0,8,6,2,0,0,0,32.999779999999994,337.92199999999997,0,
869,180,988,9995,17,17,1195,0,0,6,1,1,0,0,0,22.352849999999997,259.87,0,
870,267,1645,16565,61,67,4338,0,0,26,11,0,0,0,0,87.11894,430.69,0,
871,215,1314,13627,52,33,2698,0,0,17,5,0,0,0,0,44.38574,354.30199999999996,0,
872,284,1607,17217,35,91,4789,0,0,30,16,0,0,0,0,115.42506999999998,447.642,0,
873,437,2497,25994,113,99,6530,0,0,39,27,3,0,0,0,129.04389999999998,675.8439999999999,0,
874,89,520,4847,5,3,80,0,0,1,1,0,0,0,0,3.6003999999999996,126.02199999999999,0,
875,271,1562,16462,77,61,3527,0,0,24,14,3,0,0,0,78.20600999999999,428.012,0,
876,202,1094,10839,66,23,1833,0,0,5,2,1,0,0,0,30.810789999999997,281.81399999999996,0,
877,436,2703,25328,130,145,8868,0,0,48,26,2,0,0,0,187.17284,658.528,0,
878,3000,16005,195151,500,1213,76433,0,0,458,231,18,0,0,0,1571.70879,5073.9259999999995,0,
879,152,1112,9191,63,42,2514,0,0,14,7,0,0,0,0,54.071819999999995,238.96599999999998,0,
880,141,671,6494,7,6,173,0,0,2,0,0,0,0,0,7.23499,168.844,0,
881,173,990,10297,26,25,1505,0,0,9,6,2,0,0,0,32.208149999999996,267.722,0,
882,268,1490,14779,52,47,3407,0,0,23,12,2,0,0,0,62.070409999999995,384.25399999999996,0,
883,253,1453,15945,48,74,3711,0,0,29,13,2,0,0,0,93.37992999999999,414.57,0,
884,404,1896,18326,101,41,2960,0,0,13,6,3,0,0,0,54.114799999999995,476.476,0,
885,92,567,4984,19,9,361,0,0,1,1,1,0,0,0,11.119429999999998,129.584,0,
886,103,576,5579,8,7,290,0,0,1,1,0,0,0,0,8.672699999999999,145.054,0,
887,76,497,4491,6,8,278,0,0,3,1,0,0,0,0,9.771139999999999,116.76599999999999,0,
888,100,695,5918,69,14,1030,0,0,3,2,2,0,0,0,18.5289,153.868,0,
889,100,515,4663,5,3,137,0,0,0,0,0,0,0,0,3.75031,121.238,0,
890,302,1547,16124,57,44,2490,0,0,16,6,1,0,0,0,56.268699999999995,419.224,0,
891,78,482,4690,6,4,125,0,0,1,1,0,0,0,0,4.84875,121.94,0,
892,178,1063,10722,39,33,2205,0,0,15,6,1,0,0,0,43.08915,278.772,0,
893,143,756,6994,37,9,558,0,0,4,3,2,0,0,0,11.637539999999998,181.844,0,
894,235,1433,13937,114,40,2880,0,0,12,8,5,0,0,0,52.77439999999999,362.36199999999997,0,
895,171,1081,9988,49,35,2288,0,0,16,11,1,0,0,0,45.56744,259.688,0,
896,285,1727,17684,76,75,4246,0,0,31,12,1,0,0,0,95.91697999999998,459.784,0,
897,413,2177,19916,153,90,6588,0,0,31,17,2,0,0,0,119.02643999999998,517.816,0,
898,226,1227,12437,46,27,1998,0,0,12,4,2,0,0,0,35.764739999999996,323.36199999999997,0,
899,199,1005,10624,12,21,1608,0,0,7,1,0,0,0,0,27.959039999999998,276.224,0,
900,3000,14195,151381,654,1009,71885,0,0,486,237,56,0,0,0,1329.2275499999998,3935.906,0,
901,217,1383,11705,97,41,3192,0,0,16,5,2,0,0,0,54.724959999999996,304.33,0,
902,392,2454,22982,78,99,5980,0,0,39,17,1,0,0,0,127.5974,597.5319999999999,0,
903,80,528,4694,7,3,66,0,0,1,0,0,0,0,0,3.5635799999999995,122.044,0,
904,133,956,8375,70,25,1281,0,0,9,4,1,0,0,0,31.619029999999995,217.75,0,
905,183,1088,11214,32,34,2420,0,0,12,9,3,0,0,0,44.7846,291.56399999999996,0,
906,93,639,5275,39,8,465,0,0,2,2,0,0,0,0,10.26295,137.15,0,
907,3000,14120,151199,1030,1126,84649,0,0,528,263,68,0,0,0,1495.00687,3931.174,0,
908,255,1725,16026,80,47,3645,0,0,19,8,2,0,0,0,62.696349999999995,416.676,0,
909,3000,13498,154670,582,1075,83129,0,0,518,255,55,0,0,0,1433.3792699999997,4021.4199999999996,0,
910,181,1263,11182,65,23,1607,0,0,9,4,2,0,0,0,30.216409999999996,290.73199999999997,0,
911,300,1770,17759,64,59,3939,0,0,24,12,1,0,0,0,77.02956999999999,461.734,0,
912,360,1721,18326,39,56,3100,0,0,21,12,4,0,0,0,71.43299999999999,476.476,0,
913,247,1437,14674,44,64,3948,0,0,26,13,1,0,0,0,82.70324,381.524,0,
914,3000,14334,152200,773,1057,82716,0,0,519,250,48,0,0,0,1411.9530799999998,3957.2,0,
915,75,610,3612,23,6,172,0,0,1,0,0,0,0,0,7.232359999999999,93.91199999999999,0,
916,114,824,6518,48,20,1167,0,0,7,3,0,0,0,0,25.66921,169.468,0,
917,285,1745,16076,131,59,4607,0,0,23,12,6,0,0,0,78.78640999999999,417.976,0,
918,223,1025,10920,22,16,1281,0,0,6,4,1,0,0,0,21.449029999999997,283.91999999999996,0,
919,353,2102,21357,93,98,6427,0,0,31,16,2,0,0,0,127.64300999999999,555.2819999999999,0,
920,254,1534,15871,73,44,3236,0,0,16,7,1,0,0,0,58.23068,412.64599999999996,0,
921,129,671,6323,8,14,607,0,0,3,0,0,0,0,0,17.41641,164.398,0,
922,3000,13895,150680,631,1014,68574,0,0,475,233,60,0,0,0,1326.16962,3917.68,0,
923,247,1330,11929,31,21,1770,0,0,6,2,1,0,0,0,28.385099999999998,310.154,0,
924,132,845,7500,39,20,1206,0,0,8,4,0,0,0,0,25.77178,195,0,
925,516,2429,27371,39,110,6474,0,0,39,24,2,0,0,0,141.32662,711.646,0,
926,181,1023,8935,17,40,2249,0,0,11,6,0,0,0,0,51.114869999999996,232.31,0,
927,307,1818,18775,121,77,5315,0,0,28,14,3,0,0,0,100.98844999999999,488.15,0,
928,3000,13358,151711,709,1081,73431,0,0,525,260,53,0,0,0,1414.65353,3944.486,0,
929,260,1595,14636,60,42,3105,0,0,16,6,2,0,0,0,55.626149999999996,380.536,0,
930,269,1650,16387,81,60,3579,0,0,17,7,1,0,0,0,77.21276999999999,426.06199999999995,0,
931,266,1602,16346,88,62,4060,0,0,22,10,2,0,0,0,80.7378,424.996,0,
932,3000,11909,142535,271,511,34029,0,0,52,27,7,0,0,0,666.9262699999999,3705.91,0,
933,3000,14283,151353,657,1003,72955,0,0,484,241,65,0,0,0,1325.26165,3935.178,0,
934,126,937,7358,71,23,1250,0,0,7,5,1,0,0,0,29.2775,191.308,0,
935,148,901,8795,59,14,976,0,0,4,2,1,0,0,0,18.386879999999998,228.67,0,
936,80,540,5433,7,6,192,0,0,2,1,0,0,0,0,7.284959999999999,141.25799999999998,0,
937,262,1470,14806,46,58,3462,0,0,25,13,1,0,0,0,74.64505999999999,384.95599999999996,0,
938,124,714,5920,50,11,560,0,0,4,2,1,0,0,0,13.9028,153.92,0,
939,258,1698,15307,113,79,5181,0,0,27,14,1,0,0,0,102.89603,397.98199999999997,0,
940,126,843,7266,40,23,1272,0,0,8,2,0,0,0,0,29.335359999999998,188.916,0,
941,138,765,7452,8,10,707,0,0,4,1,0,0,0,0,13.15941,193.75199999999998,0,
942,159,713,7057,35,5,242,0,0,3,3,1,0,0,0,6.28646,183.482,0,
943,65,444,4283,4,3,61,0,0,1,1,0,0,0,0,3.5504299999999995,111.35799999999999,0,
944,108,641,5641,8,12,760,0,0,5,0,0,0,0,0,15.558799999999998,146.666,0,
945,111,680,5651,43,15,926,0,0,5,3,0,0,0,0,19.385379999999998,146.926,0,
946,3000,12608,150708,426,1032,73174,0,0,457,237,51,0,0,0,1358.6076199999998,3918.408,0,
947,262,1974,16397,81,59,3848,0,0,24,12,3,0,0,0,76.79023999999998,426.322,0,
948,276,1788,16443,64,64,3869,0,0,23,16,2,0,0,0,82.49547,427.518,0,
949,3000,13964,152397,632,1042,70104,0,0,492,249,55,0,0,0,1361.8335199999997,3962.3219999999997,0,
950,150,962,9215,61,17,1075,0,0,6,2,2,0,0,0,22.037249999999997,239.58999999999997,0,
951,183,1064,11103,18,33,1680,0,0,12,4,2,0,0,0,41.7084,288.678,0,
952,176,1075,10553,63,23,1656,0,0,9,4,2,0,0,0,30.34528,274.378,0,
953,406,2446,23908,106,85,6073,0,0,39,15,3,0,0,0,112.02199,621.608,0,
954,79,518,4459,4,2,95,0,0,0,0,0,0,0,0,2.5098499999999997,115.934,0,
955,213,1061,10594,47,20,1282,0,0,7,1,0,0,0,0,25.971659999999996,275.44399999999996,0,
956,253,1362,13166,79,37,2345,0,0,12,6,1,0,0,0,47.977349999999994,342.316,0,
957,288,1454,16186,52,28,2012,0,0,9,7,2,0,0,0,36.93156,420.83599999999996,0,
958,161,803,8307,18,8,395,0,0,3,3,2,0,0,0,10.07885,215.982,0,
959,200,1088,11019,45,31,1637,0,0,11,5,1,0,0,0,39.33530999999999,286.49399999999997,0,
960,398,2116,21747,94,69,4325,0,0,26,13,1,0,0,0,89.34475,565.422,0,
961,115,718,6545,14,17,1024,0,0,7,3,0,0,0,0,21.903119999999998,170.17,0,
962,116,692,7465,5,8,544,0,0,2,1,0,0,0,0,10.47072,194.09,0,
963,310,1377,14855,32,32,2170,0,0,15,9,3,0,0,0,41.86709999999999,386.22999999999996,0,
964,3000,12912,152377,476,1084,82797,0,0,528,253,53,0,0,0,1442.6761099999999,3961.8019999999997,0,
965,131,924,7727,39,20,1337,0,0,9,7,1,0,0,0,26.11631,200.902,0,
966,236,1376,14049,73,41,3481,0,0,18,8,2,0,0,0,55.485029999999995,365.274,0,
967,235,1329,13254,84,32,2450,0,0,13,8,4,0,0,0,42.6035,344.604,0,
968,81,526,4501,6,5,171,0,0,1,0,0,0,0,0,6.099729999999999,117.026,0,
969,283,1368,14314,47,26,1917,0,0,7,4,2,0,0,0,34.42171,372.164,0,
970,261,1570,16188,57,59,3595,0,0,27,13,1,0,0,0,76.12484999999998,420.888,0,
971,292,1669,17917,43,71,4106,0,0,25,11,2,0,0,0,91.02877999999998,465.842,0,
972,3000,14289,152173,788,1099,75448,0,0,516,263,59,0,0,0,1440.2982399999999,3956.4979999999996,0,
973,479,2909,29261,154,126,8305,0,0,45,23,3,0,0,0,164.22215,760.786,0,
974,224,1312,13702,35,30,2381,0,0,7,4,2,0,0,0,40.16203,356.252,0,
975,149,898,8553,44,21,1261,0,0,8,5,1,0,0,0,27.046429999999997,222.378,0,
976,135,806,8120,48,18,1088,0,0,5,2,0,0,0,0,23.201439999999998,211.11999999999998,0,
977,404,2417,24164,83,116,6954,0,0,46,25,3,0,0,0,149.36901999999998,628.264,0,
978,143,788,7383,19,7,429,0,0,1,1,1,0,0,0,9.038269999999999,191.958,0,
979,231,1411,13294,64,48,2677,0,0,19,11,2,0,0,0,61.28050999999999,345.644,0,
980,355,2105,20996,109,97,6496,0,0,30,19,3,0,0,0,126.69447999999998,545.896,0,
981,80,534,4919,7,4,86,0,0,0,0,0,0,0,0,4.74618,127.89399999999999,0,
982,3000,13447,158766,691,1198,81500,0,0,557,291,73,0,0,0,1568.0849999999998,4127.916,0,
983,260,1590,14738,141,67,4439,0,0,25,13,0,0,0,0,87.38457,383.188,0,
984,109,678,6410,16,6,329,0,0,3,1,1,0,0,0,7.645269999999999,166.66,0,
985,147,833,8554,34,9,732,0,0,4,3,1,0,0,0,12.095159999999998,222.404,0,
986,129,822,7599,16,29,1322,0,0,10,6,0,0,0,0,36.24686,197.57399999999998,0,
987,3000,14564,170617,585,1174,81767,0,0,549,283,59,0,0,0,1541.6672099999998,4436.0419999999995,0,
988,3000,14727,151768,772,1044,71337,0,0,515,252,58,0,0,0,1367.3363099999997,3945.968,0,
989,119,833,6197,20,16,1071,0,0,3,3,0,0,0,0,20.896729999999998,161.12199999999999,0,
990,114,600,5843,6,5,190,0,0,1,0,0,0,0,0,6.149699999999999,151.918,0,
991,3000,14890,151434,676,1059,76240,0,0,525,277,75,0,0,0,1397.1811999999998,3937.2839999999997,0,
992,305,2012,19175,128,89,5374,0,0,32,17,1,0,0,0,114.70362,498.54999999999995,0,
993,92,640,5192,35,5,284,0,0,1,1,0,0,0,0,6.39692,134.992,0,
994,3000,13687,154247,654,1070,74529,0,0,521,260,54,0,0,0,1405.1112699999999,4010.422,0,
995,103,594,4917,26,5,245,0,0,2,2,1,0,0,0,6.29435,127.842,0,
996,115,1072,6530,138,24,1678,0,0,4,3,2,0,0,0,31.533139999999996,169.78,0,
997,3000,14307,149730,850,1065,77118,0,0,523,272,55,0,0,0,1406.2703399999998,3892.98,0,
998,101,851,6455,43,10,558,0,0,3,1,0,0,0,0,12.767539999999999,167.82999999999998,0,
999,327,1897,19227,85,83,4862,0,0,31,16,2,0,0,0,106.57705999999999,499.902,0,
1000,137,860,8037,34,17,1249,0,0,6,1,0,0,0,0,22.49487,208.962,0,
1001,153,939,8857,68,26,1390,0,0,9,4,1,0,0,0,33.0357,230.28199999999998,0,
1002,78,506,5069,4,3,141,0,0,0,0,0,0,0,0,3.7608299999999995,131.79399999999998,0,
1003,87,552,6004,6,10,330,0,0,2,1,1,0,0,0,12.1679,156.10399999999998,0,
1004,91,532,5377,5,5,246,0,0,0,0,0,0,0,0,6.29698,139.802,0,
1005,129,757,8140,9,13,773,0,0,4,2,1,0,0,0,16.722989999999996,211.64,0,
1006,125,680,7580,4,16,561,0,0,3,1,0,0,0,0,19.555429999999998,197.07999999999998,0,
1007,87,522,5685,3,5,208,0,0,1,0,0,0,0,0,6.197039999999999,147.81,0,
1008,256,1329,13905,79,34,2378,0,0,10,6,1,0,0,0,44.674139999999994,361.53,0,
1009,179,1026,10378,58,28,1620,0,0,11,7,1,0,0,0,35.9006,269.828,0,
1010,79,524,4786,29,5,209,0,0,1,1,0,0,0,0,6.199669999999999,124.43599999999999,0,
1011,155,941,9492,35,24,1442,0,0,7,4,2,0,0,0,30.912459999999996,246.792,0,
1012,80,483,4734,3,4,123,0,0,0,0,0,0,0,0,4.843489999999999,123.08399999999999,0,
1013,90,612,5535,52,6,419,0,0,4,3,1,0,0,0,7.881969999999999,143.91,0,
1014,101,699,6157,41,12,768,0,0,5,2,0,0,0,0,15.579839999999999,160.082,0,
1015,68,450,4467,4,2,103,0,0,0,0,0,0,0,0,2.53089,116.142,0,
1016,114,676,6547,37,15,801,0,0,4,2,0,0,0,0,19.05663,170.22199999999998,0,
1017,125,703,7506,18,12,842,0,0,4,1,1,0,0,0,15.774459999999998,195.15599999999998,0,
1018,331,1552,18318,47,39,2819,0,0,12,6,3,0,0,0,51.48396999999999,476.268,0,
1019,189,1023,11521,17,19,1299,0,0,8,3,1,0,0,0,24.88637,299.546,0,
1020,134,721,7468,15,14,614,0,0,2,1,1,0,0,0,17.43482,194.16799999999998,0,
1021,127,728,8013,13,14,603,0,0,3,1,1,0,0,0,17.40589,208.338,0,
1022,201,1263,12761,27,43,2270,0,0,16,7,0,0,0,0,54.5601,331.786,0,
1023,123,746,7716,33,12,766,0,0,4,2,1,0,0,0,15.57458,200.61599999999999,0,
1024,114,729,6793,56,13,809,0,0,4,1,1,0,0,0,16.81767,176.618,0,
1025,85,582,5320,32,9,385,0,0,3,1,0,0,0,0,11.182549999999999,138.32,0,
1026,102,673,5537,12,9,282,0,0,0,0,0,0,0,0,10.911659999999998,143.962,0,
1027,90,590,5123,38,6,245,0,0,2,1,0,0,0,0,7.42435,133.198,0,
1028,208,1189,11998,72,49,2493,0,0,18,10,1,0,0,0,61.92659,311.948,0,
1029,67,456,4243,6,5,149,0,0,0,0,0,0,0,0,6.041869999999999,110.318,0,
1030,134,775,8038,7,13,811,0,0,5,2,0,0,0,0,16.82293,208.988,0,
1031,124,671,7042,12,13,655,0,0,2,0,0,0,0,0,16.41265,183.09199999999998,0,
1032,157,644,7379,3,4,121,0,0,1,0,0,0,0,0,4.838229999999999,191.85399999999998,0,
1033,208,1000,10836,24,21,1289,0,0,8,3,1,0,0,0,27.12007,281.736,0,
1034,148,855,8872,44,16,1001,0,0,8,4,1,0,0,0,20.712629999999997,230.672,0,
1035,140,900,8681,67,32,1593,0,0,8,5,1,0,0,0,40.34959,225.706,0,
1036,164,836,8839,35,13,752,0,0,4,1,1,0,0,0,16.667759999999998,229.814,0,
1037,113,719,7126,34,18,1027,0,0,6,4,0,0,0,0,23.041009999999996,185.27599999999998,0,
1038,183,1137,10563,75,42,2496,0,0,12,6,2,0,0,0,54.02448,274.638,0,
1039,70,479,4863,5,4,107,0,0,0,0,0,0,0,0,4.80141,126.43799999999999,0,
1040,190,933,11142,18,14,1103,0,0,6,3,1,0,0,0,18.720889999999997,289.692,0,
1041,128,629,6518,10,10,374,0,0,3,0,0,0,0,0,12.283619999999999,169.468,0,
1042,109,606,6596,5,8,387,0,0,1,0,0,0,0,0,10.05781,171.49599999999998,0,
1043,161,929,9129,48,17,1203,0,0,4,2,0,0,0,0,22.373889999999996,237.35399999999998,0,
1044,114,754,7189,61,10,590,0,0,5,5,1,0,0,0,12.8517,186.914,0,
1045,111,651,6403,31,13,583,0,0,4,2,0,0,0,0,16.22329,166.47799999999998,0,
1046,147,917,9301,54,15,971,0,0,7,5,2,0,0,0,19.503729999999997,241.826,0,
1047,275,1603,16244,85,49,3564,0,0,17,7,4,0,0,0,64.74332,422.344,0,
1048,84,495,4740,5,3,110,0,0,1,1,0,0,0,0,3.6792999999999996,123.24,0,
1049,262,1223,14105,13,31,2065,0,0,7,3,1,0,0,0,40.46095,366.72999999999996,0,
1050,162,948,10065,49,27,1566,0,0,10,5,0,0,0,0,34.62858,261.69,0,
1051,105,678,6743,49,13,903,0,0,6,3,1,0,0,0,17.06489,175.31799999999998,0,
1052,166,987,9931,62,27,1624,0,0,10,7,2,0,0,0,34.78112,258.20599999999996,0,
1053,106,667,6205,65,18,855,0,0,3,2,1,0,0,0,22.588649999999998,161.32999999999998,0,
1054,90,521,5327,3,5,107,0,0,0,0,0,0,0,0,5.93141,138.50199999999998,0,
1055,190,1149,12276,59,44,2532,0,0,15,8,2,0,0,0,56.37916,319.176,0,
1056,136,770,7531,10,10,802,0,0,4,1,0,0,0,0,13.40926,195.80599999999998,0,
1057,157,952,9169,75,33,2312,0,0,9,3,1,0,0,0,43.37056,238.39399999999998,0,
1058,145,901,9457,35,28,1533,0,0,10,8,1,0,0,0,35.671789999999994,245.88199999999998,0,
1059,159,883,9458,55,21,1381,0,0,3,3,3,0,0,0,27.362029999999997,245.908,0,
1060,141,868,9164,43,22,1162,0,0,8,4,0,0,0,0,27.916059999999998,238.26399999999998,0,
1061,107,579,6166,8,6,298,0,0,1,1,1,0,0,0,7.563739999999999,160.316,0,
1062,129,569,5875,6,6,217,0,0,1,0,0,0,0,0,7.350709999999999,152.75,0,
1063,131,729,7781,32,13,911,0,0,5,4,1,0,0,0,17.085929999999998,202.30599999999998,0,
1064,64,427,4299,3,1,45,0,0,0,0,0,0,0,0,1.2483499999999998,111.774,0,
1065,134,862,7986,56,21,1404,0,0,8,6,1,0,0,0,27.42252,207.636,0,
1066,91,486,5252,4,3,101,0,0,0,0,0,0,0,0,3.6556299999999995,136.552,0,
1067,125,707,7140,9,16,753,0,0,4,2,0,0,0,0,20.060389999999998,185.64,0,
1068,204,998,11709,17,22,1449,0,0,7,2,1,0,0,0,28.67087,304.43399999999997,0,
1069,192,1116,11243,44,39,2226,0,0,16,6,0,0,0,0,49.92437999999999,292.318,0,
1070,226,952,10491,18,21,1363,0,0,4,2,0,0,0,0,27.31469,272.76599999999996,0,
1071,94,468,5051,4,4,102,0,0,0,0,0,0,0,0,4.788259999999999,131.326,0,
1072,127,829,8186,63,16,1209,0,0,6,3,1,0,0,0,21.25967,212.83599999999998,0,
1073,180,978,10857,16,22,1524,0,0,8,4,0,0,0,0,28.868119999999998,282.282,0,
1074,133,741,7660,36,16,739,0,0,4,2,1,0,0,0,20.02357,199.16,0,
1075,157,732,8338,14,12,451,0,0,1,1,1,0,0,0,14.746129999999999,216.78799999999998,0,
1076,189,1196,11532,77,28,2678,0,0,14,8,2,0,0,0,38.683139999999995,299.832,0,
1077,142,841,8827,10,15,925,0,0,7,1,0,0,0,0,19.382749999999998,229.50199999999998,0,
1078,152,885,9035,35,18,1008,0,0,9,2,0,0,0,0,22.991039999999998,234.91,0,
1079,120,714,7554,10,15,722,0,0,4,2,0,0,0,0,18.84886,196.404,0,
1080,106,561,5743,6,7,265,0,0,1,1,0,0,0,0,8.60695,149.31799999999998,0,
1081,285,1582,15728,62,48,3599,0,0,24,10,1,0,0,0,63.705369999999995,408.928,0,
1082,87,560,5772,6,4,239,0,0,1,0,0,0,0,0,5.148569999999999,150.072,0,
1083,225,1247,13876,45,35,2492,0,0,15,5,1,0,0,0,46.10396,360.776,0,
1084,153,886,9422,16,26,1479,0,0,7,4,0,0,0,0,33.269769999999994,244.97199999999998,0,
1085,117,728,7554,33,20,998,0,0,6,4,0,0,0,0,25.224739999999997,196.404,0,
1086,125,665,7337,13,7,412,0,0,1,1,0,0,0,0,8.993559999999999,190.762,0,
1087,160,873,9384,10,21,1197,0,0,7,1,0,0,0,0,26.878109999999996,243.98399999999998,0,
1088,175,1000,9718,73,38,2060,0,0,11,7,1,0,0,0,48.3578,252.66799999999998,0,
1089,128,796,7849,59,22,1223,0,0,8,3,1,0,0,0,28.07649,204.07399999999998,0,
1090,154,877,7847,64,19,983,0,0,4,2,1,0,0,0,24.05529,204.022,0,
1091,153,893,8437,57,22,1278,0,0,5,2,2,0,0,0,28.22114,219.362,0,
1092,157,777,8417,34,11,725,0,0,4,2,1,0,0,0,14.33675,218.84199999999998,0,
1093,94,507,4761,3,4,234,0,0,1,0,0,0,0,0,5.13542,123.786,0,
1094,168,713,7751,10,13,571,0,0,4,2,0,0,0,0,16.191729999999996,201.52599999999998,0,
1095,217,1195,12927,65,35,2289,0,0,9,7,2,0,0,0,45.570069999999994,336.102,0,
1096,194,1009,9767,71,19,1702,0,0,8,4,2,0,0,0,25.94626,253.94199999999998,0,
1097,169,1026,10018,50,33,1764,0,0,13,7,1,0,0,0,41.92932,260.46799999999996,0,
1098,129,745,8266,7,10,518,0,0,2,1,0,0,0,0,12.662339999999999,214.916,0,
1099,88,515,5148,5,6,195,0,0,2,2,0,0,0,0,7.29285,133.84799999999998,0,
1100,153,941,9849,44,17,1115,0,0,7,3,1,0,0,0,22.142449999999997,256.074,0,
1101,131,783,9016,16,10,526,0,0,3,2,1,0,0,0,12.68338,234.416,0,
1102,118,624,6580,5,8,331,0,0,3,1,0,0,0,0,9.91053,171.07999999999998,0,
1103,164,874,10039,11,17,1416,0,0,7,1,0,0,0,0,22.934079999999998,261.014,0,
1104,87,551,6252,6,7,375,0,0,3,2,0,0,0,0,8.896249999999998,162.552,0,
1105,151,832,8633,56,23,1625,0,0,5,4,1,0,0,0,30.263749999999998,224.458,0,
1106,157,1027,9463,80,31,1558,0,0,9,5,1,0,0,0,39.127539999999996,246.03799999999998,0,
1107,124,749,6940,42,17,1275,0,0,3,2,2,0,0,0,22.563249999999996,180.44,0,
1108,219,1148,12931,42,27,2014,0,0,9,6,2,0,0,0,35.80682,336.20599999999996,0,
1109,113,695,7208,15,18,737,0,0,4,2,0,0,0,0,22.278309999999998,187.408,0,
1110,164,1017,10433,11,42,1774,0,0,15,3,0,0,0,0,52.12561999999999,271.258,0,
1111,83,475,5243,2,2,50,0,0,0,0,0,0,0,0,2.3914999999999997,136.31799999999998,0,
1112,384,1757,18874,97,31,2414,0,0,7,4,2,0,0,0,41.37881999999999,490.724,0,
1113,189,1129,11044,83,30,2265,0,0,10,5,3,0,0,0,39.85695,287.144,0,
1114,147,986,9257,75,31,1849,0,0,8,4,2,0,0,0,39.892869999999995,240.682,0,
1115,156,873,8917,15,26,1307,0,0,4,4,1,0,0,0,32.817409999999995,231.84199999999998,0,
1116,158,889,9095,23,27,1379,0,0,7,4,1,0,0,0,34.13677,236.47,0,
1117,63,416,3994,3,1,22,0,0,0,0,0,0,0,0,1.18786,103.844,0,
1118,105,645,6739,13,16,805,0,0,3,3,1,0,0,0,20.197149999999997,175.214,0,
1119,124,783,7686,44,14,1030,0,0,6,2,1,0,0,0,18.5289,199.83599999999998,0,
1120,189,972,10408,17,24,1576,0,0,9,4,0,0,0,0,31.264879999999998,270.608,0,
1121,189,1026,10719,50,21,1524,0,0,6,2,1,0,0,0,27.738119999999995,278.69399999999996,0,
1122,207,1117,11002,72,26,1798,0,0,4,3,2,0,0,0,34.10874,286.05199999999996,0,
1123,96,588,5969,6,6,371,0,0,3,2,1,0,0,0,7.75573,155.194,0,
1124,134,834,8502,56,34,1459,0,0,11,5,1,0,0,0,42.257169999999995,221.052,0,
1125,116,727,6962,35,14,873,0,0,6,3,0,0,0,0,18.115989999999996,181.012,0,
1126,106,613,6475,12,12,601,0,0,4,2,0,0,0,0,15.140629999999998,168.35,0,
1127,75,502,5181,29,5,228,0,0,1,1,0,0,0,0,6.249639999999999,134.706,0,
1128,202,1247,12720,80,44,2372,0,0,15,11,1,0,0,0,55.95836,330.71999999999997,0,
1129,112,733,7120,68,18,819,0,0,6,4,2,0,0,0,22.493969999999997,185.12,0,
1130,163,917,10694,21,18,1338,0,0,6,3,2,0,0,0,23.858939999999997,278.044,0,
1131,123,618,6641,6,9,371,0,0,2,1,0,0,0,0,11.145729999999999,172.666,0,
1132,150,821,9185,6,24,1287,0,0,10,2,0,0,0,0,30.50481,238.81,0,
1133,145,810,8862,16,24,1292,0,0,6,2,0,0,0,0,30.51796,230.41199999999998,0,
1134,83,567,5236,33,8,281,0,0,3,2,0,0,0,0,9.779029999999999,136.136,0,
1135,97,622,5838,50,7,386,0,0,3,2,1,0,0,0,8.92518,151.78799999999998,0,
1136,239,1201,12986,46,25,1533,0,0,6,4,2,0,0,0,32.281789999999994,337.63599999999997,0,
1137,129,695,7083,12,4,319,0,0,2,2,1,0,0,0,5.358969999999999,184.158,0,
1138,276,1228,14194,20,27,1547,0,0,7,4,1,0,0,0,34.57861,369.044,0,
1139,90,518,5074,4,6,285,0,0,2,1,0,0,0,0,7.5295499999999995,131.924,0,
1140,128,801,7771,60,22,1284,0,0,5,3,1,0,0,0,28.236919999999998,202.046,0,
1141,142,881,8779,64,18,1212,0,0,7,5,1,0,0,0,23.527559999999998,228.254,0,
1142,117,799,7724,60,21,941,0,0,5,3,1,0,0,0,26.204829999999998,200.82399999999998,0,
1143,203,1088,10886,63,20,1517,0,0,11,7,3,0,0,0,26.589709999999997,283.036,0,
1144,88,567,5431,10,7,348,0,0,3,1,0,0,0,0,8.825239999999999,141.206,0,
1145,126,714,6932,32,13,792,0,0,5,3,1,0,0,0,16.772959999999998,180.232,0,
1146,164,748,8241,7,7,414,0,0,3,1,0,0,0,0,8.998819999999998,214.266,0,
1147,147,726,8256,9,12,556,0,0,3,2,0,0,0,0,15.022279999999999,214.65599999999998,0,
1148,141,803,9284,9,21,982,0,0,7,2,0,0,0,0,26.312659999999997,241.384,0,
1149,157,905,9141,60,18,1615,0,0,2,2,1,0,0,0,24.587449999999997,237.666,0,
1150,79,495,5261,6,4,188,0,0,1,0,0,0,0,0,5.01444,136.786,0,
1151,200,1146,12129,57,25,1973,0,0,8,5,4,0,0,0,33.43899,315.354,0,
1152,83,502,4878,4,5,206,0,0,1,0,0,0,0,0,6.19178,126.82799999999999,0,
1153,171,907,9602,13,19,1080,0,0,3,3,0,0,0,0,24.310399999999998,249.652,0,
1154,121,788,7667,56,21,1167,0,0,7,4,1,0,0,0,26.799209999999995,199.34199999999998,0,
1155,97,581,5550,28,6,285,0,0,3,2,1,0,0,0,7.5295499999999995,144.29999999999998,0,
1156,145,872,8518,45,27,1425,0,0,9,3,0,0,0,0,34.25775,221.468,0,
1157,104,631,6079,8,12,750,0,0,4,1,0,0,0,0,15.532499999999999,158.054,0,
1158,213,1237,13497,32,59,2949,0,0,19,10,1,0,0,0,74.42586999999999,350.92199999999997,0,
1159,116,671,6561,36,17,673,0,0,5,1,1,0,0,0,20.979989999999997,170.58599999999998,0,
1160,130,813,8418,34,29,1450,0,0,9,5,0,0,0,0,36.583499999999994,218.868,0,
1161,78,506,4530,7,9,333,0,0,2,1,0,0,0,0,11.045789999999998,117.78,0,
1162,93,519,5243,4,4,109,0,0,0,0,0,0,0,0,4.8066699999999996,136.31799999999998,0,
1163,130,892,7914,81,27,1589,0,0,9,6,1,0,0,0,34.68907,205.76399999999998,0,
1164,128,667,6222,33,10,404,0,0,3,1,0,0,0,0,12.362519999999998,161.772,0,
1165,228,1128,12864,49,27,1617,0,0,7,4,2,0,0,0,34.76271,334.464,0,
1166,122,734,7536,16,30,1447,0,0,9,6,0,0,0,0,37.70561,195.93599999999998,0,
1167,93,576,5862,7,12,393,0,0,2,1,0,0,0,0,14.593589999999999,152.412,0,
1168,147,854,10059,12,17,795,0,0,5,3,0,0,0,0,21.300849999999997,261.534,0,
1169,101,570,5921,6,10,345,0,0,2,0,0,0,0,0,12.207349999999998,153.946,0,
1170,78,444,4914,3,4,79,0,0,0,0,0,0,0,0,4.72777,127.764,0,
1171,251,1088,11443,43,30,1686,0,0,4,3,0,0,0,0,38.334179999999996,297.518,0,
1172,111,650,6607,33,9,605,0,0,3,2,1,0,0,0,11.761149999999999,171.78199999999998,0,
1173,116,786,7590,73,28,1349,0,0,3,2,1,0,0,0,35.18787,197.34,0,
1174,89,641,5644,58,13,627,0,0,3,3,1,0,0,0,16.33901,146.744,0,
1175,124,706,7215,34,20,923,0,0,5,1,1,0,0,0,25.027489999999997,187.59,0,
1176,131,722,7528,36,19,1229,0,0,3,2,2,0,0,0,24.70227,195.72799999999998,0,
1177,141,602,6505,5,7,161,0,0,0,0,0,0,0,0,8.33343,169.13,0,
1178,131,631,7278,4,5,212,0,0,2,1,0,0,0,0,6.207559999999999,189.22799999999998,0,
1179,118,705,7034,43,19,819,0,0,3,1,0,0,0,0,23.62397,182.884,0,
1180,186,1060,11108,41,18,1251,0,0,5,2,0,0,0,0,23.630129999999998,288.808,0,
1181,112,580,5658,5,4,258,0,0,1,0,0,0,0,0,5.1985399999999995,147.108,0,
1182,145,843,8525,47,36,1504,0,0,7,5,0,0,0,0,44.63551999999999,221.64999999999998,0,
1183,176,819,9408,9,13,562,0,0,2,2,0,0,0,0,16.168059999999997,244.60799999999998,0,
1184,240,1180,13896,43,31,1850,0,0,7,3,1,0,0,0,39.89549999999999,361.296,0,
1185,86,636,5549,51,11,561,0,0,5,4,1,0,0,0,13.905429999999999,144.274,0,
1186,136,843,8092,45,21,1362,0,0,8,3,0,0,0,0,27.312059999999995,210.392,0,
1187,217,1014,9719,67,27,2072,0,0,5,5,1,0,0,0,35.95936,252.694,0,
1188,86,467,4491,5,3,151,0,0,0,0,0,0,0,0,3.7871299999999994,116.76599999999999,0,
1189,174,1038,10399,43,30,1776,0,0,10,4,0,0,0,0,38.57088,270.37399999999997,0,
1190,334,1599,18344,80,42,2744,0,0,13,8,3,0,0,0,54.676719999999996,476.94399999999996,0,
1191,201,1187,11429,63,39,2631,0,0,10,6,2,0,0,0,50.989529999999995,297.154,0,
1192,116,568,6060,3,2,68,0,0,0,0,0,0,0,0,2.43884,157.56,0,
1193,132,747,7698,15,15,1074,0,0,5,3,1,0,0,0,19.77462,200.148,0,
1194,150,781,8836,8,19,782,0,0,4,0,0,0,0,0,23.52666,229.736,0,
1195,69,439,4288,5,3,137,0,0,1,1,0,0,0,0,3.75031,111.488,0,
1196,105,548,5740,7,7,309,0,0,2,1,0,0,0,0,8.722669999999999,149.23999999999998,0,
1197,114,662,6128,37,13,508,0,0,4,2,0,0,0,0,16.02604,159.328,0,
1198,146,689,7674,8,9,390,0,0,2,0,0,0,0,0,11.195699999999999,199.524,0,
1199,93,501,5461,3,3,82,0,0,1,1,0,0,0,0,3.60566,141.986,0,
1200,132,647,6647,6,11,391,0,0,0,0,0,0,0,0,13.45833,172.822,0,
1201,171,898,9647,13,22,1380,0,0,7,2,0,0,0,0,28.4894,250.82199999999997,0,
1202,111,654,6979,37,11,426,0,0,3,3,0,0,0,0,13.55038,181.45399999999998,0,
1203,108,695,6501,58,18,912,0,0,3,1,1,0,0,0,22.738559999999996,169.02599999999998,0,
1204,96,595,5847,9,8,443,0,0,3,1,0,0,0,0,10.205089999999998,152.022,0,
1205,186,1034,10852,28,41,2645,0,0,12,7,0,0,0,0,53.28635,282.152,0,
1206,88,564,6309,7,5,247,0,0,3,3,1,0,0,0,6.2996099999999995,164.034,0,
1207,98,498,4850,4,5,197,0,0,2,1,0,0,0,0,6.1681099999999995,126.1,0,
1208,197,1273,12428,98,41,2480,0,0,14,8,2,0,0,0,52.852399999999996,323.128,0,
1209,139,716,7633,6,7,501,0,0,2,0,0,0,0,0,9.22763,198.458,0,
1210,104,594,6586,4,10,355,0,0,1,0,0,0,0,0,12.233649999999999,171.236,0,
1211,91,507,5570,6,7,229,0,0,2,1,0,0,0,0,8.51227,144.82,0,
1212,95,607,5543,53,13,636,0,0,3,1,1,0,0,0,16.362679999999997,144.118,0,
1213,164,993,10232,34,40,2162,0,0,13,8,1,0,0,0,50.88605999999999,266.032,0,
1214,199,1056,10073,84,39,2347,0,0,11,5,1,0,0,0,50.24260999999999,261.89799999999997,0,
1215,121,657,7205,7,6,334,0,0,2,0,0,0,0,0,7.65842,187.32999999999998,0,
1216,136,689,7228,27,7,463,0,0,5,2,1,0,0,0,9.12769,187.928,0,
1217,248,886,9393,36,12,605,0,0,1,1,1,0,0,0,15.15115,244.218,0,
1218,119,631,6484,8,11,366,0,0,0,0,0,0,0,0,13.392579999999999,168.584,0,
1219,74,433,4881,3,1,45,0,0,1,0,0,0,0,0,1.2483499999999998,126.90599999999999,0,
1220,130,854,8766,62,27,1345,0,0,11,5,2,0,0,0,34.047349999999994,227.916,0,
1221,90,596,5927,15,12,465,0,0,4,3,1,0,0,0,14.78295,154.102,0,
1222,90,548,5421,6,6,351,0,0,2,1,0,0,0,0,7.70313,140.946,0,
1223,122,645,7128,8,16,521,0,0,2,0,0,0,0,0,19.450229999999998,185.328,0,
1224,136,551,5829,3,4,137,0,0,0,0,0,0,0,0,4.88031,151.554,0,
1225,162,784,8349,12,19,845,0,0,5,2,0,0,0,0,23.692349999999998,217.07399999999998,0,
1226,173,1043,9744,81,39,3139,0,0,12,4,1,0,0,0,52.32556999999999,253.344,0,
1227,142,815,8800,10,23,1311,0,0,8,4,0,0,0,0,29.437929999999998,228.79999999999998,0,
1228,117,688,6798,31,14,812,0,0,5,2,0,0,0,0,17.95556,176.748,0,
1229,79,463,4643,4,4,178,0,0,0,0,0,0,0,0,4.98814,120.71799999999999,0,
1230,93,495,5238,3,7,223,0,0,1,0,0,0,0,0,8.49649,136.188,0,
1231,155,895,9662,42,21,1389,0,0,6,1,0,0,0,0,27.383069999999996,251.212,0,
1232,70,430,4240,3,2,44,0,0,0,0,0,0,0,0,2.37572,110.24,0,
1233,75,462,4743,6,4,226,0,0,2,1,0,0,0,0,5.11438,123.318,0,
1234,167,955,9545,79,30,1823,0,0,7,4,2,0,0,0,38.69449,248.17,0,
1235,169,646,6666,5,4,102,0,0,0,0,0,0,0,0,4.788259999999999,173.316,0,
1236,107,657,6027,58,14,885,0,0,2,1,1,0,0,0,18.14755,156.702,0,
1237,116,682,6424,18,11,524,0,0,3,1,1,0,0,0,13.808119999999999,167.024,0,
1238,139,798,8433,38,23,1303,0,0,9,5,0,0,0,0,29.41689,219.25799999999998,0,
1239,72,441,4208,3,5,171,0,0,0,0,0,0,0,0,6.099729999999999,109.408,0,
1240,110,499,5170,4,4,66,0,0,0,0,0,0,0,0,4.69358,134.42,0,
1241,72,444,4627,5,3,130,0,0,1,1,0,0,0,0,3.7318999999999996,120.30199999999999,0,
1242,68,398,4300,2,2,26,0,0,0,0,0,0,0,0,2.3283799999999997,111.8,0,
1243,119,504,5324,2,2,68,0,0,0,0,0,0,0,0,2.43884,138.424,0,
1244,112,590,6148,11,11,472,0,0,3,3,0,0,0,0,13.67136,159.84799999999998,0,
1245,132,830,8139,50,29,1567,0,0,9,3,0,0,0,0,36.891209999999994,211.614,0,
1246,127,733,7365,34,17,1088,0,0,6,1,0,0,0,0,22.071439999999996,191.48999999999998,0,
1247,143,828,8990,10,12,922,0,0,5,2,0,0,0,0,15.984859999999998,233.73999999999998,0,
1248,110,597,6672,25,8,292,0,0,2,1,0,0,0,0,9.80796,173.47199999999998,0,
1249,117,772,7604,72,17,860,0,0,3,2,1,0,0,0,21.471799999999998,197.70399999999998,0,
1250,87,492,5361,5,3,123,0,0,1,0,0,0,0,0,3.7134899999999997,139.386,0,
1251,150,834,8577,51,16,988,0,0,7,3,2,0,0,0,20.67844,223.00199999999998,0,
1252,346,2194,20914,128,91,5338,0,0,31,14,2,0,0,0,116.86893999999998,543.764,0,
1253,3000,13412,150693,584,1184,77165,0,0,489,255,56,0,0,0,1540.86395,3918.018,0,
1254,165,1119,10619,26,26,1403,0,0,10,6,2,0,0,0,33.069889999999994,276.094,0,
1255,134,779,7166,36,16,1042,0,0,5,2,1,0,0,0,20.820459999999997,186.316,0,
1256,423,2377,24283,91,100,6878,0,0,44,22,6,0,0,0,131.08914,631.358,0,
1257,3000,13698,154690,616,1083,77415,0,0,521,264,60,0,0,0,1427.39145,4021.9399999999996,0,
1258,256,1427,14455,51,50,2682,0,0,14,7,1,0,0,0,63.553659999999994,375.83,0,
1259,215,1244,12281,66,41,2307,0,0,15,8,2,0,0,0,52.39741,319.306,0,
1260,123,708,6515,9,24,1107,0,0,9,2,0,0,0,0,30.031409999999997,169.39,0,
1261,121,794,6950,22,22,1394,0,0,7,2,1,0,0,0,28.52622,180.7,0,
1262,383,2326,22977,83,100,6338,0,0,38,17,2,0,0,0,129.66894,597.4019999999999,0,
1263,148,916,8941,30,20,1236,0,0,8,6,2,0,0,0,25.850679999999997,232.46599999999998,0,
1264,200,1161,11141,48,34,1929,0,0,13,5,0,0,0,0,43.493269999999995,289.666,0,
1265,3000,13132,155870,375,1157,87926,0,0,559,283,64,0,0,0,1538.65538,4052.62,0,
1266,317,1984,19186,121,72,4854,0,0,29,9,1,0,0,0,94.12601999999998,498.83599999999996,0,
1267,87,549,4802,5,5,165,0,0,0,0,0,0,0,0,6.08395,124.85199999999999,0,
1268,242,1289,13447,64,25,1818,0,0,10,8,1,0,0,0,33.03134,349.62199999999996,0,
1269,103,680,6228,34,12,522,0,0,4,3,1,0,0,0,14.932859999999998,161.928,0,
1270,478,2913,29330,96,140,8636,0,0,56,24,1,0,0,0,180.91268,762.5799999999999,0,
1271,107,734,6587,55,16,830,0,0,3,2,1,0,0,0,20.2629,171.262,0,
1272,441,2376,24368,68,108,6913,0,0,44,12,0,0,0,0,140.22118999999998,633.568,0,
1273,272,1491,17451,36,54,3310,0,0,12,6,3,0,0,0,69.72529999999999,453.726,0,
1274,165,1004,9648,53,24,1572,0,0,9,5,3,0,0,0,31.25436,250.84799999999998,0,
1275,194,1208,11720,46,27,1833,0,0,12,7,0,0,0,0,35.33079,304.71999999999997,0,
1276,148,992,10209,45,24,1475,0,0,10,5,0,0,0,0,30.999249999999996,265.43399999999997,0,
1277,125,800,7353,44,25,1318,0,0,6,2,0,0,0,0,31.716339999999995,191.178,0,
1278,111,554,5274,4,2,83,0,0,2,0,0,0,0,0,2.47829,137.124,0,
1279,3000,14174,152300,621,1049,76219,0,0,510,261,59,0,0,0,1385.8259699999999,3959.7999999999997,0,
1280,487,3038,29423,108,142,8855,0,0,62,26,2,0,0,0,183.74864999999997,764.9979999999999,0,
1281,394,2377,23910,93,113,7807,0,0,44,15,0,0,0,0,148.22240999999997,621.66,0,
1282,120,815,6954,60,21,969,0,0,9,4,1,0,0,0,26.27847,180.804,0,
1283,345,1961,21160,59,91,5606,0,0,40,18,1,0,0,0,117.57377999999999,550.16,0,
1284,267,1265,13172,50,26,1731,0,0,9,6,1,0,0,0,33.93252999999999,342.472,0,
1285,199,1020,10768,24,19,1478,0,0,6,4,2,0,0,0,25.357139999999998,279.96799999999996,0,
1286,327,1993,19408,107,78,5040,0,0,24,11,3,0,0,0,101.39519999999999,504.608,0,
1287,3000,12898,165842,276,1205,85398,0,0,575,284,74,0,0,0,1586.2467399999998,4311.892,0,
1288,207,1254,12312,66,31,2248,0,0,8,4,3,0,0,0,40.94223999999999,320.11199999999997,0,
1289,161,952,10176,59,14,847,0,0,6,4,1,0,0,0,18.04761,264.57599999999996,0,
1290,3000,14083,153492,667,1098,78131,0,0,528,259,62,0,0,0,1446.2245299999997,3990.792,0,
1291,182,1169,11568,48,31,1757,0,0,12,7,1,0,0,0,39.650909999999996,300.768,0,
1292,97,774,5549,65,14,648,0,0,3,2,1,0,0,0,17.52424,144.274,0,
1293,84,484,4517,5,2,84,0,0,1,1,0,0,0,0,2.48092,117.442,0,
1294,407,2533,24330,101,97,7304,0,0,39,21,4,0,0,0,128.81951999999998,632.5799999999999,0,
1295,117,751,7405,38,17,672,0,0,3,1,1,0,0,0,20.977359999999997,192.53,0,
1296,288,1630,16004,57,52,4637,0,0,16,9,2,0,0,0,70.95531,416.104,0,
1297,167,1031,9374,71,21,1283,0,0,7,3,1,0,0,0,27.104289999999995,243.724,0,
1298,340,1806,19153,94,49,4732,0,0,10,4,1,0,0,0,67.81515999999999,497.97799999999995,0,
1299,169,1031,10561,40,26,1745,0,0,12,6,2,0,0,0,33.96934999999999,274.586,0,
1300,90,518,5123,4,2,46,0,0,0,0,0,0,0,0,2.3809799999999997,133.198,0,
1301,304,1654,18126,57,66,4321,0,0,20,10,1,0,0,0,85.94423,471.27599999999995,0,
1302,87,518,5158,3,2,74,0,0,0,0,0,0,0,0,2.45462,134.108,0,
1303,112,629,6399,10,11,360,0,0,2,0,0,0,0,0,13.3768,166.374,0,
1304,284,1372,15728,58,36,2258,0,0,8,6,2,0,0,0,46.618539999999996,408.928,0,
1305,391,2195,24698,50,127,6192,0,0,47,28,2,0,0,0,159.79496,642.148,0,
1306,211,1288,13028,30,43,2794,0,0,16,10,2,0,0,0,55.938219999999994,338.728,0,
1307,3000,15716,152446,623,1199,88799,0,0,521,275,65,0,0,0,1588.4113699999998,3963.596,0,
1308,112,779,6998,21,21,1004,0,0,7,2,0,0,0,0,26.370519999999996,181.94799999999998,0,
1309,144,842,7363,41,18,874,0,0,6,3,0,0,0,0,22.638619999999996,191.438,0,
1310,196,1107,10855,50,31,1776,0,0,10,6,2,0,0,0,39.70088,282.22999999999996,0,
1311,128,823,8085,26,24,1329,0,0,7,5,1,0,0,0,30.61527,210.20999999999998,0,
1312,199,1197,13081,34,51,2912,0,0,18,12,2,0,0,0,65.28855999999999,340.106,0,
1313,3000,9850,135635,154,487,33845,0,0,13,6,2,0,0,0,639.3223499999999,3526.5099999999998,0,
1314,162,1074,8978,50,23,1487,0,0,9,5,0,0,0,0,29.90081,233.428,0,
1315,226,1333,12361,90,42,2723,0,0,13,5,2,0,0,0,54.621489999999994,321.38599999999997,0,
1316,123,739,7346,38,14,659,0,0,2,1,1,0,0,0,17.553169999999998,190.99599999999998,0,
1317,75,462,4518,4,2,55,0,0,0,0,0,0,0,0,2.4046499999999997,117.46799999999999,0,
1318,113,743,6923,11,13,766,0,0,6,2,0,0,0,0,16.704579999999996,179.998,0,
1319,3000,13496,150481,532,1058,85444,0,0,518,273,62,0,0,0,1420.25772,3912.506,0,
1320,207,1195,11028,75,17,1450,0,0,4,2,1,0,0,0,23.0235,286.728,0,
1321,3000,14119,154144,647,1130,90701,0,0,548,278,68,0,0,0,1515.4436299999998,4007.7439999999997,0,
1322,399,2597,24256,146,112,7788,0,0,46,22,2,0,0,0,147.04244,630.656,0,
1323,3000,14390,155036,693,1122,76115,0,0,545,264,51,0,0,0,1468.04245,4030.9359999999997,0,
1324,281,1699,14593,73,42,2562,0,0,15,9,1,0,0,0,54.19805999999999,379.418,0,
1325,442,2587,26152,140,111,7346,0,0,40,22,6,0,0,0,144.74998,679.952,0,
1326,173,1050,10132,56,21,1254,0,0,8,1,0,0,0,0,27.028019999999998,263.43199999999996,0,
1327,218,1105,11171,42,22,1404,0,0,7,4,1,0,0,0,28.55252,290.44599999999997,0,
1328,324,1958,21399,31,91,5218,0,0,40,18,0,0,0,0,116.55333999999999,556.374,0,
1329,74,529,4648,5,3,152,0,0,1,1,0,0,0,0,3.78976,120.848,0,
1330,170,859,9056,16,21,1143,0,0,6,3,0,0,0,0,26.736089999999997,235.456,0,
1331,264,1247,13245,11,28,1820,0,0,6,2,0,0,0,0,36.42659999999999,344.37,0,
1332,157,898,9357,23,14,880,0,0,4,2,1,0,0,0,18.1344,243.28199999999998,0,
1333,588,2988,32798,176,99,8789,0,0,21,10,5,0,0,0,134.98506999999998,852.7479999999999,0,
1334,309,1735,19083,40,26,2374,0,0,10,5,1,0,0,0,35.623619999999995,496.15799999999996,0,
1335,3000,13003,151932,395,1086,78904,0,0,490,239,49,0,0,0,1434.6975199999997,3950.232,0,
1336,197,1158,11402,50,24,1194,0,0,7,2,0,0,0,0,30.260219999999997,296.452,0,
1337,169,1083,10012,78,32,1720,0,0,9,5,2,0,0,0,40.6836,260.312,0,
1338,300,1690,16999,98,48,3222,0,0,18,7,1,0,0,0,62.71386,441.974,0,
1339,3000,13835,150389,414,979,66073,0,0,454,221,51,0,0,0,1280.04199,3910.114,0,
1340,3000,14789,152314,669,1131,80041,0,0,511,259,57,0,0,0,1488.53783,3960.1639999999998,0,
1341,393,2322,22466,113,89,5862,0,0,38,17,4,0,0,0,115.98705999999999,584.116,0,
1342,434,2531,25447,75,83,5982,0,0,35,11,2,0,0,0,109.52265999999999,661.622,0,
1343,191,1163,11642,31,29,1950,0,0,13,8,2,0,0,0,37.8985,302.692,0,
1344,122,770,6865,38,17,672,0,0,5,3,0,0,0,0,20.977359999999997,178.48999999999998,0,
1345,188,868,9315,20,12,566,0,0,4,2,1,0,0,0,15.04858,242.19,0,
1346,3000,13659,153798,505,1098,86837,0,0,536,249,47,0,0,0,1469.1213099999998,3998.7479999999996,0,
1347,3000,13106,152270,362,1080,77559,0,0,508,261,68,0,0,0,1424.38017,3959.02,0,
1348,406,2522,25562,53,123,7180,0,0,50,25,2,0,0,0,157.87339999999998,664.612,0,
1349,406,2061,20341,76,65,4088,0,0,23,11,1,0,0,0,84.20143999999999,528.866,0,
1350,3000,13514,152386,608,1053,72876,0,0,507,245,44,0,0,0,1381.55388,3962.0359999999996,0,
1351,119,803,7372,14,16,1020,0,0,6,3,0,0,0,0,20.7626,191.672,0,
1352,183,972,8682,55,10,670,0,0,6,5,2,0,0,0,13.0621,225.732,0,
1353,3000,13864,152243,641,1119,80442,0,0,511,281,53,0,0,0,1476.03246,3958.3179999999998,0,
1354,161,1101,9894,21,31,1839,0,0,11,2,0,0,0,0,39.866569999999996,257.24399999999997,0,
1355,320,1975,20408,96,68,4678,0,0,32,14,2,0,0,0,89.14313999999999,530.608,0,
1356,438,2489,26379,80,91,6631,0,0,42,17,3,0,0,0,120.26952999999999,685.8539999999999,0,
1357,145,914,8359,18,27,1525,0,0,6,3,0,0,0,0,34.52075,217.334,0,
1358,222,1232,12892,71,43,2442,0,0,16,8,1,0,0,0,55.01246,335.192,0,
1359,123,817,7472,53,22,1240,0,0,5,1,1,0,0,0,28.121199999999998,194.272,0,
1360,79,534,4816,7,7,221,0,0,1,1,0,0,0,0,8.49123,125.216,0,
1361,260,1572,15831,63,46,2645,0,0,15,5,1,0,0,0,58.93635,411.606,0,
1362,143,864,8562,13,23,1159,0,0,9,2,0,0,0,0,29.038169999999997,222.612,0,
1363,234,1415,13843,90,34,2738,0,0,14,8,4,0,0,0,45.62094,359.918,0,
1364,200,1210,11896,91,27,1958,0,0,8,5,2,0,0,0,35.65954,309.296,0,
1365,114,690,6602,20,14,571,0,0,3,3,1,0,0,0,17.32173,171.652,0,
1366,70,456,4217,6,6,200,0,0,1,1,0,0,0,0,7.305999999999999,109.642,0,
1367,117,777,6639,71,19,1037,0,0,5,3,1,0,0,0,24.197309999999998,172.614,0,
1368,3000,13132,151778,404,1094,86977,0,0,538,258,65,0,0,0,1464.96951,3946.2279999999996,0,
1369,165,991,9844,9,13,666,0,0,3,2,1,0,0,0,16.44158,255.944,0,
1370,278,1680,16307,77,80,4423,0,0,28,16,3,0,0,0,102.03249,423.98199999999997,0,
1371,296,1776,18180,63,62,4100,0,0,28,12,3,0,0,0,80.84299999999999,472.67999999999995,0,
1372,75,509,4652,6,4,152,0,0,2,1,0,0,0,0,4.919759999999999,120.952,0,
1373,510,2919,32855,62,165,9738,0,0,67,36,2,0,0,0,212.06094,854.2299999999999,0,
1374,431,2559,25352,91,105,6718,0,0,43,16,2,0,0,0,136.31833999999998,659.1519999999999,0,
1375,3000,15011,158553,520,1131,88289,0,0,552,264,60,0,0,0,1510.23007,4122.378,0,
1376,3000,14903,154680,522,1085,75522,0,0,521,247,54,0,0,0,1424.67286,4021.68,0,
1377,304,1884,17771,93,73,4607,0,0,20,12,2,0,0,0,94.60641,462.046,0,
1378,191,1101,10461,67,24,1690,0,0,5,4,0,0,0,0,31.5647,271.986,0,
1379,271,1582,15117,116,49,4248,0,0,13,8,2,0,0,0,66.54223999999999,393.042,0,
1380,196,1066,10425,61,17,1075,0,0,5,2,1,0,0,0,22.037249999999997,271.05,0,
1381,3000,13736,154209,671,1098,84777,0,0,510,258,64,0,0,0,1463.7035099999998,4009.4339999999997,0,
1382,366,2422,21695,126,91,5847,0,0,37,19,1,0,0,0,118.20760999999999,564.0699999999999,0,
1383,3000,14996,153413,686,1095,82675,0,0,530,273,68,0,0,0,1454.78525,3988.738,0,
1384,368,2167,22017,55,93,6092,0,0,40,14,1,0,0,0,121.11195999999998,572.442,0,
1385,175,996,10022,20,31,1697,0,0,11,5,0,0,0,0,39.493109999999994,260.572,0,
1386,3000,13348,150273,400,1017,71332,0,0,489,245,68,0,0,0,1336.8131599999997,3907.098,0,
1387,320,1924,19378,41,81,4958,0,0,32,18,1,0,0,0,104.56953999999999,503.828,0,
1388,3000,13520,151124,609,1232,96460,0,0,527,271,68,0,0,0,1645.8498,3929.2239999999997,0,
1389,410,2405,23199,155,77,5218,0,0,32,22,5,0,0,0,100.73334,603.174,0,
1390,253,1447,13778,90,29,2378,0,0,12,7,3,0,0,0,39.024139999999996,358.228,0,
1391,3000,13821,150107,621,1026,74633,0,0,491,247,62,0,0,0,1355.6647899999998,3902.7819999999997,0,
1392,227,1581,14037,73,50,3025,0,0,17,9,0,0,0,0,64.45575,364.962,0,
1393,255,1437,14768,67,46,3026,0,0,12,7,2,0,0,0,59.938379999999995,383.96799999999996,0,
1394,165,992,10447,56,20,1508,0,0,8,5,2,0,0,0,26.566039999999997,271.622,0,
1395,320,1946,19362,91,78,4374,0,0,29,15,3,0,0,0,99.64361999999998,503.412,0,
1396,130,865,8338,15,22,1278,0,0,8,2,0,0,0,0,28.22114,216.78799999999998,0,
1397,365,1767,18499,52,60,4100,0,0,25,10,1,0,0,0,78.583,480.974,0,
1398,393,2339,24077,68,91,5602,0,0,41,14,1,0,0,0,117.56325999999999,626.002,0,
1399,111,673,6950,11,13,459,0,0,3,2,0,0,0,0,15.897169999999997,180.7,0,
1400,278,1865,17010,101,61,4513,0,0,26,10,3,0,0,0,80.79919,442.26,0,
1401,284,1762,17721,68,72,4456,0,0,29,20,1,0,0,0,93.07927999999998,460.746,0,
1402,276,1497,14052,87,36,3158,0,0,16,8,3,0,0,0,48.98553999999999,365.352,0,
1403,137,909,8656,33,25,1310,0,0,9,4,0,0,0,0,31.695299999999996,225.05599999999998,0,
1404,201,1223,12029,56,44,2346,0,0,14,7,1,0,0,0,55.88998,312.75399999999996,0,
1405,150,772,7613,54,10,460,0,0,3,2,1,0,0,0,12.509799999999998,197.938,0,
1406,176,1059,9516,66,30,1895,0,0,11,7,2,0,0,0,38.883849999999995,247.416,0,
1407,162,897,8698,48,21,967,0,0,4,1,1,0,0,0,26.273209999999995,226.148,0,
1408,207,1281,12498,79,52,4199,0,0,16,7,2,0,0,0,69.80336999999999,324.948,0,
1409,355,1928,21248,38,93,5353,0,0,39,18,2,0,0,0,119.16838999999999,552.448,0,
1410,123,717,7450,8,15,583,0,0,3,1,0,0,0,0,18.48329,193.7,0,
1411,85,576,5639,38,8,388,0,0,2,2,2,0,0,0,10.06044,146.614,0,
1412,324,1767,18944,83,79,4870,0,0,32,16,3,0,0,0,102.07809999999999,492.544,0,
1413,293,1785,18414,89,63,4076,0,0,24,17,3,0,0,0,81.90988,478.76399999999995,0,
1414,118,681,6774,9,10,527,0,0,3,2,0,0,0,0,12.68601,176.124,0,
1415,138,769,7774,36,16,824,0,0,5,2,1,0,0,0,20.24712,202.124,0,
1416,331,1985,21183,62,95,5339,0,0,38,20,2,0,0,0,121.39157,550.7579999999999,0,
1417,61,459,4325,6,4,67,0,0,1,1,0,0,0,0,4.69621,112.44999999999999,0,
1418,147,803,8428,44,21,883,0,0,5,4,2,0,0,0,26.052289999999996,219.128,0,
1419,197,1203,12158,49,43,2615,0,0,18,10,1,0,0,0,55.46745,316.108,0,
1420,213,1244,12356,47,49,2839,0,0,18,11,0,0,0,0,62.836569999999995,321.256,0,
1421,245,1444,15769,34,81,3806,0,0,29,17,1,0,0,0,101.53977999999998,409.99399999999997,0,
1422,108,706,6505,37,13,855,0,0,5,3,0,0,0,0,16.93865,169.13,0,
1423,261,1432,15906,29,63,3797,0,0,22,13,0,0,0,0,81.17611,413.556,0,
1424,415,2148,24471,73,107,6393,0,0,46,24,6,0,0,0,137.72358999999997,636.246,0,
1425,103,687,6615,12,19,708,0,0,5,2,0,0,0,0,23.33204,171.98999999999998,0,
1426,269,1696,16713,94,53,3293,0,0,23,10,3,0,0,0,68.55059,434.53799999999995,0,
1427,210,1126,11021,67,35,1931,0,0,9,6,2,0,0,0,44.62853,286.546,0,
1428,329,1947,20120,66,91,5253,0,0,37,14,0,0,0,0,116.64538999999998,523.12,0,
1429,414,1862,19668,85,38,3327,0,0,14,8,4,0,0,0,51.69001,511.368,0,
1430,158,836,8436,18,24,1333,0,0,9,5,0,0,0,0,30.62579,219.33599999999998,0,
1431,292,1624,17218,98,51,3387,0,0,22,13,2,0,0,0,66.53781,447.668,0,
1432,154,922,8989,49,12,794,0,0,5,4,2,0,0,0,15.648219999999998,233.714,0,
1433,3000,13855,151827,462,913,62253,0,0,384,195,45,0,0,0,1195.41539,3947.502,0,
1434,194,1223,10934,91,33,1749,0,0,7,3,1,0,0,0,41.88987,284.284,0,
1435,435,1892,20052,55,58,3865,0,0,25,10,0,0,0,0,75.70495,521.352,0,
1436,319,1936,19654,63,91,5432,0,0,36,18,1,0,0,0,117.11615999999998,511.00399999999996,0,
1437,108,673,6440,12,15,565,0,0,5,1,0,0,0,0,18.43595,167.44,0,
1438,408,2234,24911,78,134,8041,0,0,50,24,5,0,0,0,172.56783,647.6859999999999,0,
1439,3000,13426,153056,551,1110,88642,0,0,544,277,71,0,0,0,1487.4284599999999,3979.4559999999997,0,
1440,99,713,5866,36,10,549,0,0,4,3,0,0,0,0,12.74387,152.516,0,
1441,476,2449,25925,98,81,5772,0,0,34,16,3,0,0,0,106.71035999999998,674.05,0,
1442,186,961,10013,9,10,842,0,0,5,3,1,0,0,0,13.51446,260.33799999999997,0,
1443,357,1946,21841,53,95,5515,0,0,39,20,3,0,0,0,121.85445,567.866,0,
1444,356,2080,22368,78,104,5764,0,0,42,19,1,0,0,0,132.67932,581.568,0,
1445,3000,14772,154440,571,1110,89608,0,0,549,252,55,0,0,0,1489.96904,4015.4399999999996,0,
1446,380,2467,23318,82,100,6146,0,0,38,19,1,0,0,0,129.16397999999998,606.2679999999999,0,
1447,303,1673,17956,66,78,4241,0,0,30,19,3,0,0,0,99.29382999999999,466.856,0,
1448,261,1585,16017,89,59,3978,0,0,16,8,2,0,0,0,77.13213999999999,416.442,0,
1449,249,1448,15093,61,40,2630,0,0,15,5,1,0,0,0,52.116899999999994,392.418,0,
1450,242,1376,15131,35,56,3180,0,0,21,8,2,0,0,0,71.6434,393.406,0,
1451,3000,13515,149701,435,962,67473,0,0,403,202,49,0,0,0,1264.51399,3892.2259999999997,0,
1452,342,2087,20661,61,85,5931,0,0,40,19,3,0,0,0,111.64853,537.1859999999999,0,
1453,3000,14027,153708,637,1139,83851,0,0,539,285,65,0,0,0,1507.5981299999999,3996.408,0,
1454,104,712,6439,18,5,251,0,0,2,1,1,0,0,0,6.310129999999999,167.414,0,
1455,99,623,6000,7,6,275,0,0,0,0,0,0,0,0,7.5032499999999995,156,0,
1456,3000,14181,151012,648,1040,75710,0,0,504,252,69,0,0,0,1374.3172999999997,3926.312,0,
1457,420,2649,27106,33,140,7829,0,0,56,27,0,0,0,0,178.79027,704.756,0,
1458,154,919,9021,11,14,848,0,0,5,1,0,0,0,0,18.05024,234.546,0,
1459,165,943,9685,14,21,1042,0,0,7,3,1,0,0,0,26.470459999999996,251.81,0,
1460,253,1195,12957,25,17,1427,0,0,5,2,1,0,0,0,22.963009999999997,336.882,0,
1461,372,2204,22348,79,86,5792,0,0,38,21,2,0,0,0,112.41296,581.048,0,
1462,306,1758,18678,68,65,4490,0,0,25,13,3,0,0,0,85.25869999999999,485.628,0,
1463,285,1564,16675,59,54,3201,0,0,22,14,3,0,0,0,69.43862999999999,433.54999999999995,0,
1464,116,676,6928,5,10,404,0,0,3,0,0,0,0,0,12.362519999999998,180.128,0,
1465,471,2523,28454,56,114,7257,0,0,47,23,3,0,0,0,147.90591,739.804,0,
1466,98,564,5317,5,3,144,0,0,1,0,0,0,0,0,3.7687199999999996,138.242,0,
1467,3000,13875,151870,912,1076,76760,0,0,526,262,66,0,0,0,1417.7587999999998,3948.62,0,
1468,235,1351,12758,45,24,1474,0,0,6,3,2,0,0,0,30.996619999999997,331.70799999999997,0,
1469,177,1035,11657,25,14,1305,0,0,7,2,1,0,0,0,19.25215,303.082,0,
1470,182,1128,11025,51,27,1768,0,0,11,3,1,0,0,0,35.159839999999996,286.65,0,
1471,279,1308,13279,33,29,1957,0,0,10,6,2,0,0,0,37.916909999999994,345.25399999999996,0,
1472,147,942,9336,42,16,944,0,0,5,2,1,0,0,0,20.56272,242.736,0,
1473,119,577,5866,5,3,152,0,0,0,0,0,0,0,0,3.78976,152.516,0,
1474,133,791,8170,33,15,1066,0,0,7,4,1,0,0,0,19.75358,212.42,0,
1475,129,804,7975,10,26,1324,0,0,10,4,0,0,0,0,32.86212,207.35,0,
1476,221,1179,13106,28,41,2477,0,0,15,8,2,0,0,0,52.84451,340.756,0,
1477,185,1176,10930,51,30,2042,0,0,9,7,1,0,0,0,39.27046,284.18,0,
1478,285,1605,16770,45,49,3307,0,0,17,10,3,0,0,0,64.06741,436.02,0,
1479,169,1071,10738,45,37,1931,0,0,13,8,0,0,0,0,46.888529999999996,279.188,0,
1480,3000,14659,153671,697,1112,78029,0,0,522,268,60,0,0,0,1461.7762699999998,3995.446,0,
1481,3000,13947,152335,905,1083,92033,0,0,504,259,65,0,0,0,1465.8367899999998,3960.71,0,
1482,146,1061,8879,48,25,1407,0,0,10,3,1,0,0,0,31.950409999999998,230.85399999999998,0,
1483,359,2250,22429,78,77,5413,0,0,35,11,2,0,0,0,101.24618999999998,583.154,0,
1484,401,2548,24343,124,120,8131,0,0,47,20,5,0,0,0,156.98453,632.918,0,
1485,424,2587,25300,130,119,8082,0,0,47,30,7,0,0,0,155.72566,657.8,0,
1486,338,2028,20931,90,89,5501,0,0,34,13,1,0,0,0,115.03763,544.206,0,
1487,334,1844,20256,69,84,5183,0,0,29,17,3,0,0,0,108.55129,526.656,0,
1488,146,759,7042,10,10,586,0,0,5,2,0,0,0,0,12.84118,183.09199999999998,0,
1489,3000,13018,151198,549,1092,95950,0,0,523,251,58,0,0,0,1486.3084999999999,3931.1479999999997,0,
1490,299,1499,14051,89,23,1818,0,0,8,4,2,0,0,0,30.77134,365.32599999999996,0,
1491,309,1773,18338,73,77,4377,0,0,25,14,1,0,0,0,98.52150999999999,476.78799999999995,0,
1492,89,574,4740,9,7,231,0,0,1,1,0,0,0,0,8.517529999999999,123.24,0,
1493,131,943,8515,26,30,1401,0,0,11,5,1,0,0,0,37.58463,221.39,0,
1494,161,984,9413,43,25,1449,0,0,11,4,0,0,0,0,32.060869999999994,244.738,0,
1495,3000,15175,180674,349,910,77066,0,0,390,178,22,0,0,0,1230.98358,4697.523999999999,0,
1496,297,1784,17074,65,66,3736,0,0,20,11,2,0,0,0,84.40568,443.924,0,
1497,3000,13454,151507,543,965,65246,0,0,410,212,49,0,0,0,1262.0469799999998,3939.182,0,
1498,197,1185,11090,47,36,2107,0,0,9,5,3,0,0,0,46.22140999999999,288.34,0,
1499,136,893,8853,42,18,1168,0,0,5,3,1,0,0,0,23.411839999999998,230.178,0,
1500,162,705,7355,10,9,319,0,0,2,1,0,0,0,0,11.008969999999998,191.23,0,
1501,112,653,6590,6,7,400,0,0,3,1,0,0,0,0,8.962,171.34,0,
1502,176,885,10440,7,14,818,0,0,2,0,0,0,0,0,17.971339999999998,271.44,0,
1503,177,1064,11249,27,33,1789,0,0,11,8,2,0,0,0,41.99507,292.474,0,
1504,254,1284,14021,55,30,1829,0,0,8,4,1,0,0,0,38.71027,364.546,0,
1505,117,563,5732,5,5,110,0,0,0,0,0,0,0,0,5.939299999999999,149.03199999999998,0,
1506,152,852,8436,53,25,1183,0,0,9,4,1,0,0,0,31.361289999999997,219.33599999999998,0,
1507,251,1386,12871,84,38,2857,0,0,13,6,1,0,0,0,50.45391,334.64599999999996,0,
1508,135,802,7953,41,25,1275,0,0,7,3,1,0,0,0,31.603249999999996,206.778,0,
1509,133,809,8446,13,24,1426,0,0,8,3,0,0,0,0,30.870379999999997,219.596,0,
1510,215,1213,12469,75,35,2824,0,0,9,4,1,0,0,0,46.97712,324.19399999999996,0,
1511,113,598,6872,4,2,70,0,0,0,0,0,0,0,0,2.4440999999999997,178.672,0,
1512,164,879,9025,28,23,1570,0,0,8,5,2,0,0,0,30.1191,234.64999999999998,0,
1513,159,979,9479,56,38,2662,0,0,11,2,0,0,0,0,49.94106,246.45399999999998,0,
1514,165,879,8251,50,20,1322,0,0,5,5,3,0,0,0,26.076859999999996,214.52599999999998,0,
1515,132,819,7290,38,13,792,0,0,5,3,2,0,0,0,16.772959999999998,189.54,0,
1516,110,668,6593,33,12,499,0,0,4,3,0,0,0,0,14.872369999999998,171.41799999999998,0,
1517,99,584,5866,5,7,262,0,0,0,0,0,0,0,0,8.59906,152.516,0,
1518,147,841,8150,35,19,1178,0,0,7,5,0,0,0,0,24.56814,211.89999999999998,0,
1519,95,476,5003,2,1,22,0,0,0,0,0,0,0,0,1.18786,130.078,0,
1520,234,1004,11693,7,12,812,0,0,4,1,0,0,0,0,15.695559999999999,304.018,0,
1521,133,862,8174,46,21,1405,0,0,10,5,1,0,0,0,27.425149999999995,212.524,0,
1522,205,995,9632,38,18,1214,0,0,5,2,0,0,0,0,23.532819999999997,250.432,0,
1523,107,614,6668,8,5,190,0,0,1,1,0,0,0,0,6.149699999999999,173.368,0,
1524,146,812,8351,10,19,1259,0,0,9,3,0,0,0,0,24.78117,217.12599999999998,0,
1525,144,873,9276,49,23,1254,0,0,7,5,1,0,0,0,29.28802,241.176,0,
1526,184,923,9834,10,19,1217,0,0,8,1,0,0,0,0,24.67071,255.684,0,
1527,109,729,6762,54,20,1136,0,0,4,3,1,0,0,0,25.58768,175.81199999999998,0,
1528,132,768,7859,48,14,785,0,0,2,1,1,0,0,0,17.884549999999997,204.334,0,
1529,94,608,5833,7,9,442,0,0,5,1,0,0,0,0,11.332459999999998,151.658,0,
1530,156,890,9052,8,19,1174,0,0,7,1,0,0,0,0,24.55762,235.35199999999998,0,
1531,182,1118,10476,52,29,2045,0,0,13,7,1,0,0,0,38.14834999999999,272.376,0,
1532,270,1516,16461,49,50,3094,0,0,20,8,1,0,0,0,64.63721999999999,427.986,0,
1533,135,812,7742,63,27,1049,0,0,5,4,1,0,0,0,33.26887,201.292,0,
1534,183,1043,11530,40,39,1955,0,0,12,7,2,0,0,0,49.21164999999999,299.78,0,
1535,326,1731,19968,35,78,4898,0,0,27,11,1,0,0,0,101.02174,519.168,0,
1536,171,1030,10765,40,41,2021,0,0,16,11,3,0,0,0,51.64523,279.89,0,
1537,123,763,7667,34,7,273,0,0,1,0,0,0,0,0,8.627989999999999,199.34199999999998,0,
1538,151,873,9830,9,26,1146,0,0,8,1,0,0,0,0,32.39398,255.57999999999998,0,
1539,92,533,5261,5,11,339,0,0,1,0,0,0,0,0,13.32157,136.786,0,
1540,183,1117,11149,62,45,2791,0,0,12,8,2,0,0,0,58.190329999999996,289.87399999999997,0,
1541,172,980,10422,26,31,1917,0,0,8,4,1,0,0,0,40.071709999999996,270.972,0,
1542,127,802,7846,68,27,1214,0,0,6,5,3,0,0,0,33.702819999999996,203.99599999999998,0,
1543,174,903,9629,33,28,1963,0,0,7,4,1,0,0,0,36.80269,250.35399999999998,0,
1544,309,1470,17181,71,31,2347,0,0,10,8,2,0,0,0,41.20260999999999,446.70599999999996,0,
1545,162,910,10012,45,27,1526,0,0,7,2,1,0,0,0,34.523379999999996,260.312,0,
1546,87,464,4971,4,4,67,0,0,1,1,0,0,0,0,4.69621,129.24599999999998,0,
1547,148,891,9428,41,28,1588,0,0,12,7,0,0,0,0,35.81644,245.128,0,
1548,160,918,9103,42,23,1321,0,0,8,4,1,0,0,0,29.464229999999997,236.678,0,
1549,188,1163,11487,67,44,2494,0,0,14,8,2,0,0,0,56.279219999999995,298.662,0,
1550,141,753,7896,20,19,797,0,0,3,2,1,0,0,0,23.56611,205.296,0,
1551,297,1561,16606,43,28,2158,0,0,8,3,1,0,0,0,37.31554,431.756,0,
1552,109,702,6399,40,11,540,0,0,4,3,1,0,0,0,13.8502,166.374,0,
1553,146,779,8342,16,27,1204,0,0,8,4,0,0,0,0,33.67652,216.892,0,
1554,82,517,4696,31,5,256,0,0,1,1,0,0,0,0,6.32328,122.09599999999999,0,
1555,186,1070,10996,46,41,2232,0,0,13,9,2,0,0,0,52.20016,285.896,0,
1556,182,954,10110,23,33,1862,0,0,10,5,1,0,0,0,42.18706,262.86,0,
1557,180,896,9357,60,16,1091,0,0,5,4,3,0,0,0,20.94933,243.28199999999998,0,
1558,103,657,6175,49,15,840,0,0,3,2,1,0,0,0,19.1592,160.54999999999998,0,
1559,201,1164,11681,45,44,2608,0,0,17,8,0,0,0,0,56.57904,303.70599999999996,0,
1560,155,697,8217,7,10,255,0,0,1,1,0,0,0,0,11.97065,213.642,0,
1561,106,583,6398,28,5,206,0,0,1,1,0,0,0,0,6.19178,166.34799999999998,0,
1562,99,551,6021,7,8,352,0,0,3,0,0,0,0,0,9.96576,156.546,0,
1563,160,978,10084,45,33,1681,0,0,10,3,1,0,0,0,41.71103,262.18399999999997,0,
1564,241,1260,13119,59,27,2105,0,0,7,4,2,0,0,0,36.04615,341.094,0,
1565,132,690,7509,10,8,460,0,0,1,1,0,0,0,0,10.249799999999999,195.23399999999998,0,
1566,120,747,8344,50,12,582,0,0,4,3,1,0,0,0,15.090659999999998,216.944,0,
1567,135,577,5716,5,4,138,0,0,1,0,0,0,0,0,4.88294,148.61599999999999,0,
1568,239,1309,13467,89,34,2801,0,0,13,6,3,0,0,0,45.786629999999995,350.142,0,
1569,258,1440,15001,63,46,2878,0,0,19,12,4,0,0,0,59.549139999999994,390.026,0,
1570,107,588,6474,7,5,196,0,0,2,0,0,0,0,0,6.16548,168.32399999999998,0,
1571,273,1425,15582,62,33,2344,0,0,9,5,3,0,0,0,43.45472,405.132,0,
1572,137,929,8357,70,27,1507,0,0,9,5,1,0,0,0,34.47341,217.28199999999998,0,
1573,108,701,6522,57,12,618,0,0,4,3,1,0,0,0,15.185339999999998,169.572,0,
1574,90,606,5417,35,14,685,0,0,2,1,1,0,0,0,17.62155,140.84199999999998,0,
1575,192,1086,11361,45,28,1511,0,0,10,4,0,0,0,0,35.613929999999996,295.38599999999997,0,
1576,145,865,8875,15,26,1689,0,0,10,6,0,0,0,0,33.82207,230.75,0,
1577,232,1329,13513,56,47,2857,0,0,15,6,0,0,0,0,60.623909999999995,351.33799999999997,0,
1578,148,774,8823,19,13,608,0,0,2,2,2,0,0,0,16.289039999999996,229.398,0,
1579,192,1103,11862,14,38,2060,0,0,14,6,0,0,0,0,48.3578,308.412,0,
1580,175,938,10230,71,19,1333,0,0,6,4,3,0,0,0,24.97579,265.97999999999996,0,
1581,168,890,8773,18,26,1457,0,0,7,6,1,0,0,0,33.211909999999996,228.09799999999998,0,
1582,188,1101,11738,16,32,1871,0,0,13,5,0,0,0,0,41.080729999999996,305.188,0,
1583,148,882,9511,41,34,1439,0,0,9,7,0,0,0,0,42.20457,247.286,0,
1584,160,853,8702,10,19,1184,0,0,6,4,0,0,0,0,24.58392,226.25199999999998,0,
1585,104,642,6251,15,16,807,0,0,5,4,1,0,0,0,20.202409999999997,162.52599999999998,0,
1586,191,1019,10418,54,27,1380,0,0,9,5,1,0,0,0,34.139399999999995,270.868,0,
1587,128,749,7164,36,15,511,0,0,3,3,0,0,0,0,18.29393,186.26399999999998,0,
1588,116,695,6982,52,14,556,0,0,2,2,1,0,0,0,17.28228,181.53199999999998,0,
1589,169,1047,10373,44,37,2020,0,0,15,7,1,0,0,0,47.12259999999999,269.698,0,
1590,128,665,6348,6,5,360,0,0,2,1,0,0,0,0,6.596799999999999,165.048,0,
1591,114,658,6216,35,15,575,0,0,4,2,0,0,0,0,18.462249999999997,161.61599999999999,0,
1592,152,964,9638,68,24,1892,0,0,7,3,1,0,0,0,32.09596,250.588,0,
1593,181,1060,10842,80,43,2156,0,0,13,8,3,0,0,0,54.260279999999995,281.892,0,
1594,103,614,6741,35,4,244,0,0,2,2,1,0,0,0,5.16172,175.266,0,
1595,134,776,8527,9,22,1087,0,0,8,2,0,0,0,0,27.718809999999998,221.702,0,
1596,138,789,8118,40,30,1412,0,0,9,6,1,0,0,0,37.61356,211.06799999999998,0,
1597,122,567,6007,6,3,132,0,0,1,1,0,0,0,0,3.73716,156.182,0,
1598,113,657,6255,37,13,827,0,0,4,1,0,0,0,0,16.865009999999998,162.63,0,
1599,178,1134,10801,80,35,2345,0,0,12,5,1,0,0,0,45.717349999999996,280.82599999999996,0,
1600,233,1128,11851,20,23,1561,0,0,6,3,1,0,0,0,30.09543,308.126,0,
1601,90,497,5449,4,3,133,0,0,1,1,0,0,0,0,3.7397899999999997,141.674,0,
1602,242,1086,12371,58,34,2533,0,0,11,5,1,0,0,0,45.08179,321.64599999999996,0,
1603,209,1172,11911,48,41,2487,0,0,16,9,2,0,0,0,52.87081,309.686,0,
1604,100,632,6615,9,10,471,0,0,5,1,0,0,0,0,12.53873,171.98999999999998,0,
1605,154,789,8710,7,13,873,0,0,5,1,0,0,0,0,16.985989999999997,226.45999999999998,0,
1606,214,1196,13210,64,24,1729,0,0,8,5,3,0,0,0,31.66727,343.46,0,
1607,116,777,7544,53,19,1128,0,0,7,5,1,0,0,0,24.436639999999997,196.14399999999998,0,
1608,172,960,10010,71,20,1473,0,0,6,4,2,0,0,0,26.473989999999997,260.26,0,
1609,108,672,6401,31,13,734,0,0,5,3,1,0,0,0,16.62042,166.426,0,
1610,166,957,9186,75,18,1358,0,0,6,4,1,0,0,0,23.911539999999995,238.83599999999998,0,
1611,249,1273,15345,23,55,2880,0,0,22,10,1,0,0,0,69.72439999999999,398.96999999999997,0,
1612,117,706,7026,39,13,713,0,0,5,1,0,0,0,0,16.565189999999998,182.676,0,
1613,182,935,10666,12,20,1197,0,0,4,2,1,0,0,0,25.748109999999997,277.316,0,
1614,158,827,9416,34,10,502,0,0,2,1,1,0,0,0,12.620259999999998,244.816,0,
1615,130,680,7698,14,8,333,0,0,2,2,1,0,0,0,9.91579,200.148,0,
1616,198,1089,11470,49,36,1759,0,0,13,9,1,0,0,0,45.306169999999995,298.21999999999997,0,
1617,411,2249,23488,127,78,5406,0,0,31,14,3,0,0,0,102.35777999999999,610.688,0,
1618,269,1337,15084,26,42,2639,0,0,5,3,0,0,0,0,54.400569999999995,392.18399999999997,0,
1619,64,437,4240,5,2,53,0,0,1,1,0,0,0,0,2.39939,110.24,0,
1620,181,1185,12021,61,36,2503,0,0,14,8,0,0,0,0,47.26288999999999,312.546,0,
1621,206,1152,11480,20,44,2338,0,0,15,8,0,0,0,0,55.868939999999995,298.47999999999996,0,
1622,164,913,10067,38,17,1101,0,0,7,3,0,0,0,0,22.105629999999998,261.74199999999996,0,
1623,201,1273,12258,55,42,2555,0,0,16,9,0,0,0,0,54.179649999999995,318.70799999999997,0,
1624,137,841,7645,48,16,947,0,0,4,2,2,0,0,0,20.57061,198.76999999999998,0,
1625,162,890,8889,11,27,1359,0,0,11,5,0,0,0,0,34.08417,231.11399999999998,0,
1626,149,911,9401,52,28,1893,0,0,8,3,1,0,0,0,36.61859,244.426,0,
1627,123,555,5783,5,2,58,0,0,1,1,0,0,0,0,2.41254,150.358,0,
1628,173,743,7945,7,12,446,0,0,2,2,1,0,0,0,14.732979999999998,206.57,0,
1629,151,907,8968,43,28,1550,0,0,10,6,1,0,0,0,35.716499999999996,233.16799999999998,0,
1630,135,694,7296,9,10,551,0,0,3,0,0,0,0,0,12.74913,189.696,0,
1631,333,1459,15619,56,28,1600,0,0,8,4,1,0,0,0,35.848,406.094,0,
1632,173,970,9725,44,29,1738,0,0,10,3,0,0,0,0,37.340939999999996,252.85,0,
1633,136,947,8502,70,33,1625,0,0,10,4,1,0,0,0,41.56375,221.052,0,
1634,139,812,7928,23,27,1600,0,0,8,7,1,0,0,0,34.717999999999996,206.128,0,
1635,135,666,6850,7,9,406,0,0,3,1,0,0,0,0,11.237779999999997,178.1,0,
1636,105,566,5852,5,5,376,0,0,2,0,0,0,0,0,6.6388799999999994,152.152,0,
1637,111,686,7263,33,15,712,0,0,6,3,0,0,0,0,18.82256,188.838,0,
1638,157,699,7307,4,10,506,0,0,4,1,0,0,0,0,12.63078,189.982,0,
1639,163,901,8749,62,30,1739,0,0,10,6,3,0,0,0,38.473569999999995,227.474,0,
1640,118,619,6144,7,9,383,0,0,2,0,0,0,0,0,11.177289999999998,159.744,0,
1641,110,574,6147,15,11,390,0,0,1,1,1,0,0,0,13.4557,159.822,0,
1642,81,438,4637,2,3,136,0,0,0,0,0,0,0,0,3.74768,120.562,0,
1643,112,621,6657,5,9,456,0,0,3,0,0,0,0,0,11.369279999999998,173.082,0,
1644,116,683,6474,47,15,945,0,0,4,2,1,0,0,0,19.43535,168.32399999999998,0,
1645,266,1438,15434,93,33,2369,0,0,13,5,1,0,0,0,43.520469999999996,401.284,0,
1646,124,772,7455,47,19,1229,0,0,5,4,2,0,0,0,24.70227,193.82999999999998,0,
1647,256,1134,12299,25,37,2615,0,0,8,3,0,0,0,0,48.68745,319.774,0,
1648,148,868,8633,31,24,1267,0,0,9,8,1,0,0,0,30.452209999999997,224.458,0,
1649,248,1215,12989,21,30,1846,0,0,12,5,2,0,0,0,38.754979999999996,337.714,0,
1650,114,576,5807,6,7,213,0,0,0,0,0,0,0,0,8.470189999999999,150.982,0,
1651,78,485,4565,8,7,315,0,0,1,1,0,0,0,0,8.738449999999998,118.69,0,
1652,140,652,6829,6,6,386,0,0,3,2,1,0,0,0,7.795179999999999,177.554,0,
1653,125,623,6880,10,13,401,0,0,2,0,0,0,0,0,15.744629999999997,178.88,0,
1654,141,780,7853,33,19,1200,0,0,9,4,0,0,0,0,24.625999999999998,204.178,0,
1655,84,470,4454,5,6,136,0,0,0,0,0,0,0,0,7.13768,115.80399999999999,0,
1656,153,741,7918,6,8,644,0,0,4,2,0,0,0,0,10.733719999999998,205.868,0,
1657,178,955,9071,75,27,1902,0,0,5,2,1,0,0,0,35.51226,235.84599999999998,0,
1658,116,541,5428,6,6,208,0,0,0,0,0,0,0,0,7.327039999999999,141.128,0,
1659,205,984,11052,12,21,1370,0,0,6,2,0,0,0,0,27.333099999999998,287.352,0,
1660,103,583,5614,5,13,590,0,0,4,2,0,0,0,0,16.241699999999998,145.964,0,
1661,161,900,9618,19,29,1610,0,0,9,3,0,0,0,0,37.00429999999999,250.06799999999998,0,
1662,144,861,8755,36,22,1250,0,0,9,4,1,0,0,0,28.1475,227.63,0,
1663,95,543,5262,6,5,352,0,0,3,1,0,0,0,0,6.57576,136.81199999999998,0,
1664,157,800,7959,15,12,925,0,0,5,1,0,0,0,0,15.99275,206.934,0,
1665,124,576,5894,3,2,78,0,0,1,0,0,0,0,0,2.46514,153.244,0,
1666,114,731,7351,57,21,736,0,0,5,2,1,0,0,0,25.66568,191.126,0,
1667,159,958,9180,63,22,1238,0,0,8,3,1,0,0,0,28.11594,238.67999999999998,0,
1668,228,1420,13486,65,53,3574,0,0,21,9,1,0,0,0,69.28962,350.63599999999997,0,
1669,173,1031,10265,47,27,1643,0,0,11,6,0,0,0,0,34.831089999999996,266.89,0,
1670,124,682,6839,15,9,307,0,0,1,1,1,0,0,0,10.977409999999999,177.814,0,
1671,314,1591,17555,56,48,3401,0,0,19,9,3,0,0,0,63.18463,456.43,0,
1672,81,485,4569,4,3,88,0,0,1,1,0,0,0,0,3.6214399999999998,118.794,0,
1673,207,1110,11891,50,19,1146,0,0,4,4,1,0,0,0,24.48398,309.166,0,
1674,72,444,4221,5,6,108,0,0,1,1,0,0,0,0,7.064039999999999,109.746,0,
1675,184,963,9856,61,21,1461,0,0,5,3,2,0,0,0,27.572429999999997,256.256,0,
1676,209,1006,11313,12,19,1145,0,0,6,0,0,0,0,0,24.48135,294.138,0,
1677,190,1128,11208,69,28,1606,0,0,9,5,2,0,0,0,35.86378,291.40799999999996,0,
1678,82,533,5357,6,9,272,0,0,3,0,0,0,0,0,10.885359999999999,139.28199999999998,0,
1679,223,1060,11529,28,31,2858,0,0,11,3,1,0,0,0,42.54653999999999,299.75399999999996,0,
1680,208,1223,11967,72,51,3601,0,0,18,10,1,0,0,0,67.10063,311.142,0,
1681,185,1102,11430,44,30,1563,0,0,8,4,0,0,0,0,38.01069,297.18,0,
1682,343,1185,13335,34,15,813,0,0,5,5,1,0,0,0,19.088189999999997,346.71,0,
1683,89,542,5155,7,9,431,0,0,4,0,0,0,0,0,11.303529999999999,134.03,0,
1684,167,975,9913,49,31,1803,0,0,10,4,1,0,0,0,39.77188999999999,257.738,0,
1685,172,1030,10538,40,32,1598,0,0,10,4,0,0,0,0,40.362739999999995,273.988,0,
1686,133,790,8072,27,26,1124,0,0,8,4,3,0,0,0,32.336119999999994,209.87199999999999,0,
1687,180,995,10812,19,27,1751,0,0,9,3,2,0,0,0,35.11513,281.11199999999997,0,
1688,105,534,5827,3,2,66,0,0,1,0,0,0,0,0,2.4335799999999996,151.50199999999998,0,
1689,182,1014,11238,71,22,1490,0,0,9,6,3,0,0,0,28.7787,292.188,0,
1690,218,1335,12939,96,40,2689,0,0,15,8,3,0,0,0,52.27207,336.414,0,
1691,177,862,9478,17,13,514,0,0,2,2,1,0,0,0,16.041819999999998,246.428,0,
1692,165,877,8945,35,23,1294,0,0,8,4,1,0,0,0,29.39322,232.57,0,
1693,80,483,5208,4,2,69,0,0,1,0,0,0,0,0,2.44147,135.408,0,
1694,187,851,9643,14,18,910,0,0,3,0,0,0,0,0,22.733299999999996,250.718,0,
1695,122,650,7206,5,5,154,0,0,1,1,0,0,0,0,6.05502,187.356,0,
1696,148,803,7612,60,15,1033,0,0,4,3,2,0,0,0,19.66679,197.91199999999998,0,
1697,126,634,7230,15,8,315,0,0,2,1,1,0,0,0,9.86845,187.98,0,
1698,107,645,6031,55,16,954,0,0,3,3,1,0,0,0,20.589019999999998,156.80599999999998,0,
1699,113,689,7652,33,14,597,0,0,6,3,1,0,0,0,17.39011,198.952,0,
1700,237,963,10461,16,23,966,0,0,5,3,0,0,0,0,28.530579999999997,271.986,0,
1701,159,906,9675,57,20,1186,0,0,5,4,1,0,0,0,25.719179999999998,251.54999999999998,0,
1702,184,1086,10677,86,35,2242,0,0,12,5,2,0,0,0,45.446459999999995,277.602,0,
1703,160,866,8439,39,18,1102,0,0,7,5,0,0,0,0,23.238259999999997,219.414,0,
1704,134,787,7676,17,18,1066,0,0,7,3,1,0,0,0,23.143579999999996,199.576,0,
1705,130,702,7901,6,15,595,0,0,3,1,0,0,0,0,18.51485,205.426,0,
1706,140,788,7838,38,12,741,0,0,4,2,0,0,0,0,15.50883,203.78799999999998,0,
1707,75,451,4364,3,2,47,0,0,0,0,0,0,0,0,2.38361,113.464,0,
1708,129,654,7183,5,9,378,0,0,2,1,0,0,0,0,11.164139999999998,186.75799999999998,0,
1709,158,721,7748,5,17,533,0,0,2,0,0,0,0,0,20.611789999999996,201.44799999999998,0,
1710,173,948,10042,38,20,1317,0,0,9,4,0,0,0,0,26.063709999999997,261.092,0,
1711,135,710,7249,7,18,652,0,0,2,0,0,0,0,0,22.054759999999995,188.474,0,
1712,130,637,6991,5,10,442,0,0,2,0,0,0,0,0,12.462459999999998,181.766,0,
1713,168,849,9542,16,12,676,0,0,3,1,1,0,0,0,15.337879999999998,248.09199999999998,0,
1714,147,881,8526,67,27,1946,0,0,6,4,2,0,0,0,35.62798,221.676,0,
1715,160,928,9576,37,26,1403,0,0,10,4,0,0,0,0,33.069889999999994,248.976,0,
1716,143,747,8121,10,10,567,0,0,3,2,0,0,0,0,12.79121,211.146,0,
1717,74,455,4527,5,6,162,0,0,0,0,0,0,0,0,7.206059999999999,117.702,0,
1718,90,462,4763,2,1,46,0,0,0,0,0,0,0,0,1.25098,123.838,0,
1719,177,972,10364,60,27,1774,0,0,14,4,0,0,0,0,35.175619999999995,269.464,0,
1720,122,642,7298,9,14,539,0,0,3,1,0,0,0,0,17.237569999999998,189.748,0,
1721,188,1082,11128,55,40,2324,0,0,12,4,1,0,0,0,51.31211999999999,289.328,0,
1722,99,595,6042,6,13,498,0,0,4,1,0,0,0,0,15.999739999999997,157.09199999999998,0,
1723,113,685,7014,38,13,628,0,0,5,4,1,0,0,0,16.341639999999998,182.364,0,
1724,278,1477,16889,35,56,3311,0,0,19,9,0,0,0,0,71.98792999999999,439.114,0,
1725,125,655,6859,29,6,216,0,0,2,2,0,0,0,0,7.3480799999999995,178.334,0,
1726,249,1203,12904,62,30,1641,0,0,13,5,1,0,0,0,38.21583,335.50399999999996,0,
1727,134,800,7393,34,15,1061,0,0,7,4,0,0,0,0,19.74043,192.218,0,
1728,149,799,8278,32,17,842,0,0,6,3,0,0,0,0,21.424459999999996,215.22799999999998,0,
1729,118,663,6148,42,13,577,0,0,2,1,0,0,0,0,16.20751,159.84799999999998,0,
1730,93,500,5289,4,3,118,0,0,0,0,0,0,0,0,3.7003399999999997,137.51399999999998,0,
1731,99,628,5789,38,13,727,0,0,3,2,1,0,0,0,16.602009999999996,150.51399999999998,0,
1732,114,690,6678,33,15,768,0,0,4,1,1,0,0,0,18.969839999999998,173.628,0,
1733,126,704,7561,15,11,483,0,0,3,3,2,0,0,0,13.700289999999999,196.58599999999998,0,
1734,77,449,4471,3,2,94,0,0,0,0,0,0,0,0,2.50722,116.246,0,
1735,184,915,9981,23,33,1567,0,0,4,3,0,0,0,0,41.41121,259.506,0,
1736,141,764,7867,36,13,797,0,0,6,3,0,0,0,0,16.786109999999997,204.542,0,
1737,96,586,5689,4,9,436,0,0,4,1,0,0,0,0,11.316679999999998,147.914,0,
1738,78,493,4659,32,10,406,0,0,1,1,1,0,0,0,12.36778,121.134,0,
1739,98,534,5784,5,7,236,0,0,1,1,0,0,0,0,8.530679999999998,150.384,0,
1740,81,478,5382,2,2,74,0,0,0,0,0,0,0,0,2.45462,139.932,0,
1741,110,646,6320,14,23,995,0,0,6,2,0,0,0,0,28.606849999999998,164.32,0,
1742,193,869,9469,9,22,1083,0,0,5,0,0,0,0,0,27.708289999999998,246.194,0,
1743,220,994,11466,17,16,1140,0,0,3,3,2,0,0,0,21.0782,298.116,0,
1744,137,832,8000,67,21,1485,0,0,6,4,3,0,0,0,27.635549999999995,208,0,
1745,123,729,7406,37,11,510,0,0,4,2,0,0,0,0,13.7713,192.55599999999998,0,
1746,242,1464,15685,68,64,3454,0,0,23,12,1,0,0,0,81.40401999999999,407.81,0,
1747,126,681,7121,5,5,345,0,0,2,1,0,0,0,0,6.55735,185.146,0,
1748,125,615,6079,27,5,217,0,0,1,1,0,0,0,0,6.2207099999999995,158.054,0,
1749,167,1024,9998,58,27,1576,0,0,8,6,2,0,0,0,34.65488,259.948,0,
1750,100,628,6225,31,5,293,0,0,3,3,1,0,0,0,6.42059,161.85,0,
1751,153,919,8935,44,22,1232,0,0,8,3,0,0,0,0,28.10016,232.31,0,
1752,256,1422,14440,65,48,3239,0,0,13,6,1,0,0,0,62.75856999999999,375.44,0,
1753,346,2144,22456,103,69,4612,0,0,32,14,4,0,0,0,90.09956,583.856,0,
1754,3000,14381,151487,632,1086,77733,0,0,508,263,58,0,0,0,1431.6177899999998,3938.662,0,
1755,404,2478,25579,89,116,6165,0,0,43,22,4,0,0,0,147.29395,665.054,0,
1756,306,1694,18633,28,50,2890,0,0,19,7,1,0,0,0,64.10069999999999,484.45799999999997,0,
1757,487,2939,30125,80,125,7577,0,0,49,21,2,0,0,0,161.17750999999998,783.25,0,
1758,3000,10843,136818,184,505,34159,0,0,13,5,3,0,0,0,660.48817,3557.268,0,
1759,284,1845,16672,75,47,3372,0,0,19,8,1,0,0,0,61.978359999999995,433.472,0,
1760,365,2128,24338,53,127,6314,0,0,45,28,1,0,0,0,160.11581999999999,632.788,0,
1761,3000,13862,149726,466,959,63734,0,0,402,199,36,0,0,0,1251.2904199999998,3892.8759999999997,0,
1762,175,1105,10528,26,24,1121,0,0,5,4,2,0,0,0,30.068229999999996,273.728,0,
1763,3000,14636,152660,834,1191,80179,0,0,519,260,49,0,0,0,1556.70077,3969.16,0,
1764,3000,16043,178265,466,960,74798,0,0,406,208,12,0,0,0,1281.51874,4634.889999999999,0,
1765,522,3010,33184,44,169,9534,0,0,62,30,0,0,0,0,216.04441999999997,862.784,0,
1766,252,1340,13964,16,46,2435,0,0,18,6,0,0,0,0,58.384049999999995,363.06399999999996,0,
1767,196,963,11448,13,11,863,0,0,4,3,0,0,0,0,14.69969,297.64799999999997,0,
1768,139,833,8104,38,14,636,0,0,6,3,1,0,0,0,17.49268,210.70399999999998,0,
1769,3000,13890,151878,625,1064,86794,0,0,534,262,56,0,0,0,1430.5882199999999,3948.828,0,
1770,3000,14011,156833,546,1131,76869,0,0,544,258,55,0,0,0,1480.19547,4077.658,0,
1771,3000,14346,149412,730,1074,89882,0,0,532,283,77,0,0,0,1450.00966,3884.712,0,
1772,282,1916,16959,104,55,3361,0,0,23,15,3,0,0,0,70.98943,440.93399999999997,0,
1773,227,1031,11703,12,17,848,0,0,3,2,0,0,0,0,21.440239999999996,304.27799999999996,0,
1774,259,1538,15782,63,47,3178,0,0,17,9,0,0,0,0,61.46813999999999,410.332,0,
1775,3000,15067,150843,629,1060,86224,0,0,513,265,72,0,0,0,1424.5691199999999,3921.9179999999997,0,
1776,3000,14118,148458,529,913,63876,0,0,403,206,46,0,0,0,1199.6838799999998,3859.908,0,
1777,146,979,9109,24,10,707,0,0,5,5,2,0,0,0,13.15941,236.834,0,
1778,270,1510,14775,76,52,2842,0,0,16,8,2,0,0,0,66.23445999999998,384.15,0,
1779,200,1080,11016,41,24,1532,0,0,10,5,2,0,0,0,31.14916,286.416,0,
1780,283,1629,16945,67,36,3152,0,0,17,4,1,0,0,0,48.969759999999994,440.57,0,
1781,184,1158,10689,81,39,2501,0,0,12,5,2,0,0,0,50.64762999999999,277.914,0,
1782,229,1426,13264,83,48,2929,0,0,13,7,2,0,0,0,61.94327,344.864,0,
1783,109,706,6023,41,16,788,0,0,4,2,0,0,0,0,20.15244,156.59799999999998,0,
1784,492,2578,28717,74,108,7258,0,0,45,20,2,0,0,0,141.12854,746.6419999999999,0,
1785,122,774,7425,12,11,854,0,0,4,2,0,0,0,0,14.67602,193.04999999999998,0,
1786,3000,13600,152062,633,1048,79956,0,0,502,250,55,0,0,0,1394.5242799999999,3953.6119999999996,0,
1787,119,720,6586,14,15,727,0,0,5,3,0,0,0,0,18.862009999999998,171.236,0,
1788,105,746,5932,38,15,672,0,0,2,1,0,0,0,0,18.71736,154.232,0,
1789,200,946,9320,38,11,633,0,0,2,2,0,0,0,0,14.09479,242.32,0,
1790,336,2144,21330,94,95,5252,0,0,36,17,1,0,0,0,121.16275999999999,554.5799999999999,0,
1791,153,913,8631,39,16,1105,0,0,6,5,1,0,0,0,20.98615,224.40599999999998,0,
1792,155,839,7945,39,16,718,0,0,4,1,0,0,0,0,19.968339999999998,206.57,0,
1793,3000,13234,153887,421,1129,82615,0,0,540,272,60,0,0,0,1493.04745,4001.062,0,
1794,125,849,7449,34,15,698,0,0,6,4,0,0,0,0,18.78574,193.67399999999998,0,
1795,154,999,9286,69,24,1271,0,0,7,3,1,0,0,0,30.462729999999997,241.43599999999998,0,
1796,513,2896,31260,69,150,9640,0,0,63,35,3,0,0,0,194.85319999999996,812.76,0,
1797,125,909,7882,48,24,1356,0,0,9,4,0,0,0,0,30.686279999999996,204.932,0,
1798,435,2366,26069,50,111,6942,0,0,47,24,1,0,0,0,143.68746,677.794,0,
1799,263,1349,14525,54,29,2468,0,0,9,2,1,0,0,0,39.260839999999995,377.65,0,
1800,475,2910,29162,130,123,7911,0,0,49,22,4,0,0,0,159.79592999999997,758.212,0,
1801,3000,14735,154852,642,1141,79792,0,0,535,269,53,0,0,0,1499.1829599999999,4026.1519999999996,0,
1802,213,1249,11235,73,25,1889,0,0,10,6,4,0,0,0,33.21807,292.11,0,
1803,428,2294,27296,42,109,6644,0,0,43,15,2,0,0,0,140.64371999999997,709.6959999999999,0,
1804,198,960,10964,12,13,788,0,0,4,3,1,0,0,0,16.762439999999998,285.06399999999996,0,
1805,380,2213,22298,110,100,7177,0,0,35,17,3,0,0,0,131.87551,579.7479999999999,0,
1806,250,1337,13608,66,36,2307,0,0,11,4,1,0,0,0,46.747409999999995,353.808,0,
1807,171,926,9562,22,25,1425,0,0,10,5,0,0,0,0,31.997749999999996,248.612,0,
1808,111,692,6704,34,14,766,0,0,6,3,1,0,0,0,17.83458,174.304,0,
1809,185,956,10353,9,18,1040,0,0,3,2,1,0,0,0,23.075199999999995,269.178,0,
1810,219,1244,12349,55,39,2081,0,0,15,6,0,0,0,0,49.543029999999995,321.074,0,
1811,3000,14418,152006,817,1077,90887,0,0,524,281,72,0,0,0,1456.04281,3952.156,0,
1812,185,1143,10062,79,25,1612,0,0,7,5,2,0,0,0,32.48956,261.61199999999997,0,
1813,197,1076,10538,63,22,1717,0,0,6,3,1,0,0,0,29.375709999999998,273.988,0,
1814,210,898,8756,31,11,566,0,0,6,1,0,0,0,0,13.91858,227.65599999999998,0,
1815,220,1101,12942,10,16,1319,0,0,5,1,1,0,0,0,21.548969999999997,336.49199999999996,0,
1816,3000,13926,152956,506,1032,70263,0,0,504,257,66,0,0,0,1350.9516899999999,3976.8559999999998,0,
1817,3000,14102,150608,692,1078,79884,0,0,493,243,51,0,0,0,1428.2349199999999,3915.808,0,
1818,112,901,6802,46,17,836,0,0,6,3,0,0,0,0,21.408679999999997,176.852,0,
1819,128,709,7297,7,8,364,0,0,1,0,0,0,0,0,9.997319999999998,189.72199999999998,0,
1820,3000,14500,155465,437,1089,76972,0,0,523,271,69,0,0,0,1433.0063599999999,4042.0899999999997,0,
1821,313,1916,18412,91,58,4419,0,0,23,9,1,0,0,0,77.16197,478.712,0,
1822,3000,13456,161647,614,1209,82140,0,0,565,296,72,0,0,0,1582.1981999999998,4202.822,0,
1823,235,1330,13437,46,41,2140,0,0,14,8,2,0,0,0,51.9582,349.36199999999997,0,
1824,445,2544,25076,94,98,7519,0,0,41,17,1,0,0,0,130.51497,651.976,0,
1825,3000,13499,153772,539,1105,79188,0,0,540,276,69,0,0,0,1456.9144399999998,3998.0719999999997,0,
1826,186,1180,10767,37,36,2255,0,0,15,8,1,0,0,0,46.61064999999999,279.942,0,
1827,99,627,6057,8,11,306,0,0,1,1,0,0,0,0,13.234779999999999,157.482,0,
1828,3000,13472,152948,503,1028,71104,0,0,499,220,36,0,0,0,1348.6435199999999,3976.6479999999997,0,
1829,174,1139,10136,38,29,1477,0,0,7,5,0,0,0,0,36.654509999999995,263.536,0,
1830,3000,12732,151225,357,1064,84087,0,0,528,249,59,0,0,0,1423.4688099999998,3931.85,0,
1831,197,1039,10853,20,12,808,0,0,5,4,1,0,0,0,15.685039999999999,282.178,0,
1832,191,1101,10181,44,26,1466,0,0,10,3,1,0,0,0,33.23558,264.70599999999996,0,
1833,221,1250,12361,47,33,2144,0,0,9,4,1,0,0,0,42.92872,321.38599999999997,0,
1834,3000,13175,150167,339,1136,79822,0,0,516,242,50,0,0,0,1493.6118599999998,3904.3419999999996,0,
1835,280,1620,16287,44,59,3163,0,0,23,14,4,0,0,0,74.98868999999999,423.462,0,
1836,81,509,4452,7,3,198,0,0,1,0,0,0,0,0,3.9107399999999997,115.752,0,
1837,3000,12215,146457,310,861,58041,0,0,347,185,48,0,0,0,1125.57783,3807.8819999999996,0,
1838,3000,12845,152235,404,1143,90147,0,0,535,265,65,0,0,0,1528.67661,3958.1099999999997,0,
1839,108,676,6467,17,5,269,0,0,3,2,1,0,0,0,6.357469999999999,168.142,0,
1840,3000,15034,154847,632,1030,81149,0,0,505,250,56,0,0,0,1377.3218699999998,4026.022,0,
1841,459,2700,26539,93,64,5131,0,0,26,12,3,0,0,0,85.81452999999999,690.014,0,
1842,96,688,5780,51,10,481,0,0,3,2,1,0,0,0,12.565029999999998,150.28,0,
1843,82,540,5192,5,3,165,0,0,0,0,0,0,0,0,3.8239499999999995,134.992,0,
1844,372,2118,22219,80,86,5606,0,0,34,16,0,0,0,0,111.92378,577.694,0,
1845,103,606,6013,7,6,237,0,0,1,1,0,0,0,0,7.403309999999999,156.338,0,
1846,180,1033,11165,17,28,1508,0,0,10,4,0,0,0,0,35.60604,290.28999999999996,0,
1847,205,993,11074,40,15,1034,0,0,7,5,1,0,0,0,19.66942,287.924,0,
1848,286,1722,17470,81,72,4200,0,0,27,17,3,0,0,0,92.40599999999998,454.21999999999997,0,
1849,459,2714,29871,84,161,8970,0,0,59,30,3,0,0,0,205.5211,776.646,0,
1850,141,831,8388,13,19,1088,0,0,7,4,1,0,0,0,24.33144,218.088,0,
1851,313,1819,18436,97,75,4554,0,0,33,21,3,0,0,0,96.72701999999998,479.33599999999996,0,
1852,3000,12635,151555,302,1067,76735,0,0,515,243,50,0,0,0,1407.5230499999998,3940.43,0,
1853,249,1574,14848,55,54,3135,0,0,20,10,0,0,0,0,69.26505,386.048,0,
1854,165,987,9086,58,22,1588,0,0,6,5,1,0,0,0,29.03644,236.236,0,
1855,155,901,8337,69,22,1403,0,0,8,6,2,0,0,0,28.549889999999998,216.762,0,
1856,440,2611,26851,103,123,7987,0,0,49,23,2,0,0,0,159.99580999999998,698.126,0,
1857,104,765,6317,49,12,579,0,0,5,3,2,0,0,0,15.082769999999998,164.242,0,
1858,179,997,9786,43,18,1344,0,0,6,2,2,0,0,0,23.874719999999996,254.43599999999998,0,
1859,448,2218,25222,50,71,4828,0,0,29,14,2,0,0,0,92.92764,655.7719999999999,0,
1860,389,2347,23947,81,110,6520,0,0,45,19,1,0,0,0,141.4476,622.622,0,
1861,258,1309,14081,20,19,1409,0,0,7,3,0,0,0,0,25.17567,366.106,0,
1862,194,1205,12197,48,34,2179,0,0,12,6,1,0,0,0,44.150769999999994,317.12199999999996,0,
1863,3000,12954,150451,604,1109,85811,0,0,489,268,69,0,0,0,1478.8529299999998,3911.7259999999997,0,
1864,296,1908,18209,77,71,4237,0,0,31,17,3,0,0,0,91.37330999999999,473.43399999999997,0,
1865,96,606,5510,8,5,235,0,0,2,0,0,0,0,0,6.26805,143.26,0,
1866,140,780,7912,20,10,480,0,0,4,2,1,0,0,0,12.562399999999998,205.712,0,
1867,303,1372,15877,28,22,1309,0,0,6,3,2,0,0,0,28.30267,412.80199999999996,0,
1868,410,2577,23782,116,105,7340,0,0,41,22,3,0,0,0,137.9542,618.332,0,
1869,467,2662,28527,85,122,8286,0,0,54,30,4,0,0,0,159.65218,741.702,0,
1870,310,1829,18692,60,73,4883,0,0,33,19,1,0,0,0,95.33229,485.99199999999996,0,
1871,143,728,7096,5,7,373,0,0,3,0,0,0,0,0,8.890989999999999,184.49599999999998,0,
1872,293,1269,13410,35,27,1292,0,0,8,4,1,0,0,0,33.907959999999996,348.65999999999997,0,
1873,279,1466,15354,84,49,3359,0,0,15,7,2,0,0,0,64.20417,399.204,0,
1874,126,638,6190,6,4,244,0,0,1,0,0,0,0,0,5.16172,160.94,0,
1875,151,885,8488,73,24,1755,0,0,6,3,3,0,0,0,31.735649999999996,220.688,0,
1876,365,1757,18236,58,67,5593,0,0,20,9,2,0,0,0,90.41959,474.13599999999997,0,
1877,121,729,7542,18,12,473,0,0,3,2,1,0,0,0,14.803989999999999,196.09199999999998,0,
1878,423,2337,24012,68,96,6698,0,0,42,20,3,0,0,0,126.09573999999999,624.312,0,
1879,387,2045,22806,63,80,5116,0,0,36,16,1,0,0,0,103.85507999999999,592.956,0,
1880,319,1889,19514,93,68,4877,0,0,26,14,4,0,0,0,89.66650999999999,507.364,0,
1881,295,1055,12876,6,3,213,0,0,2,0,0,0,0,0,3.9501899999999996,334.776,0,
1882,157,921,9833,24,26,1492,0,0,8,5,1,0,0,0,33.30396,255.658,0,
1883,221,1324,12511,100,41,2522,0,0,16,9,3,0,0,0,52.96286,325.286,0,
1884,3000,13894,153122,545,1045,77243,0,0,496,271,68,0,0,0,1383.9990899999998,3981.172,0,
1885,197,923,8337,45,9,570,0,0,4,3,2,0,0,0,11.669099999999998,216.762,0,
1886,256,1545,14078,64,53,3693,0,0,19,11,2,0,0,0,69.60258999999999,366.02799999999996,0,
1887,255,1176,13422,18,18,1040,0,0,5,2,1,0,0,0,23.075199999999995,348.972,0,
1888,150,910,8661,37,16,1000,0,0,7,3,0,0,0,0,20.709999999999997,225.18599999999998,0,
1889,3000,16965,179666,388,954,64623,0,0,393,226,21,0,0,0,1247.97849,4671.316,0,
1890,563,3250,36029,75,194,10671,0,0,74,40,3,0,0,0,247.28472999999997,936.7539999999999,0,
1891,418,2689,25740,151,113,7273,0,0,40,16,1,0,0,0,146.81798999999998,669.24,0,
1892,3000,13796,153295,731,1041,74334,0,0,505,236,55,0,0,0,1371.8284199999998,3985.6699999999996,0,
1893,3000,13405,151115,443,1023,73157,0,0,499,240,53,0,0,0,1348.3929099999998,3928.99,0,
1894,181,1217,10576,51,36,2413,0,0,13,5,1,0,0,0,47.02618999999999,274.976,0,
1895,3000,12110,140131,266,625,41587,0,0,142,70,23,0,0,0,815.6238099999998,3643.406,0,
1896,432,2604,25892,80,108,7076,0,0,45,16,0,0,0,0,140.64988,673.192,0,
1897,3000,11219,138134,188,573,37295,0,0,87,32,9,0,0,0,745.57585,3591.484,0,
1898,3000,13549,150956,568,1054,75295,0,0,500,262,55,0,0,0,1389.04585,3924.8559999999998,0,
1899,141,942,8134,50,13,1069,0,0,7,5,1,0,0,0,17.501469999999998,211.48399999999998,0,
1900,3000,13589,153805,535,1093,87265,0,0,544,237,55,0,0,0,1464.5969499999999,3998.93,0,
1901,77,518,4166,6,5,121,0,0,0,0,0,0,0,0,5.968229999999999,108.31599999999999,0,
1902,221,1396,12980,67,51,3160,0,0,18,5,0,0,0,0,65.9408,337.47999999999996,0,
1903,354,1814,18437,87,46,3264,0,0,14,8,1,0,0,0,60.564319999999995,479.36199999999997,0,
1904,202,1014,9838,36,12,747,0,0,6,3,3,0,0,0,15.52461,255.78799999999998,0,
1905,97,558,5207,7,7,255,0,0,1,0,0,0,0,0,8.580649999999999,135.382,0,
1906,214,1078,11612,34,26,1445,0,0,8,6,1,0,0,0,33.18035,301.912,0,
1907,464,2310,25032,68,81,5033,0,0,27,11,3,0,0,0,104.76678999999999,650.832,0,
1908,3000,13868,152308,447,1058,80912,0,0,521,258,57,0,0,0,1408.33856,3960.008,0,
1909,158,1077,9435,48,28,1631,0,0,10,7,0,0,0,0,35.92953,245.31,0,
1910,149,794,7657,11,16,800,0,0,5,4,0,0,0,0,20.183999999999997,199.082,0,
1911,495,2967,29339,104,134,8892,0,0,57,31,3,0,0,0,174.80596,762.814,0,
1912,143,814,8969,8,5,249,0,0,3,2,0,0,0,0,6.304869999999999,233.194,0,
1913,200,1100,11267,41,28,1668,0,0,11,4,0,0,0,0,36.02684,292.942,0,
1914,3000,15145,152595,684,1042,74823,0,0,485,246,55,0,0,0,1374.2444899999998,3967.47,0,
1915,3000,13357,149908,472,1023,70908,0,0,488,244,65,0,0,0,1342.4780399999997,3897.6079999999997,0,
1916,174,967,9366,7,3,258,0,0,3,0,0,0,0,0,4.06854,243.516,0,
1917,327,1916,19239,48,80,4466,0,0,28,16,1,0,0,0,102.14558,500.214,0,
1918,3000,13483,151552,343,1017,70297,0,0,501,248,65,0,0,0,1334.0911099999998,3940.352,0,
1919,159,1178,10163,116,20,1686,0,0,8,2,1,0,0,0,27.03418,264.238,0,
1920,177,1146,10625,53,26,1869,0,0,9,5,1,0,0,0,34.295469999999995,276.25,0,
1921,373,2129,21942,53,81,5506,0,0,33,19,2,0,0,0,106.01077999999998,570.492,0,
1922,524,2995,33156,88,140,8643,0,0,63,30,3,0,0,0,180.93108999999998,862.0559999999999,0,
1923,3000,13426,154366,670,1129,88891,0,0,544,282,70,0,0,0,1509.55333,4013.5159999999996,0,
1924,283,1850,17462,62,71,3901,0,0,25,17,1,0,0,0,90.48962999999999,454.012,0,
1925,132,671,6585,7,5,174,0,0,1,0,0,0,0,0,6.10762,171.20999999999998,0,
1926,145,944,9201,38,27,1337,0,0,10,3,0,0,0,0,34.026309999999995,239.226,0,
1927,416,2357,24809,58,93,6651,0,0,46,21,5,0,0,0,122.58212999999999,645.034,0,
1928,3000,13596,153207,569,1013,75025,0,0,453,237,53,0,0,0,1342.0057499999998,3983.3819999999996,0,
1929,367,2357,22495,76,93,6151,0,0,42,20,0,0,0,0,121.26712999999998,584.87,0,
1930,307,1622,18213,21,57,3414,0,0,21,14,0,0,0,0,73.38882,473.53799999999995,0,
1931,132,925,8239,45,25,1384,0,0,8,7,0,0,0,0,31.889919999999996,214.214,0,
1932,430,2474,24125,95,74,5574,0,0,31,22,6,0,0,0,98.27962,627.25,0,
1933,121,750,7592,7,6,358,0,0,4,0,0,0,0,0,7.721539999999999,197.392,0,
1934,88,570,4962,6,6,178,0,0,1,0,0,0,0,0,7.248139999999999,129.012,0,
1935,3000,12223,137305,311,537,37277,0,0,87,37,10,0,0,0,704.8485099999999,3569.93,0,
1936,212,1409,13074,58,46,2381,0,0,14,7,1,0,0,0,58.24203,339.924,0,
1937,363,2240,22657,89,109,6464,0,0,41,19,2,0,0,0,140.17031999999998,589.082,0,
1938,110,729,6501,17,15,652,0,0,4,4,0,0,0,0,18.66476,169.02599999999998,0,
1939,164,950,10573,12,10,957,0,0,4,2,0,0,0,0,13.816909999999998,274.89799999999997,0,
1940,178,968,10263,13,22,1243,0,0,6,3,0,0,0,0,28.129089999999998,266.83799999999997,0,
1941,227,1181,10409,91,27,1627,0,0,9,7,2,0,0,0,34.78901,270.634,0,
1942,402,2305,23974,44,113,6566,0,0,45,25,2,0,0,0,144.95857999999998,623.324,0,
1943,109,595,5933,4,4,100,0,0,0,0,0,0,0,0,4.7829999999999995,154.25799999999998,0,
1944,512,2770,29281,111,110,8221,0,0,31,17,1,0,0,0,145.92122999999998,761.3059999999999,0,
1945,250,1542,14675,95,51,3751,0,0,22,10,2,0,0,0,67.49512999999999,381.54999999999995,0,
1946,207,1183,11872,54,32,1918,0,0,11,6,1,0,0,0,41.204339999999995,308.67199999999997,0,
1947,341,1893,21830,31,59,4110,0,0,29,11,2,0,0,0,77.4793,567.5799999999999,0,
1948,335,2144,22383,105,104,5410,0,0,39,19,4,0,0,0,131.74829999999997,581.958,0,
1949,174,915,8608,46,17,1314,0,0,8,3,1,0,0,0,22.665819999999997,223.808,0,
1950,280,1745,16891,55,65,4108,0,0,30,8,1,0,0,0,84.25403999999999,439.166,0,
1951,3000,14235,152326,814,1065,76212,0,0,512,251,65,0,0,0,1403.88756,3960.4759999999997,0,
1952,170,1154,11250,19,38,1910,0,0,14,6,0,0,0,0,47.9633,292.5,0,
1953,121,894,7353,7,7,362,0,0,1,1,0,0,0,0,8.86206,191.178,0,
1954,3000,15515,160076,919,1132,87027,0,0,552,275,71,0,0,0,1508.04101,4161.976,0,
1955,552,3176,29830,139,116,8681,0,0,45,22,3,0,0,0,153.91102999999998,775.5799999999999,0,
1956,94,681,5632,52,6,293,0,0,2,2,1,0,0,0,7.55059,146.432,0,
1957,153,1018,9419,77,17,1149,0,0,8,5,1,0,0,0,22.231869999999997,244.89399999999998,0,
1958,325,1816,18518,71,70,4176,0,0,26,13,1,0,0,0,90.08287999999999,481.46799999999996,0,
1959,3000,12588,140407,370,693,48528,0,0,209,102,31,0,0,0,910.7186399999999,3650.582,0,
1960,432,2545,25760,112,88,6063,0,0,32,16,5,0,0,0,115.38569,669.76,0,
1961,116,793,6956,60,16,882,0,0,5,5,2,0,0,0,20.399659999999997,180.856,0,
1962,460,2710,28400,94,134,8343,0,0,55,31,3,0,0,0,173.36209,738.4,0,
1963,230,1121,10469,82,26,1624,0,0,8,5,2,0,0,0,33.65111999999999,272.19399999999996,0,
1964,88,488,4753,5,3,61,0,0,1,1,0,0,0,0,3.5504299999999995,123.57799999999999,0,
1965,171,899,9039,64,25,1056,0,0,5,1,1,0,0,0,31.027279999999998,235.01399999999998,0,
1966,292,1711,18180,62,66,3972,0,0,24,12,2,0,0,0,85.02636,472.67999999999995,0,
1967,314,1890,19401,66,62,4118,0,0,28,9,1,0,0,0,80.89033999999998,504.426,0,
1968,3000,14506,152321,625,1054,77500,0,0,515,240,53,0,0,0,1394.845,3960.346,0,
1969,395,2320,21723,153,69,4767,0,0,31,14,6,0,0,0,90.50721,564.798,0,
1970,286,1569,17585,37,72,3939,0,0,29,15,2,0,0,0,91.71956999999999,457.21,0,
1971,105,738,6868,51,16,956,0,0,5,2,1,0,0,0,20.594279999999998,178.56799999999998,0,
1972,3000,14192,152237,698,1052,82662,0,0,522,241,59,0,0,0,1406.16106,3958.162,0,
1973,319,1898,19932,76,91,5135,0,0,33,19,4,0,0,0,116.33504999999998,518.232,0,
1974,219,1411,12957,69,57,4044,0,0,21,7,1,0,0,0,75.04571999999999,336.882,0,
1975,3000,12927,151255,507,1068,74521,0,0,518,259,75,0,0,0,1402.83023,3932.6299999999997,0,
1976,310,1785,16819,73,49,3617,0,0,18,9,0,0,0,0,64.88271,437.294,0,
1977,238,1229,12984,47,61,3615,0,0,29,13,1,0,0,0,78.43745,337.584,0,
1978,159,923,8900,39,18,1350,0,0,10,2,0,0,0,0,23.890499999999996,231.39999999999998,0,
1979,150,958,9530,52,22,1515,0,0,8,4,2,0,0,0,28.84445,247.78,0,
1980,385,2255,22295,95,88,6453,0,0,34,17,2,0,0,0,116.41139,579.67,0,
1981,318,1814,19696,21,79,4949,0,0,33,15,0,0,0,0,102.28586999999999,512.096,0,
1982,126,785,7728,35,11,503,0,0,4,1,0,0,0,0,13.752889999999999,200.928,0,
1983,302,1350,14363,12,30,2464,0,0,5,2,0,0,0,0,40.38032,373.438,0,
1984,83,513,5111,6,5,90,0,0,1,0,0,0,0,0,5.886699999999999,132.886,0,
1985,118,746,7716,40,17,663,0,0,5,3,1,0,0,0,20.953689999999998,200.61599999999999,0,
1986,3000,12904,152225,445,1097,82796,0,0,515,253,59,0,0,0,1457.36348,3957.85,0,
1987,128,805,7403,11,6,225,0,0,1,1,0,0,0,0,7.37175,192.47799999999998,0,
1988,101,576,5309,8,8,436,0,0,3,1,0,0,0,0,10.186679999999999,138.034,0,
1989,103,644,5632,35,8,401,0,0,3,2,0,0,0,0,10.094629999999999,146.432,0,
1990,225,1382,14460,73,43,2589,0,0,15,10,4,0,0,0,55.399069999999995,375.96,0,
1991,223,1224,12885,58,33,1901,0,0,9,5,1,0,0,0,42.28963,335.01,0,
1992,82,496,4585,6,4,120,0,0,0,0,0,0,0,0,4.8355999999999995,119.21,0,
1993,208,1072,12278,18,26,1887,0,0,6,4,0,0,0,0,34.34280999999999,319.228,0,
1994,3000,13460,152592,754,1155,88511,0,0,525,267,48,0,0,0,1537.93393,3967.392,0,
1995,3000,13870,154877,535,1148,81871,0,0,540,291,75,0,0,0,1512.5607299999997,4026.8019999999997,0,
1996,3000,13320,157857,527,1145,82197,0,0,514,245,45,0,0,0,1510.02811,4104.282,0,
1997,108,587,5239,6,5,98,0,0,1,1,0,0,0,0,5.9077399999999995,136.214,0,
1998,400,2531,23435,96,129,7969,0,0,46,28,3,0,0,0,166.72847,609.31,0,
1999,116,775,7326,50,14,768,0,0,7,5,1,0,0,0,17.83984,190.476,0,
2000,3000,14388,152543,397,1056,84105,0,0,518,240,45,0,0,0,1414.47615,3966.118,0,
