run_id,steps,wall_us,ops,solver_us,pivots,solver_work,exact_pivots,exact_work,comparisons,flips_drawn,flips_refused,certified,certificate_failures,false_witnesses,cost_units,run_units,left_to_concrete,conceded
1,156,1180,7847,59,33,1559,0,0,2,0,0,0,0,0,41.39017,204.022,0,
2,61,498,4784,13,5,91,0,0,1,1,0,0,0,0,5.889329999999999,124.384,0,
3,242,1383,15046,39,32,2042,0,0,6,4,1,0,0,0,41.53046,391.19599999999997,0,
4,128,769,7200,12,11,717,0,0,2,1,0,0,0,0,14.31571,187.2,0,
5,197,1071,11825,18,37,1779,0,0,3,1,0,0,0,0,46.488769999999995,307.45,0,
6,115,736,7473,10,15,693,0,0,4,1,0,0,0,0,18.77259,194.298,0,
7,169,1007,11177,14,38,1664,0,0,2,0,0,0,0,0,47.31632,290.602,0,
8,76,497,4646,10,8,291,0,0,3,1,0,0,0,0,9.80533,120.79599999999999,0,
9,103,591,5464,11,15,551,0,0,3,1,0,0,0,0,18.39913,142.064,0,
10,135,792,8311,29,22,1104,0,0,4,2,1,0,0,0,27.76352,216.08599999999998,0,
11,178,956,10675,8,20,990,0,0,2,1,0,0,0,0,25.203699999999998,277.55,0,
12,78,525,5412,7,7,272,0,0,2,2,1,0,0,0,8.625359999999999,140.712,0,
13,86,471,5396,3,2,67,0,0,0,0,0,0,0,0,2.43621,140.296,0,
14,120,706,7500,11,19,741,0,0,3,2,0,0,0,0,23.41883,195,0,
15,81,553,5164,35,10,423,0,0,3,2,1,0,0,0,12.412489999999998,134.26399999999998,0,
16,178,1093,11520,18,31,1401,0,0,4,2,0,0,0,0,38.71462999999999,299.52,0,
17,132,833,8077,25,23,1174,0,0,2,1,0,0,0,0,29.07762,210.00199999999998,0,
18,74,530,4915,11,12,459,0,0,3,1,0,0,0,0,14.767169999999998,127.78999999999999,0,
19,202,1018,10667,34,35,1996,0,0,2,1,1,0,0,0,44.799479999999996,277.342,0,
20,92,581,5771,10,14,553,0,0,3,1,0,0,0,0,17.274389999999997,150.046,0,
21,80,525,5127,13,7,388,0,0,5,2,1,0,0,0,8.930439999999999,133.302,0,
22,100,515,4978,4,9,303,0,0,2,1,0,0,0,0,10.966889999999998,129.428,0,
23,131,726,7787,10,10,652,0,0,2,2,0,0,0,0,13.014759999999999,202.462,0,
24,87,559,5170,10,13,472,0,0,3,1,0,0,0,0,15.931359999999998,134.42,0,
25,140,742,8374,9,15,701,0,0,3,1,0,0,0,0,18.79363,217.724,0,
26,77,479,3934,10,8,396,0,0,2,1,0,0,0,0,10.081479999999999,102.28399999999999,0,
27,119,603,6196,10,9,505,0,0,3,2,0,0,0,0,11.498149999999999,161.096,0,
28,205,1129,12652,15,39,1725,0,0,3,1,0,0,0,0,48.60674999999999,328.952,0,
29,84,576,5071,10,8,391,0,0,3,1,0,0,0,0,10.06833,131.846,0,
30,86,598,5702,50,10,373,0,0,3,2,1,0,0,0,12.28099,148.25199999999998,0,
31,120,657,6280,36,4,314,0,0,3,2,1,0,0,0,5.34582,163.28,0,
32,150,731,7391,9,15,617,0,0,2,1,0,0,0,0,18.57271,192.166,0,
33,111,602,5949,7,7,331,0,0,2,1,0,0,0,0,8.780529999999999,154.674,0,
34,91,554,5487,11,13,647,0,0,4,2,0,0,0,0,16.391609999999996,142.662,0,
35,98,552,5130,4,16,565,0,0,3,0,0,0,0,0,19.565949999999997,133.38,0,
36,95,523,5822,4,4,154,0,0,1,1,0,0,0,0,4.92502,151.37199999999999,0,
37,109,622,6937,5,11,431,0,0,2,2,0,0,0,0,13.56353,180.362,0,
38,93,531,5155,6,5,380,0,0,4,1,1,0,0,0,6.649399999999999,134.03,0,
39,116,629,6403,10,13,565,0,0,3,1,0,0,0,0,16.175949999999997,166.47799999999998,0,
40,121,708,7596,9,21,1016,0,0,2,2,0,0,0,0,26.402079999999998,197.49599999999998,0,
41,106,560,6106,6,10,389,0,0,2,2,0,0,0,0,12.32307,158.756,0,
42,79,459,4949,5,4,156,0,0,2,1,0,0,0,0,4.93028,128.674,0,
43,121,1034,6856,70,8,483,0,0,3,1,1,0,0,0,10.310289999999998,178.256,0,
44,190,1268,11983,36,33,1731,0,0,3,1,0,0,0,0,41.84253,311.558,0,
45,86,561,5704,6,8,261,0,0,1,0,0,0,0,0,9.726429999999999,148.304,0,
46,93,570,6083,6,8,191,0,0,1,0,0,0,0,0,9.54233,158.158,0,
47,123,716,7372,17,16,629,0,0,3,3,1,0,0,0,19.73427,191.672,0,
48,95,630,6355,8,14,726,0,0,4,3,0,0,0,0,17.72938,165.23,0,
49,105,561,6120,8,6,268,0,0,2,2,1,0,0,0,7.484839999999999,159.12,0,
50,224,1184,13159,43,28,1870,0,0,7,2,1,0,0,0,36.558099999999996,342.13399999999996,0,
51,221,1152,11774,57,28,2196,0,0,5,4,1,0,0,0,37.415479999999995,306.12399999999997,0,
52,181,924,10531,13,21,1088,0,0,3,2,0,0,0,0,26.59144,273.806,0,
53,342,1719,19519,55,44,3969,0,0,9,5,1,0,0,0,60.15847,507.49399999999997,0,
54,136,837,8236,14,33,1388,0,0,2,1,0,0,0,0,40.94044,214.136,0,
55,111,631,6354,7,12,474,0,0,2,1,0,0,0,0,14.806619999999999,165.20399999999998,0,
56,187,889,9331,15,19,1252,0,0,6,0,0,0,0,0,24.76276,242.606,0,
57,150,829,8456,6,25,975,0,0,2,0,0,0,0,0,30.814249999999998,219.856,0,
58,191,834,9552,6,10,704,0,0,7,2,0,0,0,0,13.15152,248.35199999999998,0,
59,148,866,9222,11,35,1272,0,0,4,1,0,0,0,0,42.89536,239.772,0,
60,164,936,10243,42,12,919,0,0,8,3,1,0,0,0,15.976969999999998,266.318,0,
61,133,704,7193,6,14,654,0,0,3,0,0,0,0,0,17.54002,187.018,0,
62,137,713,8153,6,11,658,0,0,4,2,0,0,0,0,14.16054,211.97799999999998,0,
63,76,444,4254,4,2,150,0,0,2,0,0,0,0,0,2.6544999999999996,110.604,0,
64,115,661,6961,6,10,547,0,0,2,1,0,0,0,0,12.73861,180.986,0,
65,170,957,9858,24,28,1720,0,0,6,3,0,0,0,0,36.163599999999995,256.308,0,
66,130,765,7548,16,14,1129,0,0,3,1,0,0,0,0,18.78927,196.248,0,
67,85,590,5216,17,7,317,0,0,2,1,1,0,0,0,8.74371,135.61599999999999,0,
68,196,1194,12122,47,26,1750,0,0,7,2,1,0,0,0,33.982499999999995,315.17199999999997,0,
69,87,575,5292,8,10,471,0,0,3,1,0,0,0,0,12.53873,137.59199999999998,0,
70,169,973,10884,34,20,1354,0,0,6,3,1,0,0,0,26.161019999999997,282.984,0,
71,162,882,9283,15,34,1486,0,0,1,0,0,0,0,0,42.328179999999996,241.35799999999998,0,
72,102,582,5928,8,12,449,0,0,1,1,0,0,0,0,14.74087,154.128,0,
73,68,417,4291,4,2,81,0,0,1,0,0,0,0,0,2.4730299999999996,111.56599999999999,0,
74,94,542,5087,12,19,571,0,0,2,1,0,0,0,0,22.971729999999997,132.262,0,
75,184,1046,11455,47,24,1451,0,0,5,3,1,0,0,0,30.93613,297.83,0,
76,207,1177,11644,63,42,2381,0,0,6,4,0,0,0,0,53.72203,302.74399999999997,0,
77,187,1146,11918,27,22,1657,0,0,8,5,1,0,0,0,29.21791,309.868,0,
78,96,589,6212,6,11,456,0,0,2,0,0,0,0,0,13.62928,161.512,0,
79,89,537,5422,9,6,305,0,0,2,2,1,0,0,0,7.5821499999999995,140.97199999999998,0,
80,173,833,9206,10,19,987,0,0,2,2,0,0,0,0,24.06581,239.356,0,
81,114,695,7120,38,12,750,0,0,6,4,1,0,0,0,15.532499999999999,185.12,0,
82,169,905,9183,16,29,1744,0,0,3,0,0,0,0,0,37.356719999999996,238.75799999999998,0,
83,206,1367,11834,66,23,1428,0,0,6,2,1,0,0,0,29.745639999999998,307.68399999999997,0,
84,137,818,8295,15,13,993,0,0,5,2,0,0,0,0,17.301589999999997,215.67,0,
85,98,582,5707,8,9,502,0,0,2,0,0,0,0,0,11.490259999999997,148.382,0,
86,100,604,7136,6,12,540,0,0,2,2,1,0,0,0,14.980199999999998,185.536,0,
87,107,602,6639,10,15,434,0,0,2,1,0,0,0,0,18.09142,172.614,0,
88,86,536,5796,31,11,495,0,0,2,2,1,0,0,0,13.73185,150.696,0,
89,110,657,6952,10,16,798,0,0,3,2,0,0,0,0,20.178739999999998,180.75199999999998,0,
90,114,563,6027,29,3,189,0,0,2,2,1,0,0,0,3.8870699999999996,156.702,0,
91,221,1094,12762,12,37,2049,0,0,7,3,1,0,0,0,47.19886999999999,331.812,0,
92,102,647,6726,8,13,541,0,0,1,0,0,0,0,0,16.11283,174.876,0,
93,178,941,9581,22,44,2253,0,0,3,1,0,0,0,0,55.64539,249.106,0,
94,135,738,7560,9,24,1128,0,0,3,0,0,0,0,0,30.086639999999996,196.56,0,
95,164,913,9555,9,25,1409,0,0,4,0,0,0,0,0,31.955669999999998,248.42999999999998,0,
96,143,763,8948,12,17,1063,0,0,6,2,0,0,0,0,22.005689999999998,232.648,0,
97,140,715,7750,33,13,695,0,0,3,2,1,0,0,0,16.51785,201.5,0,
98,89,568,5720,5,15,506,0,0,2,1,0,0,0,0,18.28078,148.72,0,
99,292,1438,14929,23,54,4165,0,0,4,1,0,0,0,0,71.97395,388.154,0,
100,76,472,4841,4,3,217,0,0,3,0,0,0,0,0,3.9607099999999997,125.866,0,
101,113,620,7776,4,13,457,0,0,1,1,0,0,0,0,15.891909999999998,202.176,0,
102,142,786,7737,44,24,1417,0,0,3,3,0,0,0,0,30.846709999999998,201.16199999999998,0,
103,149,761,8180,17,27,1187,0,0,3,1,1,0,0,0,33.63181,212.67999999999998,0,
104,93,627,6470,13,9,449,0,0,4,2,1,0,0,0,11.350869999999999,168.22,0,
105,90,704,6174,73,16,926,0,0,4,2,1,0,0,0,20.515379999999997,160.524,0,
106,69,492,4828,32,4,167,0,0,3,3,1,0,0,0,4.95921,125.52799999999999,0,
107,180,866,9521,16,28,1617,0,0,3,1,0,0,0,0,35.892709999999994,247.546,0,
108,92,565,5706,10,11,475,0,0,4,1,0,0,0,0,13.67925,148.356,0,
109,105,626,6559,35,13,679,0,0,4,1,1,0,0,0,16.475769999999997,170.534,0,
110,106,524,5736,27,4,153,0,0,3,3,2,0,0,0,4.922389999999999,149.136,0,
111,196,1055,12246,14,44,1765,0,0,3,1,0,0,0,0,54.36195,318.39599999999996,0,
112,233,1261,14166,35,47,1768,0,0,4,2,1,0,0,0,57.75983999999999,368.316,0,
113,161,877,8997,15,32,1728,0,0,3,2,1,0,0,0,40.70464,233.922,0,
114,84,508,5312,5,9,308,0,0,1,1,0,0,0,0,10.980039999999999,138.112,0,
115,115,721,7150,64,19,1088,0,0,4,2,1,0,0,0,24.33144,185.89999999999998,0,
116,137,635,6513,36,10,561,0,0,1,1,1,0,0,0,12.775429999999998,169.338,0,
117,116,662,7104,11,18,681,0,0,4,2,1,0,0,0,22.131029999999996,184.70399999999998,0,
118,105,569,6133,8,12,475,0,0,5,4,0,0,0,0,14.809249999999999,159.458,0,
119,107,624,7103,4,14,629,0,0,2,1,0,0,0,0,17.474269999999997,184.678,0,
120,100,656,5700,47,4,150,0,0,3,2,1,0,0,0,4.914499999999999,148.2,0,
121,93,552,6017,5,7,323,0,0,5,1,0,0,0,0,8.75949,156.44199999999998,0,
122,152,822,9754,15,24,1279,0,0,4,2,1,0,0,0,30.483769999999996,253.60399999999998,0,
123,186,893,10332,10,25,1060,0,0,3,3,0,0,0,0,31.037799999999997,268.632,0,
124,71,464,4574,12,7,337,0,0,3,3,1,0,0,0,8.796309999999998,118.92399999999999,0,
125,100,567,5995,6,11,426,0,0,2,0,0,0,0,0,13.55038,155.87,0,
126,134,728,8137,5,17,895,0,0,4,2,0,0,0,0,21.56385,211.56199999999998,0,
127,127,675,7813,6,12,625,0,0,3,0,0,0,0,0,15.20375,203.13799999999998,0,
128,172,843,9315,12,21,1370,0,0,6,2,0,0,0,0,27.333099999999998,242.19,0,
129,126,610,6370,6,10,386,0,0,3,1,0,0,0,0,12.315179999999998,165.62,0,
130,123,607,6527,6,13,489,0,0,2,0,0,0,0,0,15.976069999999998,169.702,0,
131,117,664,7749,7,21,941,0,0,4,3,0,0,0,0,26.204829999999998,201.474,0,
132,100,529,5580,9,11,438,0,0,3,3,1,0,0,0,13.58194,145.07999999999998,0,
133,133,751,8178,8,24,953,0,0,2,1,0,0,0,0,29.626389999999997,212.628,0,
134,215,1028,10780,52,24,1506,0,0,6,1,0,0,0,0,31.080779999999997,280.28,0,
135,86,519,4865,27,8,620,0,0,4,1,1,0,0,0,10.670599999999999,126.49,0,
136,101,477,5029,3,2,98,0,0,2,0,0,0,0,0,2.51774,130.754,0,
137,88,459,5204,4,4,148,0,0,3,1,0,0,0,0,4.90924,135.304,0,
138,71,427,4218,6,4,251,0,0,2,1,0,0,0,0,5.180129999999999,109.66799999999999,0,
139,140,746,8626,10,18,983,0,0,2,1,0,0,0,0,22.925289999999997,224.27599999999998,0,
140,229,1021,11895,23,28,1673,0,0,5,3,1,0,0,0,36.039989999999996,309.27,0,
141,204,1080,12582,7,26,1404,0,0,5,2,0,0,0,0,33.07252,327.132,0,
142,123,728,7858,9,20,904,0,0,2,1,0,0,0,0,24.97752,204.308,0,
143,107,598,6935,7,17,581,0,0,2,1,0,0,0,0,20.73803,180.31,0,
144,101,493,5537,4,8,245,0,0,2,0,0,0,0,0,9.684349999999998,143.962,0,
145,102,461,4768,3,2,99,0,0,2,0,0,0,0,0,2.5203699999999998,123.96799999999999,0,
146,134,603,6907,5,12,366,0,0,2,1,0,0,0,0,14.522579999999998,179.582,0,
147,104,707,6678,26,11,395,0,0,2,1,1,0,0,0,13.46885,173.628,0,
148,127,679,7424,11,11,726,0,0,2,1,0,0,0,0,14.33938,193.024,0,
149,91,581,6304,8,13,655,0,0,4,2,0,0,0,0,16.41265,163.904,0,
150,93,529,6007,4,9,315,0,0,2,1,0,0,0,0,10.998449999999998,156.182,0,
151,96,547,6093,7,10,536,0,0,3,1,1,0,0,0,12.709679999999999,158.418,0,
152,160,661,6987,46,7,272,0,0,2,2,1,0,0,0,8.625359999999999,181.66199999999998,0,
153,181,888,9608,14,26,1471,0,0,3,3,0,0,0,0,33.248729999999995,249.808,0,
154,83,517,5015,9,8,452,0,0,3,2,1,0,0,0,10.22876,130.39,0,
155,124,572,6182,5,10,300,0,0,2,1,0,0,0,0,12.088999999999999,160.732,0,
156,72,481,4680,43,3,254,0,0,2,1,1,0,0,0,4.05802,121.67999999999999,0,
157,151,894,9358,54,26,1306,0,0,1,1,1,0,0,0,32.81478,243.308,0,
158,174,1004,11051,25,34,1636,0,0,4,2,0,0,0,0,42.72268,287.32599999999996,0,
159,94,569,5879,12,9,263,0,0,3,2,0,0,0,0,10.861689999999998,152.85399999999998,0,
160,70,438,4307,7,3,179,0,0,2,0,0,0,0,0,3.8607699999999996,111.982,0,
161,109,554,5808,47,6,243,0,0,2,2,1,0,0,0,7.419089999999999,151.00799999999998,0,
162,146,651,6842,9,13,576,0,0,2,1,0,0,0,0,16.20488,177.892,0,
163,99,534,6113,5,7,255,0,0,3,0,0,0,0,0,8.580649999999999,158.938,0,
164,127,558,6491,3,5,146,0,0,1,1,0,0,0,0,6.03398,168.766,0,
165,105,534,5475,5,4,231,0,0,2,0,0,0,0,0,5.127529999999999,142.35,0,
166,256,1276,14598,29,49,3649,0,0,6,2,1,0,0,0,64.96687,379.548,0,
167,234,1170,13605,19,25,2083,0,0,8,1,0,0,0,0,33.728289999999994,353.72999999999996,0,
168,121,705,7793,33,9,582,0,0,5,3,1,0,0,0,11.700659999999997,202.618,0,
169,171,836,9502,11,21,924,0,0,3,0,0,0,0,0,26.160119999999996,247.052,0,
170,215,784,9091,6,5,248,0,0,2,0,0,0,0,0,6.302239999999999,236.36599999999999,0,
171,158,679,7583,9,10,642,0,0,3,1,0,0,0,0,12.98846,197.158,0,
172,79,472,5384,5,5,295,0,0,4,2,0,0,0,0,6.42585,139.98399999999998,0,
173,108,576,6073,20,11,549,0,0,4,2,1,0,0,0,13.87387,157.898,0,
174,106,610,6884,20,13,773,0,0,4,2,1,0,0,0,16.722989999999996,178.98399999999998,0,
175,86,530,5042,12,14,546,0,0,2,1,0,0,0,0,17.255979999999997,131.09199999999998,0,
176,99,583,6359,8,10,499,0,0,3,1,0,0,0,0,12.612369999999999,165.334,0,
177,74,455,4847,12,5,176,0,0,3,3,1,0,0,0,6.11288,126.02199999999999,0,
178,215,1068,11257,15,27,1756,0,0,4,2,0,0,0,0,35.12828,292.68199999999996,0,
179,90,506,5349,7,7,258,0,0,3,1,0,0,0,0,8.58854,139.07399999999998,0,
180,248,1149,13020,59,27,1816,0,0,7,6,1,0,0,0,35.28608,338.52,0,
181,168,911,9667,14,37,1921,0,0,3,1,0,0,0,0,46.86223,251.34199999999998,0,
182,142,797,8355,9,33,1790,0,0,2,1,0,0,0,0,41.9977,217.23,0,
183,123,600,7025,6,9,282,0,0,1,1,0,0,0,0,10.911659999999998,182.65,0,
184,91,588,5765,42,11,459,0,0,2,1,0,0,0,0,13.63717,149.89,0,
185,88,543,5724,8,12,481,0,0,3,2,0,0,0,0,14.825029999999998,148.82399999999998,0,
186,97,629,6643,15,12,666,0,0,4,1,1,0,0,0,15.31158,172.718,0,
187,81,498,5179,13,11,521,0,0,3,3,0,0,0,0,13.800229999999999,134.654,0,
188,165,813,9277,11,19,1004,0,0,2,1,0,0,0,0,24.110519999999998,241.202,0,
189,70,451,4726,5,5,169,0,0,3,1,0,0,0,0,6.094469999999999,122.87599999999999,0,
190,157,945,8680,17,24,1250,0,0,3,1,0,0,0,0,30.4075,225.67999999999998,0,
191,96,638,6234,62,7,330,0,0,3,3,2,0,0,0,8.777899999999999,162.084,0,
192,85,510,5052,13,6,278,0,0,1,0,0,0,0,0,7.511139999999999,131.352,0,
193,118,694,7026,14,19,1051,0,0,6,4,0,0,0,0,24.23413,182.676,0,
194,78,429,4164,2,2,161,0,0,3,0,0,0,0,0,2.6834299999999995,108.264,0,
195,175,905,9953,16,27,1285,0,0,3,1,0,0,0,0,33.88955,258.77799999999996,0,
196,93,537,5439,3,14,505,0,0,2,0,0,0,0,0,17.148149999999998,141.414,0,
197,100,555,5568,7,7,309,0,0,3,1,0,0,0,0,8.722669999999999,144.768,0,
198,98,620,6631,49,15,515,0,0,3,2,1,0,0,0,18.30445,172.406,0,
199,74,473,5273,6,7,321,0,0,1,1,0,0,0,0,8.75423,137.09799999999998,0,
200,102,564,6120,6,13,592,0,0,3,2,0,0,0,0,16.246959999999998,159.12,0,
201,106,555,5645,5,9,367,0,0,2,0,0,0,0,0,11.135209999999999,146.76999999999998,0,
202,165,817,9712,8,9,701,0,0,4,3,1,0,0,0,12.013629999999997,252.512,0,
203,173,860,10153,6,26,1157,0,0,4,0,0,0,0,0,32.422909999999995,263.978,0,
204,162,762,8346,11,13,469,0,0,3,3,1,0,0,0,15.923469999999998,216.99599999999998,0,
205,206,962,10383,8,15,1217,0,0,5,1,0,0,0,0,20.15071,269.95799999999997,0,
206,149,849,9353,16,18,1049,0,0,6,3,2,0,0,0,23.098869999999998,243.178,0,
207,91,521,4758,5,16,604,0,0,3,0,0,0,0,0,19.668519999999997,123.708,0,
208,97,568,5865,13,14,703,0,0,4,2,0,0,0,0,17.668889999999998,152.48999999999998,0,
209,72,494,4759,46,10,334,0,0,3,2,1,0,0,0,12.17842,123.734,0,
210,160,878,9900,11,22,1106,0,0,2,2,0,0,0,0,27.76878,257.4,0,
211,111,702,6804,15,30,1113,0,0,2,1,0,0,0,0,36.82719,176.904,0,
212,121,707,8041,9,17,939,0,0,2,2,0,0,0,0,21.67957,209.066,0,
213,205,1172,12442,18,45,2254,0,0,3,1,0,0,0,0,56.77802,323.49199999999996,0,
214,121,552,5855,5,3,138,0,0,3,2,1,0,0,0,3.7529399999999997,152.23,0,
215,108,598,6829,7,12,488,0,0,4,1,0,0,0,0,14.84344,177.554,0,
216,66,384,3899,5,2,107,0,0,2,0,0,0,0,0,2.54141,101.374,0,
217,137,672,7811,30,10,393,0,0,3,3,2,0,0,0,12.33359,203.08599999999998,0,
218,125,612,6655,9,15,581,0,0,2,0,0,0,0,0,18.47803,173.03,0,
219,191,758,8159,10,13,584,0,0,1,1,0,0,0,0,16.22592,212.134,0,
220,138,773,8135,14,31,1472,0,0,4,2,1,0,0,0,38.90136,211.51,0,
221,252,1284,13040,37,42,2656,0,0,6,3,1,0,0,0,54.44528,339.03999999999996,0,
222,67,415,3800,8,5,222,0,0,2,1,0,0,0,0,6.23386,98.8,0,
223,139,814,8214,33,23,958,0,0,2,1,0,0,0,0,28.509539999999998,213.564,0,
224,154,835,9211,20,10,1035,0,0,8,4,2,0,0,0,14.022049999999998,239.486,0,
225,222,1194,13334,18,41,1993,0,0,7,2,0,0,0,0,51.57159,346.68399999999997,0,
226,115,675,6795,9,17,899,0,0,4,1,0,0,0,0,21.57437,176.67,0,
227,134,621,6494,3,6,313,0,0,1,0,0,0,0,0,7.60319,168.844,0,
228,100,592,6561,4,8,434,0,0,5,1,0,0,0,0,10.18142,170.58599999999998,0,
229,63,412,4788,3,4,108,0,0,2,1,0,0,0,0,4.80404,124.488,0,
230,138,729,8451,9,17,756,0,0,3,1,0,0,0,0,21.198279999999997,219.726,0,
231,129,589,6031,5,5,151,0,0,0,0,0,0,0,0,6.047129999999999,156.80599999999998,0,
232,119,694,6937,15,6,414,0,0,3,1,0,0,0,0,7.8688199999999995,180.362,0,
233,120,581,6813,7,6,204,0,0,2,2,1,0,0,0,7.31652,177.138,0,
234,83,453,5176,4,5,179,0,0,2,2,1,0,0,0,6.120769999999999,134.576,0,
235,72,401,3687,5,5,179,0,0,2,0,0,0,0,0,6.120769999999999,95.862,0,
236,80,501,5683,6,9,328,0,0,2,1,0,0,0,0,11.032639999999999,147.75799999999998,0,
237,86,482,5072,26,3,144,0,0,2,2,1,0,0,0,3.7687199999999996,131.87199999999999,0,
238,138,805,8469,47,14,863,0,0,4,3,2,0,0,0,18.089689999999997,220.194,0,
239,62,404,4198,5,3,90,0,0,2,1,0,0,0,0,3.6266999999999996,109.148,0,
240,274,1334,14868,12,30,2049,0,0,6,4,0,0,0,0,39.288869999999996,386.568,0,
241,127,741,7692,17,18,1276,0,0,5,4,0,0,0,0,23.695879999999995,199.992,0,
242,139,729,7486,61,11,618,0,0,2,2,2,0,0,0,14.05534,194.636,0,
243,157,850,9277,19,22,1290,0,0,5,2,0,0,0,0,28.2527,241.202,0,
244,112,545,5751,6,3,208,0,0,1,0,0,0,0,0,3.9370399999999997,149.52599999999998,0,
245,106,587,6260,6,8,503,0,0,1,0,0,0,0,0,10.362889999999998,162.76,0,
246,115,635,7010,12,14,724,0,0,3,2,0,0,0,0,17.72412,182.26,0,
247,160,870,10194,9,32,1341,0,0,2,2,0,0,0,0,39.68682999999999,265.044,0,
248,190,1041,11441,42,31,2408,0,0,8,8,4,0,0,0,41.36303999999999,297.466,0,
249,149,835,9439,12,19,1120,0,0,6,3,0,0,0,0,24.415599999999998,245.414,0,
250,60,397,4156,2,2,108,0,0,1,0,0,0,0,0,2.54404,108.056,0,
251,213,938,9987,12,16,969,0,0,5,2,0,0,0,0,20.62847,259.662,0,
252,3000,12749,158088,436,1056,60328,0,0,2,2,0,0,0,0,1351.94264,4110.288,0,
253,3000,11684,158541,249,1017,50029,0,0,2,1,0,0,0,0,1280.7862699999998,4122.066,0,
254,3000,11509,145301,217,755,45295,0,0,6,3,1,0,0,0,972.2758499999999,3777.826,0,
255,3000,11511,146242,291,783,45603,0,0,5,3,0,0,0,0,1004.7258899999999,3802.292,0,
256,132,981,9313,65,14,682,0,0,6,4,1,0,0,0,17.61366,242.13799999999998,0,
257,89,686,5652,62,6,305,0,0,4,4,2,0,0,0,7.5821499999999995,146.952,0,
258,249,1198,12244,11,16,1079,0,0,5,1,0,0,0,0,20.917769999999997,318.344,0,
259,91,580,6144,7,14,435,0,0,2,1,0,0,0,0,16.96405,159.744,0,
260,281,1521,16017,26,55,3386,0,0,2,2,1,0,0,0,71.05518,416.442,0,
261,3000,11457,156383,103,980,53597,0,0,0,0,0,0,0,0,1248.3601099999998,4065.9579999999996,0,
262,240,1531,14932,21,36,2348,0,0,10,7,0,0,0,0,46.855239999999995,388.23199999999997,0,
263,3000,11695,152616,118,897,59036,0,0,3,1,0,0,0,0,1168.87468,3968.0159999999996,0,
264,320,1701,18060,34,52,3769,0,0,9,5,3,0,0,0,68.67246999999999,469.56,0,
265,376,1906,19592,67,34,2518,0,0,9,5,1,0,0,0,45.042339999999996,509.392,0,
266,128,831,8283,46,19,738,0,0,3,2,1,0,0,0,23.41094,215.358,0,
267,138,813,8825,14,28,1098,0,0,2,2,0,0,0,0,34.527739999999994,229.45,0,
268,3000,11399,145295,114,656,45773,0,0,7,2,0,0,0,0,861.6629899999999,3777.6699999999996,0,
269,92,639,5996,7,5,412,0,0,4,1,0,0,0,0,6.73356,155.896,0,
270,198,1275,12048,55,42,2099,0,0,2,1,0,0,0,0,52.98036999999999,313.248,0,
271,3000,11410,156257,133,983,51067,0,0,0,0,0,0,0,0,1245.09621,4062.682,0,
272,247,1408,13991,32,41,2279,0,0,6,4,1,0,0,0,52.323769999999996,363.76599999999996,0,
273,378,1988,24155,26,95,3846,0,0,4,1,1,0,0,0,117.46498,628.03,0,
274,129,809,8437,15,15,881,0,0,4,3,0,0,0,0,19.26703,219.362,0,
275,117,712,7342,38,11,596,0,0,3,1,1,0,0,0,13.99748,190.892,0,
276,150,757,8278,8,12,609,0,0,3,1,0,0,0,0,15.161669999999999,215.22799999999998,0,
277,125,754,8099,10,16,973,0,0,4,3,1,0,0,0,20.63899,210.57399999999998,0,
278,91,559,5562,8,8,417,0,0,5,2,0,0,0,0,10.136709999999999,144.612,0,
279,147,801,8729,39,18,1134,0,0,3,1,1,0,0,0,23.322419999999997,226.95399999999998,0,
280,101,623,5951,32,14,722,0,0,4,2,1,0,0,0,17.71886,154.726,0,
281,3000,11094,150151,227,915,58945,0,0,0,0,0,0,0,0,1188.9753499999997,3903.926,0,
282,458,2502,27395,59,82,5246,0,0,14,5,2,0,0,0,106.45698,712.27,0,
283,120,769,7939,8,20,789,0,0,2,1,0,0,0,0,24.675069999999998,206.414,0,
284,88,551,5293,7,6,331,0,0,3,1,0,0,0,0,7.65053,137.618,0,
285,392,2057,23896,19,86,4315,0,0,4,0,0,0,0,0,108.52844999999999,621.2959999999999,0,
286,256,1565,16228,47,62,2660,0,0,5,3,0,0,0,0,77.05579999999999,421.928,0,
287,299,1579,17185,53,52,3862,0,0,11,3,1,0,0,0,68.91705999999999,446.81,0,
288,3000,11772,146968,377,1082,56083,0,0,1,0,0,0,0,0,1370.1582899999999,3821.1679999999997,0,
289,3000,11899,162020,234,1048,44834,0,0,1,1,0,0,0,0,1302.1534199999999,4212.5199999999995,0,
290,157,1014,9535,12,29,1007,0,0,3,3,0,0,0,0,35.418409999999994,247.91,0,
291,101,594,5755,15,6,163,0,0,3,2,1,0,0,0,7.208689999999999,149.63,0,
292,151,843,9243,12,17,937,0,0,5,2,1,0,0,0,21.67431,240.31799999999998,0,
293,299,1699,17704,47,54,2785,0,0,5,4,1,0,0,0,68.34455,460.304,0,
294,123,741,7048,10,15,728,0,0,5,2,0,0,0,0,18.864639999999998,183.248,0,
295,3000,11054,156377,179,1016,46753,0,0,1,0,0,0,0,0,1271.04039,4065.8019999999997,0,
296,162,1064,10251,48,27,1464,0,0,5,2,1,0,0,0,34.36032,266.526,0,
297,255,1391,15493,35,36,2289,0,0,8,4,1,0,0,0,46.70006999999999,402.818,0,
298,85,509,5278,6,3,157,0,0,1,1,0,0,0,0,3.80291,137.22799999999998,0,
299,3000,11603,141294,420,951,129987,0,0,8,4,0,0,0,0,1416.49581,3673.644,0,
300,247,1311,13040,38,19,1382,0,0,6,3,2,0,0,0,25.10466,339.03999999999996,0,
301,142,855,9408,13,20,909,0,0,4,2,0,0,0,0,24.990669999999998,244.60799999999998,0,
302,102,786,6734,49,13,520,0,0,3,2,1,0,0,0,16.057599999999997,175.084,0,
303,289,1322,13878,27,24,1542,0,0,8,7,1,0,0,0,31.175459999999998,360.828,0,
304,129,794,8353,36,11,663,0,0,3,2,0,0,0,0,14.17369,217.178,0,
305,159,889,9744,11,22,1102,0,0,6,3,0,0,0,0,27.75826,253.344,0,
306,175,954,9936,56,26,1605,0,0,2,1,0,0,0,0,33.60115,258.336,0,
307,101,575,5856,6,8,263,0,0,2,1,0,0,0,0,9.731689999999999,152.256,0,
308,266,1429,16111,28,60,2769,0,0,5,3,1,0,0,0,75.08247,418.88599999999997,0,
309,3000,11387,154306,190,970,59379,0,0,1,0,0,0,0,0,1252.26677,4011.9559999999997,0,
310,115,795,7288,17,14,1025,0,0,4,3,0,0,0,0,18.515749999999997,189.488,0,
311,258,1518,15987,35,56,3160,0,0,7,3,1,0,0,0,71.5908,415.662,0,
312,214,1229,13160,12,38,2199,0,0,5,2,0,0,0,0,48.723369999999996,342.15999999999997,0,
313,83,514,5355,26,3,162,0,0,2,2,1,0,0,0,3.81606,139.23,0,
314,167,951,10244,12,24,1602,0,0,4,1,0,0,0,0,31.333259999999996,266.344,0,
315,284,1532,16732,23,49,2917,0,0,4,3,0,0,0,0,63.041709999999995,435.032,0,
316,251,1349,14508,23,48,2574,0,0,9,3,1,0,0,0,61.00962,377.20799999999997,0,
317,104,655,6929,32,6,400,0,0,5,3,1,0,0,0,7.831999999999999,180.154,0,
318,3000,11384,145524,168,661,44949,0,0,4,2,0,0,0,0,865.14587,3783.624,0,
319,124,877,8361,83,9,665,0,0,4,2,1,0,0,0,11.918949999999999,217.386,0,
320,92,533,5320,4,2,95,0,0,1,0,0,0,0,0,2.5098499999999997,138.32,0,
321,162,941,11127,12,29,1101,0,0,2,1,0,0,0,0,35.66562999999999,289.30199999999996,0,
322,355,1816,19405,39,84,7116,0,0,5,2,0,0,0,0,113.63507999999999,504.53,0,
323,332,1736,19578,55,61,3274,0,0,6,4,2,0,0,0,77.54061999999999,509.02799999999996,0,
324,282,1380,15424,56,38,2095,0,0,6,5,2,0,0,0,48.44985,401.024,0,
325,104,558,4898,14,9,435,0,0,3,1,0,0,0,0,11.314049999999998,127.348,0,
326,261,1262,14616,14,32,1697,0,0,5,4,1,0,0,0,40.62311,380.01599999999996,0,
327,3000,11905,149418,276,879,53882,0,0,0,0,0,0,0,0,1134.97966,3884.868,0,
328,129,1010,8555,26,29,1263,0,0,3,2,0,0,0,0,36.09168999999999,222.42999999999998,0,
329,83,602,5503,36,5,365,0,0,6,3,1,0,0,0,6.6099499999999995,143.078,0,
330,267,1479,16768,21,52,2377,0,0,5,3,2,0,0,0,65.01150999999999,435.96799999999996,0,
331,196,1029,11504,14,24,1252,0,0,5,3,0,0,0,0,30.41276,299.104,0,
332,142,720,7709,8,11,552,0,0,3,1,0,0,0,0,13.88176,200.434,0,
333,117,698,6541,8,11,771,0,0,6,1,1,0,0,0,14.45773,170.066,0,
334,3000,12009,141482,515,1078,60183,0,0,6,4,2,0,0,0,1376.4212899999998,3678.5319999999997,0,
335,148,1018,8662,58,25,1264,0,0,4,4,1,0,0,0,31.574319999999997,225.212,0,
336,81,585,5072,23,14,528,0,0,4,3,1,0,0,0,17.20864,131.87199999999999,0,
337,3000,11392,147280,370,802,46317,0,0,2,0,0,0,0,0,1028.07371,3829.2799999999997,0,
338,145,949,8270,19,23,861,0,0,3,3,0,0,0,0,28.25443,215.01999999999998,0,
339,75,845,5396,39,5,240,0,0,2,1,0,0,0,0,6.281199999999999,140.296,0,
340,200,1345,11703,39,30,1953,0,0,6,2,0,0,0,0,39.03639,304.27799999999996,0,
341,390,2404,24575,70,115,5258,0,0,3,2,0,0,0,0,143.77854,638.9499999999999,0,
342,151,992,9144,34,19,1180,0,0,4,2,1,0,0,0,24.5734,237.744,0,
343,161,1105,9883,76,51,2704,0,0,3,3,0,0,0,0,64.74152,256.95799999999997,0,
344,161,966,9609,17,29,1230,0,0,3,1,0,0,0,0,36.0049,249.83399999999997,0,
345,3000,13186,147139,514,771,44509,0,0,2,1,0,0,0,0,988.2886699999999,3825.614,0,
346,3000,13440,157812,291,978,57766,0,0,2,0,0,0,0,0,1257.0645799999998,4103.112,0,
347,100,1005,6694,17,11,461,0,0,5,3,1,0,0,0,13.64243,174.04399999999998,0,
348,117,744,6775,13,11,450,0,0,2,2,1,0,0,0,13.6135,176.15,0,
349,418,2377,24727,66,83,5402,0,0,11,4,2,0,0,0,107.99726,642.9019999999999,0,
350,132,889,7882,21,13,757,0,0,5,3,2,0,0,0,16.680909999999997,204.932,0,
351,229,1560,13443,60,43,2256,0,0,3,0,0,0,0,0,54.52328,349.518,0,
352,252,1283,12720,69,27,1423,0,0,10,5,1,0,0,0,34.252489999999995,330.71999999999997,0,
353,128,791,8309,12,21,824,0,0,2,0,0,0,0,0,25.897119999999997,216.034,0,
354,309,1525,17100,35,41,2254,0,0,4,2,1,0,0,0,52.25802,444.59999999999997,0,
355,181,1064,9609,83,41,3010,0,0,3,3,0,0,0,0,54.2463,249.83399999999997,0,
356,159,907,9539,38,23,1390,0,0,5,3,2,0,0,0,29.645699999999998,248.01399999999998,0,
357,167,920,10025,22,19,1322,0,0,7,3,0,0,0,0,24.946859999999997,260.65,0,
358,452,2417,27389,42,89,5164,0,0,7,2,0,0,0,0,114.15132,712.1139999999999,0,
359,209,1186,12610,18,43,1978,0,0,4,2,0,0,0,0,53.792139999999996,327.85999999999996,0,
360,146,814,8438,14,22,947,0,0,3,1,0,0,0,0,27.35061,219.38799999999998,0,
361,164,921,9142,22,22,1424,0,0,5,4,0,0,0,0,28.60512,237.69199999999998,0,
362,270,1353,15044,43,44,2958,0,0,8,5,2,0,0,0,57.499539999999996,391.144,0,
363,3000,12892,151728,619,1081,65162,0,0,0,0,0,0,0,0,1392.90606,3944.928,0,
364,70,497,4202,10,6,199,0,0,2,1,0,0,0,0,7.303369999999999,109.252,0,
365,302,1837,17919,31,66,3787,0,0,7,5,0,0,0,0,84.53981,465.894,0,
366,108,543,5298,6,4,196,0,0,2,0,0,0,0,0,5.03548,137.748,0,
367,3000,11842,154990,250,972,60148,0,0,0,0,0,0,0,0,1256.5492399999998,4029.74,0,
368,162,1015,9600,47,20,877,0,0,5,3,1,0,0,0,24.906509999999997,249.6,0,
369,234,1094,11220,16,21,1635,0,0,9,4,0,0,0,0,28.030049999999996,291.71999999999997,0,
370,131,751,7772,50,9,610,0,0,4,3,2,0,0,0,11.774299999999998,202.072,0,
371,351,1806,19658,46,74,4689,0,0,10,6,2,0,0,0,95.95206999999999,511.108,0,
372,3000,11278,154661,270,985,59895,0,0,0,0,0,0,0,0,1270.57385,4021.1859999999997,0,
373,279,1572,15532,70,38,1856,0,0,8,2,1,0,0,0,47.82128,403.832,0,
374,75,473,4088,4,3,110,0,0,2,0,0,0,0,0,3.6792999999999996,106.288,0,
375,3000,12292,142593,912,1116,244629,0,0,2,1,0,0,0,0,1904.45427,3707.4179999999997,0,
376,230,1409,13921,55,52,2562,0,0,4,3,0,0,0,0,65.49806,361.94599999999997,0,
377,403,2107,23241,27,78,4561,0,0,4,1,1,0,0,0,100.13542999999999,604.266,0,
378,147,920,9476,20,18,1193,0,0,5,2,0,0,0,0,23.477589999999996,246.37599999999998,0,
379,162,794,8384,8,16,879,0,0,3,0,0,0,0,0,20.391769999999998,217.98399999999998,0,
380,218,1161,12976,26,38,1845,0,0,4,4,1,0,0,0,47.79235,337.376,0,
381,92,615,6753,7,12,540,0,0,2,2,0,0,0,0,14.980199999999998,175.578,0,
382,183,1030,10199,81,22,1161,0,0,7,6,2,0,0,0,27.913429999999998,265.174,0,
383,185,1112,11632,38,34,1807,0,0,5,5,2,0,0,0,43.17240999999999,302.43199999999996,0,
384,181,987,10903,20,36,1333,0,0,1,1,0,0,0,0,44.18578999999999,283.478,0,
385,247,1384,14429,42,34,2657,0,0,10,6,1,0,0,0,45.407909999999994,375.154,0,
386,149,958,9563,60,25,1188,0,0,4,4,3,0,0,0,31.374439999999996,248.63799999999998,0,
387,98,649,6293,37,8,663,0,0,4,3,1,0,0,0,10.78369,163.618,0,
388,179,1025,11733,16,29,1660,0,0,6,3,1,0,0,0,37.135799999999996,305.058,0,
389,95,515,5465,5,4,159,0,0,3,1,0,0,0,0,4.9381699999999995,142.09,0,
390,215,1038,12077,7,13,892,0,0,4,1,0,0,0,0,17.035959999999996,314.002,0,
391,3000,11063,160761,80,1049,44055,0,0,0,0,0,0,0,0,1301.2346499999999,4179.786,0,
392,181,1127,11070,17,34,1655,0,0,6,2,1,0,0,0,42.77264999999999,287.82,0,
393,181,1219,11522,52,38,1619,0,0,2,2,0,0,0,0,47.19797,299.572,0,
394,3000,11650,146959,158,795,44534,0,0,3,2,0,0,0,0,1015.4744199999999,3820.9339999999997,0,
395,214,1282,12236,19,32,1892,0,0,4,1,0,0,0,0,41.13596,318.13599999999997,0,
396,3000,10940,141885,183,990,68858,0,0,2,1,0,0,0,0,1299.7965399999998,3689.0099999999998,0,
397,135,831,7045,15,16,815,0,0,4,2,0,0,0,0,20.22345,183.17,0,
398,3000,11714,150050,143,889,48698,0,0,0,0,0,0,0,0,1132.64574,3901.2999999999997,0,
399,131,930,7952,64,10,761,0,0,4,3,1,0,0,0,13.30143,206.75199999999998,0,
400,124,759,7678,11,8,666,0,0,4,2,1,0,0,0,10.79158,199.628,0,
401,3000,11290,146607,173,829,44097,0,0,3,1,1,0,0,0,1052.7451099999998,3811.7819999999997,0,
402,217,1259,11660,26,27,1816,0,0,8,4,1,0,0,0,35.28608,303.15999999999997,0,
403,3000,11370,143128,98,635,42550,0,0,7,4,0,0,0,0,829.4565,3721.328,0,
404,329,1799,17914,31,75,4760,0,0,7,3,0,0,0,0,97.26879999999998,465.76399999999995,0,
405,215,1265,13352,22,38,2003,0,0,6,3,1,0,0,0,48.20789,347.152,0,
406,337,1735,20043,34,74,3102,0,0,4,3,1,0,0,0,91.77825999999999,521.1179999999999,0,
407,3000,11538,150954,122,890,55414,0,0,0,0,0,0,0,0,1151.4388199999999,3924.8039999999996,0,
408,178,1080,10790,16,23,1835,0,0,8,3,2,0,0,0,30.816049999999997,280.53999999999996,0,
409,68,473,4474,10,2,144,0,0,3,1,0,0,0,0,2.6387199999999997,116.324,0,
410,3000,12112,141897,1054,1138,391723,0,0,0,0,0,0,0,0,2316.1714899999997,3689.3219999999997,0,
411,3000,11951,146344,282,794,46685,0,0,2,1,0,0,0,0,1020.00155,3804.944,0,
412,273,1136,11790,18,21,992,0,0,6,3,1,0,0,0,26.338959999999997,306.53999999999996,0,
413,134,947,8041,54,17,1192,0,0,5,4,1,0,0,0,22.344959999999997,209.066,0,
414,95,616,5862,9,12,555,0,0,4,0,0,0,0,0,15.019649999999999,152.412,0,
415,3000,11193,160785,69,1064,41858,0,0,0,0,0,0,0,0,1312.40654,4180.41,0,
416,162,1001,9503,45,34,1851,0,0,3,1,1,0,0,0,43.288129999999995,247.07799999999997,0,
417,308,1668,17182,78,55,3929,0,0,6,3,1,0,0,0,72.48326999999999,446.73199999999997,0,
418,88,602,5398,9,6,390,0,0,3,1,0,0,0,0,7.8057,140.34799999999998,0,
419,226,827,8562,8,4,115,0,0,2,1,0,0,0,0,4.82245,222.612,0,
420,133,897,8042,49,25,1523,0,0,4,3,2,0,0,0,32.255489999999995,209.09199999999998,0,
421,143,921,9578,14,19,1150,0,0,5,2,0,0,0,0,24.4945,249.028,0,
422,167,946,8587,90,27,1447,0,0,6,2,0,0,0,0,34.31561,223.262,0,
423,233,1200,12973,19,23,1724,0,0,5,4,1,0,0,0,30.524119999999996,337.298,0,
424,108,680,6317,14,15,637,0,0,3,1,0,0,0,0,18.62531,164.242,0,
425,182,1114,12076,16,53,1796,0,0,3,2,0,0,0,0,64.61348,313.976,0,
426,188,1376,10508,64,35,2153,0,0,9,6,2,0,0,0,45.21239,273.20799999999997,0,
427,252,1381,17067,17,75,2319,0,0,3,2,1,0,0,0,90.84896999999998,443.74199999999996,0,
428,132,804,9112,8,26,859,0,0,2,1,0,0,0,0,31.639169999999996,236.91199999999998,0,
429,3000,12542,156053,186,979,58232,0,0,2,1,0,0,0,0,1259.42016,4057.3779999999997,0,
430,197,1127,10256,61,14,1068,0,0,3,2,1,0,0,0,18.628839999999997,266.656,0,
431,3000,11479,153491,112,935,53142,0,0,0,0,0,0,0,0,1196.3134599999998,3990.7659999999996,0,
432,357,2188,23302,29,109,3980,0,0,3,0,0,0,0,0,133.63739999999999,605.852,0,
433,129,888,8640,17,16,1219,0,0,5,1,1,0,0,0,21.28597,224.64,0,
434,3000,10942,153786,105,935,54114,0,0,1,1,0,0,0,0,1198.86982,3998.4359999999997,0,
435,257,2018,15197,47,65,2901,0,0,3,1,0,0,0,0,81.07963,395.12199999999996,0,
436,165,979,9407,63,19,884,0,0,3,2,1,0,0,0,23.794919999999998,244.582,0,
437,213,1122,11433,25,26,1613,0,0,6,4,1,0,0,0,33.622189999999996,297.258,0,
438,244,1322,14999,13,57,2470,0,0,3,2,0,0,0,0,70.9061,389.974,0,
439,3000,11903,148834,162,780,47457,0,0,6,3,1,0,0,0,1006.2119099999999,3869.6839999999997,0,
440,3000,13221,151059,288,919,59522,0,0,1,1,0,0,0,0,1195.0128599999998,3927.5339999999997,0,
441,178,1107,9912,59,28,1474,0,0,3,3,1,0,0,0,35.516619999999996,257.712,0,
442,188,1066,11742,11,27,1448,0,0,5,1,0,0,0,0,34.318239999999996,305.292,0,
443,259,1193,12777,18,27,2636,0,0,7,2,0,0,0,0,37.442679999999996,332.202,0,
444,322,1601,19140,15,76,3572,0,0,3,1,0,0,0,0,95.27436,497.64,0,
445,75,435,3775,6,3,166,0,0,3,1,0,0,0,0,3.82658,98.14999999999999,0,
446,94,505,5425,5,3,110,0,0,1,1,0,0,0,0,3.6792999999999996,141.04999999999998,0,
447,84,520,5633,7,9,392,0,0,2,2,1,0,0,0,11.200959999999998,146.458,0,
448,157,899,9593,9,30,1493,0,0,3,1,0,0,0,0,37.826589999999996,249.41799999999998,0,
449,275,1447,15647,38,64,3343,0,0,6,3,1,0,0,0,81.11209,406.822,0,
450,86,614,5651,36,7,299,0,0,1,1,1,0,0,0,8.69637,146.926,0,
451,270,1550,16409,70,66,3762,0,0,5,5,2,0,0,0,84.47406,426.63399999999996,0,
452,106,678,6810,11,19,723,0,0,3,1,0,0,0,0,23.371489999999998,177.06,0,
453,206,1099,12932,16,31,2389,0,0,7,1,0,0,0,0,41.313069999999996,336.23199999999997,0,
454,102,580,5230,8,5,330,0,0,5,1,0,0,0,0,6.517899999999999,135.98,0,
455,3000,10988,158776,77,1030,49675,0,0,0,0,0,0,0,0,1294.54525,4128.1759999999995,0,
456,217,1040,10453,17,12,732,0,0,5,2,0,0,0,0,15.485159999999999,271.77799999999996,0,
457,245,1279,13498,15,36,1909,0,0,4,3,0,0,0,0,45.700669999999995,350.948,0,
458,3000,11155,149796,218,866,54359,0,0,3,2,0,0,0,0,1121.54417,3894.696,0,
459,128,819,7142,16,16,656,0,0,2,1,0,0,0,0,19.80528,185.69199999999998,0,
460,117,741,6683,12,10,455,0,0,5,1,1,0,0,0,12.496649999999999,173.75799999999998,0,
461,424,2172,25312,24,60,4308,0,0,10,2,1,0,0,0,79.13004,658.112,0,
462,408,2325,24517,98,104,5701,0,0,7,5,2,0,0,0,132.51362999999998,637.442,0,
463,141,763,7776,7,6,310,0,0,4,1,0,0,0,0,7.595299999999999,202.176,0,
464,3000,11483,146070,111,778,46662,0,0,1,0,0,0,0,0,1001.8610599999998,3797.8199999999997,0,
465,3000,11628,138964,270,1079,59946,0,0,0,0,0,0,0,0,1376.92798,3613.064,0,
466,3000,11157,145731,119,764,43073,0,0,8,3,1,0,0,0,976.6019899999999,3789.006,0,
467,91,701,5750,91,8,286,0,0,2,2,1,0,0,0,9.792179999999998,149.5,0,
468,109,547,5209,6,3,119,0,0,1,0,0,0,0,0,3.7029699999999997,135.434,0,
469,368,1917,21422,35,81,7206,0,0,7,2,0,0,0,0,110.48177999999999,556.972,0,
470,200,1072,12060,21,24,1497,0,0,2,2,1,0,0,0,31.057109999999998,313.56,0,
471,184,847,8469,14,19,1138,0,0,4,2,0,0,0,0,24.46294,220.194,0,
472,288,1476,16091,23,61,3831,0,0,6,1,0,0,0,0,79.00553,418.366,0,
473,186,1034,11822,20,41,1537,0,0,4,2,0,0,0,0,50.37231,307.372,0,
474,65,446,4626,6,4,160,0,0,1,1,0,0,0,0,4.940799999999999,120.276,0,
475,352,1812,21011,11,72,3922,0,0,3,1,0,0,0,0,91.67485999999998,546.286,0,
476,162,861,8228,38,15,1019,0,0,4,1,0,0,0,0,19.62997,213.928,0,
477,90,537,4989,10,5,258,0,0,3,1,0,0,0,0,6.328539999999999,129.714,0,
478,214,973,10421,14,36,1835,0,0,2,1,0,0,0,0,45.506049999999995,270.94599999999997,0,
479,94,582,6254,9,8,299,0,0,3,3,1,0,0,0,9.826369999999999,162.60399999999998,0,
480,3000,11336,159881,98,1048,42761,0,0,4,1,0,0,0,0,1296.7014299999998,4156.906,0,
481,133,824,8327,11,8,655,0,0,5,2,0,0,0,0,10.762649999999999,216.50199999999998,0,
482,3000,11660,155235,72,962,47405,0,0,0,0,0,0,0,0,1211.73515,4036.1099999999997,0,
483,363,2091,23316,46,94,4157,0,0,5,2,1,0,0,0,117.15290999999999,606.216,0,
484,232,1257,13675,24,32,1820,0,0,7,3,1,0,0,0,40.9466,355.55,0,
485,143,844,8851,12,22,1242,0,0,3,2,0,0,0,0,28.126459999999998,230.12599999999998,0,
486,425,2117,25499,20,85,3411,0,0,4,2,1,0,0,0,105.02092999999999,662.9739999999999,0,
487,224,1246,14267,11,40,1975,0,0,7,2,0,0,0,0,50.39425,370.942,0,
488,96,542,5248,5,5,200,0,0,2,0,0,0,0,0,6.175999999999999,136.448,0,
489,182,914,11005,11,14,898,0,0,5,3,1,0,0,0,18.181739999999998,286.13,0,
490,204,881,9574,8,9,582,0,0,6,4,0,0,0,0,11.700659999999997,248.92399999999998,0,
491,154,888,8920,14,24,1186,0,0,3,2,0,0,0,0,30.239179999999998,231.92,0,
492,138,851,7678,43,21,1152,0,0,3,1,1,0,0,0,26.759759999999996,199.628,0,
493,84,538,5237,7,4,188,0,0,3,1,0,0,0,0,5.01444,136.162,0,
494,106,554,6160,5,4,136,0,0,0,0,0,0,0,0,4.87768,160.16,0,
495,3000,11319,159488,81,1033,42689,0,0,0,0,0,0,0,0,1279.56207,4146.688,0,
496,3000,10793,143293,86,752,45361,0,0,3,2,0,0,0,0,969.0594299999999,3725.618,0,
497,136,785,6764,12,14,584,0,0,2,1,0,0,0,0,17.355919999999998,175.864,0,
498,245,1436,15458,78,33,2340,0,0,7,3,2,0,0,0,43.4442,401.90799999999996,0,
499,207,976,9755,22,25,876,0,0,4,3,1,0,0,0,30.553879999999996,253.63,0,
500,98,576,5346,7,8,356,0,0,3,0,0,0,0,0,9.97628,138.99599999999998,0,
501,131,753,8419,18,19,688,0,0,3,2,1,0,0,0,23.279439999999997,218.89399999999998,0,
502,141,887,8717,47,21,1157,0,0,6,4,1,0,0,0,26.772909999999996,226.642,0,
503,234,1304,13975,27,41,2277,0,0,4,3,0,0,0,0,52.318509999999996,363.34999999999997,0,
504,113,703,7010,15,18,857,0,0,4,2,0,0,0,0,22.593909999999997,182.26,0,
505,110,617,6278,17,5,405,0,0,5,3,2,0,0,0,6.7151499999999995,163.22799999999998,0,
506,93,619,6223,15,10,389,0,0,3,3,1,0,0,0,12.32307,161.798,0,
507,266,1425,14374,38,46,2928,0,0,8,4,1,0,0,0,59.68064,373.724,0,
508,119,746,8355,8,19,853,0,0,5,0,0,0,0,0,23.713389999999997,217.23,0,
509,167,913,10153,5,22,1211,0,0,4,2,1,0,0,0,28.04493,263.978,0,
510,180,882,10400,21,23,1093,0,0,4,2,1,0,0,0,28.86459,270.4,0,
511,121,685,7257,17,14,770,0,0,4,2,1,0,0,0,17.8451,188.682,0,
512,99,630,6770,7,14,700,0,0,3,1,0,0,0,0,17.660999999999998,176.01999999999998,0,
513,116,732,6529,21,10,723,0,0,7,1,1,0,0,0,13.20149,169.754,0,
514,123,779,8511,50,11,478,0,0,4,3,1,0,0,0,13.68714,221.286,0,
515,147,870,9974,12,24,1254,0,0,3,1,0,0,0,0,30.41802,259.324,0,
516,130,644,7046,6,6,309,0,0,3,0,0,0,0,0,7.592669999999999,183.196,0,
517,136,657,6824,20,10,366,0,0,2,2,1,0,0,0,12.26258,177.42399999999998,0,
518,173,784,8887,9,13,825,0,0,5,2,1,0,0,0,16.85975,231.06199999999998,0,
519,86,529,5028,5,8,387,0,0,4,2,0,0,0,0,10.05781,130.72799999999998,0,
520,187,1023,12293,24,25,1162,0,0,5,5,1,0,0,0,31.306059999999995,319.618,0,
521,143,714,7389,5,12,669,0,0,3,0,0,0,0,0,15.319469999999999,192.114,0,
522,60,426,4365,5,3,150,0,0,2,1,0,0,0,0,3.7844999999999995,113.49,0,
523,70,462,5202,4,4,103,0,0,2,2,1,0,0,0,4.790889999999999,135.25199999999998,0,
524,182,921,10446,18,25,1370,0,0,5,2,0,0,0,0,31.853099999999998,271.596,0,
525,124,576,7085,5,7,138,0,0,1,1,0,0,0,0,8.272939999999998,184.20999999999998,0,
526,198,813,9391,9,12,618,0,0,3,2,0,0,0,0,15.185339999999998,244.166,0,
527,218,903,10398,11,14,856,0,0,5,2,1,0,0,0,18.071279999999998,270.348,0,
528,195,1044,12044,26,27,1491,0,0,7,5,2,0,0,0,34.431329999999996,313.144,0,
529,110,697,6748,35,18,755,0,0,4,2,0,0,0,0,22.325649999999996,175.44799999999998,0,
530,312,1630,16273,48,34,2806,0,0,7,6,1,0,0,0,45.79978,423.09799999999996,0,
531,210,1143,10996,79,29,1849,0,0,6,4,1,0,0,0,37.63287,285.896,0,
532,160,883,9197,9,29,1175,0,0,4,0,0,0,0,0,35.86024999999999,239.12199999999999,0,
533,321,1406,15858,61,29,2016,0,0,8,3,1,0,0,0,38.07208,412.308,0,
534,173,771,8132,10,13,731,0,0,4,2,0,0,0,0,16.61253,211.432,0,
535,142,777,7923,37,15,676,0,0,3,2,0,0,0,0,18.72788,205.998,0,
536,164,626,7175,6,3,120,0,0,3,2,1,0,0,0,3.7055999999999996,186.54999999999998,0,
537,134,779,9135,13,24,1047,0,0,3,1,0,0,0,0,29.87361,237.51,0,
538,113,610,7242,5,4,249,0,0,4,2,0,0,0,0,5.174869999999999,188.292,0,
539,130,723,8130,6,8,482,0,0,4,0,0,0,0,0,10.307659999999998,211.38,0,
540,136,814,8932,23,23,1199,0,0,5,4,1,0,0,0,29.143369999999997,232.232,0,
541,108,622,7390,3,8,399,0,0,2,1,0,0,0,0,10.089369999999999,192.14,0,
542,163,738,8252,5,12,461,0,0,4,1,0,0,0,0,14.772429999999998,214.552,0,
543,117,707,8215,19,11,519,0,0,3,3,2,0,0,0,13.79497,213.59,0,
544,170,954,9979,45,26,1874,0,0,5,4,1,0,0,0,34.30862,259.454,0,
545,157,878,9414,10,26,1230,0,0,5,2,0,0,0,0,32.6149,244.76399999999998,0,
546,70,447,5245,4,4,144,0,0,2,1,0,0,0,0,4.89872,136.37,0,
547,244,1262,13713,19,37,2477,0,0,6,2,0,0,0,0,48.32451,356.538,0,
548,165,936,9058,48,24,1321,0,0,7,2,2,0,0,0,30.594229999999996,235.50799999999998,0,
549,182,965,10387,13,29,1599,0,0,6,2,0,0,0,0,36.97537,270.062,0,
550,245,1373,14398,73,31,2645,0,0,11,5,2,0,0,0,41.986349999999995,374.34799999999996,0,
551,206,1033,10853,13,24,1364,0,0,7,2,0,0,0,0,30.707319999999996,282.178,0,
552,112,632,7000,6,13,443,0,0,4,2,0,0,0,0,15.855089999999997,182,0,
553,216,1215,14559,50,44,2006,0,0,7,5,2,0,0,0,54.995779999999996,378.534,0,
554,150,843,9624,13,19,1127,0,0,5,2,0,0,0,0,24.43401,250.224,0,
555,108,577,5744,7,9,483,0,0,4,1,0,0,0,0,11.440289999999997,149.344,0,
556,76,485,4893,7,7,292,0,0,4,2,0,0,0,0,8.677959999999999,127.21799999999999,0,
557,133,759,8256,13,16,1008,0,0,6,3,0,0,0,0,20.73104,214.65599999999998,0,
558,112,644,7312,7,10,399,0,0,4,3,1,0,0,0,12.349369999999999,190.112,0,
559,95,644,6776,73,10,414,0,0,4,4,2,0,0,0,12.388819999999999,176.176,0,
560,113,567,6015,6,8,267,0,0,2,0,0,0,0,0,9.74221,156.39,0,
561,122,717,7781,35,18,642,0,0,4,4,1,0,0,0,22.028459999999995,202.30599999999998,0,
562,120,671,7182,6,15,768,0,0,3,1,0,0,0,0,18.969839999999998,186.732,0,
563,208,982,11060,13,20,1341,0,0,6,3,0,0,0,0,26.126829999999998,287.56,0,
564,119,689,7027,15,19,1082,0,0,4,2,0,0,0,0,24.315659999999998,182.702,0,
565,136,771,8471,9,21,1063,0,0,3,1,0,0,0,0,26.525689999999997,220.24599999999998,0,
566,88,482,5032,6,6,292,0,0,3,1,0,0,0,0,7.54796,130.832,0,
567,218,1020,11507,40,21,1194,0,0,6,6,4,0,0,0,26.870219999999996,299.18199999999996,0,
568,133,742,7540,15,15,907,0,0,4,1,0,0,0,0,19.33541,196.04,0,
569,107,624,6944,14,6,465,0,0,5,4,2,0,0,0,8.002949999999998,180.54399999999998,0,
570,104,675,6272,42,25,1435,0,0,4,2,0,0,0,0,32.024049999999995,163.072,0,
571,167,932,12067,7,38,1142,0,0,2,1,0,0,0,0,45.943459999999995,313.74199999999996,0,
572,298,1164,12992,17,30,1669,0,0,5,2,1,0,0,0,38.28947,337.792,0,
573,146,807,8847,8,20,1035,0,0,3,0,0,0,0,0,25.322049999999997,230.022,0,
574,212,1028,12416,13,37,2306,0,0,1,0,0,0,0,0,47.874779999999994,322.816,0,
575,85,533,5243,8,6,213,0,0,3,2,1,0,0,0,7.34019,136.31799999999998,0,
576,127,735,7691,10,11,823,0,0,6,3,0,0,0,0,14.59449,199.96599999999998,0,
577,112,629,6840,6,12,539,0,0,3,1,0,0,0,0,14.977569999999998,177.84,0,
578,149,773,8488,18,14,737,0,0,6,4,2,0,0,0,17.758309999999998,220.688,0,
579,117,651,7094,5,9,416,0,0,2,2,0,0,0,0,11.264079999999998,184.444,0,
580,178,961,11987,11,40,1393,0,0,6,5,1,0,0,0,48.863589999999995,311.662,0,
581,81,478,5385,4,4,162,0,0,2,1,0,0,0,0,4.946059999999999,140.01,0,
582,193,1022,10817,36,31,1854,0,0,6,3,1,0,0,0,39.90601999999999,281.24199999999996,0,
583,190,988,11209,19,32,1225,0,0,5,2,1,0,0,0,39.38175,291.43399999999997,0,
584,162,777,8585,5,14,540,0,0,3,2,0,0,0,0,17.240199999999998,223.20999999999998,0,
585,248,1363,15874,26,29,1992,0,0,9,7,4,0,0,0,38.008959999999995,412.724,0,
586,119,670,6480,8,12,802,0,0,4,0,0,0,0,0,15.669259999999998,168.48,0,
587,157,879,10641,34,21,1050,0,0,6,4,2,0,0,0,26.491499999999995,276.666,0,
588,146,730,7847,8,10,594,0,0,4,0,0,0,0,0,12.862219999999999,204.022,0,
589,122,781,8551,38,17,817,0,0,5,4,0,0,0,0,21.35871,222.326,0,
590,130,719,8030,10,12,577,0,0,6,2,0,0,0,0,15.077509999999998,208.78,0,
591,131,675,6708,7,9,520,0,0,4,1,0,0,0,0,11.537599999999998,174.408,0,
592,96,597,5940,9,14,866,0,0,4,2,0,0,0,0,18.097579999999997,154.44,0,
593,231,1290,13890,53,43,2199,0,0,3,2,0,0,0,0,54.373369999999994,361.14,0,
594,120,691,6957,11,16,566,0,0,3,2,1,0,0,0,19.568579999999997,180.882,0,
595,189,960,10599,55,14,924,0,0,7,4,2,0,0,0,18.25012,275.574,0,
596,95,545,5797,8,5,279,0,0,4,3,2,0,0,0,6.383769999999999,150.72199999999998,0,
597,106,626,7083,5,13,517,0,0,3,0,0,0,0,0,16.049709999999997,184.158,0,
598,195,1064,11675,23,26,2052,0,0,9,5,1,0,0,0,34.776759999999996,303.55,0,
599,244,1232,14444,30,35,2569,0,0,8,4,1,0,0,0,46.30647,375.544,0,
600,138,716,8006,10,11,522,0,0,3,1,1,0,0,0,13.802859999999999,208.15599999999998,0,
601,202,926,10555,19,17,862,0,0,7,3,1,0,0,0,21.477059999999998,274.43,0,
602,225,1104,12057,25,32,1614,0,0,4,2,1,0,0,0,40.404819999999994,313.48199999999997,0,
603,147,676,7474,28,4,315,0,0,5,2,1,0,0,0,5.34845,194.32399999999998,0,
604,104,595,6846,8,7,412,0,0,5,1,0,0,0,0,8.993559999999999,177.99599999999998,0,
605,115,659,7096,18,12,898,0,0,5,3,1,0,0,0,15.92174,184.49599999999998,0,
606,113,580,6581,7,11,411,0,0,1,1,0,0,0,0,13.51093,171.106,0,
607,230,1144,13719,12,20,1499,0,0,7,3,1,0,0,0,26.54237,356.69399999999996,0,
608,92,575,6058,7,12,530,0,0,4,2,1,0,0,0,14.953899999999999,157.50799999999998,0,
609,129,654,6454,51,8,549,0,0,4,3,1,0,0,0,10.48387,167.804,0,
610,136,794,9216,8,25,936,0,0,4,2,0,0,0,0,30.711679999999998,239.61599999999999,0,
611,86,591,5565,49,9,530,0,0,5,3,1,0,0,0,11.563899999999999,144.69,0,
612,115,610,6659,9,11,367,0,0,1,0,0,0,0,0,13.39521,173.134,0,
613,229,1008,11253,31,14,965,0,0,7,4,1,0,0,0,18.35795,292.578,0,
614,110,597,6545,6,7,432,0,0,4,1,0,0,0,0,9.046159999999999,170.17,0,
615,179,944,9742,10,41,2056,0,0,3,0,0,0,0,0,51.73728,253.292,0,
616,207,927,10975,9,23,929,0,0,2,0,0,0,0,0,28.43327,285.34999999999997,0,
617,242,1320,14131,19,25,1916,0,0,5,1,1,0,0,0,33.28908,367.406,0,
618,92,572,5755,9,6,345,0,0,3,2,1,0,0,0,7.6873499999999995,149.63,0,
619,100,594,6607,9,12,445,0,0,5,2,1,0,0,0,14.730349999999998,171.78199999999998,0,
620,133,751,8560,8,17,910,0,0,4,2,0,0,0,0,21.603299999999997,222.56,0,
621,90,548,6171,17,9,265,0,0,4,4,2,0,0,0,10.866949999999997,160.446,0,
622,102,577,6375,9,8,299,0,0,5,4,1,0,0,0,9.826369999999999,165.75,0,
623,97,474,4954,2,4,169,0,0,2,0,0,0,0,0,4.9644699999999995,128.804,0,
624,112,703,7899,6,18,700,0,0,3,2,0,0,0,0,22.180999999999997,205.374,0,
625,214,962,10950,16,30,1485,0,0,4,3,0,0,0,0,37.80555,284.7,0,
626,247,1331,14520,19,37,2466,0,0,6,2,0,0,0,0,48.295579999999994,377.52,0,
627,149,745,8244,8,12,572,0,0,3,3,2,0,0,0,15.064359999999999,214.344,0,
628,132,704,7929,10,15,725,0,0,3,1,0,0,0,0,18.856749999999998,206.154,0,
629,138,748,8568,20,17,684,0,0,6,2,1,0,0,0,21.008919999999996,222.768,0,
630,138,763,8709,11,16,897,0,0,5,3,1,0,0,0,20.43911,226.434,0,
631,201,1118,12563,66,34,2490,0,0,8,6,3,0,0,0,44.9687,326.638,0,
632,115,684,6725,17,13,829,0,0,5,3,1,0,0,0,16.870269999999998,174.85,0,
633,116,626,7355,5,11,315,0,0,1,1,0,0,0,0,13.25845,191.23,0,
634,102,551,5270,29,7,350,0,0,3,1,1,0,0,0,8.830499999999999,137.01999999999998,0,
635,70,443,4512,4,4,254,0,0,2,0,0,0,0,0,5.18802,117.312,0,
636,125,639,7349,8,14,466,0,0,1,1,0,0,0,0,17.045579999999998,191.07399999999998,0,
637,94,556,6368,5,11,375,0,0,2,1,0,0,0,0,13.41625,165.56799999999998,0,
638,171,750,8556,6,13,527,0,0,4,1,0,0,0,0,16.076009999999997,222.456,0,
639,104,621,6460,30,9,334,0,0,2,2,1,0,0,0,11.048419999999998,167.95999999999998,0,
640,90,590,5628,33,9,440,0,0,4,2,0,0,0,0,11.327199999999998,146.328,0,
641,225,990,10790,12,29,1622,0,0,3,1,0,0,0,0,37.03586,280.53999999999996,0,
642,120,713,8105,10,19,928,0,0,4,4,1,0,0,0,23.91064,210.73,0,
643,153,842,9674,14,35,1481,0,0,4,1,0,0,0,0,43.445029999999996,251.524,0,
644,197,965,10257,43,20,1112,0,0,4,4,1,0,0,0,25.524559999999997,266.68199999999996,0,
645,131,744,8051,9,19,978,0,0,3,1,0,0,0,0,24.04214,209.326,0,
646,151,788,8802,12,21,1174,0,0,7,3,0,0,0,0,26.817619999999998,228.85199999999998,0,
647,85,493,5153,5,4,208,0,0,3,2,1,0,0,0,5.0670399999999995,133.97799999999998,0,
648,150,682,7972,8,15,542,0,0,3,1,0,0,0,0,18.37546,207.272,0,
649,160,753,8506,10,16,674,0,0,4,2,1,0,0,0,19.852619999999998,221.15599999999998,0,
650,265,1455,17790,27,40,1964,0,0,8,7,1,0,0,0,50.36532,462.53999999999996,0,
651,123,717,7505,10,12,605,0,0,4,2,1,0,0,0,15.15115,195.13,0,
652,126,769,8905,6,28,959,0,0,2,1,0,0,0,0,34.162169999999996,231.53,0,
653,118,586,6996,4,5,191,0,0,2,1,0,0,0,0,6.152329999999999,181.896,0,
654,192,1067,12287,8,43,1743,0,0,4,2,0,0,0,0,53.17408999999999,319.462,0,
655,93,542,5891,8,8,374,0,0,4,2,1,0,0,0,10.02362,153.166,0,
656,180,891,10701,7,38,1229,0,0,3,1,0,0,0,0,46.17227,278.226,0,
657,196,887,9845,8,21,1071,0,0,5,3,1,0,0,0,26.546729999999997,255.97,0,
658,149,844,9968,8,29,1287,0,0,5,3,0,0,0,0,36.15481,259.168,0,
659,152,854,10223,20,17,1007,0,0,6,3,2,0,0,0,21.85841,265.798,0,
660,218,1033,11518,14,44,2701,0,0,4,2,0,0,0,0,56.82363,299.46799999999996,0,
661,180,1059,10937,84,33,2029,0,0,6,2,2,0,0,0,42.62627,284.36199999999997,0,
662,103,578,5588,6,6,392,0,0,4,1,0,0,0,0,7.81096,145.28799999999998,0,
663,125,625,7455,5,7,273,0,0,4,1,0,0,0,0,8.627989999999999,193.82999999999998,0,
664,63,406,4179,3,3,154,0,0,3,1,0,0,0,0,3.7950199999999996,108.654,0,
665,135,761,9226,6,26,1068,0,0,4,3,1,0,0,0,32.18884,239.87599999999998,0,
666,132,690,8023,8,12,601,0,0,4,1,0,0,0,0,15.140629999999998,208.59799999999998,0,
667,80,450,5056,4,3,137,0,0,2,1,0,0,0,0,3.75031,131.456,0,
668,107,617,6401,6,11,534,0,0,3,1,0,0,0,0,13.83442,166.426,0,
669,115,646,7085,31,10,594,0,0,3,1,1,0,0,0,12.862219999999999,184.20999999999998,0,
670,207,1134,13624,30,31,1743,0,0,7,5,1,0,0,0,39.61408999999999,354.224,0,
671,99,629,6126,28,11,537,0,0,5,3,1,0,0,0,13.84231,159.27599999999998,0,
672,155,1005,10500,72,29,1497,0,0,7,5,1,0,0,0,36.70710999999999,273,0,
673,116,631,6005,11,8,463,0,0,2,1,0,0,0,0,10.257689999999998,156.13,0,
674,175,726,8311,10,10,318,0,0,2,2,0,0,0,0,12.136339999999999,216.08599999999998,0,
675,94,525,6112,5,5,189,0,0,2,1,0,0,0,0,6.147069999999999,158.912,0,
676,315,1167,14428,8,33,1221,0,0,3,1,0,0,0,0,40.50123,375.128,0,
677,108,619,6159,12,10,590,0,0,3,1,0,0,0,0,12.8517,160.134,0,
678,140,743,8635,10,23,798,0,0,3,2,0,0,0,0,28.088739999999998,224.51,0,
679,161,861,10846,14,34,1176,0,0,3,3,1,0,0,0,41.512879999999996,281.996,0,
680,79,474,5921,4,3,93,0,0,2,2,1,0,0,0,3.6345899999999998,153.946,0,
681,82,490,5029,7,10,361,0,0,4,1,0,0,0,0,12.249429999999998,130.754,0,
682,78,464,5249,3,5,227,0,0,3,1,0,0,0,0,6.2470099999999995,136.474,0,
683,95,542,6080,6,8,316,0,0,3,2,1,0,0,0,9.87108,158.07999999999998,0,
684,93,615,6041,51,10,435,0,0,3,2,1,0,0,0,12.444049999999999,157.066,0,
685,93,586,6153,8,8,401,0,0,3,1,0,0,0,0,10.094629999999999,159.97799999999998,0,
686,201,978,11099,14,18,1470,0,0,9,3,1,0,0,0,24.206099999999996,288.574,0,
687,158,815,8835,37,10,684,0,0,6,3,2,0,0,0,13.09892,229.70999999999998,0,
688,176,904,10296,15,16,923,0,0,7,2,2,0,0,0,20.507489999999997,267.69599999999997,0,
689,207,1141,13792,15,50,1807,0,0,3,2,0,0,0,0,61.25240999999999,358.592,0,
690,133,684,8022,6,6,373,0,0,3,1,0,0,0,0,7.76099,208.572,0,
691,200,875,9828,19,20,926,0,0,5,2,1,0,0,0,25.035379999999996,255.528,0,
692,155,785,9023,6,19,875,0,0,2,1,0,0,0,0,23.77125,234.59799999999998,0,
693,199,1033,11782,9,31,1330,0,0,4,2,0,0,0,0,38.527899999999995,306.332,0,
694,149,887,9314,12,20,1397,0,0,6,2,1,0,0,0,26.274109999999997,242.164,0,
695,89,529,5428,8,12,605,0,0,4,2,0,0,0,0,15.15115,141.128,0,
696,183,952,10041,10,37,1935,0,0,4,1,0,0,0,0,46.899049999999995,261.066,0,
697,106,698,6324,59,18,947,0,0,4,1,1,0,0,0,22.830609999999997,164.424,0,
698,164,824,8234,12,22,1434,0,0,3,0,0,0,0,0,28.63142,214.084,0,
699,216,935,9763,36,14,876,0,0,5,3,2,0,0,0,18.12388,253.838,0,
700,124,654,7395,9,11,408,0,0,4,4,1,0,0,0,13.50304,192.26999999999998,0,
701,199,1058,12372,14,28,1683,0,0,5,3,0,0,0,0,36.066289999999995,321.67199999999997,0,
702,97,584,6633,7,10,260,0,0,2,1,0,0,0,0,11.983799999999999,172.458,0,
703,110,597,6120,7,14,710,0,0,2,1,0,0,0,0,17.687299999999997,159.12,0,
704,143,783,8425,6,14,861,0,0,4,3,0,0,0,0,18.084429999999998,219.04999999999998,0,
705,188,928,10561,13,17,962,0,0,8,3,0,0,0,0,21.740059999999996,274.586,0,
706,106,619,6936,34,8,484,0,0,3,2,1,0,0,0,10.312919999999998,180.33599999999998,0,
707,200,851,10299,5,8,368,0,0,4,1,0,0,0,0,10.00784,267.774,0,
708,193,849,9490,8,18,781,0,0,5,2,0,0,0,0,22.394029999999997,246.73999999999998,0,
709,103,589,6683,8,6,299,0,0,3,2,0,0,0,0,7.566369999999999,173.75799999999998,0,
710,104,518,4902,4,4,323,0,0,4,0,0,0,0,0,5.36949,127.452,0,
711,115,655,8153,5,17,655,0,0,3,1,0,0,0,0,20.93265,211.97799999999998,0,
712,107,528,6396,3,4,220,0,0,3,1,0,0,0,0,5.098599999999999,166.296,0,
713,119,712,8013,38,11,919,0,0,7,3,1,0,0,0,14.846969999999999,208.338,0,
714,189,964,10228,56,20,1509,0,0,4,2,2,0,0,0,26.568669999999997,265.928,0,
715,110,666,6790,34,14,630,0,0,4,3,1,0,0,0,17.476899999999997,176.54,0,
716,97,539,6109,7,5,182,0,0,2,2,1,0,0,0,6.128659999999999,158.834,0,
717,116,567,6165,6,11,380,0,0,2,0,0,0,0,0,13.4294,160.29,0,
718,85,522,5737,5,10,476,0,0,3,1,0,0,0,0,12.551879999999999,149.162,0,
719,100,573,6032,6,8,342,0,0,3,1,0,0,0,0,9.939459999999999,156.832,0,
720,118,568,6854,3,5,129,0,0,0,0,0,0,0,0,5.989269999999999,178.20399999999998,0,
721,115,693,7247,12,17,906,0,0,4,1,0,0,0,0,21.592779999999998,188.422,0,
722,126,529,5358,7,7,370,0,0,4,1,0,0,0,0,8.883099999999999,139.308,0,
723,114,606,6831,5,12,465,0,0,3,3,1,0,0,0,14.78295,177.606,0,
724,125,696,7601,7,12,570,0,0,4,3,0,0,0,0,15.059099999999999,197.626,0,
725,111,593,6107,4,9,367,0,0,3,1,0,0,0,0,11.135209999999999,158.78199999999998,0,
726,89,508,5881,3,7,313,0,0,2,0,0,0,0,0,8.733189999999999,152.906,0,
727,126,649,7128,8,16,695,0,0,4,0,0,0,0,0,19.90785,185.328,0,
728,121,606,7188,7,6,319,0,0,2,1,0,0,0,0,7.618969999999999,186.888,0,
729,149,767,7495,54,15,857,0,0,4,3,1,0,0,0,19.20391,194.87,0,
730,99,579,6318,6,5,221,0,0,1,0,0,0,0,0,6.231229999999999,164.268,0,
731,207,947,9813,12,23,1323,0,0,3,1,0,0,0,0,29.469489999999997,255.13799999999998,0,
732,126,713,8247,8,23,1012,0,0,3,2,1,0,0,0,28.65156,214.422,0,
733,70,455,5372,3,5,168,0,0,2,1,0,0,0,0,6.0918399999999995,139.672,0,
734,178,935,10528,44,24,1360,0,0,4,2,0,0,0,0,30.696799999999996,273.728,0,
735,112,666,7476,8,14,582,0,0,2,1,0,0,0,0,17.350659999999998,194.376,0,
736,105,560,5976,27,4,222,0,0,5,3,2,0,0,0,5.103859999999999,155.376,0,
737,102,628,6687,27,6,309,0,0,3,3,2,0,0,0,7.592669999999999,173.862,0,
738,111,701,6515,36,17,858,0,0,4,2,0,0,0,0,21.46654,169.39,0,
739,148,799,9393,13,31,1093,0,0,3,2,1,0,0,0,37.90458999999999,244.218,0,
740,108,617,6644,15,9,670,0,0,3,1,1,0,0,0,11.932099999999998,172.744,0,
741,90,553,6004,43,4,181,0,0,4,2,1,0,0,0,4.996029999999999,156.10399999999998,0,
742,73,456,4560,9,5,221,0,0,3,2,0,0,0,0,6.231229999999999,118.55999999999999,0,
743,94,516,5813,5,4,122,0,0,2,1,0,0,0,0,4.840859999999999,151.138,0,
744,142,742,7730,41,18,1184,0,0,5,3,1,0,0,0,23.453919999999997,200.98,0,
745,219,861,10067,12,13,680,0,0,4,3,1,0,0,0,16.478399999999997,261.74199999999996,0,
746,77,497,5447,6,5,203,0,0,4,2,1,0,0,0,6.18389,141.62199999999999,0,
747,101,634,6644,45,12,527,0,0,4,3,1,0,0,0,14.94601,172.744,0,
748,175,777,8004,34,11,636,0,0,5,4,2,0,0,0,14.10268,208.10399999999998,0,
749,84,519,5564,8,8,274,0,0,3,2,1,0,0,0,9.76062,144.664,0,
750,102,599,6648,7,13,538,0,0,3,1,0,0,0,0,16.10494,172.84799999999998,0,
751,3000,11621,149193,135,863,51615,0,0,1,0,0,0,0,0,1110.93745,3879.018,0,
752,238,1497,14948,32,49,2389,0,0,8,3,0,0,0,0,61.65307,388.64799999999997,0,
753,155,886,8620,15,27,1363,0,0,3,0,0,0,0,0,34.09469,224.11999999999998,0,
754,172,974,10431,12,28,1455,0,0,4,2,0,0,0,0,35.466649999999994,271.20599999999996,0,
755,147,798,8402,12,25,886,0,0,4,2,0,0,0,0,30.580179999999995,218.452,0,
756,298,1620,15484,45,92,9335,0,0,6,5,0,0,0,0,128.51104999999998,402.584,0,
757,179,1056,10470,44,27,1320,0,0,6,4,2,0,0,0,33.9816,272.21999999999997,0,
758,309,1657,20741,13,87,2808,0,0,3,2,1,0,0,0,105.69503999999999,539.266,0,
759,204,1142,12518,15,27,1886,0,0,8,4,0,0,0,0,35.47018,325.46799999999996,0,
760,117,650,6906,9,10,415,0,0,3,2,0,0,0,0,12.391449999999999,179.55599999999998,0,
761,3000,11819,145458,253,1083,53523,0,0,2,0,0,0,0,0,1364.55549,3781.908,0,
762,75,621,5065,12,6,332,0,0,4,2,1,0,0,0,7.65316,131.69,0,
763,65,435,3839,4,2,142,0,0,3,0,0,0,0,0,2.63346,99.814,0,
764,297,1434,16517,17,57,2712,0,0,6,3,0,0,0,0,71.54256,429.442,0,
765,3000,11015,142480,177,743,42148,0,0,4,2,0,0,0,0,950.4392399999999,3704.48,0,
766,156,945,8964,56,17,1032,0,0,6,3,0,0,0,0,21.924159999999997,233.064,0,
767,144,801,8632,11,14,541,0,0,4,2,0,0,0,0,17.242829999999998,224.432,0,
768,329,1650,19017,12,67,3014,0,0,4,0,0,0,0,0,83.63682,494.44199999999995,0,
769,165,948,9700,16,29,1920,0,0,5,3,0,0,0,0,37.819599999999994,252.2,0,
770,254,1221,14218,12,41,1892,0,0,6,2,1,0,0,0,51.30596,369.668,0,
771,181,915,9688,13,26,1449,0,0,6,1,1,0,0,0,33.19087,251.88799999999998,0,
772,139,813,8831,9,16,942,0,0,5,2,0,0,0,0,20.55746,229.606,0,
773,199,1065,12832,13,39,1511,0,0,3,2,0,0,0,0,48.043929999999996,333.632,0,
774,395,2094,25852,31,114,4751,0,0,5,2,1,0,0,0,141.31512999999998,672.1519999999999,0,
775,465,2393,27527,11,84,5027,0,0,4,0,0,0,0,0,108.14101,715.702,0,
776,364,1801,20000,28,55,3332,0,0,6,3,1,0,0,0,70.91315999999999,520,0,
777,3000,10976,143168,113,738,44589,0,0,5,4,0,0,0,0,951.2090699999999,3722.368,0,
778,108,699,6235,9,7,473,0,0,2,1,0,0,0,0,9.153989999999999,162.10999999999999,0,
779,295,1729,18655,25,50,2940,0,0,8,4,1,0,0,0,64.23219999999999,485.03,0,
780,177,1080,10524,42,23,1654,0,0,6,2,0,0,0,0,30.34002,273.62399999999997,0,
781,253,1366,17026,24,25,1872,0,0,11,7,4,0,0,0,33.173359999999995,442.676,0,
782,283,1355,14698,26,21,1930,0,0,12,5,2,0,0,0,28.805899999999998,382.14799999999997,0,
783,370,1774,20313,23,72,4205,0,0,5,2,0,0,0,0,92.41914999999999,528.1379999999999,0,
784,126,770,8585,13,16,800,0,0,4,2,1,0,0,0,20.183999999999997,223.20999999999998,0,
785,334,1788,21280,22,72,3429,0,0,7,3,2,0,0,0,90.37826999999999,553.28,0,
786,3000,11542,147228,297,1068,65087,0,0,0,0,0,0,0,0,1378.01881,3827.928,0,
787,205,1217,13123,23,33,1690,0,0,7,3,0,0,0,0,41.7347,341.198,0,
788,97,596,6270,6,8,348,0,0,2,1,0,0,0,0,9.95524,163.01999999999998,0,
789,234,1228,12677,30,25,1817,0,0,7,5,2,0,0,0,33.02871,329.602,0,
790,106,683,7415,12,12,476,0,0,3,2,0,0,0,0,14.811879999999999,192.79,0,
791,79,498,5246,4,2,141,0,0,2,1,0,0,0,0,2.6308299999999996,136.396,0,
792,140,794,8973,10,31,1240,0,0,3,2,0,0,0,0,38.291199999999996,233.298,0,
793,175,932,11332,9,15,782,0,0,3,1,0,0,0,0,19.00666,294.632,0,
794,372,1914,22740,14,82,3910,0,0,6,2,0,0,0,0,102.9433,591.24,0,
795,179,1033,10582,12,31,1597,0,0,5,1,0,0,0,0,39.230109999999996,275.132,0,
796,188,958,10781,11,22,993,0,0,4,1,0,0,0,0,27.47159,280.306,0,
797,113,710,7566,18,20,909,0,0,4,1,1,0,0,0,24.990669999999998,196.71599999999998,0,
798,219,1487,13287,35,51,2478,0,0,5,3,1,0,0,0,64.14714,345.462,0,
799,170,832,9438,7,12,578,0,0,5,3,1,0,0,0,15.080139999999998,245.38799999999998,0,
800,322,1651,19010,15,64,3561,0,0,7,2,0,0,0,0,81.68543,494.26,0,
801,413,2360,24695,22,93,4931,0,0,7,3,0,0,0,0,118.05852999999999,642.0699999999999,0,
802,196,1061,10263,51,26,1378,0,0,3,2,0,0,0,0,33.00413999999999,266.83799999999997,0,
803,193,1015,11025,38,13,1167,0,0,9,5,2,0,0,0,17.759209999999996,286.65,0,
804,112,640,6453,9,13,491,0,0,3,0,0,0,0,0,15.981329999999998,167.778,0,
805,126,681,7036,9,19,776,0,0,3,1,0,0,0,0,23.51088,182.93599999999998,0,
806,179,940,10854,16,26,1737,0,0,10,6,1,0,0,0,33.94830999999999,282.204,0,
807,125,751,7912,13,29,1248,0,0,4,3,0,0,0,0,36.05224,205.712,0,
808,177,1033,10722,68,54,2867,0,0,4,3,1,0,0,0,68.56021,278.772,0,
809,292,1401,16401,25,48,2809,0,0,7,4,1,0,0,0,61.627669999999995,426.426,0,
810,433,2045,22709,36,57,3987,0,0,14,6,2,0,0,0,74.89581,590.434,0,
811,3000,11543,144441,159,615,44106,0,0,7,5,0,0,0,0,810.9487799999999,3755.466,0,
812,356,2189,22570,63,89,4164,0,0,5,2,0,0,0,0,111.52131999999999,586.8199999999999,0,
813,186,974,10091,14,31,1629,0,0,3,1,0,0,0,0,39.31426999999999,262.366,0,
814,104,654,6668,7,14,662,0,0,4,1,0,0,0,0,17.561059999999998,173.368,0,
815,95,624,6363,8,16,733,0,0,3,3,0,0,0,0,20.00779,165.438,0,
816,186,1083,11658,28,34,1610,0,0,5,3,2,0,0,0,42.65429999999999,303.108,0,
817,238,1180,13215,31,34,1931,0,0,7,4,1,0,0,0,43.498529999999995,343.59,0,
818,129,788,8689,16,22,1248,0,0,4,3,0,0,0,0,28.14224,225.914,0,
819,176,899,9813,10,20,1085,0,0,5,2,0,0,0,0,25.453549999999996,255.13799999999998,0,
820,220,1215,13563,8,46,1890,0,0,4,1,0,0,0,0,56.9507,352.638,0,
821,468,2293,23697,59,78,6358,0,0,13,7,2,0,0,0,104.86153999999999,616.122,0,
822,166,1012,10223,25,30,2431,0,0,6,3,1,0,0,0,40.29353,265.798,0,
823,83,562,5234,5,6,239,0,0,2,0,0,0,0,0,7.408569999999999,136.084,0,
824,191,1011,11507,13,33,1344,0,0,2,0,0,0,0,0,40.82472,299.18199999999996,0,
825,3000,11520,140362,470,1089,61520,0,0,1,1,0,0,0,0,1392.3676,3649.412,0,
826,3000,11540,144225,198,740,43599,0,0,2,2,0,0,0,0,950.86537,3749.85,0,
827,232,1235,12116,20,27,1939,0,0,5,1,0,0,0,0,35.60957,315.01599999999996,0,
828,237,1372,13781,72,51,2650,0,0,9,6,0,0,0,0,64.59949999999999,358.306,0,
829,63,445,3693,5,2,139,0,0,3,0,0,0,0,0,2.6255699999999997,96.018,0,
830,146,791,8476,11,14,554,0,0,3,1,0,0,0,0,17.27702,220.37599999999998,0,
831,3000,13132,140442,1775,1081,567989,0,0,7,2,0,0,0,0,2715.34107,3651.4919999999997,0,
832,146,891,8250,52,13,851,0,0,5,2,0,0,0,0,16.928129999999996,214.5,0,
833,229,1212,13299,13,48,1706,0,0,3,1,0,0,0,0,58.72677999999999,345.774,0,
834,307,1701,19149,49,89,4121,0,0,4,2,1,0,0,0,111.40822999999999,497.87399999999997,0,
835,3000,11268,147367,249,798,44773,0,0,4,2,0,0,0,0,1019.4929899999998,3831.542,0,
836,237,1158,11716,14,19,899,0,0,4,3,1,0,0,0,23.83437,304.616,0,
837,151,896,8891,59,16,905,0,0,4,2,1,0,0,0,20.46015,231.166,0,
838,3000,14295,182981,252,826,52599,0,0,7,3,1,0,0,0,1071.71537,4757.505999999999,0,
839,86,682,5997,50,13,833,0,0,3,2,2,0,0,0,16.880789999999998,155.922,0,
840,437,2246,27185,10,116,4784,0,0,4,0,0,0,0,0,143.66191999999998,706.81,0,
841,3000,10912,144780,105,761,45501,0,0,0,0,0,0,0,0,979.59763,3764.2799999999997,0,
842,411,2300,24289,69,62,4089,0,0,9,3,2,0,0,0,80.81406999999999,631.514,0,
843,215,1230,12366,31,36,1989,0,0,5,3,2,0,0,0,45.911069999999995,321.51599999999996,0,
844,85,599,6284,11,7,217,0,0,3,2,1,0,0,0,8.480709999999998,163.384,0,
845,450,2365,25710,43,87,5222,0,0,10,4,0,0,0,0,112.04386,668.4599999999999,0,
846,263,1431,16857,77,31,2307,0,0,8,5,3,0,0,0,41.097409999999996,438.282,0,
847,357,1962,20942,45,54,3350,0,0,9,6,1,0,0,0,69.8305,544.492,0,
848,165,872,9626,14,30,1386,0,0,2,1,0,0,0,0,37.54518,250.27599999999998,0,
849,431,2357,25308,26,91,5203,0,0,7,5,0,0,0,0,116.51388999999999,658.0079999999999,0,
850,399,2187,22985,28,76,4855,0,0,6,3,1,0,0,0,98.64864999999999,597.61,0,
851,124,678,6951,6,10,373,0,0,2,0,0,0,0,0,12.28099,180.726,0,
852,97,633,6051,11,13,586,0,0,4,2,1,0,0,0,16.23118,157.326,0,
853,106,574,5616,8,9,449,0,0,4,2,0,0,0,0,11.350869999999999,146.016,0,
854,120,604,7006,4,3,220,0,0,1,0,0,0,0,0,3.9685999999999995,182.15599999999998,0,
855,143,745,7995,15,8,596,0,0,6,2,1,0,0,0,10.607479999999999,207.87,0,
856,357,2025,22528,77,85,4122,0,0,5,3,1,0,0,0,106.89086,585.728,0,
857,3000,11746,158744,121,1020,57868,0,0,1,0,0,0,0,0,1304.7928399999998,4127.344,0,
858,110,779,7345,11,16,644,0,0,3,2,0,0,0,0,19.773719999999997,190.97,0,
859,142,870,8974,36,12,909,0,0,6,1,1,0,0,0,15.950669999999999,233.32399999999998,0,
860,239,1257,13177,22,28,2104,0,0,9,4,1,0,0,0,37.173519999999996,342.602,0,
861,169,1036,11245,21,25,1189,0,0,6,5,2,0,0,0,31.377069999999996,292.37,0,
862,200,1126,10952,63,39,2229,0,0,8,5,1,0,0,0,49.932269999999995,284.752,0,
863,238,1350,14758,58,40,2594,0,0,6,4,2,0,0,0,52.02222,383.70799999999997,0,
864,179,1067,11430,22,22,1162,0,0,6,2,0,0,0,0,27.916059999999998,297.18,0,
865,144,894,8781,20,13,596,0,0,4,1,0,0,0,0,16.257479999999997,228.30599999999998,0,
866,144,912,8471,21,21,966,0,0,6,3,1,0,0,0,26.270579999999995,220.24599999999998,0,
867,3000,10776,142827,114,575,34772,0,0,2,0,0,0,0,0,741.2003599999999,3713.502,0,
868,154,981,9267,42,12,768,0,0,7,5,0,0,0,0,15.579839999999999,240.94199999999998,0,
869,111,739,6885,18,16,793,0,0,5,3,2,0,0,0,20.165589999999998,179.01,0,
870,330,1744,19344,18,53,3439,0,0,7,3,1,0,0,0,68.93457,502.94399999999996,0,
871,208,1218,12575,49,28,2226,0,0,6,1,1,0,0,0,37.49438,326.95,0,
872,327,1658,19351,22,74,3496,0,0,6,4,0,0,0,0,92.81447999999999,503.126,0,
873,407,2022,23018,36,117,6480,0,0,4,1,0,0,0,0,149.25239999999997,598.468,0,
874,181,1040,11642,16,29,1541,0,0,4,3,0,0,0,0,36.822829999999996,302.692,0,
875,146,817,9074,11,22,1191,0,0,6,3,0,0,0,0,27.99233,235.92399999999998,0,
876,209,1076,11516,24,37,2109,0,0,5,2,1,0,0,0,47.356669999999994,299.416,0,
877,551,2869,30364,123,168,9306,0,0,6,1,0,0,0,0,214.31477999999998,789.4639999999999,0,
878,184,959,10152,15,19,1014,0,0,5,1,1,0,0,0,24.13682,263.952,0,
879,308,1624,17682,29,32,3051,0,0,11,5,0,0,0,0,44.184129999999996,459.73199999999997,0,
880,414,1796,19755,33,44,2450,0,0,8,3,2,0,0,0,56.1635,513.63,0,
881,152,852,9861,8,30,1102,0,0,4,2,1,0,0,0,36.79826,256.38599999999997,0,
882,271,1358,15955,28,35,2208,0,0,8,5,3,0,0,0,45.35704,414.83,0,
883,352,1536,18272,12,52,2066,0,0,5,2,0,0,0,0,64.19358,475.072,0,
884,247,1276,14087,27,35,2171,0,0,6,2,2,0,0,0,45.25973,366.262,0,
885,139,800,9002,21,14,911,0,0,5,5,2,0,0,0,18.21593,234.052,0,
886,123,799,7702,41,6,421,0,0,4,3,2,0,0,0,7.887229999999999,200.25199999999998,0,
887,84,595,5798,47,3,216,0,0,4,3,2,0,0,0,3.95808,150.748,0,
888,194,1061,11448,18,26,1598,0,0,8,2,0,0,0,0,33.582739999999994,297.64799999999997,0,
889,99,505,4822,7,3,202,0,0,3,1,0,0,0,0,3.9212599999999997,125.372,0,
890,140,704,7424,12,11,451,0,0,4,4,1,0,0,0,13.61613,193.024,0,
891,108,669,6685,11,18,715,0,0,5,1,0,0,0,0,22.220449999999996,173.81,0,
892,202,1054,11852,45,22,1392,0,0,7,5,2,0,0,0,28.52096,308.152,0,
893,172,905,9696,40,12,952,0,0,5,4,3,0,0,0,16.06376,252.09599999999998,0,
894,102,593,6220,7,8,331,0,0,3,0,0,0,0,0,9.91053,161.72,0,
895,134,700,7750,6,6,442,0,0,5,1,0,0,0,0,7.94246,201.5,0,
896,293,1544,17311,16,54,3166,0,0,5,1,0,0,0,0,69.34657999999999,450.08599999999996,0,
897,244,1371,13970,71,36,2633,0,0,9,4,2,0,0,0,47.604789999999994,363.21999999999997,0,
898,202,1078,11293,18,47,2315,0,0,4,2,0,0,0,0,59.198449999999994,293.618,0,
899,146,753,8346,10,12,738,0,0,5,3,1,0,0,0,15.500939999999998,216.99599999999998,0,
900,3000,11848,146194,204,765,45942,0,0,4,2,1,0,0,0,985.2774599999999,3801.044,0,
901,399,2144,23277,57,68,3872,0,0,10,7,1,0,0,0,87.02336,605.202,0,
902,503,2313,26963,25,64,4514,0,0,10,4,0,0,0,0,84.19181999999999,701.038,0,
903,80,511,4690,4,3,127,0,0,3,0,0,0,0,0,3.72401,121.94,0,
904,160,914,7726,15,13,796,0,0,5,3,0,0,0,0,16.783479999999997,200.876,0,
905,242,1318,13924,45,29,2351,0,0,8,6,2,0,0,0,38.953129999999994,362.024,0,
906,94,603,5314,8,7,441,0,0,4,1,0,0,0,0,9.06983,138.164,0,
907,3000,11788,140072,219,1068,59039,0,0,3,1,0,0,0,0,1362.11257,3641.872,0,
908,188,1157,11751,34,30,1864,0,0,5,3,1,0,0,0,38.802319999999995,305.526,0,
909,3000,11261,154411,122,950,49050,0,0,3,1,0,0,0,0,1202.5015,4014.6859999999997,0,
910,273,1558,15773,100,36,2086,0,0,9,6,1,0,0,0,46.16617999999999,410.09799999999996,0,
911,126,776,7887,8,15,761,0,0,2,2,0,0,0,0,18.95143,205.06199999999998,0,
912,228,1259,12806,18,35,1755,0,0,9,3,0,0,0,0,44.16565,332.95599999999996,0,
913,298,1645,17032,50,51,4262,0,0,9,4,2,0,0,0,68.83905999999999,442.832,0,
914,3000,10351,144228,90,515,35474,0,0,3,0,0,0,0,0,675.2466199999999,3749.928,0,
915,122,777,6611,22,10,488,0,0,5,2,1,0,0,0,12.58344,171.886,0,
916,199,1130,12326,18,26,1726,0,0,6,4,1,0,0,0,33.91938,320.476,0,
917,381,2005,23085,81,57,3812,0,0,14,8,5,0,0,0,74.43556,600.2099999999999,0,
918,195,945,10126,34,16,838,0,0,4,3,2,0,0,0,20.283939999999998,263.276,0,
919,332,1779,19925,20,71,3267,0,0,5,4,0,0,0,0,88.82220999999998,518.05,0,
920,283,1588,17619,12,57,2842,0,0,3,1,0,0,0,0,71.88445999999999,458.094,0,
921,139,738,7421,11,15,839,0,0,4,2,0,0,0,0,19.15657,192.946,0,
922,3000,11062,145155,93,732,40873,0,0,2,1,0,0,0,0,934.65599,3774.0299999999997,0,
923,183,1195,10100,87,41,2633,0,0,5,5,1,0,0,0,53.25479,262.59999999999997,0,
924,177,1109,11180,62,32,1796,0,0,4,2,1,0,0,0,40.88348,290.68,0,
925,480,2434,30789,32,137,5239,0,0,6,3,1,0,0,0,168.58856999999998,800.514,0,
926,150,883,8158,15,21,1089,0,0,4,3,0,0,0,0,26.594069999999995,212.108,0,
927,207,1202,14586,25,45,2108,0,0,5,3,1,0,0,0,56.39404,379.236,0,
928,3000,11407,158290,102,1023,57101,0,0,0,0,0,0,0,0,1306.1656299999997,4115.54,0,
929,133,808,7382,12,14,706,0,0,5,3,0,0,0,0,17.676779999999997,191.932,0,
930,249,1586,15024,62,56,2811,0,0,5,4,0,0,0,0,70.67293,390.62399999999997,0,
931,281,1481,16548,16,57,3011,0,0,5,0,0,0,0,0,72.32893,430.248,0,
932,3000,11245,143012,89,692,39692,0,0,4,1,0,0,0,0,886.3499599999999,3718.312,0,
933,191,1123,11473,21,33,1770,0,0,4,1,0,0,0,0,41.9451,298.298,0,
934,99,672,6187,53,10,424,0,0,3,3,2,0,0,0,12.415119999999998,160.862,0,
935,212,1170,12872,61,16,1387,0,0,9,3,2,0,0,0,21.727809999999998,334.67199999999997,0,
936,96,647,6363,13,16,713,0,0,4,2,0,0,0,0,19.955189999999998,165.438,0,
937,253,1380,14707,36,55,2349,0,0,4,2,0,0,0,0,68.32786999999999,382.382,0,
938,192,1015,9973,21,26,1624,0,0,8,3,0,0,0,0,33.65111999999999,259.298,0,
939,260,1408,15359,23,57,3133,0,0,7,3,1,0,0,0,72.64979,399.334,0,
940,120,743,7416,11,16,899,0,0,5,3,0,0,0,0,20.44437,192.816,0,
941,210,1017,10889,18,17,1188,0,0,5,2,1,0,0,0,22.334439999999997,283.114,0,
942,125,725,8048,10,18,716,0,0,2,1,0,0,0,0,22.223079999999996,209.248,0,
943,133,772,8194,18,19,1204,0,0,4,3,1,0,0,0,24.636519999999997,213.04399999999998,0,
944,115,759,7117,55,9,647,0,0,5,2,1,0,0,0,11.871609999999999,185.042,0,
945,104,619,6237,29,4,278,0,0,4,2,1,0,0,0,5.2511399999999995,162.162,0,
946,3000,11095,161279,71,1063,45664,0,0,0,0,0,0,0,0,1321.2863199999997,4193.254,0,
947,312,1686,18051,21,53,3156,0,0,7,1,0,0,0,0,68.19027999999999,469.32599999999996,0,
948,289,1669,17298,18,60,3388,0,0,6,2,0,0,0,0,76.71043999999999,449.748,0,
949,3000,11409,149825,170,881,48584,0,0,0,0,0,0,0,0,1123.3059199999998,3895.45,0,
950,111,724,6870,9,8,412,0,0,5,2,1,0,0,0,10.12356,178.62,0,
951,267,1413,15674,46,43,2279,0,0,8,4,2,0,0,0,54.583769999999994,407.524,0,
952,122,754,7576,51,11,478,0,0,5,2,1,0,0,0,13.68714,196.976,0,
953,446,2266,26506,20,87,4752,0,0,7,3,0,0,0,0,110.80775999999999,689.156,0,
954,86,541,5808,6,3,145,0,0,2,1,0,0,0,0,3.7713499999999995,151.00799999999998,0,
955,141,833,8413,58,17,899,0,0,5,3,2,0,0,0,21.57437,218.738,0,
956,214,1192,11268,44,34,1616,0,0,4,2,2,0,0,0,42.67007999999999,292.96799999999996,0,
957,228,1187,12406,31,36,1569,0,0,6,6,1,0,0,0,44.80646999999999,322.556,0,
958,159,828,8690,22,16,922,0,0,5,5,2,0,0,0,20.504859999999997,225.94,0,
959,288,1428,16641,12,53,2215,0,0,8,1,0,0,0,0,65.71544999999999,432.666,0,
960,315,1652,17678,26,48,2900,0,0,8,3,2,0,0,0,61.867,459.628,0,
961,105,686,6151,10,17,665,0,0,4,1,0,0,0,0,20.958949999999998,159.926,0,
962,118,737,7855,19,14,1048,0,0,6,4,0,0,0,0,18.57624,204.23,0,
963,223,994,11291,33,14,848,0,0,7,4,2,0,0,0,18.05024,293.566,0,
964,3000,10637,147053,95,831,48266,0,0,1,1,0,0,0,0,1065.96958,3823.3779999999997,0,
965,104,688,6793,10,10,454,0,0,4,1,0,0,0,0,12.494019999999999,176.618,0,
966,81,593,5625,5,4,181,0,0,2,1,0,0,0,0,4.996029999999999,146.25,0,
967,216,1275,12533,46,31,2013,0,0,7,3,1,0,0,0,40.324189999999994,325.858,0,
968,125,797,8452,11,24,791,0,0,3,2,1,0,0,0,29.200329999999997,219.75199999999998,0,
969,154,793,8957,11,10,653,0,0,4,2,1,0,0,0,13.017389999999999,232.88199999999998,0,
970,231,1364,14253,33,36,2628,0,0,9,6,3,0,0,0,47.59163999999999,370.578,0,
971,282,1550,16343,19,38,2592,0,0,8,3,0,0,0,0,49.75696,424.918,0,
972,3000,11291,158499,86,1047,40663,0,0,2,1,0,0,0,0,1290.05369,4120.974,0,
973,352,2007,21890,36,66,3732,0,0,7,4,1,0,0,0,84.39516,569.14,0,
974,242,1309,14126,20,36,2342,0,0,7,1,0,0,0,0,46.839459999999995,367.276,0,
975,240,1200,14510,15,34,1671,0,0,8,4,0,0,0,0,42.81473,377.26,0,
976,153,906,8501,44,17,1322,0,0,6,4,0,0,0,0,22.686859999999996,221.02599999999998,0,
977,376,2008,22967,29,84,4577,0,0,8,4,3,0,0,0,106.95750999999998,597.1419999999999,0,
978,177,982,10308,21,18,1078,0,0,4,3,2,0,0,0,23.175139999999995,268.008,0,
979,176,1005,10007,16,23,1523,0,0,10,4,1,0,0,0,29.995489999999997,260.182,0,
980,303,1590,16566,40,73,5091,0,0,9,4,1,0,0,0,95.87933,430.716,0,
981,136,744,7419,19,14,640,0,0,4,2,0,0,0,0,17.5032,192.89399999999998,0,
982,3000,11365,159508,79,1053,44506,0,0,0,0,0,0,0,0,1306.94078,4147.208,0,
983,240,1347,13535,41,60,3473,0,0,3,2,0,0,0,0,76.93399,351.90999999999997,0,
984,113,701,7056,10,16,574,0,0,3,1,0,0,0,0,19.589619999999996,183.456,0,
985,182,1057,10955,35,32,2067,0,0,6,3,1,0,0,0,41.59621,284.83,0,
986,151,958,10396,13,22,1195,0,0,4,2,0,0,0,0,28.00285,270.296,0,
987,3000,12087,164567,123,1024,39936,0,0,2,0,0,0,0,0,1262.15168,4278.742,0,
988,3000,11543,153678,119,947,57891,0,0,1,0,0,0,0,0,1222.36333,3995.6279999999997,0,
989,126,841,8049,14,13,691,0,0,4,2,1,0,0,0,16.507329999999996,209.274,0,
990,125,678,7087,9,7,335,0,0,3,2,1,0,0,0,8.791049999999998,184.262,0,
991,3000,11934,144746,337,1064,55159,0,0,3,2,2,0,0,0,1347.38817,3763.3959999999997,0,
992,389,2102,22757,59,76,4181,0,0,10,4,1,0,0,0,96.87603,591.682,0,
993,147,904,8799,17,24,1235,0,0,2,1,0,0,0,0,30.368049999999997,228.774,0,
994,3000,11585,151754,175,1025,57214,0,0,1,1,0,0,0,0,1308.72282,3945.604,0,
995,102,621,6985,10,8,437,0,0,3,3,2,0,0,0,10.189309999999999,181.60999999999999,0,
996,129,868,7456,68,15,645,0,0,4,2,1,0,0,0,18.646349999999998,193.856,0,
997,3000,10010,141553,94,569,36937,0,0,3,2,0,0,0,0,740.1143099999999,3680.3779999999997,0,
998,118,784,7056,11,15,938,0,0,2,0,0,0,0,0,19.41694,183.456,0,
999,271,1533,15998,33,26,2276,0,0,7,4,1,0,0,0,35.36588,415.948,0,
1000,294,1643,18225,30,56,3335,0,0,8,5,2,0,0,0,72.05104999999999,473.84999999999997,0,
1001,109,662,6973,5,18,713,0,0,2,1,0,0,0,0,22.215189999999996,181.298,0,
1002,136,761,8765,5,16,724,0,0,2,1,0,0,0,0,19.984119999999997,227.89,0,
1003,84,561,6510,8,8,260,0,0,3,2,1,0,0,0,9.723799999999999,169.26,0,
1004,137,804,9030,14,28,1279,0,0,2,2,0,0,0,0,35.003769999999996,234.78,0,
1005,101,628,6585,11,14,622,0,0,3,1,0,0,0,0,17.455859999999998,171.20999999999998,0,
1006,157,838,10467,7,26,1080,0,0,2,1,0,0,0,0,32.2204,272.142,0,
1007,99,636,6462,48,13,536,0,0,2,2,0,0,0,0,16.09968,168.012,0,
1008,186,1019,11655,45,19,1250,0,0,6,3,2,0,0,0,24.7575,303.03,0,
1009,276,1315,15684,25,37,1626,0,0,7,4,1,0,0,0,46.08637999999999,407.784,0,
1010,79,531,4777,10,6,330,0,0,2,1,0,0,0,0,7.647899999999999,124.202,0,
1011,229,1157,12793,18,27,1445,0,0,3,2,2,0,0,0,34.31035,332.618,0,
1012,80,475,4731,7,5,247,0,0,2,1,0,0,0,0,6.2996099999999995,123.006,0,
1013,97,597,6724,8,14,353,0,0,1,1,0,0,0,0,16.748389999999997,174.82399999999998,0,
1014,159,919,9814,16,33,1538,0,0,3,2,0,0,0,0,41.334939999999996,255.164,0,
1015,68,436,4464,4,2,164,0,0,2,0,0,0,0,0,2.6913199999999997,116.064,0,
1016,158,856,9205,14,28,1551,0,0,2,0,0,0,0,0,35.71913,239.32999999999998,0,
1017,147,900,9416,42,23,1230,0,0,4,2,0,0,0,0,29.224899999999998,244.816,0,
1018,127,720,7562,11,23,836,0,0,3,2,0,0,0,0,28.188679999999998,196.612,0,
1019,178,938,10891,17,14,1046,0,0,5,3,1,0,0,0,18.57098,283.166,0,
1020,134,710,7453,8,12,585,0,0,3,1,0,0,0,0,15.09855,193.778,0,
1021,180,949,10519,19,25,1229,0,0,5,3,2,0,0,0,31.482269999999996,273.49399999999997,0,
1022,169,944,10953,7,37,1219,0,0,3,1,0,0,0,0,45.015969999999996,284.77799999999996,0,
1023,113,634,7531,3,6,509,0,0,3,1,0,0,0,0,8.11867,195.80599999999998,0,
1024,97,575,6688,8,10,339,0,0,3,2,1,0,0,0,12.191569999999999,173.888,0,
1025,97,538,5429,7,7,399,0,0,2,1,0,0,0,0,8.95937,141.154,0,
1026,154,958,9435,72,24,1205,0,0,3,2,2,0,0,0,30.28915,245.31,0,
1027,139,819,8044,8,27,1269,0,0,3,1,0,0,0,0,33.84747,209.14399999999998,0,
1028,123,645,7520,10,12,370,0,0,2,2,1,0,0,0,14.5331,195.51999999999998,0,
1029,218,1290,13114,56,33,2020,0,0,5,2,2,0,0,0,42.602599999999995,340.964,0,
1030,139,812,8535,10,18,884,0,0,3,2,0,0,0,0,22.664919999999995,221.91,0,
1031,159,890,10174,16,35,1771,0,0,2,1,0,0,0,0,44.20773,264.524,0,
1032,161,880,10212,8,28,1202,0,0,2,0,0,0,0,0,34.80126,265.512,0,
1033,156,750,8164,21,14,585,0,0,5,3,1,0,0,0,17.358549999999997,212.26399999999998,0,
1034,181,884,10209,10,14,776,0,0,3,0,0,0,0,0,17.860879999999998,265.43399999999997,0,
1035,118,712,7287,10,15,894,0,0,3,1,0,0,0,0,19.30122,189.462,0,
1036,152,844,9775,6,30,1039,0,0,2,1,0,0,0,0,36.63257,254.14999999999998,0,
1037,303,1569,18705,22,59,3500,0,0,10,5,1,0,0,0,75.87499999999999,486.33,0,
1038,106,594,6149,6,10,479,0,0,3,1,0,0,0,0,12.559769999999999,159.874,0,
1039,81,490,5366,5,3,157,0,0,3,0,0,0,0,0,3.80291,139.516,0,
1040,170,842,9927,16,29,1117,0,0,4,3,1,0,0,0,35.70771,258.102,0,
1041,328,1593,17573,30,39,2556,0,0,9,5,1,0,0,0,50.79227999999999,456.89799999999997,0,
1042,113,639,7095,5,8,463,0,0,2,0,0,0,0,0,10.257689999999998,184.47,0,
1043,198,1135,11968,14,27,1684,0,0,4,2,1,0,0,0,34.938919999999996,311.168,0,
1044,112,695,7910,7,13,696,0,0,4,3,1,0,0,0,16.52048,205.66,0,
1045,65,410,4202,4,2,159,0,0,2,0,0,0,0,0,2.6781699999999997,109.252,0,
1046,104,591,6329,6,9,422,0,0,4,1,0,0,0,0,11.279859999999998,164.554,0,
1047,184,1022,11370,11,33,1746,0,0,2,2,0,0,0,0,41.88198,295.62,0,
1048,119,669,7649,7,10,472,0,0,2,2,0,0,0,0,12.54136,198.874,0,
1049,284,1194,13614,13,37,1958,0,0,4,3,0,0,0,0,46.95954,353.964,0,
1050,183,936,11667,8,34,1309,0,0,1,0,0,0,0,0,41.862669999999994,303.342,0,
1051,110,608,7119,4,10,588,0,0,4,2,0,0,0,0,12.84644,185.094,0,
1052,130,682,7600,7,13,648,0,0,2,1,0,0,0,0,16.394239999999996,197.6,0,
1053,290,1428,15529,45,39,3535,0,0,12,4,2,0,0,0,53.36704999999999,403.75399999999996,0,
1054,115,681,6694,39,18,918,0,0,2,1,0,0,0,0,22.754339999999996,174.04399999999998,0,
1055,127,729,8561,3,16,577,0,0,0,0,0,0,0,0,19.59751,222.58599999999998,0,
1056,110,595,6313,7,11,440,0,0,3,1,0,0,0,0,13.5872,164.138,0,
1057,293,1318,15519,61,26,2212,0,0,8,5,2,0,0,0,35.197559999999996,403.49399999999997,0,
1058,281,1419,16405,24,49,3608,0,0,10,4,1,0,0,0,64.85904,426.53,0,
1059,157,795,9011,21,15,792,0,0,4,2,2,0,0,0,19.03296,234.286,0,
1060,97,573,6424,8,10,316,0,0,2,2,1,0,0,0,12.131079999999999,167.024,0,
1061,161,850,9786,6,25,1397,0,0,5,2,1,0,0,0,31.924109999999995,254.43599999999998,0,
1062,195,922,9846,40,12,669,0,0,4,2,1,0,0,0,15.319469999999999,255.99599999999998,0,
1063,147,783,8944,11,16,825,0,0,2,2,0,0,0,0,20.24975,232.54399999999998,0,
1064,97,584,5876,38,6,250,0,0,3,2,1,0,0,0,7.437499999999999,152.77599999999998,0,
1065,108,663,6858,7,13,611,0,0,4,2,0,0,0,0,16.296929999999996,178.308,0,
1066,108,552,6166,6,6,280,0,0,3,1,1,0,0,0,7.516399999999999,160.316,0,
1067,128,672,7715,7,19,535,0,0,2,0,0,0,0,0,22.877049999999997,200.59,0,
1068,96,539,6304,5,8,288,0,0,1,1,0,0,0,0,9.79744,163.904,0,
1069,192,1014,11757,10,40,1793,0,0,4,1,0,0,0,0,49.915589999999995,305.68199999999996,0,
1070,275,1301,15254,29,37,4513,0,0,10,3,0,0,0,0,53.67918999999999,396.604,0,
1071,165,892,10382,15,34,1637,0,0,4,1,0,0,0,0,42.72530999999999,269.93199999999996,0,
1072,142,700,7319,11,20,975,0,0,2,1,0,0,0,0,25.16425,190.29399999999998,0,
1073,170,885,10417,6,16,1077,0,0,4,1,0,0,0,0,20.912509999999997,270.842,0,
1074,141,746,8519,7,16,750,0,0,3,1,0,0,0,0,20.0525,221.494,0,
1075,204,967,11170,23,25,1158,0,0,1,1,1,0,0,0,31.295539999999995,290.41999999999996,0,
1076,116,715,7919,10,11,838,0,0,4,2,0,0,0,0,14.633939999999999,205.89399999999998,0,
1077,196,1082,13083,8,34,1434,0,0,6,1,0,0,0,0,42.191419999999994,340.15799999999996,0,
1078,157,931,10086,8,24,1261,0,0,2,1,0,0,0,0,30.436429999999998,262.236,0,
1079,129,733,8496,5,14,700,0,0,4,1,0,0,0,0,17.660999999999998,220.896,0,
1080,106,542,5732,4,6,164,0,0,1,0,0,0,0,0,7.21132,149.03199999999998,0,
1081,117,687,6845,49,10,385,0,0,3,2,1,0,0,0,12.312549999999998,177.97,0,
1082,95,599,6609,4,9,466,0,0,1,0,0,0,0,0,11.395579999999999,171.834,0,
1083,149,816,9339,10,34,1779,0,0,2,1,0,0,0,0,43.098769999999995,242.814,0,
1084,197,1076,12098,18,42,2195,0,0,3,2,0,0,0,0,53.23284999999999,314.548,0,
1085,135,731,8521,10,13,802,0,0,3,1,0,0,0,0,16.799259999999997,221.546,0,
1086,128,663,7526,9,12,507,0,0,2,1,0,0,0,0,14.89341,195.676,0,
1087,240,1238,14085,9,24,1658,0,0,4,3,0,0,0,0,31.480539999999998,366.21,0,
1088,238,1229,14314,12,48,2206,0,0,5,2,0,0,0,0,60.041779999999996,372.164,0,
1089,99,606,6830,8,15,384,0,0,2,1,0,0,0,0,17.95992,177.57999999999998,0,
1090,157,772,8598,8,14,595,0,0,2,1,0,0,0,0,17.38485,223.548,0,
1091,90,475,5093,2,4,133,0,0,2,0,0,0,0,0,4.869789999999999,132.418,0,
1092,157,761,8402,36,11,701,0,0,4,2,1,0,0,0,14.273629999999999,218.452,0,
1093,127,676,7210,5,10,645,0,0,3,0,0,0,0,0,12.99635,187.45999999999998,0,
1094,191,811,9586,4,14,614,0,0,2,0,0,0,0,0,17.43482,249.236,0,
1095,150,833,8728,38,22,1141,0,0,4,2,1,0,0,0,27.86083,226.928,0,
1096,147,752,8466,7,23,894,0,0,1,1,0,0,0,0,28.34122,220.11599999999999,0,
1097,174,918,10635,11,29,1316,0,0,2,1,0,0,0,0,36.23108,276.51,0,
1098,85,525,5815,11,9,417,0,0,3,2,1,0,0,0,11.266709999999998,151.19,0,
1099,158,915,10175,12,25,1002,0,0,2,2,0,0,0,0,30.885259999999995,264.55,0,
1100,274,1388,15552,25,32,1940,0,0,10,5,1,0,0,0,41.26219999999999,404.352,0,
1101,274,1460,16447,29,29,2437,0,0,12,7,3,0,0,0,39.179309999999994,427.62199999999996,0,
1102,103,545,5934,5,5,146,0,0,2,1,0,0,0,0,6.03398,154.284,0,
1103,95,565,6498,6,10,334,0,0,2,1,0,0,0,0,12.17842,168.94799999999998,0,
1104,125,715,8630,8,16,860,0,0,6,6,2,0,0,0,20.3418,224.38,0,
1105,412,1666,19517,54,44,2426,0,0,6,3,2,0,0,0,56.10038,507.44199999999995,0,
1106,108,702,7138,59,13,562,0,0,4,3,1,0,0,0,16.168059999999997,185.588,0,
1107,83,506,4993,10,7,413,0,0,2,2,0,0,0,0,8.996189999999999,129.81799999999998,0,
1108,105,575,5990,7,7,477,0,0,3,0,0,0,0,0,9.16451,155.73999999999998,0,
1109,130,778,8805,16,23,851,0,0,4,4,1,0,0,0,28.22813,228.92999999999998,0,
1110,83,511,4996,4,6,269,0,0,2,0,0,0,0,0,7.487469999999999,129.896,0,
1111,97,546,6180,6,7,287,0,0,2,1,0,0,0,0,8.66481,160.68,0,
1112,249,1099,11628,41,11,970,0,0,5,3,1,0,0,0,14.9811,302.328,0,
1113,127,686,7630,10,12,605,0,0,3,1,0,0,0,0,15.15115,198.38,0,
1114,198,1096,13157,12,35,1276,0,0,4,2,0,0,0,0,42.905879999999996,342.082,0,
1115,171,931,10634,10,26,1243,0,0,3,2,1,0,0,0,32.649089999999994,276.484,0,
1116,84,473,5499,4,2,93,0,0,2,1,0,0,0,0,2.50459,142.974,0,
1117,69,434,4802,4,2,93,0,0,2,1,0,0,0,0,2.50459,124.85199999999999,0,
1118,113,649,7526,11,16,543,0,0,2,1,1,0,0,0,19.50809,195.676,0,
1119,143,791,9133,9,22,1037,0,0,4,1,0,0,0,0,27.58731,237.458,0,
1120,136,717,8005,7,13,594,0,0,3,1,0,0,0,0,16.252219999999998,208.13,0,
1121,157,779,9068,3,8,611,0,0,3,0,0,0,0,0,10.64693,235.768,0,
1122,136,703,8125,13,19,929,0,0,4,2,0,0,0,0,23.913269999999997,211.25,0,
1123,146,815,9378,7,18,1053,0,0,5,3,1,0,0,0,23.109389999999998,243.828,0,
1124,104,639,6737,47,14,428,0,0,3,2,1,0,0,0,16.945639999999997,175.162,0,
1125,133,785,8427,13,24,1203,0,0,2,0,0,0,0,0,30.283889999999996,219.102,0,
1126,204,1008,12530,22,24,1591,0,0,3,3,0,0,0,0,31.304329999999997,325.78,0,
1127,130,765,8248,7,19,937,0,0,1,0,0,0,0,0,23.93431,214.44799999999998,0,
1128,204,1037,12440,18,21,1121,0,0,3,3,1,0,0,0,26.678229999999996,323.44,0,
1129,116,652,7606,6,12,370,0,0,1,1,0,0,0,0,14.5331,197.756,0,
1130,67,448,5186,5,4,183,0,0,3,1,0,0,0,0,5.001289999999999,134.83599999999998,0,
1131,118,565,6574,4,5,221,0,0,1,1,0,0,0,0,6.231229999999999,170.92399999999998,0,
1132,165,712,8417,27,5,232,0,0,2,2,1,0,0,0,6.260159999999999,218.84199999999998,0,
1133,99,534,5487,31,8,361,0,0,2,1,1,0,0,0,9.989429999999999,142.662,0,
1134,122,786,7406,56,24,1155,0,0,3,2,0,0,0,0,30.157649999999997,192.55599999999998,0,
1135,96,611,6370,43,4,244,0,0,3,2,1,0,0,0,5.16172,165.62,0,
1136,130,751,7363,16,13,713,0,0,5,1,0,0,0,0,16.565189999999998,191.438,0,
1137,83,560,5984,9,8,345,0,0,3,3,1,0,0,0,9.947349999999998,155.584,0,
1138,108,588,6651,16,10,357,0,0,2,1,1,0,0,0,12.238909999999999,172.926,0,
1139,126,706,7987,8,17,790,0,0,4,1,0,0,0,0,21.287699999999997,207.66199999999998,0,
1140,122,605,6792,6,9,295,0,0,2,1,0,0,0,0,10.945849999999998,176.59199999999998,0,
1141,125,716,7670,10,14,947,0,0,4,1,0,0,0,0,18.310609999999997,199.42,0,
1142,174,958,10423,7,30,1767,0,0,3,0,0,0,0,0,38.54721,270.998,0,
1143,136,719,8288,11,17,674,0,0,2,1,0,0,0,0,20.982619999999997,215.488,0,
1144,142,678,7971,9,11,577,0,0,3,2,0,0,0,0,13.94751,207.24599999999998,0,
1145,241,1164,13147,14,39,2198,0,0,3,2,0,0,0,0,49.850739999999995,341.822,0,
1146,203,945,10718,9,19,903,0,0,1,1,0,0,0,0,23.84489,278.668,0,
1147,108,629,6726,30,15,433,0,0,1,1,0,0,0,0,18.08879,174.876,0,
1148,147,830,10035,10,29,1002,0,0,3,2,0,0,0,0,35.40526,260.90999999999997,0,
1149,107,600,5974,7,8,620,0,0,2,1,0,0,0,0,10.670599999999999,155.32399999999998,0,
1150,101,576,6546,4,17,637,0,0,2,1,0,0,0,0,20.885309999999997,170.196,0,
1151,169,933,10156,36,19,1134,0,0,5,5,3,0,0,0,24.45242,264.056,0,
1152,122,680,8173,8,15,812,0,0,4,3,0,0,0,0,19.08556,212.498,0,
1153,121,762,8176,59,15,621,0,0,4,4,3,0,0,0,18.58323,212.576,0,
1154,185,906,9868,11,8,877,0,0,6,1,0,0,0,0,11.346509999999999,256.568,0,
1155,143,799,9616,7,25,907,0,0,2,2,1,0,0,0,30.635409999999997,250.016,0,
1156,150,822,9250,7,24,942,0,0,2,1,0,0,0,0,29.597459999999998,240.5,0,
1157,229,1109,12116,25,21,1779,0,0,7,3,1,0,0,0,28.408769999999997,315.01599999999996,0,
1158,203,1130,14121,17,47,1468,0,0,3,3,2,0,0,0,56.970839999999995,367.14599999999996,0,
1159,114,611,6296,8,15,547,0,0,4,1,0,0,0,0,18.38861,163.696,0,
1160,82,513,5571,6,6,380,0,0,3,1,0,0,0,0,7.779399999999999,144.846,0,
1161,131,747,8254,10,16,969,0,0,3,1,0,0,0,0,20.62847,214.60399999999998,0,
1162,107,628,6145,18,10,470,0,0,5,1,1,0,0,0,12.5361,159.76999999999998,0,
1163,113,673,6930,9,19,794,0,0,3,2,0,0,0,0,23.55822,180.17999999999998,0,
1164,66,425,4220,5,4,176,0,0,3,0,0,0,0,0,4.98288,109.72,0,
1165,260,1144,14002,26,27,1607,0,0,5,4,2,0,0,0,34.73641,364.05199999999996,0,
1166,158,866,9497,6,31,1505,0,0,2,0,0,0,0,0,38.98814999999999,246.922,0,
1167,124,729,8075,7,22,836,0,0,2,2,1,0,0,0,27.05868,209.95,0,
1168,159,849,9875,10,19,867,0,0,4,2,0,0,0,0,23.75021,256.75,0,
1169,144,815,8770,11,24,885,0,0,2,1,0,0,0,0,29.447549999999996,228.01999999999998,0,
1170,80,460,4990,3,4,129,0,0,1,0,0,0,0,0,4.8592699999999995,129.73999999999998,0,
1171,163,624,7525,5,5,136,0,0,1,1,0,0,0,0,6.00768,195.64999999999998,0,
1172,69,433,4234,4,4,288,0,0,3,0,0,0,0,0,5.2774399999999995,110.08399999999999,0,
1173,145,799,8913,12,25,1239,0,0,3,1,1,0,0,0,31.508569999999995,231.738,0,
1174,115,750,7585,56,20,949,0,0,2,2,1,0,0,0,25.095869999999998,197.20999999999998,0,
1175,108,641,6718,14,9,340,0,0,3,2,1,0,0,0,11.064199999999998,174.66799999999998,0,
1176,171,860,9403,17,32,1502,0,0,2,1,1,0,0,0,40.11026,244.47799999999998,0,
1177,301,1365,15559,28,31,1445,0,0,4,3,1,0,0,0,38.830349999999996,404.534,0,
1178,114,648,7420,11,11,470,0,0,2,1,0,0,0,0,13.6661,192.92,0,
1179,135,814,8978,11,21,1114,0,0,4,3,1,0,0,0,26.659819999999996,233.428,0,
1180,87,534,5892,4,7,219,0,0,1,0,0,0,0,0,8.48597,153.19199999999998,0,
1181,149,889,8690,52,18,1294,0,0,6,2,1,0,0,0,23.743219999999997,225.94,0,
1182,113,642,6932,7,16,412,0,0,1,1,0,0,0,0,19.163559999999997,180.232,0,
1183,359,1479,16611,22,28,2011,0,0,5,1,0,0,0,0,36.928929999999994,431.88599999999997,0,
1184,118,640,7010,11,14,596,0,0,2,1,0,0,0,0,17.38748,182.26,0,
1185,107,631,7159,9,13,682,0,0,2,2,0,0,0,0,16.483659999999997,186.134,0,
1186,162,903,9744,10,30,1571,0,0,4,2,0,0,0,0,38.031729999999996,253.344,0,
1187,205,826,8781,8,19,797,0,0,1,0,0,0,0,0,23.56611,228.30599999999998,0,
1188,154,816,9788,37,12,670,0,0,4,3,2,0,0,0,15.322099999999999,254.488,0,
1189,97,614,6122,9,13,545,0,0,2,1,0,0,0,0,16.12335,159.172,0,
1190,238,1108,12812,17,31,2216,0,0,6,2,0,0,0,0,40.858079999999994,333.11199999999997,0,
1191,81,527,5406,6,8,221,0,0,1,0,0,0,0,0,9.621229999999999,140.55599999999998,0,
1192,202,963,10822,12,25,1248,0,0,2,1,0,0,0,0,31.532239999999994,281.372,0,
1193,152,773,9466,6,12,470,0,0,3,2,0,0,0,0,14.7961,246.11599999999999,0,
1194,135,661,7654,5,13,426,0,0,2,1,0,0,0,0,15.810379999999999,199.004,0,
1195,169,959,10533,11,25,1332,0,0,4,3,0,0,0,0,31.753159999999998,273.858,0,
1196,100,527,5950,3,3,194,0,0,2,0,0,0,0,0,3.9002199999999996,154.7,0,
1197,133,715,8019,10,17,700,0,0,3,3,1,0,0,0,21.051,208.494,0,
1198,140,666,8065,6,7,365,0,0,2,1,0,0,0,0,8.86995,209.69,0,
1199,103,600,6482,48,3,137,0,0,2,2,1,0,0,0,3.75031,168.53199999999998,0,
1200,159,853,9418,44,11,592,0,0,5,4,1,0,0,0,13.98696,244.868,0,
1201,154,850,9323,13,22,1095,0,0,3,2,0,0,0,0,27.73985,242.398,0,
1202,129,723,7956,9,14,732,0,0,4,3,0,0,0,0,17.74516,206.856,0,
1203,93,559,6132,7,9,380,0,0,3,0,0,0,0,0,11.169399999999998,159.432,0,
1204,245,1247,14138,26,33,2357,0,0,8,5,4,0,0,0,43.48891,367.58799999999997,0,
1205,164,854,9953,10,12,864,0,0,5,2,0,0,0,0,15.83232,258.77799999999996,0,
1206,77,516,5510,27,3,200,0,0,3,2,1,0,0,0,3.9159999999999995,143.26,0,
1207,103,527,6024,3,3,138,0,0,3,1,0,0,0,0,3.7529399999999997,156.624,0,
1208,136,768,8438,11,18,828,0,0,3,0,0,0,0,0,22.517639999999997,219.38799999999998,0,
1209,91,545,5711,5,7,363,0,0,3,1,0,0,0,0,8.86469,148.486,0,
1210,118,754,8113,62,17,1122,0,0,3,2,2,0,0,0,22.160859999999996,210.938,0,
1211,233,1145,13845,13,33,1773,0,0,6,2,0,0,0,0,41.95299,359.96999999999997,0,
1212,118,740,7004,16,20,862,0,0,2,1,0,0,0,0,24.86706,182.10399999999998,0,
1213,84,550,5898,29,5,262,0,0,3,2,1,0,0,0,6.33906,153.34799999999998,0,
1214,248,1173,13986,12,35,1809,0,0,4,1,0,0,0,0,44.307669999999995,363.63599999999997,0,
1215,75,464,5182,7,4,136,0,0,2,2,1,0,0,0,4.87768,134.732,0,
1216,88,474,5166,4,4,158,0,0,2,1,0,0,0,0,4.93554,134.316,0,
1217,152,797,8885,34,20,847,0,0,2,1,1,0,0,0,24.827609999999996,231.01,0,
1218,118,616,6478,7,10,430,0,0,2,0,0,0,0,0,12.4309,168.428,0,
1219,77,458,5305,5,2,109,0,0,3,1,0,0,0,0,2.5466699999999998,137.93,0,
1220,142,833,9663,9,27,987,0,0,3,1,0,0,0,0,33.10581,251.238,0,
1221,190,1044,12188,39,22,1482,0,0,7,4,2,0,0,0,28.75766,316.888,0,
1222,143,842,9506,12,26,1116,0,0,2,2,0,0,0,0,32.315079999999995,247.15599999999998,0,
1223,153,730,8917,7,12,382,0,0,3,2,1,0,0,0,14.564659999999998,231.84199999999998,0,
1224,164,650,7609,4,6,189,0,0,1,0,0,0,0,0,7.277069999999999,197.834,0,
1225,101,575,6192,7,7,367,0,0,3,2,0,0,0,0,8.87521,160.992,0,
1226,93,541,6440,5,5,397,0,0,4,3,1,0,0,0,6.694109999999999,167.44,0,
1227,90,534,6171,4,7,256,0,0,0,0,0,0,0,0,8.583279999999998,160.446,0,
1228,120,684,7749,18,15,859,0,0,4,3,1,0,0,0,19.20917,201.474,0,
1229,153,808,9722,9,13,834,0,0,6,3,0,0,0,0,16.883419999999997,252.772,0,
1230,96,510,6202,6,3,110,0,0,0,0,0,0,0,0,3.6792999999999996,161.25199999999998,0,
1231,79,468,5209,5,5,195,0,0,1,1,0,0,0,0,6.16285,135.434,0,
1232,102,598,6881,7,14,470,0,0,2,1,0,0,0,0,17.056099999999997,178.906,0,
1233,94,607,6560,35,11,622,0,0,3,3,0,0,0,0,14.065859999999999,170.56,0,
1234,267,1338,15154,46,48,3308,0,0,6,5,3,0,0,0,62.940039999999996,394.00399999999996,0,
1235,172,674,7096,10,6,219,0,0,2,2,0,0,0,0,7.355969999999999,184.49599999999998,0,
1236,224,1244,13091,26,39,2189,0,0,3,1,1,0,0,0,49.82706999999999,340.366,0,
1237,146,1278,9669,60,28,1109,0,0,4,4,2,0,0,0,34.55667,251.39399999999998,0,
1238,173,1043,9844,18,25,1510,0,0,3,2,0,0,0,0,32.2213,255.944,0,
1239,116,658,7002,18,9,486,0,0,2,1,1,0,0,0,11.448179999999997,182.052,0,
1240,156,750,8225,9,21,960,0,0,2,1,0,0,0,0,26.254799999999996,213.85,0,
1241,174,896,10125,12,24,999,0,0,3,2,1,0,0,0,29.747369999999997,263.25,0,
1242,68,406,4297,3,2,78,0,0,2,0,0,0,0,0,2.46514,111.722,0,
1243,108,617,6984,8,9,404,0,0,2,1,0,0,0,0,11.232519999999997,181.584,0,
1244,106,552,5971,4,7,311,0,0,2,0,0,0,0,0,8.727929999999999,155.24599999999998,0,
1245,99,604,6517,7,10,390,0,0,3,2,0,0,0,0,12.3257,169.44199999999998,0,
1246,93,506,5717,4,7,239,0,0,2,1,0,0,0,0,8.53857,148.642,0,
1247,367,1731,19194,45,47,2996,0,0,12,6,1,0,0,0,60.98947999999999,499.044,0,
1248,152,750,8981,5,11,729,0,0,3,0,0,0,0,0,14.34727,233.506,0,
1249,108,616,6260,5,11,419,0,0,1,0,0,0,0,0,13.53197,162.76,0,
1250,176,855,9873,7,25,867,0,0,3,0,0,0,0,0,30.530209999999997,256.698,0,
1251,3000,12146,144996,197,807,55115,0,0,1,0,0,0,0,0,1056.86245,3769.8959999999997,0,
1252,269,1664,16086,47,40,2954,0,0,6,2,1,0,0,0,52.96901999999999,418.236,0,
1253,3000,11687,157761,372,1093,139072,0,0,0,0,0,0,0,0,1600.84936,4101.786,0,
1254,343,1908,19945,26,54,2783,0,0,11,4,1,0,0,0,68.33928999999999,518.5699999999999,0,
1255,222,1234,13400,32,46,2985,0,0,4,2,0,0,0,0,59.830549999999995,348.4,0,
1256,422,2183,25863,28,121,5294,0,0,2,0,0,0,0,0,150.65321999999998,672.438,0,
1257,3000,11334,138611,201,1116,60129,0,0,3,1,0,0,0,0,1419.21927,3603.886,0,
1258,229,1373,14599,19,42,2161,0,0,5,2,0,0,0,0,53.143429999999995,379.57399999999996,0,
1259,192,1081,12075,55,36,1139,0,0,3,3,1,0,0,0,43.67556999999999,313.95,0,
1260,3000,11016,151208,106,797,46673,0,0,3,2,0,0,0,0,1023.3599899999999,3931.408,0,
1261,184,1193,11706,33,29,1851,0,0,7,5,3,0,0,0,37.63813,304.356,0,
1262,382,2025,22230,40,92,5873,0,0,5,3,2,0,0,0,119.40598999999999,577.98,0,
1263,191,998,11195,9,24,1090,0,0,5,1,0,0,0,0,29.9867,291.07,0,
1264,139,753,8107,11,12,613,0,0,5,1,0,0,0,0,15.172189999999999,210.78199999999998,0,
1265,3000,11492,163951,100,1064,46468,0,0,1,1,0,0,0,0,1324.53084,4262.726,0,
1266,321,1805,19202,69,63,3325,0,0,5,2,2,0,0,0,79.93475,499.25199999999995,0,
1267,84,550,5747,4,2,74,0,0,0,0,0,0,0,0,2.45462,149.422,0,
1268,179,899,9618,12,19,1258,0,0,6,0,0,0,0,0,24.77854,250.06799999999998,0,
1269,186,938,10453,9,30,1147,0,0,3,1,0,0,0,0,36.91661,271.77799999999996,0,
1270,496,2660,30148,68,91,5834,0,0,17,9,3,0,0,0,118.17341999999998,783.848,0,
1271,130,758,7588,5,14,836,0,0,2,0,0,0,0,0,18.01868,197.28799999999998,0,
1272,346,1727,18826,54,60,4791,0,0,11,6,3,0,0,0,80.40033,489.476,0,
1273,196,1054,12378,29,29,2437,0,0,7,2,1,0,0,0,39.179309999999994,321.828,0,
1274,194,1011,11446,9,25,1527,0,0,4,2,2,0,0,0,32.266009999999994,297.596,0,
1275,110,594,6243,11,12,567,0,0,2,2,1,0,0,0,15.05121,162.31799999999998,0,
1276,80,512,5817,6,5,147,0,0,1,1,0,0,0,0,6.03661,151.242,0,
1277,213,1130,12403,25,27,1732,0,0,6,4,2,0,0,0,35.06516,322.478,0,
1278,134,617,6383,5,4,181,0,0,2,0,0,0,0,0,4.996029999999999,165.958,0,
1279,3000,11006,144588,106,745,45053,0,0,3,1,0,0,0,0,960.3393899999999,3759.288,0,
1280,409,2314,25354,41,78,4496,0,0,10,6,2,0,0,0,99.96447999999998,659.204,0,
1281,437,2387,25071,42,102,6107,0,0,8,7,0,0,0,0,131.32141,651.846,0,
1282,94,638,6456,11,7,294,0,0,2,0,0,0,0,0,8.683219999999999,167.856,0,
1283,462,2330,27189,34,96,5564,0,0,11,4,1,0,0,0,123.11331999999999,706.914,0,
1284,236,1263,13753,19,33,1974,0,0,5,0,0,0,0,0,42.48162,357.578,0,
1285,235,1203,12986,48,35,1955,0,0,3,1,0,0,0,0,44.691649999999996,337.63599999999997,0,
1286,188,1128,12598,26,26,2033,0,0,10,4,2,0,0,0,34.726789999999994,327.548,0,
1287,3000,10823,160302,75,1064,43092,0,0,0,0,0,0,0,0,1315.65196,4167.852,0,
1288,197,1210,12420,55,28,1810,0,0,5,2,1,0,0,0,36.400299999999994,322.91999999999996,0,
1289,195,1072,12477,15,22,1225,0,0,4,1,1,0,0,0,28.08175,324.402,0,
1290,3000,11307,148008,108,819,45990,0,0,2,2,0,0,0,0,1046.4236999999998,3848.2079999999996,0,
1291,225,1294,14428,11,38,2011,0,0,4,2,0,0,0,0,48.22893,375.128,0,
1292,108,641,6197,11,9,449,0,0,5,2,0,0,0,0,11.350869999999999,161.12199999999999,0,
1293,259,1340,14893,26,39,2164,0,0,3,2,1,0,0,0,49.76131999999999,387.21799999999996,0,
1294,320,1801,20484,17,58,3191,0,0,7,4,0,0,0,0,73.93233,532.584,0,
1295,90,542,5889,4,5,115,0,0,0,0,0,0,0,0,5.95245,153.114,0,
1296,118,708,7374,10,14,617,0,0,2,1,0,0,0,0,17.442709999999998,191.724,0,
1297,159,888,9816,20,24,1333,0,0,5,3,1,0,0,0,30.62579,255.21599999999998,0,
1298,115,675,6981,9,10,527,0,0,4,1,0,0,0,0,12.68601,181.506,0,
1299,128,727,7917,18,10,612,0,0,4,3,1,0,0,0,12.909559999999999,205.84199999999998,0,
1300,88,483,5075,5,2,75,0,0,1,0,0,0,0,0,2.4572499999999997,131.95,0,
1301,331,1643,19977,19,44,3190,0,0,11,5,2,0,0,0,58.1097,519.4019999999999,0,
1302,91,531,5974,4,4,134,0,0,1,1,0,0,0,0,4.87242,155.32399999999998,0,
1303,154,869,9507,26,18,1263,0,0,7,5,1,0,0,0,23.661689999999997,247.182,0,
1304,72,482,5242,6,3,132,0,0,3,1,0,0,0,0,3.73716,136.292,0,
1305,421,2205,27681,19,114,4327,0,0,5,2,1,0,0,0,140.20001,719.706,0,
1306,291,1570,18068,16,53,2794,0,0,6,3,0,0,0,0,67.23822,469.768,0,
1307,3000,11124,144693,143,886,60023,0,0,4,4,1,0,0,0,1159.0404899999999,3762.018,0,
1308,174,1032,9927,22,18,1262,0,0,5,1,1,0,0,0,23.659059999999997,258.102,0,
1309,131,723,6211,13,17,721,0,0,3,2,0,0,0,0,21.106229999999996,161.486,0,
1310,213,1265,13632,25,38,1881,0,0,3,3,1,0,0,0,47.887029999999996,354.43199999999996,0,
1311,97,594,6163,33,6,251,0,0,1,1,1,0,0,0,7.440129999999999,160.238,0,
1312,166,949,10641,10,31,1301,0,0,3,0,0,0,0,0,38.451629999999994,276.666,0,
1313,3000,11165,145869,121,765,43393,0,0,4,3,2,0,0,0,978.57359,3792.594,0,
1314,278,1552,14783,29,48,2677,0,0,4,2,1,0,0,0,61.28050999999999,384.358,0,
1315,216,1158,12863,19,38,2010,0,0,5,2,0,0,0,0,48.226299999999995,334.438,0,
1316,227,1046,11099,15,27,1469,0,0,2,2,0,0,0,0,34.37347,288.574,0,
1317,98,601,6701,8,9,369,0,0,2,1,0,0,0,0,11.140469999999999,174.226,0,
1318,197,1139,12903,14,30,1490,0,0,7,3,0,0,0,0,37.8187,335.478,0,
1319,3000,10497,146544,82,707,40778,0,0,2,0,0,0,0,0,906.1561399999999,3810.144,0,
1320,191,1065,9352,74,22,1317,0,0,4,3,0,0,0,0,28.32371,243.152,0,
1321,3000,11335,151999,165,923,59255,0,0,0,0,0,0,0,0,1198.83065,3951.9739999999997,0,
1322,393,2279,24118,49,99,4701,0,0,3,1,0,0,0,0,124.23362999999999,627.068,0,
1323,3000,11088,159781,90,1051,43614,0,0,3,2,1,0,0,0,1302.3348199999998,4154.306,0,
1324,232,1367,13798,33,34,2216,0,0,8,3,1,0,0,0,44.248079999999995,358.748,0,
1325,464,2278,25390,50,108,8524,0,0,6,3,1,0,0,0,144.45811999999998,660.14,0,
1326,162,909,9295,11,15,1090,0,0,6,2,0,0,0,0,19.816699999999997,241.67,0,
1327,139,708,7808,11,9,345,0,0,4,3,1,0,0,0,11.077349999999997,203.00799999999998,0,
1328,403,2212,27024,17,115,4314,0,0,2,1,0,0,0,0,141.29582,702.624,0,
1329,178,1063,11867,18,37,1436,0,0,4,3,1,0,0,0,45.586679999999994,308.542,0,
1330,181,870,9794,11,20,1029,0,0,4,2,0,0,0,0,25.306269999999998,254.64399999999998,0,
1331,126,757,8138,8,19,687,0,0,2,1,0,0,0,0,23.276809999999998,211.588,0,
1332,233,1252,13462,14,33,2049,0,0,8,2,0,0,0,0,42.678869999999996,350.012,0,
1333,496,2507,29329,66,61,4243,0,0,14,8,3,0,0,0,80.08909,762.554,0,
1334,154,924,9610,11,27,1384,0,0,3,0,0,0,0,0,34.149919999999995,249.85999999999999,0,
1335,3000,11657,139845,578,1028,179853,0,0,10,4,0,0,0,0,1634.65339,3635.97,0,
1336,161,1039,9903,23,17,975,0,0,7,2,0,0,0,0,21.77425,257.478,0,
1337,232,1199,12971,15,27,2010,0,0,7,1,0,0,0,0,35.796299999999995,337.246,0,
1338,350,1812,20751,39,59,3239,0,0,8,3,1,0,0,0,75.18856999999998,539.526,0,
1339,3000,11093,146513,93,747,42948,0,0,3,1,0,0,0,0,957.06324,3809.3379999999997,0,
1340,3000,12245,141171,376,1044,60014,0,0,8,4,1,0,0,0,1337.5568199999998,3670.446,0,
1341,328,1928,19481,50,71,3632,0,0,3,0,0,0,0,0,89.78215999999999,506.506,0,
1342,458,2812,27192,182,101,6659,0,0,10,6,1,0,0,0,131.64317,706.992,0,
1343,207,1275,13759,16,41,1872,0,0,5,2,0,0,0,0,51.25336,357.734,0,
1344,178,940,10299,22,17,1163,0,0,9,8,3,0,0,0,22.268689999999996,267.774,0,
1345,105,554,5873,5,5,148,0,0,1,0,0,0,0,0,6.0392399999999995,152.69799999999998,0,
1346,3000,11423,138928,263,1061,57328,0,0,3,3,0,0,0,0,1349.7026399999997,3612.1279999999997,0,
1347,3000,11112,142268,153,924,57189,0,0,3,1,0,0,0,0,1194.5270699999999,3698.968,0,
1348,390,2263,26608,21,127,3944,0,0,3,1,0,0,0,0,153.88271999999998,691.808,0,
1349,485,2494,25285,85,56,4071,0,0,9,4,2,0,0,0,73.98673,657.41,0,
1350,3000,11225,149713,285,1085,56280,0,0,0,0,0,0,0,0,1374.0664,3892.538,0,
1351,78,653,5610,16,6,273,0,0,4,3,0,0,0,0,7.49799,145.85999999999999,0,
1352,171,890,9759,23,12,791,0,0,5,3,2,0,0,0,15.640329999999999,253.73399999999998,0,
1353,3000,11385,141167,219,1028,57007,0,0,6,5,0,0,0,0,1311.5684099999999,3670.3419999999996,0,
1354,183,1164,11585,17,36,1727,0,0,5,2,0,0,0,0,45.22200999999999,301.21,0,
1355,275,1620,17585,26,71,3488,0,0,3,2,0,0,0,0,89.40343999999999,457.21,0,
1356,506,2521,27810,34,128,7201,0,0,6,5,2,0,0,0,163.57862999999998,723.06,0,
1357,96,607,5873,9,7,273,0,0,3,3,0,0,0,0,8.627989999999999,152.69799999999998,0,
1358,92,583,6140,7,4,283,0,0,2,1,0,0,0,0,5.26429,159.64,0,
1359,103,640,6753,11,15,515,0,0,3,2,0,0,0,0,18.30445,175.578,0,
1360,153,831,8761,13,14,1076,0,0,8,4,0,0,0,0,18.64988,227.786,0,
1361,312,1638,18524,22,63,3149,0,0,5,2,1,0,0,0,79.47187,481.62399999999997,0,
1362,127,752,7693,9,21,773,0,0,4,2,0,0,0,0,25.762989999999995,200.018,0,
1363,150,882,9952,9,26,1158,0,0,2,1,0,0,0,0,32.42554,258.752,0,
1364,206,1131,12547,30,27,1768,0,0,8,4,1,0,0,0,35.159839999999996,326.222,0,
1365,114,652,6580,13,11,373,0,0,1,0,0,0,0,0,13.41099,171.07999999999998,0,
1366,120,708,7843,9,15,833,0,0,3,3,0,0,0,0,19.14079,203.91799999999998,0,
1367,190,1141,11657,22,36,1943,0,0,4,4,2,0,0,0,45.79008999999999,303.082,0,
1368,3000,11042,142633,183,954,65596,0,0,4,2,0,0,0,0,1250.53748,3708.4579999999996,0,
1369,81,609,5443,27,8,288,0,0,2,2,1,0,0,0,9.79744,141.518,0,
1370,293,1616,18139,31,75,3210,0,0,3,2,1,0,0,0,93.19229999999999,471.614,0,
1371,293,1620,17694,27,57,3598,0,0,8,2,0,0,0,0,73.87274,460.044,0,
1372,117,740,7524,10,16,761,0,0,2,1,0,0,0,0,20.081429999999997,195.624,0,
1373,537,2780,34943,36,154,6354,0,0,7,3,1,0,0,0,190.73101999999997,908.5179999999999,0,
1374,454,2350,26127,44,88,4835,0,0,8,5,2,0,0,0,112.15605,679.302,0,
1375,3000,10235,138564,101,534,39040,0,0,6,2,0,0,0,0,706.0952,3602.6639999999998,0,
1376,3000,11822,151625,165,885,56953,0,0,2,0,0,0,0,0,1149.83639,3942.25,0,
1377,349,1860,19432,61,86,4324,0,0,2,2,0,0,0,0,108.55211999999999,505.23199999999997,0,
1378,79,558,5420,7,6,187,0,0,2,2,1,0,0,0,7.271809999999999,140.92,0,
1379,216,1145,11565,19,36,2768,0,0,4,1,0,0,0,0,47.95983999999999,300.69,0,
1380,311,1434,15174,19,33,2241,0,0,7,1,1,0,0,0,43.18383,394.524,0,
1381,3000,11384,140406,181,1072,58743,0,0,0,0,0,0,0,0,1365.8540899999998,3650.556,0,
1382,361,1921,21063,28,70,3649,0,0,1,1,0,0,0,0,88.69686999999999,547.6379999999999,0,
1383,3000,12093,139265,260,1069,61669,0,0,3,0,0,0,0,0,1370.1594699999998,3620.89,0,
1384,356,1902,21357,47,101,6248,0,0,2,1,0,0,0,0,130.56224,555.2819999999999,0,
1385,177,993,10400,26,21,1990,0,0,8,2,1,0,0,0,28.963699999999996,270.4,0,
1386,3000,11210,148650,89,866,47867,0,0,0,0,0,0,0,0,1104.47021,3864.8999999999996,0,
1387,387,2217,26108,32,113,3883,0,0,4,3,1,0,0,0,137.90229,678.808,0,
1388,3000,11143,153479,149,1045,70709,0,0,0,0,0,0,0,0,1366.81467,3990.4539999999997,0,
1389,355,2066,19867,42,60,3505,0,0,10,7,1,0,0,0,77.01814999999999,516.542,0,
1390,182,1019,9332,16,13,929,0,0,3,1,0,0,0,0,17.133269999999996,242.63199999999998,0,
1391,3000,11401,146225,102,808,44262,0,0,2,2,0,0,0,0,1029.44906,3801.85,0,
1392,279,1768,17007,28,65,3359,0,0,4,2,0,0,0,0,82.28416999999999,442.18199999999996,0,
1393,263,1443,16031,27,42,2473,0,0,7,3,1,0,0,0,53.963989999999995,416.806,0,
1394,181,973,10524,54,14,934,0,0,9,7,3,0,0,0,18.276419999999998,273.62399999999997,0,
1395,307,1599,17563,12,45,2306,0,0,4,2,0,0,0,0,56.91477999999999,456.638,0,
1396,342,1839,22131,42,79,3520,0,0,10,6,2,0,0,0,98.52759999999999,575.406,0,
1397,286,1505,17006,13,65,3431,0,0,2,2,0,0,0,0,82.47352999999998,442.156,0,
1398,545,2783,31808,55,72,5949,0,0,23,7,1,0,0,0,97.00586999999999,827.0079999999999,0,
1399,134,744,7553,11,11,394,0,0,1,1,0,0,0,0,13.46622,196.378,0,
1400,347,1954,20998,39,46,3408,0,0,15,11,3,0,0,0,60.943039999999996,545.948,0,
1401,374,1964,22393,15,86,4252,0,0,2,2,0,0,0,0,108.36276,582.218,0,
1402,311,1587,17929,20,62,2774,0,0,5,2,1,0,0,0,77.35561999999999,466.154,0,
1403,126,747,7739,6,16,856,0,0,2,0,0,0,0,0,20.33128,201.214,0,
1404,215,1188,13652,13,37,2043,0,0,4,2,1,0,0,0,47.18308999999999,354.952,0,
1405,192,918,9954,11,19,1005,0,0,3,1,0,0,0,0,24.113149999999997,258.804,0,
1406,156,810,8236,7,15,795,0,0,3,1,0,0,0,0,19.04085,214.136,0,
1407,162,844,8680,11,19,981,0,0,4,1,0,0,0,0,24.05003,225.67999999999998,0,
1408,243,1275,14584,24,46,2458,0,0,3,1,1,0,0,0,58.444539999999996,379.18399999999997,0,
1409,411,2046,25873,48,84,3684,0,0,11,7,4,0,0,0,104.60891999999998,672.698,0,
1410,141,773,9061,8,19,678,0,0,1,1,0,0,0,0,23.25314,235.58599999999998,0,
1411,121,712,7519,14,8,559,0,0,4,2,1,0,0,0,10.510169999999999,195.494,0,
1412,289,1494,17302,24,53,3015,0,0,3,2,0,0,0,0,67.81944999999999,449.852,0,
1413,105,660,6654,34,9,395,0,0,3,2,1,0,0,0,11.208849999999998,173.004,0,
1414,135,641,7307,7,4,318,0,0,3,1,0,0,0,0,5.356339999999999,189.982,0,
1415,159,883,9744,38,17,1005,0,0,8,7,4,0,0,0,21.853149999999996,253.344,0,
1416,229,1245,14153,11,50,2260,0,0,3,1,0,0,0,0,62.443799999999996,367.978,0,
1417,123,766,8567,9,17,752,0,0,5,3,0,0,0,0,21.187759999999997,222.742,0,
1418,178,990,11010,14,23,901,0,0,2,1,1,0,0,0,28.35963,286.26,0,
1419,205,1213,12464,23,32,1744,0,0,4,2,0,0,0,0,40.746719999999996,324.06399999999996,0,
1420,156,892,9564,45,23,1245,0,0,2,2,0,0,0,0,29.26435,248.664,0,
1421,288,1609,19698,17,79,2711,0,0,3,2,0,0,0,0,96.39993,512.148,0,
1422,219,1167,13044,9,34,1712,0,0,3,1,0,0,0,0,42.92256,339.144,0,
1423,358,1844,21215,43,82,4319,0,0,6,5,1,0,0,0,104.01897,551.5899999999999,0,
1424,409,2011,23661,18,74,3967,0,0,8,3,0,0,0,0,94.05320999999999,615.1859999999999,0,
1425,114,711,7501,5,21,701,0,0,2,0,0,0,0,0,25.573629999999998,195.02599999999998,0,
1426,231,1328,14406,33,40,2102,0,0,6,3,1,0,0,0,50.72825999999999,374.556,0,
1427,240,1133,12163,13,35,1716,0,0,5,2,1,0,0,0,44.06308,316.238,0,
1428,346,1689,20198,9,65,3647,0,0,2,0,0,0,0,0,83.04160999999999,525.148,0,
1429,168,926,9722,13,23,1493,0,0,5,2,1,0,0,0,29.91659,252.772,0,
1430,149,749,7875,15,16,685,0,0,3,2,1,0,0,0,19.881549999999997,204.75,0,
1431,231,1315,13823,79,35,2055,0,0,9,6,3,0,0,0,44.95465,359.39799999999997,0,
1432,104,633,6779,8,7,230,0,0,1,1,0,0,0,0,8.514899999999999,176.254,0,
1433,3000,12393,151384,153,662,37566,0,0,5,4,0,0,0,0,846.85858,3935.984,0,
1434,193,1281,10905,119,28,1770,0,0,8,3,2,0,0,0,36.2951,283.53,0,
1435,440,2036,22820,23,58,3406,0,0,6,4,0,0,0,0,74.49777999999999,593.3199999999999,0,
1436,347,1895,23394,16,105,3786,0,0,3,1,0,0,0,0,128.60718,608.244,0,
1437,79,535,5508,7,3,130,0,0,3,2,1,0,0,0,3.7318999999999996,143.208,0,
1438,439,2113,26926,31,77,4223,0,0,10,5,2,0,0,0,98.11648999999998,700.076,0,
1439,3000,11693,144671,296,1104,61411,0,0,1,0,0,0,0,0,1409.03093,3761.446,0,
1440,107,730,6909,8,8,421,0,0,3,1,0,0,0,0,10.147229999999999,179.634,0,
1441,520,2438,28450,36,69,4777,0,0,12,4,2,0,0,0,90.53350999999999,739.6999999999999,0,
1442,141,896,8828,43,14,587,0,0,4,1,1,0,0,0,17.363809999999997,229.528,0,
1443,352,1870,22204,25,70,3432,0,0,9,6,1,0,0,0,88.12616,577.304,0,
1444,377,2009,24821,14,109,3545,0,0,4,2,0,0,0,0,132.49335,645.346,0,
1445,3000,10977,146203,91,675,39059,0,0,0,0,0,0,0,0,865.4751699999999,3801.278,0,
1446,371,2052,21688,29,78,3966,0,0,6,0,0,0,0,0,98.57057999999998,563.8879999999999,0,
1447,275,1458,17384,8,62,2731,0,0,2,0,0,0,0,0,77.24252999999999,451.984,0,
1448,235,1220,13005,25,27,1603,0,0,5,4,2,0,0,0,34.72589,338.13,0,
1449,230,1298,14686,16,42,2091,0,0,7,3,0,0,0,0,52.959329999999994,381.83599999999996,0,
1450,306,1608,18314,67,66,2871,0,0,4,1,1,0,0,0,82.13073,476.164,0,
1451,3000,9715,134141,95,477,38008,0,0,5,3,0,0,0,0,638.97104,3487.6659999999997,0,
1452,327,1764,19558,33,57,3251,0,0,5,3,1,0,0,0,72.96012999999999,508.508,0,
1453,3000,11210,154465,151,901,57609,0,0,2,2,0,0,0,0,1169.64167,4016.0899999999997,0,
1454,153,979,9534,51,21,961,0,0,4,2,2,0,0,0,26.257429999999996,247.884,0,
1455,63,571,4559,4,1,111,0,0,1,0,0,0,0,0,1.42193,118.53399999999999,0,
1456,3000,11038,145799,93,663,38889,0,0,1,1,0,0,0,0,851.4680699999999,3790.774,0,
1457,549,2806,34242,62,135,5429,0,0,6,4,1,0,0,0,166.82826999999997,890.2919999999999,0,
1458,120,788,8068,12,18,773,0,0,3,2,0,0,0,0,22.372989999999994,209.768,0,
1459,180,963,10383,13,20,1107,0,0,5,1,0,0,0,0,25.511409999999998,269.95799999999997,0,
1460,89,586,6026,9,7,281,0,0,2,1,0,0,0,0,8.64903,156.676,0,
1461,371,1954,22879,22,79,4053,0,0,9,5,0,0,0,0,99.92939,594.8539999999999,0,
1462,286,1503,18083,31,71,3636,0,0,5,4,2,0,0,0,89.79267999999999,470.15799999999996,0,
1463,273,1465,17335,8,60,2160,0,0,6,3,1,0,0,0,73.4808,450.71,0,
1464,419,2116,23728,23,80,5052,0,0,9,4,1,0,0,0,103.68675999999999,616.928,0,
1465,400,2068,24785,25,84,3873,0,0,6,4,1,0,0,0,105.10598999999999,644.41,0,
1466,98,565,5367,4,3,209,0,0,3,0,0,0,0,0,3.9396699999999996,139.542,0,
1467,3000,11402,140406,196,1078,60585,0,0,3,1,0,0,0,0,1377.4785499999998,3650.556,0,
1468,226,1346,13792,28,27,1634,0,0,5,3,0,0,0,0,34.80742,358.592,0,
1469,136,870,9253,23,12,920,0,0,5,4,2,0,0,0,15.979599999999998,240.578,0,
1470,162,913,10285,11,17,866,0,0,3,1,0,0,0,0,21.487579999999998,267.40999999999997,0,
1471,201,961,9782,10,16,796,0,0,3,1,0,0,0,0,20.173479999999998,254.332,0,
1472,326,1702,19890,40,41,3295,0,0,14,8,2,0,0,0,54.99585,517.14,0,
1473,134,798,8478,13,25,1092,0,0,1,1,0,0,0,0,31.121959999999998,220.428,0,
1474,224,1139,13314,13,24,1676,0,0,6,5,1,0,0,0,31.527879999999996,346.164,0,
1475,180,990,10989,16,11,1026,0,0,7,2,1,0,0,0,15.12838,285.714,0,
1476,269,1337,16095,18,55,2100,0,0,5,3,1,0,0,0,67.67299999999999,418.46999999999997,0,
1477,209,1174,12563,11,32,2710,0,0,3,0,0,0,0,0,43.287299999999995,326.638,0,
1478,445,2255,25827,28,85,4143,0,0,9,3,0,0,0,0,106.94609,671.502,0,
1479,116,716,7041,11,22,853,0,0,2,1,0,0,0,0,27.103389999999997,183.066,0,
1480,3000,11417,155423,119,994,60010,0,0,0,0,0,0,0,0,1281.0462999999997,4040.9979999999996,0,
1481,3000,11917,143136,267,1032,65543,0,0,5,3,0,0,0,0,1338.5380899999998,3721.5359999999996,0,
1482,169,1014,9901,15,21,1270,0,0,5,2,0,0,0,0,27.070099999999996,257.426,0,
1483,534,3037,31697,109,95,5500,0,0,14,9,3,0,0,0,121.815,824.122,0,
1484,520,2724,29883,46,92,5380,0,0,11,5,1,0,0,0,118.1094,776.958,0,
1485,459,2480,27581,31,92,4849,0,0,4,2,1,0,0,0,116.71287,717.106,0,
1486,356,1963,23448,64,45,3397,0,0,19,10,4,0,0,0,59.78411,609.648,0,
1487,368,1916,24232,18,73,3477,0,0,7,5,2,0,0,0,91.63450999999999,630.0319999999999,0,
1488,138,780,8639,9,13,594,0,0,4,1,0,0,0,0,16.252219999999998,224.61399999999998,0,
1489,3000,11520,151135,140,903,48647,0,0,3,2,0,0,0,0,1148.33161,3929.5099999999998,0,
1490,144,871,8575,11,25,928,0,0,1,0,0,0,0,0,30.690639999999995,222.95,0,
1491,233,1388,14286,61,49,2834,0,0,6,3,1,0,0,0,62.82342,371.436,0,
1492,111,632,6495,11,9,377,0,0,2,1,0,0,0,0,11.161509999999998,168.87,0,
1493,113,739,7698,10,15,603,0,0,3,1,0,0,0,0,18.53589,200.148,0,
1494,132,740,7782,8,10,564,0,0,3,2,0,0,0,0,12.78332,202.332,0,
1495,120,754,8170,32,14,862,0,0,5,3,2,0,0,0,18.087059999999997,212.42,0,
1496,308,1625,18169,11,56,2958,0,0,3,0,0,0,0,0,71.05954,472.394,0,
1497,3000,11535,145301,101,596,41200,0,0,4,1,0,0,0,0,781.8359999999999,3777.826,0,
1498,123,768,7196,8,12,532,0,0,4,0,0,0,0,0,14.959159999999999,187.096,0,
1499,143,855,9075,12,13,799,0,0,6,1,0,0,0,0,16.791369999999997,235.95,0,
1500,212,1012,11237,19,37,1614,0,0,2,2,0,0,0,0,46.05481999999999,292.162,0,
1501,153,916,9230,70,18,792,0,0,5,3,1,0,0,0,22.422959999999996,239.98,0,
1502,264,1466,16423,16,50,2404,0,0,6,2,0,0,0,0,62.82251999999999,426.998,0,
1503,126,802,8922,13,14,694,0,0,5,2,1,0,0,0,17.64522,231.97199999999998,0,
1504,288,1423,16490,13,48,2296,0,0,6,2,0,0,0,0,60.278479999999995,428.73999999999995,0,
1505,121,635,6949,6,4,162,0,0,3,2,1,0,0,0,4.946059999999999,180.67399999999998,0,
1506,189,876,9742,7,25,933,0,0,4,1,0,0,0,0,30.703789999999998,253.292,0,
1507,214,1063,12399,8,16,1221,0,0,6,3,0,0,0,0,21.29123,322.37399999999997,0,
1508,243,1221,13967,19,29,1628,0,0,6,2,0,0,0,0,37.05164,363.142,0,
1509,151,746,7972,34,7,400,0,0,5,2,1,0,0,0,8.962,207.272,0,
1510,313,1577,18474,13,39,2706,0,0,8,2,0,0,0,0,51.18677999999999,480.32399999999996,0,
1511,114,580,7004,3,2,70,0,0,0,0,0,0,0,0,2.4440999999999997,182.10399999999998,0,
1512,107,607,6308,7,9,482,0,0,4,2,0,0,0,0,11.437659999999997,164.00799999999998,0,
1513,117,676,7653,7,15,629,0,0,3,1,0,0,0,0,18.60427,198.97799999999998,0,
1514,127,629,7748,6,6,285,0,0,5,3,1,0,0,0,7.5295499999999995,201.44799999999998,0,
1515,147,814,8572,11,24,1244,0,0,4,0,0,0,0,0,30.391719999999996,222.87199999999999,0,
1516,118,674,7494,3,9,487,0,0,2,0,0,0,0,0,11.450809999999999,194.844,0,
1517,102,554,6771,5,5,291,0,0,4,1,0,0,0,0,6.415329999999999,176.046,0,
1518,147,769,8411,7,16,730,0,0,4,1,0,0,0,0,19.999899999999997,218.68599999999998,0,
1519,104,556,6618,8,6,249,0,0,3,3,2,0,0,0,7.434869999999999,172.06799999999998,0,
1520,195,1015,12080,13,28,1772,0,0,7,3,0,0,0,0,36.30036,314.08,0,
1521,200,1136,12135,21,27,1789,0,0,7,4,1,0,0,0,35.21507,315.51,0,
1522,288,1389,16177,65,37,2443,0,0,11,7,2,0,0,0,48.23508999999999,420.602,0,
1523,94,594,6695,7,10,326,0,0,3,2,0,0,0,0,12.15738,174.07,0,
1524,155,885,9049,10,24,1019,0,0,3,0,0,0,0,0,29.79997,235.274,0,
1525,137,787,7627,15,12,706,0,0,5,2,0,0,0,0,15.41678,198.302,0,
1526,122,612,6390,6,3,147,0,0,3,1,0,0,0,0,3.77661,166.14,0,
1527,160,974,9238,13,17,1331,0,0,4,2,0,0,0,0,22.71053,240.188,0,
1528,132,766,7845,7,11,472,0,0,2,0,0,0,0,0,13.67136,203.97,0,
1529,126,810,8620,14,16,678,0,0,4,2,0,0,0,0,19.863139999999998,224.11999999999998,0,
1530,224,1297,14245,18,36,1851,0,0,6,2,0,0,0,0,45.54812999999999,370.37,0,
1531,213,1125,11818,45,17,1104,0,0,5,3,1,0,0,0,22.113519999999998,307.268,0,
1532,127,781,8261,14,16,858,0,0,3,2,0,0,0,0,20.33654,214.786,0,
1533,189,1014,10868,29,27,1299,0,0,4,3,1,0,0,0,33.92637,282.568,0,
1534,186,1046,11367,43,26,1175,0,0,5,2,1,0,0,0,32.47024999999999,295.542,0,
1535,141,839,9904,11,24,966,0,0,3,2,1,0,0,0,29.660579999999996,257.50399999999996,0,
1536,148,818,9590,11,26,1046,0,0,3,2,1,0,0,0,32.130979999999994,249.33999999999997,0,
1537,225,1260,13652,19,33,1717,0,0,7,6,2,0,0,0,41.80571,354.952,0,
1538,308,1610,17880,82,47,2512,0,0,8,4,3,0,0,0,59.716559999999994,464.88,0,
1539,179,1019,11240,23,15,1120,0,0,7,3,1,0,0,0,19.895599999999998,292.24,0,
1540,136,806,8734,14,18,1020,0,0,3,1,0,0,0,0,23.022599999999997,227.084,0,
1541,180,1013,11553,12,37,1363,0,0,4,3,0,0,0,0,45.39469,300.378,0,
1542,90,553,5676,15,9,488,0,0,2,1,0,0,0,0,11.453439999999999,147.576,0,
1543,204,995,12050,28,19,1513,0,0,8,5,1,0,0,0,25.449189999999998,313.3,0,
1544,225,1132,13143,9,34,1800,0,0,5,3,0,0,0,0,43.153999999999996,341.71799999999996,0,
1545,128,692,8224,11,12,761,0,0,3,1,0,0,0,0,15.561429999999998,213.82399999999998,0,
1546,107,622,7346,7,10,379,0,0,4,2,0,0,0,0,12.296769999999999,190.99599999999998,0,
1547,121,717,8394,7,17,673,0,0,3,2,0,0,0,0,20.979989999999997,218.244,0,
1548,147,819,8663,15,17,1176,0,0,6,2,0,0,0,0,22.30288,225.238,0,
1549,158,881,9549,17,18,1119,0,0,4,2,1,0,0,0,23.282969999999995,248.274,0,
1550,260,1416,15256,83,58,4081,0,0,6,3,0,0,0,0,76.27302999999999,396.656,0,
1551,246,1292,14245,24,31,2691,0,0,9,3,0,0,0,0,42.10732999999999,370.37,0,
1552,161,914,9557,12,13,864,0,0,5,3,2,0,0,0,16.96232,248.482,0,
1553,262,1219,14179,45,20,1320,0,0,6,6,2,0,0,0,26.071599999999997,368.654,0,
1554,98,610,6320,12,8,615,0,0,4,2,0,0,0,0,10.657449999999999,164.32,0,
1555,107,640,7119,37,11,494,0,0,2,1,1,0,0,0,13.72922,185.094,0,
1556,201,1032,11775,12,27,1265,0,0,3,2,0,0,0,0,33.83695,306.15,0,
1557,137,759,8587,32,10,583,0,0,5,4,3,0,0,0,12.833289999999998,223.262,0,
1558,151,740,7905,8,7,524,0,0,4,0,0,0,0,0,9.28812,205.53,0,
1559,139,758,8387,36,9,729,0,0,6,3,2,0,0,0,12.087269999999998,218.06199999999998,0,
1560,440,1878,21367,32,41,3229,0,0,8,4,0,0,0,0,54.822269999999996,555.542,0,
1561,151,829,9659,9,22,833,0,0,0,0,0,0,0,0,27.05079,251.134,0,
1562,157,796,9501,12,11,693,0,0,4,2,0,0,0,0,14.25259,247.02599999999998,0,
1563,106,621,6637,23,16,689,0,0,4,1,1,0,0,0,19.892069999999997,172.56199999999998,0,
1564,235,1217,13272,17,40,3021,0,0,6,1,0,0,0,0,53.14523,345.072,0,
1565,245,1321,14274,16,51,2369,0,0,6,2,0,0,0,0,63.86046999999999,371.12399999999997,0,
1566,116,712,7825,47,9,343,0,0,3,2,1,0,0,0,11.072089999999998,203.45,0,
1567,206,955,11107,9,26,895,0,0,3,2,1,0,0,0,31.733849999999997,288.782,0,
1568,323,1529,18053,12,32,2478,0,0,10,4,0,0,0,0,42.677139999999994,469.378,0,
1569,112,595,6427,7,4,249,0,0,4,2,1,0,0,0,5.174869999999999,167.102,0,
1570,181,979,11844,10,32,1296,0,0,3,2,1,0,0,0,39.568479999999994,307.94399999999996,0,
1571,181,1009,10254,29,34,2502,0,0,5,1,0,0,0,0,45.00026,266.604,0,
1572,168,1011,10257,70,23,1415,0,0,6,5,3,0,0,0,29.71145,266.68199999999996,0,
1573,133,821,8469,40,18,1054,0,0,4,2,1,0,0,0,23.112019999999998,220.194,0,
1574,131,755,8508,21,21,764,0,0,3,2,1,0,0,0,25.739319999999996,221.208,0,
1575,153,816,9228,8,13,794,0,0,5,2,0,0,0,0,16.778219999999997,239.928,0,
1576,128,758,8564,7,21,818,0,0,3,2,1,0,0,0,25.881339999999998,222.664,0,
1577,173,991,10552,14,31,1794,0,0,4,1,0,0,0,0,39.748219999999996,274.352,0,
1578,123,665,7199,6,10,444,0,0,5,1,0,0,0,0,12.46772,187.17399999999998,0,
1579,124,742,7777,9,14,679,0,0,5,2,0,0,0,0,17.60577,202.202,0,
1580,207,1098,12483,61,33,2070,0,0,5,3,1,0,0,0,42.7341,324.558,0,
1581,250,1254,14368,14,28,1832,0,0,5,3,0,0,0,0,36.45816,373.568,0,
1582,153,880,9098,8,16,1109,0,0,6,2,0,0,0,0,20.996669999999998,236.548,0,
1583,128,691,7620,8,19,867,0,0,3,1,0,0,0,0,23.75021,198.12,0,
1584,161,901,9972,13,26,1117,0,0,3,3,0,0,0,0,32.31771,259.272,0,
1585,287,1571,18134,50,39,2545,0,0,8,6,2,0,0,0,50.763349999999996,471.484,0,
1586,153,770,9163,10,9,366,0,0,3,3,1,0,0,0,11.132579999999997,238.238,0,
1587,238,1198,14247,15,26,1652,0,0,7,1,0,0,0,0,33.724759999999996,370.42199999999997,0,
1588,108,638,6597,36,12,485,0,0,2,1,1,0,0,0,14.835549999999998,171.522,0,
1589,164,967,10181,45,16,1469,0,0,5,3,0,0,0,0,21.943469999999998,264.70599999999996,0,
1590,143,826,8419,33,10,717,0,0,5,3,1,0,0,0,13.185709999999998,218.89399999999998,0,
1591,112,675,7291,6,14,616,0,0,3,1,0,0,0,0,17.44008,189.566,0,
1592,197,1055,12795,22,35,1900,0,0,6,3,0,0,0,0,44.547,332.66999999999996,0,
1593,167,810,9797,4,22,743,0,0,1,0,0,0,0,0,26.81409,254.72199999999998,0,
1594,183,993,11931,38,18,1127,0,0,6,5,1,0,0,0,23.304009999999998,310.20599999999996,0,
1595,190,925,10668,11,26,1181,0,0,4,3,0,0,0,0,32.48602999999999,277.368,0,
1596,105,606,7393,9,9,463,0,0,3,2,1,0,0,0,11.387689999999997,192.218,0,
1597,85,535,6245,6,5,267,0,0,3,2,1,0,0,0,6.3522099999999995,162.37,0,
1598,132,741,8624,9,9,666,0,0,5,2,0,0,0,0,11.921579999999999,224.224,0,
1599,161,886,9711,10,25,1096,0,0,5,2,0,0,0,0,31.132479999999997,252.486,0,
1600,156,883,10312,13,15,1123,0,0,7,1,1,0,0,0,19.903489999999998,268.11199999999997,0,
1601,132,632,7244,6,6,269,0,0,3,1,0,0,0,0,7.487469999999999,188.344,0,
1602,137,611,7559,4,4,211,0,0,3,1,0,0,0,0,5.074929999999999,196.534,0,
1603,174,837,8748,11,16,702,0,0,4,2,0,0,0,0,19.92626,227.44799999999998,0,
1604,194,1031,12146,13,37,1489,0,0,4,0,0,0,0,0,45.72606999999999,315.796,0,
1605,143,773,8850,14,11,773,0,0,5,3,1,0,0,0,14.46299,230.1,0,
1606,212,1175,12868,60,33,1419,0,0,4,4,1,0,0,0,41.021969999999996,334.568,0,
1607,163,891,9642,13,25,1587,0,0,5,1,0,0,0,0,32.423809999999996,250.69199999999998,0,
1608,219,1076,12071,74,23,1855,0,0,8,3,2,0,0,0,30.86865,313.846,0,
1609,226,1214,14441,11,43,1957,0,0,8,4,1,0,0,0,53.736909999999995,375.466,0,
1610,123,624,7351,10,8,392,0,0,3,1,1,0,0,0,10.07096,191.126,0,
1611,142,709,8452,9,13,531,0,0,2,2,1,0,0,0,16.086529999999996,219.75199999999998,0,
1612,125,710,7460,12,15,678,0,0,4,3,0,0,0,0,18.73314,193.95999999999998,0,
1613,290,1490,18080,36,47,3130,0,0,12,6,2,0,0,0,61.341899999999995,470.08,0,
1614,145,850,9500,37,11,577,0,0,3,3,2,0,0,0,13.94751,247,0,
1615,153,836,9789,9,19,694,0,0,4,2,0,0,0,0,23.29522,254.51399999999998,0,
1616,109,628,7090,9,9,314,0,0,3,3,2,0,0,0,10.995819999999998,184.34,0,
1617,279,1443,16521,50,42,2693,0,0,10,5,1,0,0,0,54.54258999999999,429.546,0,
1618,263,1364,15362,26,51,2635,0,0,6,4,0,0,0,0,64.56004999999999,399.412,0,
1619,152,884,10879,11,29,1103,0,0,4,2,1,0,0,0,35.67088999999999,282.854,0,
1620,146,881,9540,16,21,1281,0,0,5,3,0,0,0,0,27.099029999999996,248.04,0,
1621,156,927,9926,56,26,1038,0,0,5,3,1,0,0,0,32.109939999999995,258.07599999999996,0,
1622,138,771,8433,17,10,822,0,0,6,2,1,0,0,0,13.461859999999998,219.25799999999998,0,
1623,150,821,9464,8,22,984,0,0,3,2,0,0,0,0,27.44792,246.064,0,
1624,170,980,9834,49,24,1523,0,0,4,3,1,0,0,0,31.12549,255.684,0,
1625,152,864,9883,9,26,1006,0,0,3,1,0,0,0,0,32.02578,256.95799999999997,0,
1626,219,1087,11519,13,39,1967,0,0,5,2,0,0,0,0,49.24320999999999,299.49399999999997,0,
1627,209,1021,11304,18,20,1185,0,0,6,3,1,0,0,0,25.716549999999998,293.904,0,
1628,136,696,7513,16,7,489,0,0,5,2,1,0,0,0,9.196069999999999,195.338,0,
1629,143,796,8794,11,21,1013,0,0,3,2,1,0,0,0,26.39419,228.64399999999998,0,
1630,121,691,7322,8,7,636,0,0,5,2,0,0,0,0,9.58268,190.37199999999999,0,
1631,200,936,10676,52,18,613,0,0,4,3,1,0,0,0,21.952189999999995,277.57599999999996,0,
1632,120,624,6954,6,6,304,0,0,3,1,0,0,0,0,7.57952,180.804,0,
1633,141,802,8226,16,27,1383,0,0,4,1,0,0,0,0,34.14729,213.87599999999998,0,
1634,150,788,9463,8,14,889,0,0,4,2,0,0,0,0,18.15807,246.03799999999998,0,
1635,134,752,7471,16,7,363,0,0,3,2,0,0,0,0,8.86469,194.24599999999998,0,
1636,142,880,9414,65,10,729,0,0,6,2,1,0,0,0,13.21727,244.76399999999998,0,
1637,129,768,7494,9,30,1316,0,0,4,2,0,0,0,0,37.36108,194.844,0,
1638,199,953,10690,39,20,1080,0,0,7,5,2,0,0,0,25.440399999999997,277.94,0,
1639,130,675,7495,7,6,304,0,0,4,2,1,0,0,0,7.57952,194.87,0,
1640,172,894,9435,18,29,1482,0,0,6,1,0,0,0,0,36.66766,245.31,0,
1641,123,659,6600,15,17,837,0,0,4,1,0,0,0,0,21.411309999999997,171.6,0,
1642,129,694,7935,9,12,737,0,0,4,1,0,0,0,0,15.498309999999998,206.31,0,
1643,147,819,9123,13,20,1048,0,0,3,1,0,0,0,0,25.35624,237.19799999999998,0,
1644,214,1218,12957,43,35,1759,0,0,3,3,1,0,0,0,44.17617,336.882,0,
1645,108,631,7433,14,13,468,0,0,3,2,1,0,0,0,15.920839999999998,193.25799999999998,0,
1646,131,721,8220,8,15,612,0,0,4,2,0,0,0,0,18.559559999999998,213.72,0,
1647,239,1103,12983,23,30,1503,0,0,3,2,1,0,0,0,37.85289,337.558,0,
1648,128,636,6927,9,8,379,0,0,3,2,0,0,0,0,10.036769999999999,180.102,0,
1649,161,782,8001,12,21,1046,0,0,4,2,0,0,0,0,26.480979999999995,208.02599999999998,0,
1650,145,769,8866,8,13,648,0,0,5,3,1,0,0,0,16.394239999999996,230.516,0,
1651,132,801,8667,13,18,1088,0,0,4,3,2,0,0,0,23.201439999999998,225.34199999999998,0,
1652,219,1018,11450,13,26,1800,0,0,7,2,1,0,0,0,34.114,297.7,0,
1653,158,782,8557,9,21,931,0,0,3,0,0,0,0,0,26.178529999999995,222.482,0,
1654,118,678,7604,10,16,879,0,0,5,4,0,0,0,0,20.391769999999998,197.70399999999998,0,
1655,94,523,5782,5,7,222,0,0,3,0,0,0,0,0,8.49386,150.332,0,
1656,174,854,9974,10,22,963,0,0,4,3,0,0,0,0,27.392689999999998,259.324,0,
1657,189,930,10408,7,19,1172,0,0,4,0,0,0,0,0,24.55236,270.608,0,
1658,119,587,6310,31,5,306,0,0,3,2,2,0,0,0,6.4547799999999995,164.06,0,
1659,174,916,10681,8,23,1037,0,0,3,0,0,0,0,0,28.717309999999998,277.70599999999996,0,
1660,187,1003,11965,6,29,1489,0,0,5,2,0,0,0,0,36.686069999999994,311.09,0,
1661,113,678,6835,7,16,754,0,0,6,2,0,0,0,0,20.063019999999998,177.70999999999998,0,
1662,90,563,6794,25,4,184,0,0,3,2,1,0,0,0,5.00392,176.644,0,
1663,190,1022,12394,9,41,1608,0,0,4,3,0,0,0,0,50.559039999999996,322.24399999999997,0,
1664,113,657,7281,9,11,575,0,0,4,2,0,0,0,0,13.94225,189.30599999999998,0,
1665,138,650,7254,5,6,355,0,0,6,3,0,0,0,0,7.7136499999999995,188.60399999999998,0,
1666,112,627,7162,5,13,425,0,0,3,0,0,0,0,0,15.807749999999999,186.212,0,
1667,191,930,9445,14,17,1118,0,0,3,2,0,0,0,0,22.150339999999996,245.57,0,
1668,161,974,10484,42,26,1288,0,0,3,2,1,0,0,0,32.76743999999999,272.584,0,
1669,128,713,8171,8,12,523,0,0,4,3,1,0,0,0,14.935489999999998,212.446,0,
1670,157,827,9410,18,10,547,0,0,3,2,1,0,0,0,12.73861,244.66,0,
1671,166,903,10376,11,30,1460,0,0,4,1,0,0,0,0,37.739799999999995,269.776,0,
1672,97,561,6559,5,3,172,0,0,3,2,1,0,0,0,3.8423599999999998,170.534,0,
1673,425,2109,23175,68,56,4763,0,0,13,6,3,0,0,0,75.80668999999999,602.55,0,
1674,184,967,9822,14,13,1094,0,0,7,2,0,0,0,0,17.56722,255.37199999999999,0,
1675,156,767,8885,11,13,533,0,0,3,2,1,0,0,0,16.091789999999996,231.01,0,
1676,92,588,5626,11,10,523,0,0,2,1,0,0,0,0,12.675489999999998,146.27599999999998,0,
1677,557,2756,29466,85,54,4533,0,0,16,9,3,0,0,0,72.94179,766.116,0,
1678,85,588,6528,7,4,208,0,0,4,1,0,0,0,0,5.0670399999999995,169.72799999999998,0,
1679,183,993,11557,9,28,1362,0,0,4,4,0,0,0,0,35.22206,300.48199999999997,0,
1680,121,754,8050,32,14,698,0,0,3,2,1,0,0,0,17.655739999999998,209.29999999999998,0,
1681,177,1037,10992,59,29,1504,0,0,4,4,1,0,0,0,36.725519999999996,285.792,0,
1682,461,1524,18510,10,35,1539,0,0,2,0,0,0,0,0,43.59757,481.26,0,
1683,141,819,9016,8,24,1384,0,0,5,2,0,0,0,0,30.759919999999997,234.416,0,
1684,161,911,10367,34,25,1211,0,0,3,3,1,0,0,0,31.434929999999998,269.542,0,
1685,91,591,6301,9,10,493,0,0,3,2,0,0,0,0,12.596589999999999,163.826,0,
1686,190,914,10624,10,26,1052,0,0,3,1,0,0,0,0,32.14675999999999,276.224,0,
1687,156,871,9849,12,21,1332,0,0,5,2,1,0,0,0,27.233159999999998,256.074,0,
1688,109,555,6489,3,3,137,0,0,3,1,0,0,0,0,3.75031,168.714,0,
1689,194,1066,12476,44,24,1422,0,0,8,5,2,0,0,0,30.859859999999998,324.376,0,
1690,156,954,10363,63,28,1093,0,0,5,3,1,0,0,0,34.51459,269.438,0,
1691,202,1113,12054,58,31,1770,0,0,5,4,2,0,0,0,39.68509999999999,313.404,0,
1692,253,1123,13746,31,14,1048,0,0,6,4,3,0,0,0,18.57624,357.39599999999996,0,
1693,173,799,8657,9,15,788,0,0,3,2,1,0,0,0,19.02244,225.082,0,
1694,211,891,10523,10,13,585,0,0,2,1,0,0,0,0,16.22855,273.598,0,
1695,130,781,8467,37,12,714,0,0,4,4,1,0,0,0,15.437819999999999,220.142,0,
1696,165,844,9291,19,20,997,0,0,3,2,1,0,0,0,25.222109999999997,241.566,0,
1697,101,502,5842,8,2,127,0,0,2,0,0,0,0,0,2.59401,151.892,0,
1698,140,728,8540,19,13,677,0,0,4,3,1,0,0,0,16.470509999999997,222.04,0,
1699,143,818,9965,10,19,873,0,0,5,4,1,0,0,0,23.76599,259.09,0,
1700,271,1129,13323,12,27,1159,0,0,4,2,0,0,0,0,33.55817,346.39799999999997,0,
1701,156,786,9157,8,23,919,0,0,3,0,0,0,0,0,28.406969999999998,238.082,0,
1702,127,707,7989,6,14,692,0,0,6,2,1,0,0,0,17.63996,207.714,0,
1703,135,687,7741,8,12,496,0,0,3,3,1,0,0,0,14.864479999999999,201.266,0,
1704,120,702,7877,5,12,459,0,0,3,2,1,0,0,0,14.767169999999998,204.802,0,
1705,129,702,8158,7,18,773,0,0,5,3,0,0,0,0,22.372989999999994,212.108,0,
1706,259,1324,14378,66,27,1772,0,0,9,4,2,0,0,0,35.170359999999995,373.828,0,
1707,110,643,6485,5,9,490,0,0,3,0,0,0,0,0,11.458699999999999,168.60999999999999,0,
1708,226,1292,14158,84,26,1786,0,0,7,3,2,0,0,0,34.07718,368.108,0,
1709,170,930,9533,22,21,1130,0,0,6,3,1,0,0,0,26.701899999999995,247.85799999999998,0,
1710,178,923,10166,16,31,1340,0,0,4,2,0,0,0,0,38.554199999999994,264.316,0,
1711,147,777,8695,10,18,619,0,0,4,2,1,0,0,0,21.967969999999998,226.07,0,
1712,142,758,8786,9,20,907,0,0,3,0,0,0,0,0,24.985409999999998,228.43599999999998,0,
1713,179,911,10251,18,15,981,0,0,5,2,1,0,0,0,19.53003,266.526,0,
1714,355,1776,20835,71,46,3327,0,0,13,9,3,0,0,0,60.73000999999999,541.7099999999999,0,
1715,197,1188,12350,56,34,1399,0,0,3,3,1,0,0,0,42.09936999999999,321.09999999999997,0,
1716,113,672,6899,25,9,410,0,0,3,1,0,0,0,0,11.248299999999999,179.374,0,
1717,79,498,6205,3,6,202,0,0,3,1,0,0,0,0,7.311259999999999,161.32999999999998,0,
1718,109,569,6369,8,4,216,0,0,3,2,1,0,0,0,5.08808,165.594,0,
1719,124,633,7310,6,10,501,0,0,3,2,0,0,0,0,12.617629999999998,190.06,0,
1720,123,628,8159,7,16,499,0,0,2,1,0,0,0,0,19.39237,212.134,0,
1721,127,717,7950,9,14,873,0,0,5,3,0,0,0,0,18.115989999999996,206.7,0,
1722,112,657,7321,12,9,486,0,0,3,2,1,0,0,0,11.448179999999997,190.346,0,
1723,132,757,8946,30,15,610,0,0,3,3,1,0,0,0,18.554299999999998,232.59599999999998,0,
1724,107,591,6868,5,7,277,0,0,3,1,0,0,0,0,8.63851,178.56799999999998,0,
1725,226,1086,12165,60,20,1095,0,0,5,3,2,0,0,0,25.47985,316.28999999999996,0,
1726,225,1030,11636,17,25,1220,0,0,4,3,1,0,0,0,31.458599999999997,302.536,0,
1727,189,958,10743,13,22,1350,0,0,5,2,0,0,0,0,28.4105,279.318,0,
1728,335,1729,19403,79,65,3542,0,0,8,4,1,0,0,0,82.76545999999999,504.47799999999995,0,
1729,90,551,6277,8,4,228,0,0,3,2,1,0,0,0,5.1196399999999995,163.202,0,
1730,241,1164,13355,13,22,1625,0,0,7,1,0,0,0,0,29.13375,347.22999999999996,0,
1731,147,801,8939,21,23,1026,0,0,3,2,1,0,0,0,28.68838,232.414,0,
1732,87,505,5074,6,5,252,0,0,4,1,0,0,0,0,6.312759999999999,131.924,0,
1733,137,753,8826,17,14,667,0,0,6,5,3,0,0,0,17.574209999999997,229.476,0,
1734,112,637,6957,8,11,526,0,0,2,1,0,0,0,0,13.81338,180.882,0,
1735,129,696,8022,10,21,686,0,0,3,2,0,0,0,0,25.534179999999996,208.572,0,
1736,172,851,9661,11,27,1482,0,0,4,3,0,0,0,0,34.40766,251.18599999999998,0,
1737,159,898,10771,5,35,1066,0,0,3,1,0,0,0,0,42.353579999999994,280.046,0,
1738,201,1014,12665,12,30,1225,0,0,6,3,0,0,0,0,37.12175,329.28999999999996,0,
1739,123,663,7362,13,15,643,0,0,2,1,0,0,0,0,18.64109,191.41199999999998,0,
1740,102,596,7388,6,11,352,0,0,2,2,0,0,0,0,13.35576,192.088,0,
1741,171,944,10976,21,31,1886,0,0,5,2,0,0,0,0,39.990179999999995,285.376,0,
1742,167,748,9254,8,7,299,0,0,3,1,0,0,0,0,8.69637,240.60399999999998,0,
1743,142,801,9801,13,16,803,0,0,4,1,1,0,0,0,20.191889999999997,254.826,0,
1744,175,941,10757,18,29,1707,0,0,6,3,0,0,0,0,37.259409999999995,279.68199999999996,0,
1745,83,510,5832,5,4,150,0,0,4,2,1,0,0,0,4.914499999999999,151.632,0,
1746,199,1102,12497,9,28,1457,0,0,6,2,0,0,0,0,35.471909999999994,324.92199999999997,0,
1747,105,573,6558,5,3,256,0,0,4,1,0,0,0,0,4.06328,170.50799999999998,0,
1748,125,582,6072,2,5,248,0,0,3,0,0,0,0,0,6.302239999999999,157.87199999999999,0,
1749,252,1338,15917,14,43,2253,0,0,5,3,2,0,0,0,54.51539,413.842,0,
1750,255,1385,15605,15,50,2780,0,0,2,2,0,0,0,0,63.81139999999999,405.72999999999996,0,
1751,184,1081,10259,47,26,1289,0,0,5,3,0,0,0,0,32.77007,266.734,0,
1752,243,1335,14693,14,43,2228,0,0,3,1,0,0,0,0,54.449639999999995,382.018,0,
1753,469,2401,25480,58,82,5179,0,0,17,10,3,0,0,0,106.28076999999999,662.48,0,
1754,3000,11230,147150,112,595,40031,0,0,6,5,1,0,0,0,777.6315299999999,3825.8999999999996,0,
1755,473,2546,31953,25,147,5165,0,0,3,2,0,0,0,0,179.69394999999997,830.7779999999999,0,
1756,248,1354,15284,24,46,1825,0,0,6,5,1,0,0,0,56.77974999999999,397.38399999999996,0,
1757,458,2428,25877,39,94,6235,0,0,10,4,0,0,0,0,122.61804999999998,672.802,0,
1758,3000,11881,146359,178,781,44623,0,0,1,0,0,0,0,0,999.8884899999999,3805.334,0,
1759,189,1232,10698,64,27,1671,0,0,5,1,1,0,0,0,34.90473,278.14799999999997,0,
1760,344,1946,22474,19,92,3526,0,0,4,2,0,0,0,0,113.23338,584.324,0,
1761,3000,12061,144156,128,734,41456,0,0,5,2,0,0,0,0,938.4492799999999,3748.056,0,
1762,204,1208,11582,50,16,1084,0,0,7,4,2,0,0,0,20.930919999999997,301.132,0,
1763,3000,11604,139172,217,1076,57734,0,0,3,1,0,0,0,0,1367.7204199999999,3618.4719999999998,0,
1764,421,2470,26767,52,102,4722,0,0,10,7,1,0,0,0,127.67885999999999,695.942,0,
1765,592,3088,38850,20,172,6778,0,0,6,3,0,0,0,0,212.18614,1010.0999999999999,0,
1766,186,931,9603,15,20,912,0,0,6,1,0,0,0,0,24.998559999999998,249.678,0,
1767,193,955,10593,57,12,668,0,0,6,5,2,0,0,0,15.31684,275.418,0,
1768,243,1197,12836,13,18,1333,0,0,8,2,1,0,0,0,23.845789999999997,333.736,0,
1769,3000,11419,148559,136,874,59467,0,0,0,0,0,0,0,0,1144.01821,3862.5339999999997,0,
1770,3000,11149,156436,123,980,57494,0,0,1,0,0,0,0,0,1258.6092199999998,4067.336,0,
1771,3000,12405,146262,494,822,85837,0,0,3,2,0,0,0,0,1154.6113099999998,3802.812,0,
1772,459,2327,25889,46,55,3703,0,0,14,8,3,0,0,0,71.88888999999999,673.1139999999999,0,
1773,221,1034,11033,11,17,850,0,0,5,3,0,0,0,0,21.445499999999996,286.858,0,
1774,172,1022,11359,47,27,1461,0,0,4,3,0,0,0,0,34.35243,295.334,0,
1775,3000,11047,143284,91,755,45034,0,0,3,2,1,0,0,0,971.5894199999999,3725.384,0,
1776,3000,11154,144021,101,690,39822,0,0,3,2,0,0,0,0,884.4318599999999,3744.546,0,
1777,157,932,9478,11,13,687,0,0,3,3,1,0,0,0,16.496809999999996,246.428,0,
1778,223,1194,12237,73,27,1382,0,0,2,2,1,0,0,0,34.144659999999995,318.162,0,
1779,268,1382,14866,26,47,4195,0,0,7,3,3,0,0,0,64.14285,386.51599999999996,0,
1780,197,1158,12122,66,24,1729,0,0,7,4,2,0,0,0,31.66727,315.17199999999997,0,
1781,196,908,9963,22,15,628,0,0,3,2,1,0,0,0,18.60164,259.038,0,
1782,264,1416,15263,33,46,2518,0,0,5,3,1,0,0,0,58.60234,396.83799999999997,0,
1783,175,979,11161,19,33,1443,0,0,3,2,0,0,0,0,41.08509,290.186,0,
1784,422,2105,24236,30,103,7217,0,0,12,6,1,0,0,0,135.37070999999997,630.136,0,
1785,138,823,8266,10,17,1065,0,0,5,1,0,0,0,0,22.010949999999998,214.916,0,
1786,3000,11711,145009,549,1094,182218,0,0,3,2,0,0,0,0,1715.4533399999998,3770.234,0,
1787,135,901,8354,95,11,628,0,0,4,2,1,0,0,0,14.08164,217.20399999999998,0,
1788,137,757,7265,11,16,688,0,0,4,1,0,0,0,0,19.889439999999997,188.89,0,
1789,192,1080,11356,17,37,2333,0,0,5,1,0,0,0,0,47.945789999999995,295.256,0,
1790,416,2113,24650,35,75,3666,0,0,4,3,2,0,0,0,94.39157999999999,640.9,0,
1791,106,679,6917,10,5,203,0,0,4,2,1,0,0,0,6.18389,179.84199999999998,0,
1792,177,952,10234,13,24,1297,0,0,6,3,0,0,0,0,30.531109999999998,266.084,0,
1793,3000,11412,155512,87,980,43079,0,0,1,0,0,0,0,0,1220.6977699999998,4043.312,0,
1794,121,884,7407,52,20,1203,0,0,4,4,1,0,0,0,25.763889999999996,192.582,0,
1795,189,1077,11336,8,25,1304,0,0,3,1,0,0,0,0,31.679519999999997,294.736,0,
1796,497,2504,30591,21,131,5980,0,0,4,0,0,0,0,0,163.75739999999996,795.366,0,
1797,176,1076,11195,26,22,1201,0,0,6,1,1,0,0,0,28.018629999999998,291.07,0,
1798,3000,14525,180687,153,777,46281,0,0,10,7,3,0,0,0,999.7290299999999,4697.862,0,
1799,124,687,7321,8,10,418,0,0,4,1,0,0,0,0,12.399339999999999,190.346,0,
1800,389,2143,23259,49,85,8646,0,0,14,4,3,0,0,0,118.78898,604.7339999999999,0,
1801,3000,11020,151299,99,906,46399,0,0,0,0,0,0,0,0,1145.80937,3933.774,0,
1802,171,900,8818,12,8,836,0,0,7,2,2,0,0,0,11.238679999999999,229.268,0,
1803,419,2216,27846,27,118,4749,0,0,7,2,0,0,0,0,145.82986999999997,723.996,0,
1804,128,718,7500,24,9,676,0,0,5,2,1,0,0,0,11.947879999999998,195,0,
1805,312,1624,18610,25,70,4808,0,0,3,1,0,0,0,0,91.74503999999999,483.85999999999996,0,
1806,216,1109,12547,24,25,1357,0,0,5,4,1,0,0,0,31.818909999999995,326.222,0,
1807,156,795,8584,6,15,834,0,0,3,0,0,0,0,0,19.14342,223.184,0,
1808,122,734,8399,10,14,704,0,0,4,3,1,0,0,0,17.671519999999997,218.374,0,
1809,212,998,11290,36,13,753,0,0,5,3,1,0,0,0,16.670389999999998,293.53999999999996,0,
1810,239,1258,14426,9,45,1941,0,0,5,1,0,0,0,0,55.954829999999994,375.07599999999996,0,
1811,325,1868,19617,102,47,3625,0,0,10,3,3,0,0,0,62.64374999999999,510.042,0,
1812,223,1116,12132,25,26,1335,0,0,5,4,1,0,0,0,32.89104999999999,315.43199999999996,0,
1813,195,1082,11779,24,31,1925,0,0,8,5,2,0,0,0,40.092749999999995,306.25399999999996,0,
1814,253,1020,11738,5,21,952,0,0,5,0,0,0,0,0,26.233759999999997,305.188,0,
1815,120,675,8019,8,4,333,0,0,4,2,1,0,0,0,5.39579,208.494,0,
1816,3000,12350,151934,123,867,43429,0,0,5,4,0,0,0,0,1093.9282699999999,3950.2839999999997,0,
1817,3000,10993,153814,116,951,56410,0,0,1,1,0,0,0,0,1222.9883,3999.1639999999998,0,
1818,195,1007,9121,30,15,995,0,0,5,3,0,0,0,0,19.56685,237.146,0,
1819,123,677,7212,8,6,441,0,0,3,1,0,0,0,0,7.939829999999999,187.512,0,
1820,3000,10989,151224,92,809,43464,0,0,3,2,1,0,0,0,1028.48032,3931.8239999999996,0,
1821,469,2407,27664,84,64,4599,0,0,14,11,3,0,0,0,84.41537,719.264,0,
1822,3000,10967,158462,83,1029,47794,0,0,0,0,0,0,0,0,1288.46822,4120.012,0,
1823,186,1162,12061,49,38,1633,0,0,3,2,0,0,0,0,47.23479,313.586,0,
1824,530,2556,30040,38,60,4131,0,0,14,8,2,0,0,0,78.66453,781.04,0,
1825,3000,11020,147070,130,836,48960,0,0,2,1,0,0,0,0,1073.4448,3823.8199999999997,0,
1826,114,730,7666,7,8,372,0,0,3,2,0,0,0,0,10.01836,199.316,0,
1827,258,1536,15410,98,48,2785,0,0,9,4,2,0,0,0,61.56455,400.65999999999997,0,
1828,3000,11917,156479,164,956,48436,0,0,2,1,0,0,0,0,1207.66668,4068.4539999999997,0,
1829,160,1102,11436,31,23,1132,0,0,6,3,0,0,0,0,28.96716,297.336,0,
1830,3000,12268,142930,812,1115,313638,0,0,2,2,0,0,0,0,2084.81794,3716.18,0,
1831,130,868,8399,40,9,420,0,0,4,3,1,0,0,0,11.274599999999998,218.374,0,
1832,181,945,10486,19,25,1628,0,0,5,3,2,0,0,0,32.531639999999996,272.63599999999997,0,
1833,224,1181,12974,13,25,1510,0,0,6,2,1,0,0,0,32.2213,337.324,0,
1834,3000,11634,141577,519,1123,176309,0,0,3,1,0,0,0,0,1732.6826699999997,3681.002,0,
1835,251,1466,14801,70,48,1578,0,0,6,3,1,0,0,0,58.390139999999995,384.82599999999996,0,
1836,231,1279,13450,17,26,1767,0,0,8,5,0,0,0,0,34.02721,349.7,0,
1837,3000,10837,145727,104,816,44419,0,0,2,2,0,0,0,0,1038.90197,3788.902,0,
1838,3000,11029,157654,97,1018,57325,0,0,0,0,0,0,0,0,1301.10475,4099.004,0,
1839,122,840,7837,43,7,482,0,0,5,2,1,0,0,0,9.17766,203.762,0,
1840,3000,11481,146798,128,777,46477,0,0,9,2,0,0,0,0,1000.2445099999999,3816.748,0,
1841,437,2361,26748,30,106,5428,0,0,3,2,0,0,0,0,134.05563999999998,695.448,0,
1842,285,1527,16735,23,39,2085,0,0,6,4,2,0,0,0,49.553549999999994,435.10999999999996,0,
1843,99,649,6730,9,10,445,0,0,3,0,0,0,0,0,12.47035,174.98,0,
1844,336,1884,19341,28,70,4079,0,0,9,6,0,0,0,0,89.82776999999999,502.866,0,
1845,140,795,8850,10,14,708,0,0,4,1,0,0,0,0,17.682039999999997,230.1,0,
1846,142,756,7850,11,12,644,0,0,5,3,0,0,0,0,15.253719999999998,204.1,0,
1847,219,1020,11761,11,22,1258,0,0,6,3,1,0,0,0,28.16854,305.786,0,
1848,236,1302,15677,13,60,2128,0,0,4,3,0,0,0,0,73.39663999999999,407.602,0,
1849,467,2189,28017,17,107,3324,0,0,4,1,0,0,0,0,129.65211999999997,728.442,0,
1850,196,982,11371,13,25,1725,0,0,8,4,2,0,0,0,32.78675,295.64599999999996,0,
1851,404,2031,24011,30,74,4625,0,0,12,7,2,0,0,0,95.78375,624.286,0,
1852,3000,11064,152956,221,1055,87323,0,0,0,0,0,0,0,0,1421.8094899999999,3976.8559999999998,0,
1853,257,1462,14862,53,32,1744,0,0,8,2,0,0,0,0,40.746719999999996,386.412,0,
1854,172,999,10146,45,32,1638,0,0,3,2,0,0,0,0,40.46794,263.796,0,
1855,112,738,7969,19,20,776,0,0,5,3,2,0,0,0,24.64088,207.194,0,
1856,428,2350,24495,32,82,5250,0,0,10,5,2,0,0,0,106.4675,636.87,0,
1857,148,892,9507,8,22,810,0,0,3,1,0,0,0,0,26.990299999999998,247.182,0,
1858,282,1399,15483,26,36,2329,0,0,11,3,0,0,0,0,46.80526999999999,402.558,0,
1859,329,1630,19133,16,77,3666,0,0,4,1,0,0,0,0,96.65158,497.45799999999997,0,
1860,394,2154,23683,39,90,4371,0,0,4,2,0,0,0,0,113.19572999999998,615.7579999999999,0,
1861,207,1163,12931,19,27,1666,0,0,5,3,1,0,0,0,34.89158,336.20599999999996,0,
1862,238,1349,14918,80,39,2800,0,0,9,5,1,0,0,0,51.43399999999999,387.868,0,
1863,3000,11058,141078,427,952,140881,0,0,6,2,0,0,0,0,1446.27703,3668.028,0,
1864,387,2166,23416,123,63,4364,0,0,17,9,3,0,0,0,82.66732,608.8159999999999,0,
1865,146,881,8667,38,18,1008,0,0,6,2,1,0,0,0,22.991039999999998,225.34199999999998,0,
1866,131,792,8232,59,9,528,0,0,5,2,2,0,0,0,11.558639999999999,214.03199999999998,0,
1867,3000,11372,147458,112,771,42682,0,0,7,4,2,0,0,0,983.4836599999999,3833.908,0,
1868,446,2447,25402,53,78,5036,0,0,11,4,1,0,0,0,101.38467999999999,660.452,0,
1869,551,2959,33864,101,155,7803,0,0,6,4,3,0,0,0,195.67188999999996,880.4639999999999,0,
1870,319,1791,19539,27,32,2904,0,0,14,8,1,0,0,0,43.79752,508.01399999999995,0,
1871,243,1216,14217,7,48,1684,0,0,4,1,0,0,0,0,58.66891999999999,369.642,0,
1872,129,674,7170,8,6,252,0,0,5,2,0,0,0,0,7.44276,186.42,0,
1873,173,770,8868,10,10,396,0,0,4,2,1,0,0,0,12.341479999999999,230.56799999999998,0,
1874,185,988,10843,17,33,1543,0,0,2,0,0,0,0,0,41.34809,281.918,0,
1875,3000,11394,153055,129,851,51374,0,0,6,3,2,0,0,0,1096.74362,3979.43,0,
1876,172,948,9097,14,21,1081,0,0,4,2,0,0,0,0,26.573029999999996,236.522,0,
1877,133,770,8011,8,8,421,0,0,5,2,0,0,0,0,10.147229999999999,208.286,0,
1878,464,2436,28253,66,85,4880,0,0,7,3,1,0,0,0,108.8844,734.578,0,
1879,427,2045,26230,14,81,3474,0,0,5,2,0,0,0,0,100.66662,681.98,0,
1880,429,2112,22183,44,70,4375,0,0,8,4,1,0,0,0,90.60624999999999,576.7579999999999,0,
1881,330,1424,16128,17,38,2130,0,0,2,1,0,0,0,0,48.5419,419.328,0,
1882,146,845,9500,32,15,871,0,0,7,4,2,0,0,0,19.24073,247,0,
1883,156,837,8370,18,17,829,0,0,4,1,1,0,0,0,21.390269999999997,217.61999999999998,0,
1884,3000,11392,146819,98,805,44113,0,0,2,2,0,0,0,0,1025.66719,3817.294,0,
1885,392,1819,18778,51,34,2569,0,0,7,5,2,0,0,0,45.176469999999995,488.22799999999995,0,
1886,319,1850,20155,33,70,3772,0,0,8,8,0,0,0,0,89.02036,524.03,0,
1887,160,812,8346,6,11,459,0,0,3,1,0,0,0,0,13.63717,216.99599999999998,0,
1888,170,1069,10781,43,24,1164,0,0,6,3,0,0,0,0,30.181319999999996,280.306,0,
1889,344,1635,19024,14,59,3145,0,0,3,1,0,0,0,0,74.94134999999999,494.62399999999997,0,
1890,648,3300,43399,34,207,7461,0,0,4,3,1,0,0,0,253.53242999999998,1128.374,0,
1891,427,2238,26539,35,98,4326,0,0,4,3,1,0,0,0,122.11738,690.014,0,
1892,3000,12815,154049,229,927,58203,0,0,3,3,0,0,0,0,1200.5838899999999,4005.274,0,
1893,3000,10297,139825,93,501,39268,0,0,4,3,0,0,0,0,669.40484,3635.45,0,
1894,158,1070,8975,36,31,1824,0,0,3,0,0,0,0,0,39.827119999999994,233.35,0,
1895,382,1952,21759,55,76,4302,0,0,5,2,1,0,0,0,97.19426,565.7339999999999,0,
1896,459,2737,26098,67,123,6764,0,0,5,2,0,0,0,0,156.77931999999998,678.548,0,
1897,3000,10674,139807,104,578,39919,0,0,4,2,0,0,0,0,758.12697,3634.982,0,
1898,142,842,8815,17,18,601,0,0,3,1,0,0,0,0,21.920629999999996,229.19,0,
1899,313,1627,18710,27,48,3213,0,0,10,5,2,0,0,0,62.690189999999994,486.46,0,
1900,3000,12414,163109,168,870,57293,0,0,4,3,1,0,0,0,1133.7805899999998,4240.834,0,
1901,92,641,6598,11,7,317,0,0,3,1,1,0,0,0,8.74371,171.548,0,
1902,314,1797,18958,64,59,3241,0,0,8,4,2,0,0,0,75.19382999999999,492.90799999999996,0,
1903,381,1957,21016,24,55,3510,0,0,8,6,0,0,0,0,71.3813,546.4159999999999,0,
1904,248,1243,13052,30,27,1530,0,0,9,6,4,0,0,0,34.533899999999996,339.352,0,
1905,97,598,6847,5,4,179,0,0,3,2,1,0,0,0,4.9907699999999995,178.022,0,
1906,192,909,9910,17,20,814,0,0,5,3,0,0,0,0,24.74082,257.65999999999997,0,
1907,325,1692,20872,15,89,3119,0,0,3,0,0,0,0,0,108.77296999999999,542.672,0,
1908,3000,11238,148392,76,793,42740,0,0,2,0,0,0,0,0,1008.4961999999999,3858.192,0,
1909,111,701,6790,9,10,520,0,0,3,1,0,0,0,0,12.667599999999998,176.54,0,
1910,211,1158,12361,9,28,1227,0,0,3,2,0,0,0,0,34.86700999999999,321.38599999999997,0,
1911,396,2009,23254,50,102,5656,0,0,8,4,2,0,0,0,130.13528,604.6039999999999,0,
1912,137,827,8493,9,16,794,0,0,3,1,0,0,0,0,20.168219999999998,220.81799999999998,0,
1913,179,850,9379,8,21,1016,0,0,3,1,0,0,0,0,26.402079999999998,243.85399999999998,0,
1914,3000,11487,152675,116,891,57344,0,0,4,2,2,0,0,0,1157.64472,3969.5499999999997,0,
1915,3000,11436,146490,262,1043,52566,0,0,2,2,0,0,0,0,1316.8385799999999,3808.74,0,
1916,167,1093,10160,41,23,1510,0,0,6,4,1,0,0,0,29.961299999999998,264.15999999999997,0,
1917,325,2010,21234,95,83,3688,0,0,6,6,2,0,0,0,103.48943999999999,552.084,0,
1918,3000,11249,155567,129,990,60024,0,0,2,1,0,0,0,0,1276.5631199999998,4044.7419999999997,0,
1919,161,1088,10489,18,19,1144,0,0,5,4,1,0,0,0,24.47872,272.714,0,
1920,160,949,10516,14,24,1320,0,0,4,2,0,0,0,0,30.591599999999996,273.416,0,
1921,381,1956,22844,21,67,4031,0,0,7,2,1,0,0,0,86.31152999999999,593.944,0,
1922,615,3192,38408,50,159,7395,0,0,4,1,0,0,0,0,199.11884999999998,998.608,0,
1923,3000,11412,161623,135,1032,43037,0,0,1,1,0,0,0,0,1279.3473099999999,4202.197999999999,0,
1924,342,1922,20965,23,51,3209,0,0,9,4,0,0,0,0,66.06967,545.0899999999999,0,
1925,286,1429,16489,30,35,1954,0,0,8,2,1,0,0,0,44.68902,428.714,0,
1926,311,1540,15505,43,51,6139,0,0,9,3,0,0,0,0,73.77556999999999,403.13,0,
1927,423,2308,25523,45,91,5071,0,0,8,5,1,0,0,0,116.16672999999999,663.598,0,
1928,376,2149,24997,72,94,3833,0,0,7,5,1,0,0,0,116.30078999999998,649.922,0,
1929,362,1916,21968,17,75,4212,0,0,5,2,0,0,0,0,95.82755999999999,571.168,0,
1930,291,1442,19057,20,59,2293,0,0,5,3,1,0,0,0,72.70058999999999,495.48199999999997,0,
1931,135,839,9366,10,25,944,0,0,3,1,0,0,0,0,30.732719999999997,243.516,0,
1932,421,2169,23874,58,75,4283,0,0,8,4,2,0,0,0,96.01428999999999,620.7239999999999,0,
1933,249,1029,12030,8,14,671,0,0,2,2,1,0,0,0,17.584729999999997,312.78,0,
1934,107,646,7685,9,8,322,0,0,3,3,2,0,0,0,9.886859999999999,199.81,0,
1935,3000,11005,143003,97,652,38701,0,0,7,2,1,0,0,0,838.5436299999999,3718.078,0,
1936,268,1648,16677,88,40,2779,0,0,12,9,3,0,0,0,52.50877,433.602,0,
1937,538,2707,31293,95,71,5668,0,0,17,12,3,0,0,0,95.13683999999999,813.6179999999999,0,
1938,88,594,5745,12,7,242,0,0,3,2,0,0,0,0,8.54646,149.37,0,
1939,181,996,11403,11,29,1437,0,0,4,1,0,0,0,0,36.54931,296.478,0,
1940,193,1021,12066,15,27,1151,0,0,4,3,0,0,0,0,33.53713,313.716,0,
1941,243,1227,14101,32,23,1757,0,0,9,4,1,0,0,0,30.610909999999997,366.626,0,
1942,361,1933,22616,14,75,3286,0,0,5,0,0,0,0,0,93.39217999999998,588.016,0,
1943,137,855,8382,69,14,907,0,0,7,4,3,0,0,0,18.205409999999997,217.932,0,
1944,492,2425,27850,39,87,7305,0,0,14,5,1,0,0,0,117.52214999999998,724.1,0,
1945,228,1240,13440,17,41,2199,0,0,4,1,0,0,0,0,52.113369999999996,349.44,0,
1946,229,1259,12076,90,46,3919,0,0,7,4,0,0,0,0,62.28697,313.976,0,
1947,393,2076,25907,23,107,5108,0,0,5,2,0,0,0,0,134.34403999999998,673.582,0,
1948,339,1826,21658,29,77,3522,0,0,5,3,1,0,0,0,96.27286,563.108,0,
1949,153,758,7844,20,9,523,0,0,6,2,1,0,0,0,11.545489999999997,203.944,0,
1950,252,1368,16275,14,44,2257,0,0,3,2,0,0,0,0,55.65591,423.15,0,
1951,3000,11305,144945,204,1099,54780,0,0,0,0,0,0,0,0,1385.9414,3768.5699999999997,0,
1952,163,1047,11245,12,15,988,0,0,5,2,0,0,0,0,19.54844,292.37,0,
1953,120,668,7353,8,4,164,0,0,2,2,1,0,0,0,4.95132,191.178,0,
1954,3000,12068,156099,144,855,47546,0,0,3,2,1,0,0,0,1091.19598,4058.5739999999996,0,
1955,372,2056,21676,27,79,4176,0,0,6,4,0,0,0,0,100.25287999999999,563.576,0,
1956,140,867,9076,48,17,685,0,0,3,2,1,0,0,0,21.011549999999996,235.976,0,
1957,156,877,9047,35,18,1116,0,0,5,3,1,0,0,0,23.275079999999996,235.22199999999998,0,
1958,379,2065,21271,95,69,4436,0,0,11,6,1,0,0,0,89.63668,553.0459999999999,0,
1959,3000,12024,146796,158,789,48751,0,0,5,4,0,0,0,0,1019.78513,3816.696,0,
1960,430,2309,24111,36,84,5369,0,0,11,4,1,0,0,0,109.04046999999998,626.886,0,
1961,132,796,8211,10,21,1057,0,0,4,2,0,0,0,0,26.509909999999998,213.486,0,
1962,418,2187,26389,21,106,5035,0,0,8,2,0,0,0,0,133.02204999999998,686.1139999999999,0,
1963,197,838,8640,22,16,713,0,0,5,3,1,0,0,0,19.955189999999998,224.64,0,
1964,117,678,7345,12,13,404,0,0,3,2,0,0,0,0,15.752519999999997,190.97,0,
1965,157,795,8593,8,14,629,0,0,5,1,0,0,0,0,17.474269999999997,223.41799999999998,0,
1966,385,1883,21258,29,89,4597,0,0,5,1,1,0,0,0,112.66010999999999,552.708,0,
1967,369,1924,21768,19,64,3656,0,0,8,4,0,0,0,0,81.93527999999999,565.968,0,
1968,3000,13810,150526,475,878,49404,0,0,0,0,0,0,0,0,1122.07252,3913.676,0,
1969,3000,14430,144958,603,1046,52658,0,0,4,2,1,0,0,0,1320.4705399999998,3768.908,0,
1970,341,1889,21508,26,85,3039,0,0,2,0,0,0,0,0,104.04257,559.208,0,
1971,173,1014,11159,24,35,1910,0,0,3,2,0,0,0,0,44.573299999999996,290.134,0,
1972,3000,11729,143144,247,573,36790,0,0,5,1,0,0,0,0,744.2476999999999,3721.7439999999997,0,
1973,336,1911,21671,58,90,4054,0,0,5,2,0,0,0,0,112.36201999999999,563.446,0,
1974,202,1102,11939,14,23,1266,0,0,6,2,0,0,0,0,29.31958,310.414,0,
1975,3000,11300,140588,666,974,172251,0,0,5,1,0,0,0,0,1553.6401299999998,3655.288,0,
1976,181,1162,11149,22,41,1921,0,0,3,2,0,0,0,0,51.38223,289.87399999999997,0,
1977,291,1353,14923,95,56,3076,0,0,3,1,1,0,0,0,71.36988,387.998,0,
1978,178,954,9888,13,32,1532,0,0,4,2,0,0,0,0,40.189159999999994,257.08799999999997,0,
1979,178,1068,11498,63,24,1380,0,0,7,5,3,0,0,0,30.749399999999998,298.948,0,
1980,488,2308,27573,44,76,4160,0,0,9,5,1,0,0,0,96.82079999999999,716.8979999999999,0,
1981,361,1826,21405,12,71,3409,0,0,4,2,0,0,0,0,89.19566999999999,556.53,0,
1982,159,881,9132,16,24,1373,0,0,2,2,0,0,0,0,30.73099,237.432,0,
1983,263,1384,14428,61,42,2195,0,0,8,5,2,0,0,0,53.23284999999999,375.128,0,
1984,86,553,5873,8,7,179,0,0,3,2,1,0,0,0,8.38077,152.69799999999998,0,
1985,180,885,10105,30,26,1341,0,0,5,3,2,0,0,0,32.90682999999999,262.72999999999996,0,
1986,3000,11420,141615,501,1099,147949,0,0,5,4,0,0,0,0,1630.9758699999998,3681.99,0,
1987,99,626,6129,12,8,377,0,0,4,1,0,0,0,0,10.031509999999999,159.35399999999998,0,
1988,210,1183,11485,12,24,1438,0,0,7,3,0,0,0,0,30.901939999999996,298.61,0,
1989,125,790,8013,50,10,514,0,0,4,2,1,0,0,0,12.651819999999999,208.338,0,
1990,278,1484,16805,19,48,2680,0,0,9,4,0,0,0,0,61.288399999999996,436.93,0,
1991,161,857,9534,10,24,1199,0,0,3,2,0,0,0,0,30.273369999999996,247.884,0,
1992,102,592,6745,11,8,433,0,0,3,1,1,0,0,0,10.17879,175.37,0,
1993,145,753,8414,8,10,685,0,0,5,1,0,0,0,0,13.10155,218.76399999999998,0,
1994,184,889,10440,14,17,1209,0,0,5,2,0,0,0,0,22.389669999999995,271.44,0,
1995,3000,11517,153626,129,963,58779,0,0,0,0,0,0,0,0,1242.77877,3994.276,0,
1996,3000,11572,158271,100,1035,49715,0,0,0,0,0,0,0,0,1300.30045,4115.045999999999,0,
1997,129,778,7973,53,6,251,0,0,4,3,2,0,0,0,7.440129999999999,207.298,0,
1998,425,2431,24513,80,79,5632,0,0,12,8,2,0,0,0,104.08216,637.338,0,
1999,108,684,7578,8,7,414,0,0,4,3,1,0,0,0,8.998819999999998,197.028,0,
2000,229,1284,14559,27,39,2187,0,0,7,4,1,0,0,0,49.82180999999999,378.534,0,
